citing_file_name,citing_domain,cited_citation_normalized,cited_file_name,cited_domain,edge_type
Madan_Mohan_Singh_vs_State_Of_Uttar_Pradesh_on_7_May_1954_1.PDF,Corruption,AIR 1948 PC 82,,,UNRESOLVED
Ramjanam_Singh_vs_The_State_Of_Bihar_on_2_November_1954_1.PDF,Corruption,AIR 1934 PC 227,,,UNRESOLVED
Dr_M_C_Sulkunte_vs_State_Of_Mysore_on_27_November_1970_1.PDF,Corruption,SCR 1955 1 1150,,,UNRESOLVED
Harihar_Prasad_Etc_vs_State_Of_Bihar_on_7_September_1971_1.PDF,Corruption,AIR 1928 PC 2,,,UNRESOLVED
Ram_Prakash_Arora_vs_State_Of_Punjab_on_22_March_1972_1.PDF,Corruption,SCR 1959 195,The_State_Of_Bihar_vs_Basawan_Singh_on_21_March_1958_1.PDF,,OUTSIDE_DOMAINS
Ram_Prakash_Arora_vs_State_Of_Punjab_on_22_March_1972_1.PDF,Corruption,SCR 1959 195,The_State_Of_Bihar_vs_Basawan_Singh_on_21_March_1958_1.PDF,,OUTSIDE_DOMAINS
Harnam_Singh_vs_The_State_Of_Himachal_Pradesh_on_21_November_1974_1.PDF,Corruption,AIR 1962 MYSORE 275,,,UNRESOLVED
Sat_Pal_vs_Delhi_Administration_on_29_September_1975_1.PDF,Corruption,AIR 1965 ORISS 31,,,UNRESOLVED
Sat_Pal_vs_Delhi_Administration_on_29_September_1975_1.PDF,Corruption,SCR 1971 1 133,,,UNRESOLVED
Sat_Paul_vs_Delhi_Administration_on_30_September_1975_1.PDF,Corruption,AIR 1922 PC 409,,,UNRESOLVED
Sat_Paul_vs_Delhi_Administration_on_30_September_1975_1.PDF,Corruption,AIR 1923 CAL 463,,,UNRESOLVED
Sat_Paul_vs_Delhi_Administration_on_30_September_1975_1.PDF,Corruption,AIR 1926 CAL 139,,,UNRESOLVED
Sat_Paul_vs_Delhi_Administration_on_30_September_1975_1.PDF,Corruption,AIR 1927 BOM 501,,,UNRESOLVED
Sat_Paul_vs_Delhi_Administration_on_30_September_1975_1.PDF,Corruption,AIR 1933 MAD 137,,,UNRESOLVED
Sat_Paul_vs_Delhi_Administration_on_30_September_1975_1.PDF,Corruption,AIR 1940 PAT 289,,,UNRESOLVED
Sat_Paul_vs_Delhi_Administration_on_30_September_1975_1.PDF,Corruption,AIR 1955 RAJ 65,,,UNRESOLVED
Sat_Paul_vs_Delhi_Administration_on_30_September_1975_1.PDF,Corruption,AIR 1941 OUDH 130,,,UNRESOLVED
Sat_Paul_vs_Delhi_Administration_on_30_September_1975_1.PDF,Corruption,AIR 1966 MYS 248,,,UNRESOLVED
Chaturdas_Bhagwandas_Patel_vs_The_State_Of_Gujarat_on_6_April_1976_1.PDF,Corruption,SCR 1955 1 965,,,UNRESOLVED
Chaturdas_Bhagwandas_Patel_vs_The_State_Of_Gujarat_on_6_April_1976_1.PDF,Corruption,SCR 1962 3 259,,,UNRESOLVED
Chaturdas_Bhagwandas_Patel_vs_The_State_Of_Gujarat_on_6_April_1976_1.PDF,Corruption,SCR 1969 1 22,,,UNRESOLVED
Chaturdas_Bhagwandas_Patel_vs_The_State_Of_Gujarat_on_6_April_1976_1.PDF,Corruption,SCR 1969 1 183,,,UNRESOLVED
Maharaj_Singh_vs_State_Of_Uttar_Pradesh_Others_on_2_November_1976_1.PDF,Corruption,AIR 1957 SC 344,,,UNRESOLVED
Maharaj_Singh_vs_State_Of_Uttar_Pradesh_Others_on_2_November_1976_1.PDF,Corruption,AIR 1967 SC 427,State_Of_Bihar_And_Ors_vs_Dulhin_Shanti_Devi_on_25_April_1961_1.PDF,,OUTSIDE_DOMAINS
Maharaj_Singh_vs_State_Of_Uttar_Pradesh_Others_on_2_November_1976_1.PDF,Corruption,SCR 1974 1 306,,,UNRESOLVED
S_Harnam_Singh_vs_The_State_Delhi_Admn_on_23_March_1976_1.PDF,Corruption,AIR 1960 MAD 370,,,UNRESOLVED
Iqbal_Singh_vs_State_Delhi_Administration_Ors_on_9_November_1977_1.PDF,Corruption,SCR 1975 1 1,,,UNRESOLVED
State_Of_Maharashtra_vs_Kaliar_Koil_Subrahmaniam_Ramaswamy_on_8_August_1977_1.PDF,Corruption,SCC 1977 3 525,,,UNRESOLVED
Nandini_Satpathy_vs_Dani_P_L_And_Anr_on_7_April_1978_1.PDF,Corruption,SCR 1972 3 639,Mahabir_Mandal_And_Others_vs_State_Of_Bihar_on_7_March_1972_1.PDF,Violent Crime / Homicide,CROSS_DOMAIN
Nandini_Satpathy_vs_Dani_P_L_And_Anr_on_7_April_1978_1.PDF,Corruption,SCR 1962 3 10,,,UNRESOLVED
Nandini_Satpathy_vs_Dani_P_L_And_Anr_on_7_April_1978_1.PDF,Corruption,SCR 1962 3 10,,,UNRESOLVED
Nandini_Satpathy_vs_Dani_P_L_And_Anr_on_7_April_1978_1.PDF,Corruption,SCR 1962 3 10,,,UNRESOLVED
Nandini_Satpathy_vs_Dani_P_L_And_Anr_on_7_April_1978_1.PDF,Corruption,SCR 1961 1 417,,,UNRESOLVED
Nayyar_G_P_vs_State_Delhi_Admn_on_14_December_1978_1.PDF,Corruption,SCR 1960 1 461,,,UNRESOLVED
Nayyar_G_P_vs_State_Delhi_Admn_on_14_December_1978_1.PDF,Corruption,SCR 1961 2 971,,,UNRESOLVED
Prakash_Chand_vs_State_Delhi_Administration_on_20_November_1978_1.PDF,Corruption,AIR 1958 SC 500,,,UNRESOLVED
Prakash_Chand_vs_State_Delhi_Administration_on_20_November_1978_1.PDF,Corruption,AIR 1968 SC 1323,,,UNRESOLVED
Prakash_Chand_vs_State_Delhi_Administration_on_20_November_1978_1.PDF,Corruption,AIR 1973 SC 498,Ram_Prakash_Arora_vs_State_Of_Punjab_on_22_March_1972_1.PDF,Corruption,INTERNAL
Prakash_Chand_vs_State_Delhi_Administration_on_20_November_1978_1.PDF,Corruption,AIR 1972 SC 975,,,UNRESOLVED
Prakash_Chand_vs_State_Delhi_Administration_on_20_November_1978_1.PDF,Corruption,AIR 1954 SC 15,Zwinglee_Ariel_vs_State_Of_Madhya_Pradesh_on_3_December_1952_1.PDF,,OUTSIDE_DOMAINS
Prakash_Chand_vs_State_Delhi_Administration_on_20_November_1978_1.PDF,Corruption,AIR 1954 SC 322,,,UNRESOLVED
Prakash_Chand_vs_State_Delhi_Administration_on_20_November_1978_1.PDF,Corruption,AIR 1958 SC 61,,,UNRESOLVED
K_S_Dharmadatan_vs_Central_Government_And_Ors_on_1_May_1979_1.PDF,Corruption,SCR 1958 1037,,,UNRESOLVED
K_S_Dharmadatan_vs_Central_Government_And_Ors_on_1_May_1979_1.PDF,Corruption,SCR 1971 3 236,,,UNRESOLVED
K_S_Dharmadatan_vs_Central_Government_And_Ors_on_1_May_1979_1.PDF,Corruption,SCR 1961 2 189,,,UNRESOLVED
K_S_Dharmadatan_vs_Central_Government_And_Ors_on_1_May_1979_1.PDF,Corruption,SCR 1968 1 771,,,UNRESOLVED
M_Karunanidhi_vs_Union_Of_India_on_20_February_1979_1.PDF,Corruption,AIR 1942 FC 27,,,UNRESOLVED
M_Karunanidhi_vs_Union_Of_India_on_20_February_1979_1.PDF,Corruption,AIR 1945 PC 156,,,UNRESOLVED
M_Karunanidhi_vs_Union_Of_India_on_20_February_1979_1.PDF,Corruption,SCR 1955 1 799,,,UNRESOLVED
M_Karunanidhi_vs_Union_Of_India_on_20_February_1979_1.PDF,Corruption,SCR 1956 393,Ch_Tika_Ramji_Others_Etc_vs_The_State_Of_Uttar_Pradesh_Others_on_24_April_1956_1.PDF,,OUTSIDE_DOMAINS
M_Karunanidhi_vs_Union_Of_India_on_20_February_1979_1.PDF,Corruption,SCR 1957 423,Om_Prakash_Gupta_vs_State_Of_U_P_With_Connected_Appeals_on_11_January_1957_1.PDF,Corruption; Financial Fraud,INTERNAL
M_Karunanidhi_vs_Union_Of_India_on_20_February_1979_1.PDF,Corruption,SCR 1964 4 461,,,UNRESOLVED
M_Karunanidhi_vs_Union_Of_India_on_20_February_1979_1.PDF,Corruption,SCR 1969 3 65,,,UNRESOLVED
M_Karunanidhi_vs_Union_Of_India_on_20_February_1979_1.PDF,Corruption,SCR 1953 1188,Rao_Shiv_Bahadur_Singh_And_Another_vs_The_State_Of_Vindhya_Pradesh_on_22_May_1953_1.PDF,Organized Crime / Extortion,CROSS_DOMAIN
State_Of_Tamil_Nadu_vs_V_Krishnnaswami_Naidu_Anr_on_3_May_1979_1.PDF,Corruption,SCR 1962 2 195,,,UNRESOLVED
S_P_Bhatnagar_Etc_vs_State_Of_Maharashtra_on_4_January_1979_1.PDF,Corruption,AIR 1977 SC 822,,,UNRESOLVED
S_P_Bhatnagar_Etc_vs_State_Of_Maharashtra_on_4_January_1979_1.PDF,Corruption,AIR 1952 SC 343,Hanumant_vs_The_State_Of_Madhya_Pradesh_on_23_September_1952_1.PDF,,OUTSIDE_DOMAINS
S_P_Bhatnagar_Etc_vs_State_Of_Maharashtra_on_4_January_1979_1.PDF,Corruption,AIR 1952 SC 354,,,UNRESOLVED
S_P_Bhatnagar_Etc_vs_State_Of_Maharashtra_on_4_January_1979_1.PDF,Corruption,AIR 1967 SC 529,,,UNRESOLVED
S_P_Bhatnagar_Etc_vs_State_Of_Maharashtra_on_4_January_1979_1.PDF,Corruption,AIR 1960 SC 29,,,UNRESOLVED
S_P_Bhatnagar_Etc_vs_State_Of_Maharashtra_on_4_January_1979_1.PDF,Corruption,SCR 1952 1091,,,UNRESOLVED
S_P_Bhatnagar_Etc_vs_State_Of_Maharashtra_on_4_January_1979_1.PDF,Corruption,SCR 1953 94,,,UNRESOLVED
V_C_Shukla_vs_State_Through_C_B_I_on_7_December_1979_1.PDF,Corruption,SCR 1978 1 222,,,UNRESOLVED
V_C_Shukla_vs_State_Through_C_B_I_on_7_December_1979_1.PDF,Corruption,SCR 1978 1 749,,,UNRESOLVED
V_C_Shukla_vs_State_Through_C_B_I_on_7_December_1979_1.PDF,Corruption,SCR 1977 3 113,,,UNRESOLVED
V_C_Shukla_vs_State_Through_C_B_I_on_7_December_1979_1.PDF,Corruption,SCR 1977 2 160,,,UNRESOLVED
V_C_Shukla_vs_State_Through_C_B_I_on_7_December_1979_1.PDF,Corruption,SCR 1953 1,The_Supreme_Court_Reportsaswini_Kumar_vs_Arabinda_Bose_And_Another_on_27_October_1952_1.PDF,,OUTSIDE_DOMAINS
V_C_Shukla_vs_State_Through_C_B_I_on_7_December_1979_1.PDF,Corruption,SCR 1978 1 749,,,UNRESOLVED
V_C_Shukla_vs_State_Through_C_B_I_on_7_December_1979_1.PDF,Corruption,SCR 1968 2 685,,,UNRESOLVED
Hazari_Lal_vs_Delhi_Administration_on_15_February_1980_1.PDF,Corruption,AIR 1975 SC 1432,Sita_Ram_vs_The_State_Of_Rajasthan_on_29_April_1975_1.PDF,Corruption,INTERNAL
Hazari_Lal_vs_Delhi_Administration_on_15_February_1980_1.PDF,Corruption,AIR 1979 SC 1408,Suraj_Mal_vs_State_Delhi_Administration_on_13_February_1979_1.PDF,Corruption,INTERNAL
Lt_Col_Prithi_Pal_Singh_Bedi_Etc_vs_Union_Of_India_Others_on_25_August_1982_1.PDF,Corruption,SCC 1982 3 140,,,UNRESOLVED
Lt_Col_Prithi_Pal_Singh_Bedi_Etc_vs_Union_Of_India_Others_on_25_August_1982_1.PDF,Corruption,SCR 1964 5 931,,,UNRESOLVED
Sampuran_Singh_vs_State_Of_Punjab_on_17_August_1982_1.PDF,Corruption,SCR 1952 135,Commissioner_Of_Police_Bombay_vs_Gordhandas_Bhanji_on_23_November_1951_1.PDF,,OUTSIDE_DOMAINS
Sampuran_Singh_vs_State_Of_Punjab_on_17_August_1982_1.PDF,Corruption,SCR 1968 3 182,,,UNRESOLVED
Sheonandan_Paswan_vs_State_Of_Bihar_Others_on_16_December_1982_1.PDF,Corruption,SCR 1957 279,,,UNRESOLVED
Sheonandan_Paswan_vs_State_Of_Bihar_Others_on_16_December_1982_1.PDF,Corruption,SCR 1977 1 335,,,UNRESOLVED
Sheonandan_Paswan_vs_State_Of_Bihar_Others_on_16_December_1982_1.PDF,Corruption,SCR 1978 1 604,,,UNRESOLVED
Sheonandan_Paswan_vs_State_Of_Bihar_Others_on_16_December_1982_1.PDF,Corruption,SCR 1980 3 982,,,UNRESOLVED
Sheonandan_Paswan_vs_State_Of_Bihar_Others_on_16_December_1982_1.PDF,Corruption,SCR 1957 297,,,UNRESOLVED
Sheonandan_Paswan_vs_State_Of_Bihar_Others_on_16_December_1982_1.PDF,Corruption,SCR 1972 2 599,,,UNRESOLVED
Sheonandan_Paswan_vs_State_Of_Bihar_Others_on_16_December_1982_1.PDF,Corruption,SCR 1977 1 355,,,UNRESOLVED
Sheonandan_Paswan_vs_State_Of_Bihar_Others_on_16_December_1982_1.PDF,Corruption,SCR 1978 1 604,,,UNRESOLVED
Sheonandan_Paswan_vs_State_Of_Bihar_Others_on_16_December_1982_1.PDF,Corruption,SCR 1980 3 982,,,UNRESOLVED
State_Of_U_P_vs_Dr_G_K_Ghosh_on_21_September_1983_1.PDF,Corruption,SCC 1984 1 254,,,UNRESOLVED
Ramesh_Balkrishna_Kulkarni_vs_State_Of_Maharashtra_on_31_July_1985_1.PDF,Corruption,SCC 1985 3 606,,,UNRESOLVED
Salimkhan_Sardarkhan_vs_State_Of_Gujarat_on_18_September_1985_1.PDF,Corruption,SCC 1985 4 234,,,UNRESOLVED
Niranjan_Patnaik_vs_Sashibhusan_Kar_Anr_on_11_April_1986_1.PDF,Corruption,SCC 1986 2 569,,,UNRESOLVED
Raghubir_Singh_Others_Etc_vs_State_Of_Bihar_on_19_September_1986_1.PDF,Corruption,AIR 1981 SC 939,Kadra_Pehadiya_And_Ors_vs_State_Of_Bihar_on_17_December_1980_1.PDF,,OUTSIDE_DOMAINS
Raghubir_Singh_Others_Etc_vs_State_Of_Bihar_on_19_September_1986_1.PDF,Corruption,AIR 1982 SC 1167,,,UNRESOLVED
Raghubir_Singh_Others_Etc_vs_State_Of_Bihar_on_19_September_1986_1.PDF,Corruption,AIR 1975 SC 1465,,,UNRESOLVED
Raghubir_Singh_Others_Etc_vs_State_Of_Bihar_on_19_September_1986_1.PDF,Corruption,AIR 1958 SC 376,,,UNRESOLVED
Raghubir_Singh_Others_Etc_vs_State_Of_Bihar_on_19_September_1986_1.PDF,Corruption,AIR 1981 SC 939,Kadra_Pehadiya_And_Ors_vs_State_Of_Bihar_on_17_December_1980_1.PDF,,OUTSIDE_DOMAINS
Raghubir_Singh_Others_Etc_vs_State_Of_Bihar_on_19_September_1986_1.PDF,Corruption,AIR 1982 SC 1167,,,UNRESOLVED
Raghubir_Singh_Others_Etc_vs_State_Of_Bihar_on_19_September_1986_1.PDF,Corruption,AIR 1975 SC 1465,,,UNRESOLVED
Raghubir_Singh_Others_Etc_vs_State_Of_Bihar_on_19_September_1986_1.PDF,Corruption,AIR 1958 SC 376,,,UNRESOLVED
Raghubir_Singh_Others_Etc_vs_State_Of_Bihar_on_19_September_1986_1.PDF,Corruption,SCR 1979 3 169,,,UNRESOLVED
Raghubir_Singh_Others_Etc_vs_State_Of_Bihar_on_19_September_1986_1.PDF,Corruption,SCR 1979 5 169,,,UNRESOLVED
Raghubir_Singh_Others_Etc_vs_State_Of_Bihar_on_19_September_1986_1.PDF,Corruption,SCR 1981 3 610,,,UNRESOLVED
Sheonandan_Paswan_vs_State_Of_Bihar_And_Ors_on_20_December_1986_1.PDF,Corruption,AIR 1938 PC 266,,,UNRESOLVED
Sheonandan_Paswan_vs_State_Of_Bihar_And_Ors_on_20_December_1986_1.PDF,Corruption,AIR 1983 SC 194,,,UNRESOLVED
Sheonandan_Paswan_vs_State_Of_Bihar_And_Ors_on_20_December_1986_1.PDF,Corruption,AIR 1943 SIND 161,,,UNRESOLVED
Sheonandan_Paswan_vs_State_Of_Bihar_And_Ors_on_20_December_1986_1.PDF,Corruption,AIR 1949 PATNA 233,,,UNRESOLVED
Sheonandan_Paswan_vs_State_Of_Bihar_And_Ors_on_20_December_1986_1.PDF,Corruption,AIR 1938 PC 266,,,UNRESOLVED
Sheo_Nandan_Paswan_vs_State_Of_Bihar_Ors_on_20_December_1986_1.PDF,Corruption,AIR 1976 AC 370,,,UNRESOLVED
Sheo_Nandan_Paswan_vs_State_Of_Bihar_Ors_on_20_December_1986_1.PDF,Corruption,AIR 1980 SC 1883,,,UNRESOLVED
Sheo_Nandan_Paswan_vs_State_Of_Bihar_Ors_on_20_December_1986_1.PDF,Corruption,AIR 1976 SC 370,Bansi_Lal_vs_Chandan_Lal_And_Ors_on_5_December_1975_1.PDF,,OUTSIDE_DOMAINS
Sheo_Nandan_Paswan_vs_State_Of_Bihar_Ors_on_20_December_1986_1.PDF,Corruption,AIR 1980 SC 1883,,,UNRESOLVED
Sheo_Nandan_Paswan_vs_State_Of_Bihar_Ors_on_20_December_1986_1.PDF,Corruption,AIR 1943 SIND 161,,,UNRESOLVED
Sheo_Nandan_Paswan_vs_State_Of_Bihar_Ors_on_20_December_1986_1.PDF,Corruption,AIR 1949 PATNA 233,,,UNRESOLVED
Sheo_Nandan_Paswan_vs_State_Of_Bihar_Ors_on_20_December_1986_1.PDF,Corruption,AIR 1976 SC 370,Bansi_Lal_vs_Chandan_Lal_And_Ors_on_5_December_1975_1.PDF,,OUTSIDE_DOMAINS
Sheo_Nandan_Paswan_vs_State_Of_Bihar_Ors_on_20_December_1986_1.PDF,Corruption,SCR 1983 2 61,,,UNRESOLVED
Sheo_Nandan_Paswan_vs_State_Of_Bihar_Ors_on_20_December_1986_1.PDF,Corruption,SCR 1983 2 61,,,UNRESOLVED
Sheo_Nandan_Paswan_vs_State_Of_Bihar_Ors_on_20_December_1986_1.PDF,Corruption,SCR 1980 3 982,,,UNRESOLVED
Sheo_Nandan_Paswan_vs_State_Of_Bihar_Ors_on_20_December_1986_1.PDF,Corruption,SCR 1957 279,,,UNRESOLVED
Sheo_Nandan_Paswan_vs_State_Of_Bihar_Ors_on_20_December_1986_1.PDF,Corruption,SCR 1983 2 61,,,UNRESOLVED
Sheo_Nandan_Paswan_vs_State_Of_Bihar_Ors_on_20_December_1986_1.PDF,Corruption,SCR 1957 279,,,UNRESOLVED
Sheo_Nandan_Paswan_vs_State_Of_Bihar_Ors_on_20_December_1986_1.PDF,Corruption,SCR 1972 2 599,,,UNRESOLVED
Sheo_Nandan_Paswan_vs_State_Of_Bihar_Ors_on_20_December_1986_1.PDF,Corruption,SCR 1977 1 335,,,UNRESOLVED
Sheo_Nandan_Paswan_vs_State_Of_Bihar_Ors_on_20_December_1986_1.PDF,Corruption,SCR 1978 1 604,,,UNRESOLVED
Sheo_Nandan_Paswan_vs_State_Of_Bihar_Ors_on_20_December_1986_1.PDF,Corruption,SCR 1980 2 44,,,UNRESOLVED
Sheo_Nandan_Paswan_vs_State_Of_Bihar_Ors_on_20_December_1986_1.PDF,Corruption,SCR 1980 3 982,,,UNRESOLVED
Sheo_Nandan_Paswan_vs_State_Of_Bihar_Ors_on_20_December_1986_1.PDF,Corruption,SCR 1984 2 500,,,UNRESOLVED
Sheo_Nandan_Paswan_vs_State_Of_Bihar_Ors_on_20_December_1986_1.PDF,Corruption,SCR 1980 1 1076,,,UNRESOLVED
Sheo_Nandan_Paswan_vs_State_Of_Bihar_Ors_on_20_December_1986_1.PDF,Corruption,SCR 1969 1 387,,,UNRESOLVED
Sheo_Nandan_Paswan_vs_State_Of_Bihar_Ors_on_20_December_1986_1.PDF,Corruption,SCR 1968 3 789,P_V_Jagannath_Rao_And_Ors_vs_State_Of_Orissa_And_Ors_on_30_April_1968_1.PDF,,OUTSIDE_DOMAINS
Sheo_Nandan_Paswan_vs_State_Of_Bihar_Ors_on_20_December_1986_1.PDF,Corruption,SCR 1980 2 44,,,UNRESOLVED
Sheo_Nandan_Paswan_vs_State_Of_Bihar_Ors_on_20_December_1986_1.PDF,Corruption,SCR 1972 2 599,,,UNRESOLVED
Sheo_Nandan_Paswan_vs_State_Of_Bihar_Ors_on_20_December_1986_1.PDF,Corruption,SCR 1977 1 385,,,UNRESOLVED
Sheo_Nandan_Paswan_vs_State_Of_Bihar_Ors_on_20_December_1986_1.PDF,Corruption,SCR 1957 279,,,UNRESOLVED
Sheo_Nandan_Paswan_vs_State_Of_Bihar_Ors_on_20_December_1986_1.PDF,Corruption,SCR 1978 1 604,,,UNRESOLVED
Sheo_Nandan_Paswan_vs_State_Of_Bihar_Ors_on_20_December_1986_1.PDF,Corruption,SCR 1972 2 599,,,UNRESOLVED
Sheo_Nandan_Paswan_vs_State_Of_Bihar_Ors_on_20_December_1986_1.PDF,Corruption,SCR 1977 1 335,,,UNRESOLVED
Sheo_Nandan_Paswan_vs_State_Of_Bihar_Ors_on_20_December_1986_1.PDF,Corruption,SCR 1980 3 982,,,UNRESOLVED
Sheo_Nandan_Paswan_vs_State_Of_Bihar_Ors_on_20_December_1986_1.PDF,Corruption,SCR 1980 1 1076,,,UNRESOLVED
Sheo_Nandan_Paswan_vs_State_Of_Bihar_Ors_on_20_December_1986_1.PDF,Corruption,SCR 1969 1 387,,,UNRESOLVED
Sheo_Nandan_Paswan_vs_State_Of_Bihar_Ors_on_20_December_1986_1.PDF,Corruption,SCR 1968 3 789,P_V_Jagannath_Rao_And_Ors_vs_State_Of_Orissa_And_Ors_on_30_April_1968_1.PDF,,OUTSIDE_DOMAINS
Sheo_Nandan_Paswan_vs_State_Of_Bihar_Ors_on_20_December_1986_1.PDF,Corruption,SCR 1980 2 44,,,UNRESOLVED
Sheo_Nandan_Paswan_vs_State_Of_Bihar_Ors_on_20_December_1986_1.PDF,Corruption,SCR 1972 2 599,,,UNRESOLVED
Sheo_Nandan_Paswan_vs_State_Of_Bihar_Ors_on_20_December_1986_1.PDF,Corruption,SCR 1977 1 385,,,UNRESOLVED
Sheo_Nandan_Paswan_vs_State_Of_Bihar_Ors_on_20_December_1986_1.PDF,Corruption,SCR 1957 279,,,UNRESOLVED
Sheo_Nandan_Paswan_vs_State_Of_Bihar_Ors_on_20_December_1986_1.PDF,Corruption,SCR 1978 1 604,,,UNRESOLVED
Sheo_Nandan_Paswan_vs_State_Of_Bihar_Ors_on_20_December_1986_1.PDF,Corruption,SCR 1980 3 982,,,UNRESOLVED
Sheo_Nandan_Paswan_vs_State_Of_Bihar_Ors_on_20_December_1986_1.PDF,Corruption,SCR 1983 2 61,,,UNRESOLVED
Sheo_Nandan_Paswan_vs_State_Of_Bihar_Ors_on_20_December_1986_1.PDF,Corruption,SCR 1983 2 61,,,UNRESOLVED
Sheo_Nandan_Paswan_vs_State_Of_Bihar_Ors_on_20_December_1986_1.PDF,Corruption,SCR 1957 279,,,UNRESOLVED
Sheo_Nandan_Paswan_vs_State_Of_Bihar_Ors_on_20_December_1986_1.PDF,Corruption,SCR 1972 2 599,,,UNRESOLVED
Sheo_Nandan_Paswan_vs_State_Of_Bihar_Ors_on_20_December_1986_1.PDF,Corruption,SCR 1957 279,,,UNRESOLVED
Sheo_Nandan_Paswan_vs_State_Of_Bihar_Ors_on_20_December_1986_1.PDF,Corruption,SCR 1972 2 599,,,UNRESOLVED
Sheo_Nandan_Paswan_vs_State_Of_Bihar_Ors_on_20_December_1986_1.PDF,Corruption,SCR 1957 279,,,UNRESOLVED
Sheo_Nandan_Paswan_vs_State_Of_Bihar_Ors_on_20_December_1986_1.PDF,Corruption,SCR 1977 1 335,,,UNRESOLVED
Sheo_Nandan_Paswan_vs_State_Of_Bihar_Ors_on_20_December_1986_1.PDF,Corruption,SCR 1978 1 604,,,UNRESOLVED
Sheo_Nandan_Paswan_vs_State_Of_Bihar_Ors_on_20_December_1986_1.PDF,Corruption,SCR 1980 2 44,,,UNRESOLVED
Sheo_Nandan_Paswan_vs_State_Of_Bihar_Ors_on_20_December_1986_1.PDF,Corruption,SCR 1980 3 982,,,UNRESOLVED
A_R_Antulay_vs_R_S_Nayak_Anr_on_29_April_1988_1.PDF,Corruption,AIR 1957 SC 790,,,UNRESOLVED
A_R_Antulay_vs_R_S_Nayak_Anr_on_29_April_1988_1.PDF,Corruption,AIR 1935 PC 122,,,UNRESOLVED
A_R_Antulay_vs_R_S_Nayak_Anr_on_29_April_1988_1.PDF,Corruption,AIR 1949 BOMBAY 42,,,UNRESOLVED
A_R_Antulay_vs_R_S_Nayak_Anr_on_29_April_1988_1.PDF,Corruption,AIR 1961 PUNJAB 87,,,UNRESOLVED
A_R_Antulay_vs_R_S_Nayak_Anr_on_29_April_1988_1.PDF,Corruption,AIR 1916 PC 8,,,UNRESOLVED
A_R_Antulay_vs_R_S_Nayak_Anr_on_29_April_1988_1.PDF,Corruption,AIR 1949 BOMBAY 42,,,UNRESOLVED
A_R_Antulay_vs_R_S_Nayak_Anr_on_29_April_1988_1.PDF,Corruption,AIR 1949 BOMBAY 42,,,UNRESOLVED
A_R_Antulay_vs_R_S_Nayak_Anr_on_29_April_1988_1.PDF,Corruption,AIR 1961 PUNJAB 87,,,UNRESOLVED
A_R_Antulay_vs_R_S_Nayak_Anr_on_29_April_1988_1.PDF,Corruption,SCC 1962 2 716,,,UNRESOLVED
A_R_Antulay_vs_R_S_Nayak_Anr_on_29_April_1988_1.PDF,Corruption,SCC 1985 2 716,,,UNRESOLVED
A_R_Antulay_vs_R_S_Nayak_Anr_on_29_April_1988_1.PDF,Corruption,SCR 1955 1 117,,,UNRESOLVED
A_R_Antulay_vs_R_S_Nayak_Anr_on_29_April_1988_1.PDF,Corruption,SCR 1973 1 697,,,UNRESOLVED
A_R_Antulay_vs_R_S_Nayak_Anr_on_29_April_1988_1.PDF,Corruption,SCR 1973 1 697,,,UNRESOLVED
A_R_Antulay_vs_R_S_Nayak_Anr_on_29_April_1988_1.PDF,Corruption,SCR 1965 2 800,,,UNRESOLVED
A_R_Antulay_vs_R_S_Nayak_Anr_on_29_April_1988_1.PDF,Corruption,SCR 1955 2 603,,,UNRESOLVED
A_R_Antulay_vs_R_S_Nayak_Anr_on_29_April_1988_1.PDF,Corruption,SCR 1985 3 26,,,UNRESOLVED
A_R_Antulay_vs_R_S_Nayak_Anr_on_29_April_1988_1.PDF,Corruption,SCR 1955 2 603,,,UNRESOLVED
A_R_Antulay_vs_R_S_Nayak_Anr_on_29_April_1988_1.PDF,Corruption,SCR 1952 284,The_State_Of_West_Bengal_vs_Anwar_All_Sarkarhabib_Mohamed_The_on_11_January_1952_1.PDF,Organized Crime / Extortion; Violent Crime / Homicide,CROSS_DOMAIN
A_R_Antulay_vs_R_S_Nayak_Anr_on_29_April_1988_1.PDF,Corruption,SCR 1975 1 127,,,UNRESOLVED
A_R_Antulay_vs_R_S_Nayak_Anr_on_29_April_1988_1.PDF,Corruption,SCR 1977 1 87,,,UNRESOLVED
A_R_Antulay_vs_R_S_Nayak_Anr_on_29_April_1988_1.PDF,Corruption,SCR 1977 1 462,,,UNRESOLVED
A_R_Antulay_vs_R_S_Nayak_Anr_on_29_April_1988_1.PDF,Corruption,SCR 1985 2 8,,,UNRESOLVED
A_R_Antulay_vs_R_S_Nayak_Anr_on_29_April_1988_1.PDF,Corruption,SCR 1974 3 427,,,UNRESOLVED
A_R_Antulay_vs_R_S_Nayak_Anr_on_29_April_1988_1.PDF,Corruption,SCR 1960 1 924,Romesh_Chandra_Arora_vs_The_State_on_6_October_1959_1.PDF,Organized Crime / Extortion,CROSS_DOMAIN
A_R_Antulay_vs_R_S_Nayak_Anr_on_29_April_1988_1.PDF,Corruption,SCR 1952 284,The_State_Of_West_Bengal_vs_Anwar_All_Sarkarhabib_Mohamed_The_on_11_January_1952_1.PDF,Organized Crime / Extortion; Violent Crime / Homicide,CROSS_DOMAIN
A_R_Antulay_vs_R_S_Nayak_Anr_on_29_April_1988_1.PDF,Corruption,SCR 1979 2 476,In_Re__The_Special_Courts_Bill_1978_vs_Unknown_on_1_December_1978_1.PDF,Organized Crime / Extortion,CROSS_DOMAIN
A_R_Antulay_vs_R_S_Nayak_Anr_on_29_April_1988_1.PDF,Corruption,SCR 1964 1 495,,,UNRESOLVED
A_R_Antulay_vs_R_S_Nayak_Anr_on_29_April_1988_1.PDF,Corruption,SCR 1953 185,Bhatia_Co_Operative_Housingsociety_vs_D_C_Patel_on_5_November_1952_1.PDF,,OUTSIDE_DOMAINS
A_R_Antulay_vs_R_S_Nayak_Anr_on_29_April_1988_1.PDF,Corruption,SCR 1984 2 495,,,UNRESOLVED
A_R_Antulay_vs_R_S_Nayak_Anr_on_29_April_1988_1.PDF,Corruption,SCR 1984 2 914,,,UNRESOLVED
A_R_Antulay_vs_R_S_Nayak_Anr_on_29_April_1988_1.PDF,Corruption,SCR 1984 3 482,,,UNRESOLVED
A_R_Antulay_vs_R_S_Nayak_Anr_on_29_April_1988_1.PDF,Corruption,SCR 1970 2 875,,,UNRESOLVED
A_R_Antulay_vs_R_S_Nayak_Anr_on_29_April_1988_1.PDF,Corruption,SCR 1953 136,Keshardeo_Chamria_vs_Radha_Kissen_Chamria_And_Othersradha_on_30_October_1952_1.PDF,,OUTSIDE_DOMAINS
A_R_Antulay_vs_R_S_Nayak_Anr_on_29_April_1988_1.PDF,Corruption,SCR 1963 1 885,,,UNRESOLVED
A_R_Antulay_vs_R_S_Nayak_Anr_on_29_April_1988_1.PDF,Corruption,SCR 1962 1 574,,,UNRESOLVED
A_R_Antulay_vs_R_S_Nayak_Anr_on_29_April_1988_1.PDF,Corruption,SCR 1969 2 824,,,UNRESOLVED
A_R_Antulay_vs_R_S_Nayak_Anr_on_29_April_1988_1.PDF,Corruption,SCR 1952 284,The_State_Of_West_Bengal_vs_Anwar_All_Sarkarhabib_Mohamed_The_on_11_January_1952_1.PDF,Organized Crime / Extortion; Violent Crime / Homicide,CROSS_DOMAIN
A_R_Antulay_vs_R_S_Nayak_Anr_on_29_April_1988_1.PDF,Corruption,SCR 1963 1 885,,,UNRESOLVED
A_R_Antulay_vs_R_S_Nayak_Anr_on_29_April_1988_1.PDF,Corruption,SCR 1969 2 624,,,UNRESOLVED
A_R_Antulay_vs_R_S_Nayak_Anr_on_29_April_1988_1.PDF,Corruption,SCR 1961 497,,,UNRESOLVED
A_R_Antulay_vs_R_S_Nayak_Anr_on_29_April_1988_1.PDF,Corruption,SCR 1952 284,The_State_Of_West_Bengal_vs_Anwar_All_Sarkarhabib_Mohamed_The_on_11_January_1952_1.PDF,Organized Crime / Extortion; Violent Crime / Homicide,CROSS_DOMAIN
A_R_Antulay_vs_R_S_Nayak_Anr_on_29_April_1988_1.PDF,Corruption,SCR 1952 3 435,,,UNRESOLVED
A_R_Antulay_vs_R_S_Nayak_Anr_on_29_April_1988_1.PDF,Corruption,SCR 1972 2 476,,,UNRESOLVED
A_R_Antulay_vs_R_S_Nayak_Anr_on_29_April_1988_1.PDF,Corruption,SCR 1980 3 500,,,UNRESOLVED
A_R_Antulay_vs_R_S_Nayak_Anr_on_29_April_1988_1.PDF,Corruption,SCR 1981 2 673,,,UNRESOLVED
A_R_Antulay_vs_R_S_Nayak_Anr_on_29_April_1988_1.PDF,Corruption,SCR 1974 3 427,,,UNRESOLVED
A_R_Antulay_vs_R_S_Nayak_Anr_on_29_April_1988_1.PDF,Corruption,SCR 1953 2 603,,,UNRESOLVED
A_R_Antulay_vs_R_S_Nayak_Anr_on_29_April_1988_1.PDF,Corruption,SCR 1987 1 288,,,UNRESOLVED
A_R_Antulay_vs_R_S_Nayak_Anr_on_29_April_1988_1.PDF,Corruption,SCR 1966 744,,,UNRESOLVED
A_R_Antulay_vs_R_S_Nayak_Anr_on_29_April_1988_1.PDF,Corruption,SCR 1965 2 800,,,UNRESOLVED
A_R_Antulay_vs_R_S_Nayak_Anr_on_29_April_1988_1.PDF,Corruption,SCR 9851 3 26,,,UNRESOLVED
A_R_Antulay_vs_R_S_Nayak_Anr_on_29_April_1988_1.PDF,Corruption,SCR 1985 2 8,,,UNRESOLVED
A_R_Antulay_vs_R_S_Nayak_Anr_on_29_April_1988_1.PDF,Corruption,SCR 1975 1 127,,,UNRESOLVED
A_R_Antulay_vs_R_S_Nayak_Anr_on_29_April_1988_1.PDF,Corruption,SCR 1977 1 87,,,UNRESOLVED
A_R_Antulay_vs_R_S_Nayak_Anr_on_29_April_1988_1.PDF,Corruption,SCR 1977 1 462,,,UNRESOLVED
A_R_Antulay_vs_R_S_Nayak_Anr_on_29_April_1988_1.PDF,Corruption,SCR 1960 3 590,,,UNRESOLVED
A_R_Antulay_vs_R_S_Nayak_Anr_on_29_April_1988_1.PDF,Corruption,SCR 1955 2 603,,,UNRESOLVED
A_R_Antulay_vs_R_S_Nayak_Anr_on_29_April_1988_1.PDF,Corruption,SCR 1980 2 873,,,UNRESOLVED
A_R_Antulay_vs_R_S_Nayak_Anr_on_29_April_1988_1.PDF,Corruption,SCR 1979 2 476,In_Re__The_Special_Courts_Bill_1978_vs_Unknown_on_1_December_1978_1.PDF,Organized Crime / Extortion,CROSS_DOMAIN
A_R_Antulay_vs_R_S_Nayak_Anr_on_29_April_1988_1.PDF,Corruption,SCR 1980 3 500,,,UNRESOLVED
A_R_Antulay_vs_R_S_Nayak_Anr_on_29_April_1988_1.PDF,Corruption,SCR 1984 2 914,,,UNRESOLVED
A_R_Antulay_vs_R_S_Nayak_Anr_on_29_April_1988_1.PDF,Corruption,SCR 1984 2 495,,,UNRESOLVED
A_R_Antulay_vs_R_S_Nayak_Anr_on_29_April_1988_1.PDF,Corruption,SCR 1984 3 482,,,UNRESOLVED
A_R_Antulay_vs_R_S_Nayak_Anr_on_29_April_1988_1.PDF,Corruption,SCR 1952 284,The_State_Of_West_Bengal_vs_Anwar_All_Sarkarhabib_Mohamed_The_on_11_January_1952_1.PDF,Organized Crime / Extortion; Violent Crime / Homicide,CROSS_DOMAIN
A_R_Antulay_vs_R_S_Nayak_Anr_on_29_April_1988_1.PDF,Corruption,SCR 1956 2 800,,,UNRESOLVED
A_R_Antulay_vs_R_S_Nayak_Anr_on_29_April_1988_1.PDF,Corruption,SCR 1963 1 885,,,UNRESOLVED
A_R_Antulay_vs_R_S_Nayak_Anr_on_29_April_1988_1.PDF,Corruption,SCR 1966 3 744,,,UNRESOLVED
A_R_Antulay_vs_R_S_Nayak_Anr_on_29_April_1988_1.PDF,Corruption,SCR 1970 2 875,,,UNRESOLVED
A_R_Antulay_vs_R_S_Nayak_Anr_on_29_April_1988_1.PDF,Corruption,SCR 1953 136,Keshardeo_Chamria_vs_Radha_Kissen_Chamria_And_Othersradha_on_30_October_1952_1.PDF,,OUTSIDE_DOMAINS
A_R_Antulay_vs_R_S_Nayak_Anr_on_29_April_1988_1.PDF,Corruption,SCR 1984 2 495,,,UNRESOLVED
A_R_Antulay_vs_R_S_Nayak_Anr_on_29_April_1988_1.PDF,Corruption,SCR 1984 2 914,,,UNRESOLVED
A_R_Antulay_vs_R_S_Nayak_Anr_on_29_April_1988_1.PDF,Corruption,SCR 1984 3 412,,,UNRESOLVED
A_R_Antulay_vs_R_S_Nayak_Anr_on_29_April_1988_1.PDF,Corruption,SCR 1984 2 495,,,UNRESOLVED
A_R_Antulay_vs_R_S_Nayak_Anr_on_29_April_1988_1.PDF,Corruption,SCR 1984 3 412,,,UNRESOLVED
A_R_Antulay_vs_R_S_Nayak_Anr_on_29_April_1988_1.PDF,Corruption,SCR 1968 2 624,,,UNRESOLVED
A_R_Antulay_vs_R_S_Nayak_Anr_on_29_April_1988_1.PDF,Corruption,SCR 1952 284,The_State_Of_West_Bengal_vs_Anwar_All_Sarkarhabib_Mohamed_The_on_11_January_1952_1.PDF,Organized Crime / Extortion; Violent Crime / Homicide,CROSS_DOMAIN
A_R_Antulay_vs_R_S_Nayak_Anr_on_29_April_1988_1.PDF,Corruption,SCR 1966 2 678,,,UNRESOLVED
A_R_Antulay_vs_R_S_Nayak_Anr_on_29_April_1988_1.PDF,Corruption,SCR 1962 1 574,,,UNRESOLVED
A_R_Antulay_vs_R_S_Nayak_Anr_on_29_April_1988_1.PDF,Corruption,SCR 1969 2 824,,,UNRESOLVED
A_R_Antulay_vs_R_S_Nayak_Anr_on_29_April_1988_1.PDF,Corruption,SCR 1984 2 495,,,UNRESOLVED
A_R_Antulay_vs_R_S_Nayak_Anr_on_29_April_1988_1.PDF,Corruption,SCR 1984 2 914,,,UNRESOLVED
A_R_Antulay_vs_R_S_Nayak_Anr_on_29_April_1988_1.PDF,Corruption,SCR 1984 3 412,,,UNRESOLVED
A_R_Antulay_vs_R_S_Nayak_Anr_on_29_April_1988_1.PDF,Corruption,SCR 1984 3 482,,,UNRESOLVED
A_R_Antulay_vs_R_S_Nayak_Anr_on_29_April_1988_1.PDF,Corruption,SCR 1984 2 495,,,UNRESOLVED
A_R_Antulay_vs_R_S_Nayak_Anr_on_29_April_1988_1.PDF,Corruption,SCR 1961 497,,,UNRESOLVED
State_Of_Bihar_vs_Murad_Ali_Khan_Farukh_Salauddin_on_10_October_1988_1.PDF,Corruption,SCR 1983 1 895,,,UNRESOLVED
State_Of_Bihar_vs_Murad_Ali_Khan_Farukh_Salauddin_on_10_October_1988_1.PDF,Corruption,SCR 1958 822,Leo_Roy_Frey_vs_The_Superintendent_District_on_31_October_1957_1.PDF,,OUTSIDE_DOMAINS
State_Of_Bihar_vs_Murad_Ali_Khan_Farukh_Salauddin_on_10_October_1988_1.PDF,Corruption,SCR 1957 868,The_State_Of_Madhya_Pradesh_vs_Veereshwar_Rao_Agnihotry_on_5_April_1957_1.PDF,Corruption; Financial Fraud,INTERNAL
State_Of_Bihar_vs_Murad_Ali_Khan_Farukh_Salauddin_on_10_October_1988_1.PDF,Corruption,SCR 1957 423,Om_Prakash_Gupta_vs_State_Of_U_P_With_Connected_Appeals_on_11_January_1957_1.PDF,Corruption; Financial Fraud,INTERNAL
State_Of_Bihar_vs_Murad_Ali_Khan_Farukh_Salauddin_on_10_October_1988_1.PDF,Corruption,SCR 1961 3 107,,,UNRESOLVED
State_Of_Bihar_vs_Murad_Ali_Khan_Farukh_Salauddin_on_10_October_1988_1.PDF,Corruption,SCR 1983 1,,,UNRESOLVED
State_Of_Bihar_vs_Murad_Ali_Khan_Farukh_Salauddin_on_10_October_1988_1.PDF,Corruption,SCR 1983 1 895,,,UNRESOLVED
State_Of_Bihar_vs_Murad_Ali_Khan_Farukh_Salauddin_on_10_October_1988_1.PDF,Corruption,SCR 1957 868,The_State_Of_Madhya_Pradesh_vs_Veereshwar_Rao_Agnihotry_on_5_April_1957_1.PDF,Corruption; Financial Fraud,INTERNAL
State_Of_Bihar_vs_Murad_Ali_Khan_Farukh_Salauddin_on_10_October_1988_1.PDF,Corruption,SCR 1957 423,Om_Prakash_Gupta_vs_State_Of_U_P_With_Connected_Appeals_on_11_January_1957_1.PDF,Corruption; Financial Fraud,INTERNAL
State_Of_Bihar_vs_Murad_Ali_Khan_Farukh_Salauddin_on_10_October_1988_1.PDF,Corruption,SCR 1961 3 107,,,UNRESOLVED
State_Of_Bihar_vs_Murad_Ali_Khan_Farukh_Salauddin_on_10_October_1988_1.PDF,Corruption,SCR 1952 4,,,UNRESOLVED
Ujagar_Prints_Etc_vs_Union_Of_India_Ors_Etc_on_4_November_1988_1.PDF,Corruption,AIR 1972 SC 1061,Union_Of_India_vs_Harbhajan_Singh_Dhillon_on_21_October_1971_1.PDF,,OUTSIDE_DOMAINS
Ujagar_Prints_Etc_vs_Union_Of_India_Ors_Etc_on_4_November_1988_1.PDF,Corruption,SCR 1980 3 1271,,,UNRESOLVED
Ujagar_Prints_Etc_vs_Union_Of_India_Ors_Etc_on_4_November_1988_1.PDF,Corruption,SCR 1961 3 242,,,UNRESOLVED
Ujagar_Prints_Etc_vs_Union_Of_India_Ors_Etc_on_4_November_1988_1.PDF,Corruption,SCR 1966 2 22,,,UNRESOLVED
Ujagar_Prints_Etc_vs_Union_Of_India_Ors_Etc_on_4_November_1988_1.PDF,Corruption,SCR 1956 664,Pandit_Ram_Narain_vs_The_State_Of_Uttar_Pradesh_Andothers_on_20_September_1956_1.PDF,,OUTSIDE_DOMAINS
Ujagar_Prints_Etc_vs_Union_Of_India_Ors_Etc_on_4_November_1988_1.PDF,Corruption,SCR 1967 2 720,,,UNRESOLVED
Ujagar_Prints_Etc_vs_Union_Of_India_Ors_Etc_on_4_November_1988_1.PDF,Corruption,SCR 1960 3 953,,,UNRESOLVED
Ujagar_Prints_Etc_vs_Union_Of_India_Ors_Etc_on_4_November_1988_1.PDF,Corruption,SCR 1978 3 561,Bajaya_vs_Gopikabai_And_Anr_on_4_April_1978_1.PDF,,OUTSIDE_DOMAINS
Ujagar_Prints_Etc_vs_Union_Of_India_Ors_Etc_on_4_November_1988_1.PDF,Corruption,SCR 1962 3 786,,,UNRESOLVED
Ujagar_Prints_Etc_vs_Union_Of_India_Ors_Etc_on_4_November_1988_1.PDF,Corruption,SCR 1971 2 92,,,UNRESOLVED
Ujagar_Prints_Etc_vs_Union_Of_India_Ors_Etc_on_4_November_1988_1.PDF,Corruption,SCR 1977 1 569,,,UNRESOLVED
Ujagar_Prints_Etc_vs_Union_Of_India_Ors_Etc_on_4_November_1988_1.PDF,Corruption,SCR 1976 1 6,,,UNRESOLVED
State_Of_Uttar_Pradesh_Ors_vs_Surinder_Pal_Singh_on_31_January_1989_1.PDF,Corruption,AIR 1988 SC 805,,,UNRESOLVED
State_Of_Uttar_Pradesh_Ors_vs_Surinder_Pal_Singh_on_31_January_1989_1.PDF,Corruption,SCR 1961 2 679,,,UNRESOLVED
State_Of_Uttar_Pradesh_Ors_vs_Surinder_Pal_Singh_on_31_January_1989_1.PDF,Corruption,SCR 1969 3 653,,,UNRESOLVED
S_V_Kameswar_Rao_And_Another_vs_The_State_A_C_B_Police_Karnool_on_30_November_1990_1.PDF,Corruption,SCR 1980 2 837,,,UNRESOLVED
Abdul_Rehman_Antulay_Ors_vs_R_S_Nayak_Anr_on_10_December_1991_1.PDF,Corruption,AIR 1981 SC 939,Kadra_Pehadiya_And_Ors_vs_State_Of_Bihar_on_17_December_1980_1.PDF,,OUTSIDE_DOMAINS
Abdul_Rehman_Antulay_Ors_vs_R_S_Nayak_Anr_on_10_December_1991_1.PDF,Corruption,AIR 1986 PAT 324,,,UNRESOLVED
Abdul_Rehman_Antulay_Ors_vs_R_S_Nayak_Anr_on_10_December_1991_1.PDF,Corruption,AIR 1986 PAT 38,,,UNRESOLVED
Abdul_Rehman_Antulay_Ors_vs_R_S_Nayak_Anr_on_10_December_1991_1.PDF,Corruption,AIR 1986 PAT 38,,,UNRESOLVED
Abdul_Rehman_Antulay_Ors_vs_R_S_Nayak_Anr_on_10_December_1991_1.PDF,Corruption,SCR 1979 3 393,,,UNRESOLVED
Abdul_Rehman_Antulay_Ors_vs_R_S_Nayak_Anr_on_10_December_1991_1.PDF,Corruption,SCR 1986 3 562,,,UNRESOLVED
Abdul_Rehman_Antulay_Ors_vs_R_S_Nayak_Anr_on_10_December_1991_1.PDF,Corruption,SCR 1987 1 173,,,UNRESOLVED
K_Veeraswami_vs_Union_Of_India_And_Others_on_25_July_1991_1.PDF,Corruption,AIR 1977 SC 2328,Union_Of_India_Uoi_vs_Sankalchand_Himatlal_Sheth_And_Anr_on_19_September_1977_1.PDF,,OUTSIDE_DOMAINS
K_Veeraswami_vs_Union_Of_India_And_Others_on_25_July_1991_1.PDF,Corruption,AIR 1982 SC 149,S_P_Gupta_vs_President_Of_India_And_Ors_on_30_December_1981_1.PDF,Organized Crime / Extortion,CROSS_DOMAIN
K_Veeraswami_vs_Union_Of_India_And_Others_on_25_July_1991_1.PDF,Corruption,AIR 1971 SC 1132,,,UNRESOLVED
K_Veeraswami_vs_Union_Of_India_And_Others_on_25_July_1991_1.PDF,Corruption,AIR 1977 SC 2326,,,UNRESOLVED
K_Veeraswami_vs_Union_Of_India_And_Others_on_25_July_1991_1.PDF,Corruption,AIR 1979 SC 677,,,UNRESOLVED
K_Veeraswami_vs_Union_Of_India_And_Others_on_25_July_1991_1.PDF,Corruption,SCR 1984 2 495,,,UNRESOLVED
K_Veeraswami_vs_Union_Of_India_And_Others_on_25_July_1991_1.PDF,Corruption,SCR 1975 1 814,,,UNRESOLVED
K_Veeraswami_vs_Union_Of_India_And_Others_on_25_July_1991_1.PDF,Corruption,SCR 1958 1040,S_A_Venkataraman_vs_The_State_And_Connected_Appeal_on_3_December_1957_1.PDF,Corruption,INTERNAL
K_Veeraswami_vs_Union_Of_India_And_Others_on_25_July_1991_1.PDF,Corruption,SCR 1978 1 423,,,UNRESOLVED
K_Veeraswami_vs_Union_Of_India_And_Others_on_25_July_1991_1.PDF,Corruption,SCR 1975 1 365,,,UNRESOLVED
K_Veeraswami_vs_Union_Of_India_And_Others_on_25_July_1991_1.PDF,Corruption,SCR 1982 2 365,S_P_Gupta_vs_President_Of_India_And_Ors_on_30_December_1981_1.PDF,Organized Crime / Extortion,CROSS_DOMAIN
K_Veeraswami_vs_Union_Of_India_And_Others_on_25_July_1991_1.PDF,Corruption,SCR 1958 1040,S_A_Venkataraman_vs_The_State_And_Connected_Appeal_on_3_December_1957_1.PDF,Corruption,INTERNAL
K_Veeraswami_vs_Union_Of_India_And_Others_on_25_July_1991_1.PDF,Corruption,SCR 1971 3 236,,,UNRESOLVED
K_Veeraswami_vs_Union_Of_India_And_Others_on_25_July_1991_1.PDF,Corruption,SCR 1979 3 832,,,UNRESOLVED
K_Veeraswami_vs_Union_Of_India_And_Others_on_25_July_1991_1.PDF,Corruption,SCR 1984 2 183,,,UNRESOLVED
K_Veeraswami_vs_Union_Of_India_And_Others_on_25_July_1991_1.PDF,Corruption,SCR 1960 1 461,,,UNRESOLVED
K_Veeraswami_vs_Union_Of_India_And_Others_on_25_July_1991_1.PDF,Corruption,SCR 1961 2 971,,,UNRESOLVED
K_Veeraswami_vs_Union_Of_India_And_Others_on_25_July_1991_1.PDF,Corruption,SCR 1964 4 630,,,UNRESOLVED
K_Veeraswami_vs_Union_Of_India_And_Others_on_25_July_1991_1.PDF,Corruption,SCR 1978 1 274,,,UNRESOLVED
K_Veeraswami_vs_Union_Of_India_And_Others_on_25_July_1991_1.PDF,Corruption,SCR 1981 3 675,,,UNRESOLVED
K_Veeraswami_vs_Union_Of_India_And_Others_on_25_July_1991_1.PDF,Corruption,SCR 1975 1 814,,,UNRESOLVED
K_Veeraswami_vs_Union_Of_India_And_Others_on_25_July_1991_1.PDF,Corruption,SCR 1984 2 495,,,UNRESOLVED
K_Veeraswami_vs_Union_Of_India_And_Others_on_25_July_1991_1.PDF,Corruption,SCR 1978 1 423,,,UNRESOLVED
K_Veeraswami_vs_Union_Of_India_And_Others_on_25_July_1991_1.PDF,Corruption,SCR 1958 1040,S_A_Venkataraman_vs_The_State_And_Connected_Appeal_on_3_December_1957_1.PDF,Corruption,INTERNAL
K_Veeraswami_vs_Union_Of_India_And_Others_on_25_July_1991_1.PDF,Corruption,SCR 1975 1 8,,,UNRESOLVED
K_Veeraswami_vs_Union_Of_India_And_Others_on_25_July_1991_1.PDF,Corruption,SCR 1982 2 365,S_P_Gupta_vs_President_Of_India_And_Ors_on_30_December_1981_1.PDF,Organized Crime / Extortion,CROSS_DOMAIN
K_Veeraswami_vs_Union_Of_India_And_Others_on_25_July_1991_1.PDF,Corruption,SCR 1971 3 236,,,UNRESOLVED
K_Veeraswami_vs_Union_Of_India_And_Others_on_25_July_1991_1.PDF,Corruption,SCR 1979 3 832,,,UNRESOLVED
K_Veeraswami_vs_Union_Of_India_And_Others_on_25_July_1991_1.PDF,Corruption,SCR 1960 1 461,,,UNRESOLVED
K_Veeraswami_vs_Union_Of_India_And_Others_on_25_July_1991_1.PDF,Corruption,SCR 1964 4 630,,,UNRESOLVED
K_Veeraswami_vs_Union_Of_India_And_Others_on_25_July_1991_1.PDF,Corruption,SCR 1978 1 274,,,UNRESOLVED
K_Veeraswami_vs_Union_Of_India_And_Others_on_25_July_1991_1.PDF,Corruption,SCR 1981 3 675,,,UNRESOLVED
K_Veeraswami_vs_Union_Of_India_And_Others_on_25_July_1991_1.PDF,Corruption,SCR 1976 2 347,Indira_Nehru_Gandhi_vs_Shri_Raj_Narain_Anr_on_7_November_1975_1.PDF,Organized Crime / Extortion; Violent Crime / Homicide,CROSS_DOMAIN
K_Veeraswami_vs_Union_Of_India_And_Others_on_25_July_1991_1.PDF,Corruption,SCR 1979 2 1007,,,UNRESOLVED
K_Veeraswami_vs_Union_Of_India_And_Others_on_25_July_1991_1.PDF,Corruption,SCR 1982 2 365,S_P_Gupta_vs_President_Of_India_And_Ors_on_30_December_1981_1.PDF,Organized Crime / Extortion,CROSS_DOMAIN
Janata_Dal_vs_H_S_Chowdhary_And_Ors_on_28_August_1992_1.PDF,Corruption,AIR 1959 SC 542,,,UNRESOLVED
Janata_Dal_vs_H_S_Chowdhary_And_Ors_on_28_August_1992_1.PDF,Corruption,SCR 1984 2 65,,,UNRESOLVED
Janata_Dal_vs_H_S_Chowdhary_And_Ors_on_28_August_1992_1.PDF,Corruption,SCR 1976 30 58,,,UNRESOLVED
Janata_Dal_vs_H_S_Chowdhary_And_Ors_on_28_August_1992_1.PDF,Corruption,SCR 1958 1226,Talab_Haji_Hussain_vs_Madhukar_Purshottam_Mondkarand_on_7_February_1958_1.PDF,,OUTSIDE_DOMAINS
Union_Of_India_And_Another_vs_W_N_Chadha_on_17_December_1992_1.PDF,Corruption,SCR 1954 1077,M_P_Sharma_And_Others_vs_Satish_Chandra_District_on_15_March_1954_1.PDF,Organized Crime / Extortion,CROSS_DOMAIN
Gauri_Shankar_Gaur_And_Others_Etc_vs_State_Of_U_P_And_Others_on_12_August_1993_1.PDF,Corruption,SCR 1963 3 875,,,UNRESOLVED
Gauri_Shankar_Gaur_And_Others_Etc_vs_State_Of_U_P_And_Others_on_12_August_1993_1.PDF,Corruption,SCR 1919 2 1038,,,UNRESOLVED
Gauri_Shankar_Gaur_And_Others_Etc_vs_State_Of_U_P_And_Others_on_12_August_1993_1.PDF,Corruption,SCR 1962 3 786,,,UNRESOLVED
Gauri_Shankar_vs_State_Of_U_P_on_12_August_1993_1.PDF,Corruption,AIR 1973 ALL 132,,,UNRESOLVED
Gauri_Shankar_vs_State_Of_U_P_on_12_August_1993_1.PDF,Corruption,AIR 1973 ALL 240,,,UNRESOLVED
Gauri_Shankar_vs_State_Of_U_P_on_12_August_1993_1.PDF,Corruption,AIR 1984 ALL 234,,,UNRESOLVED
Gauri_Shankar_vs_State_Of_U_P_on_12_August_1993_1.PDF,Corruption,AIR 1931 PC 149,,,UNRESOLVED
Gauri_Shankar_vs_State_Of_U_P_on_12_August_1993_1.PDF,Corruption,AIR 1963 SC 553,,,UNRESOLVED
Gauri_Shankar_vs_State_Of_U_P_on_12_August_1993_1.PDF,Corruption,AIR 1989 SC 222,,,UNRESOLVED
Gauri_Shankar_vs_State_Of_U_P_on_12_August_1993_1.PDF,Corruption,AIR 1976 SC 2095,,,UNRESOLVED
Gauri_Shankar_vs_State_Of_U_P_on_12_August_1993_1.PDF,Corruption,AIR 1962 SC 316,,,UNRESOLVED
Gauri_Shankar_vs_State_Of_U_P_on_12_August_1993_1.PDF,Corruption,AIR 1965 SC 10,,,UNRESOLVED
Gauri_Shankar_vs_State_Of_U_P_on_12_August_1993_1.PDF,Corruption,AIR 1975 SC 1389,,,UNRESOLVED
Gauri_Shankar_vs_State_Of_U_P_on_12_August_1993_1.PDF,Corruption,AIR 1958 SC 682,,,UNRESOLVED
Gauri_Shankar_vs_State_Of_U_P_on_12_August_1993_1.PDF,Corruption,AIR 1954 SC 752,,,UNRESOLVED
Gauri_Shankar_vs_State_Of_U_P_on_12_August_1993_1.PDF,Corruption,AIR 1962 SC 1621,,,UNRESOLVED
Gauri_Shankar_vs_State_Of_U_P_on_12_August_1993_1.PDF,Corruption,SCC 1991 4 368,,,UNRESOLVED
Gauri_Shankar_vs_State_Of_U_P_on_12_August_1993_1.PDF,Corruption,SCC 1974 2 777,,,UNRESOLVED
Gauri_Shankar_vs_State_Of_U_P_on_12_August_1993_1.PDF,Corruption,SCC 1975 2 377,,,UNRESOLVED
Gauri_Shankar_vs_State_Of_U_P_on_12_August_1993_1.PDF,Corruption,SCC 1976 3 719,,,UNRESOLVED
Gauri_Shankar_vs_State_Of_U_P_on_12_August_1993_1.PDF,Corruption,SCC 1979 2 529,,,UNRESOLVED
Gauri_Shankar_vs_State_Of_U_P_on_12_August_1993_1.PDF,Corruption,SCC 1970 2 820,,,UNRESOLVED
Gauri_Shankar_vs_State_Of_U_P_on_12_August_1993_1.PDF,Corruption,SCC 1976 4 9,,,UNRESOLVED
Gauri_Shankar_vs_State_Of_U_P_on_12_August_1993_1.PDF,Corruption,SCC 1976 4 697,,,UNRESOLVED
Gauri_Shankar_vs_State_Of_U_P_on_12_August_1993_1.PDF,Corruption,SCC 1978 2 542,Bajaya_vs_Gopikabai_And_Anr_on_4_April_1978_1.PDF,,OUTSIDE_DOMAINS
Gauri_Shankar_vs_State_Of_U_P_on_12_August_1993_1.PDF,Corruption,SCC 1989 3 488,,,UNRESOLVED
Gauri_Shankar_vs_State_Of_U_P_on_12_August_1993_1.PDF,Corruption,SCC 1985 3 72,,,UNRESOLVED
Gauri_Shankar_vs_State_Of_U_P_on_12_August_1993_1.PDF,Corruption,SCC 1982 1 125,,,UNRESOLVED
Gauri_Shankar_vs_State_Of_U_P_on_12_August_1993_1.PDF,Corruption,SCC 1992 1 401,,,UNRESOLVED
Gauri_Shankar_vs_State_Of_U_P_on_12_August_1993_1.PDF,Corruption,SCC 1989 4 650,,,UNRESOLVED
Gauri_Shankar_vs_State_Of_U_P_on_12_August_1993_1.PDF,Corruption,SCC 1988 1 356,,,UNRESOLVED
Gauri_Shankar_vs_State_Of_U_P_on_12_August_1993_1.PDF,Corruption,SCC 1975 2 302,,,UNRESOLVED
Gauri_Shankar_vs_State_Of_U_P_on_12_August_1993_1.PDF,Corruption,SCC 1969 3 838,Baijnath_Kadio_vs_State_Of_Bihar_And_Ors_on_28_August_1969_1.PDF,,OUTSIDE_DOMAINS
Gauri_Shankar_vs_State_Of_U_P_on_12_August_1993_1.PDF,Corruption,SCC 1979 3 431,,,UNRESOLVED
Gauri_Shankar_vs_State_Of_U_P_on_12_August_1993_1.PDF,Corruption,SCC 1983 1 177,,,UNRESOLVED
Gauri_Shankar_vs_State_Of_U_P_on_12_August_1993_1.PDF,Corruption,SCR 1963 3 858,,,UNRESOLVED
Gauri_Shankar_vs_State_Of_U_P_on_12_August_1993_1.PDF,Corruption,SCR 1975 2 138,,,UNRESOLVED
Gauri_Shankar_vs_State_Of_U_P_on_12_August_1993_1.PDF,Corruption,SCR 1976 1 6,,,UNRESOLVED
Gauri_Shankar_vs_State_Of_U_P_on_12_August_1993_1.PDF,Corruption,SCR 1979 2 1038,,,UNRESOLVED
Gauri_Shankar_vs_State_Of_U_P_on_12_August_1993_1.PDF,Corruption,SCR 1962 3 786,,,UNRESOLVED
Gauri_Shankar_vs_State_Of_U_P_on_12_August_1993_1.PDF,Corruption,SCR 1971 2 92,,,UNRESOLVED
Gauri_Shankar_vs_State_Of_U_P_on_12_August_1993_1.PDF,Corruption,SCR 1977 1 178,,,UNRESOLVED
Gauri_Shankar_vs_State_Of_U_P_on_12_August_1993_1.PDF,Corruption,SCR 1977 1 549,,,UNRESOLVED
Gauri_Shankar_vs_State_Of_U_P_on_12_August_1993_1.PDF,Corruption,SCR 1982 2 1,,,UNRESOLVED
Gauri_Shankar_vs_State_Of_U_P_on_12_August_1993_1.PDF,Corruption,SCR 1965 1 614,,,UNRESOLVED
Gauri_Shankar_vs_State_Of_U_P_on_12_August_1993_1.PDF,Corruption,SCR 1959 438,Firm_Of_M_S_Peare_Lal_Hari_Singh_vs_The_State_Of_Punjab_Another_on_7_April_1958_1.PDF,,OUTSIDE_DOMAINS
Gauri_Shankar_vs_State_Of_U_P_on_12_August_1993_1.PDF,Corruption,SCR 1955 1 799,,,UNRESOLVED
Gauri_Shankar_vs_State_Of_U_P_on_12_August_1993_1.PDF,Corruption,SCR 1979 3 254,,,UNRESOLVED
Gauri_Shankar_vs_State_Of_U_P_on_12_August_1993_1.PDF,Corruption,SCR 1983 1 905,,,UNRESOLVED
Gauri_Shankar_vs_State_Of_U_P_on_12_August_1993_1.PDF,Corruption,SCR 1963 1 778,,,UNRESOLVED
Directorate_Of_Enforcement_vs_Deepak_Mahajan_on_31_January_1994_1.PDF,Corruption,AIR 1986 SC 2130,,,UNRESOLVED
Directorate_Of_Enforcement_vs_Deepak_Mahajan_on_31_January_1994_1.PDF,Corruption,AIR 1961 SC 1107,,,UNRESOLVED
Directorate_Of_Enforcement_vs_Deepak_Mahajan_on_31_January_1994_1.PDF,Corruption,AIR 1978 SC 548,,,UNRESOLVED
Directorate_Of_Enforcement_vs_Deepak_Mahajan_on_31_January_1994_1.PDF,Corruption,AIR 1966 SC 1987,,,UNRESOLVED
Directorate_Of_Enforcement_vs_Deepak_Mahajan_on_31_January_1994_1.PDF,Corruption,AIR 1954 SC 300,,,UNRESOLVED
Directorate_Of_Enforcement_vs_Deepak_Mahajan_on_31_January_1994_1.PDF,Corruption,AIR 1961 SC 29,,,UNRESOLVED
Directorate_Of_Enforcement_vs_Deepak_Mahajan_on_31_January_1994_1.PDF,Corruption,AIR 1961 SC 1808,,,UNRESOLVED
Directorate_Of_Enforcement_vs_Deepak_Mahajan_on_31_January_1994_1.PDF,Corruption,AIR 1960 SC 1125,,,UNRESOLVED
Directorate_Of_Enforcement_vs_Deepak_Mahajan_on_31_January_1994_1.PDF,Corruption,AIR 1970 SC 940,,,UNRESOLVED
Directorate_Of_Enforcement_vs_Deepak_Mahajan_on_31_January_1994_1.PDF,Corruption,AIR 1970 SC 1065,,,UNRESOLVED
Directorate_Of_Enforcement_vs_Deepak_Mahajan_on_31_January_1994_1.PDF,Corruption,AIR 1955 SC 196,,,UNRESOLVED
Directorate_Of_Enforcement_vs_Deepak_Mahajan_on_31_January_1994_1.PDF,Corruption,AIR 1959 SC 707,,,UNRESOLVED
Directorate_Of_Enforcement_vs_Deepak_Mahajan_on_31_January_1994_1.PDF,Corruption,AIR 1962 SC 276,,,UNRESOLVED
Directorate_Of_Enforcement_vs_Deepak_Mahajan_on_31_January_1994_1.PDF,Corruption,AIR 1966 SC 1746,,,UNRESOLVED
Directorate_Of_Enforcement_vs_Deepak_Mahajan_on_31_January_1994_1.PDF,Corruption,AIR 1955 SC 435,,,UNRESOLVED
Directorate_Of_Enforcement_vs_Deepak_Mahajan_on_31_January_1994_1.PDF,Corruption,AIR 1962 SC 63,,,UNRESOLVED
Directorate_Of_Enforcement_vs_Deepak_Mahajan_on_31_January_1994_1.PDF,Corruption,SCC 1994 3 440,,,UNRESOLVED
Directorate_Of_Enforcement_vs_Deepak_Mahajan_on_31_January_1994_1.PDF,Corruption,SCC 1986 3 141,,,UNRESOLVED
Directorate_Of_Enforcement_vs_Deepak_Mahajan_on_31_January_1994_1.PDF,Corruption,SCC 1978 2 213,,,UNRESOLVED
Directorate_Of_Enforcement_vs_Deepak_Mahajan_on_31_January_1994_1.PDF,Corruption,SCC 1977 2 256,,,UNRESOLVED
Directorate_Of_Enforcement_vs_Deepak_Mahajan_on_31_January_1994_1.PDF,Corruption,SCC 1970 3 501,,,UNRESOLVED
Directorate_Of_Enforcement_vs_Deepak_Mahajan_on_31_January_1994_1.PDF,Corruption,SCC 1972 1 564,,,UNRESOLVED
Directorate_Of_Enforcement_vs_Deepak_Mahajan_on_31_January_1994_1.PDF,Corruption,SCC 1975 2 220,,,UNRESOLVED
Directorate_Of_Enforcement_vs_Deepak_Mahajan_on_31_January_1994_1.PDF,Corruption,SCC 1980 1 81,,,UNRESOLVED
Directorate_Of_Enforcement_vs_Deepak_Mahajan_on_31_January_1994_1.PDF,Corruption,SCC 1981 1 627,Khatri_And_Others_vs_State_Of_Bihar_Ors_on_19_December_1980_1.PDF,,OUTSIDE_DOMAINS
Directorate_Of_Enforcement_vs_Deepak_Mahajan_on_31_January_1994_1.PDF,Corruption,SCC 1980 2 559,,,UNRESOLVED
Directorate_Of_Enforcement_vs_Deepak_Mahajan_on_31_January_1994_1.PDF,Corruption,SCC 1980 2 565,,,UNRESOLVED
Directorate_Of_Enforcement_vs_Deepak_Mahajan_on_31_January_1994_1.PDF,Corruption,SCC 1978 2 424,,,UNRESOLVED
Directorate_Of_Enforcement_vs_Deepak_Mahajan_on_31_January_1994_1.PDF,Corruption,SCC 1976 2 302,,,UNRESOLVED
Directorate_Of_Enforcement_vs_Deepak_Mahajan_on_31_January_1994_1.PDF,Corruption,SCC 1992 3 259,,,UNRESOLVED
Directorate_Of_Enforcement_vs_Deepak_Mahajan_on_31_January_1994_1.PDF,Corruption,SCC 1971 1 847,,,UNRESOLVED
Directorate_Of_Enforcement_vs_Deepak_Mahajan_on_31_January_1994_1.PDF,Corruption,SCC 1973 1 696,,,UNRESOLVED
Directorate_Of_Enforcement_vs_Deepak_Mahajan_on_31_January_1994_1.PDF,Corruption,SCC 1983 4 701,,,UNRESOLVED
Directorate_Of_Enforcement_vs_Deepak_Mahajan_on_31_January_1994_1.PDF,Corruption,SCC 1984 2 500,,,UNRESOLVED
Directorate_Of_Enforcement_vs_Deepak_Mahajan_on_31_January_1994_1.PDF,Corruption,SCR 1986 2 1128,,,UNRESOLVED
Directorate_Of_Enforcement_vs_Deepak_Mahajan_on_31_January_1994_1.PDF,Corruption,SCR 1961 2 295,,,UNRESOLVED
Directorate_Of_Enforcement_vs_Deepak_Mahajan_on_31_January_1994_1.PDF,Corruption,SCR 1967 1 77,,,UNRESOLVED
Directorate_Of_Enforcement_vs_Deepak_Mahajan_on_31_January_1994_1.PDF,Corruption,SCR 1979 3 169,,,UNRESOLVED
Directorate_Of_Enforcement_vs_Deepak_Mahajan_on_31_January_1994_1.PDF,Corruption,SCR 1980 3 383,,,UNRESOLVED
Directorate_Of_Enforcement_vs_Deepak_Mahajan_on_31_January_1994_1.PDF,Corruption,SCR 1954 1077,M_P_Sharma_And_Others_vs_Satish_Chandra_District_on_15_March_1954_1.PDF,Organized Crime / Extortion,CROSS_DOMAIN
Directorate_Of_Enforcement_vs_Deepak_Mahajan_on_31_January_1994_1.PDF,Corruption,SCR 1961 1 417,,,UNRESOLVED
Directorate_Of_Enforcement_vs_Deepak_Mahajan_on_31_January_1994_1.PDF,Corruption,SCR 1962 3 10,,,UNRESOLVED
Directorate_Of_Enforcement_vs_Deepak_Mahajan_on_31_January_1994_1.PDF,Corruption,SCR 1961 1 14,,,UNRESOLVED
Directorate_Of_Enforcement_vs_Deepak_Mahajan_on_31_January_1994_1.PDF,Corruption,SCR 1969 2 461,,,UNRESOLVED
Directorate_Of_Enforcement_vs_Deepak_Mahajan_on_31_January_1994_1.PDF,Corruption,SCR 1969 2 613,,,UNRESOLVED
Directorate_Of_Enforcement_vs_Deepak_Mahajan_on_31_January_1994_1.PDF,Corruption,SCR 1955 1 1150,,,UNRESOLVED
Directorate_Of_Enforcement_vs_Deepak_Mahajan_on_31_January_1994_1.PDF,Corruption,SCR 1962 3 338,,,UNRESOLVED
Directorate_Of_Enforcement_vs_Deepak_Mahajan_on_31_January_1994_1.PDF,Corruption,SCR 1966 3 698,,,UNRESOLVED
Directorate_Of_Enforcement_vs_Deepak_Mahajan_on_31_January_1994_1.PDF,Corruption,SCR 1984 2 914,,,UNRESOLVED
Directorate_Of_Enforcement_vs_Deepak_Mahajan_on_31_January_1994_1.PDF,Corruption,SCR 1955 1 1444,,,UNRESOLVED
Directorate_Of_Enforcement_vs_Deepak_Mahajan_on_31_January_1994_1.PDF,Corruption,SCR 1962 2 694,,,UNRESOLVED
Kartar_Singh_vs_State_Of_Punjab_on_11_March_1994_1.PDF,Corruption,AIR 1950 FC 59,,,UNRESOLVED
Kartar_Singh_vs_State_Of_Punjab_on_11_March_1994_1.PDF,Corruption,AIR 1950 SC 124,,,UNRESOLVED
Kartar_Singh_vs_State_Of_Punjab_on_11_March_1994_1.PDF,Corruption,AIR 1987 ALL 235,,,UNRESOLVED
Kartar_Singh_vs_State_Of_Punjab_on_11_March_1994_1.PDF,Corruption,AIR 1947 PC 60,,,UNRESOLVED
Kartar_Singh_vs_State_Of_Punjab_on_11_March_1994_1.PDF,Corruption,AIR 1950 SC 11,,,UNRESOLVED
Kartar_Singh_vs_State_Of_Punjab_on_11_March_1994_1.PDF,Corruption,AIR 1950 SC 124,,,UNRESOLVED
Kartar_Singh_vs_State_Of_Punjab_on_11_March_1994_1.PDF,Corruption,AIR 1960 SC 633,,,UNRESOLVED
Kartar_Singh_vs_State_Of_Punjab_on_11_March_1994_1.PDF,Corruption,AIR 1947 PC 60,,,UNRESOLVED
Kartar_Singh_vs_State_Of_Punjab_on_11_March_1994_1.PDF,Corruption,AIR 1941 FC 47,,,UNRESOLVED
Kartar_Singh_vs_State_Of_Punjab_on_11_March_1994_1.PDF,Corruption,AIR 1939 FC 1,,,UNRESOLVED
Kartar_Singh_vs_State_Of_Punjab_on_11_March_1994_1.PDF,Corruption,AIR 1945 PC 98,,,UNRESOLVED
Kartar_Singh_vs_State_Of_Punjab_on_11_March_1994_1.PDF,Corruption,AIR 1950 FC 59,,,UNRESOLVED
Kartar_Singh_vs_State_Of_Punjab_on_11_March_1994_1.PDF,Corruption,AIR 1950 SC 124,,,UNRESOLVED
Kartar_Singh_vs_State_Of_Punjab_on_11_March_1994_1.PDF,Corruption,AIR 1966 SC 740,,,UNRESOLVED
Kartar_Singh_vs_State_Of_Punjab_on_11_March_1994_1.PDF,Corruption,AIR 1966 SC 740,,,UNRESOLVED
Kartar_Singh_vs_State_Of_Punjab_on_11_March_1994_1.PDF,Corruption,AIR 1961 SC 631,,,UNRESOLVED
Kartar_Singh_vs_State_Of_Punjab_on_11_March_1994_1.PDF,Corruption,AIR 1962 SC 1559,,,UNRESOLVED
Kartar_Singh_vs_State_Of_Punjab_on_11_March_1994_1.PDF,Corruption,AIR 1966 SC 43,Nathulal_vs_State_Of_Madhya_Pradesh_on_22_March_1965_1.PDF,Organized Crime / Extortion,CROSS_DOMAIN
Kartar_Singh_vs_State_Of_Punjab_on_11_March_1994_1.PDF,Corruption,AIR 1959 SC 244,,,UNRESOLVED
Kartar_Singh_vs_State_Of_Punjab_on_11_March_1994_1.PDF,Corruption,AIR 1965 SC 722,,,UNRESOLVED
Kartar_Singh_vs_State_Of_Punjab_on_11_March_1994_1.PDF,Corruption,AIR 1962 SC 316,,,UNRESOLVED
Kartar_Singh_vs_State_Of_Punjab_on_11_March_1994_1.PDF,Corruption,AIR 1966 SC 346,,,UNRESOLVED
Kartar_Singh_vs_State_Of_Punjab_on_11_March_1994_1.PDF,Corruption,AIR 1972 SC 2284,,,UNRESOLVED
Kartar_Singh_vs_State_Of_Punjab_on_11_March_1994_1.PDF,Corruption,AIR 1965 SC 722,,,UNRESOLVED
Kartar_Singh_vs_State_Of_Punjab_on_11_March_1994_1.PDF,Corruption,AIR 1966 SC 43,Nathulal_vs_State_Of_Madhya_Pradesh_on_22_March_1965_1.PDF,Organized Crime / Extortion,CROSS_DOMAIN
Kartar_Singh_vs_State_Of_Punjab_on_11_March_1994_1.PDF,Corruption,AIR 1947 PC 135,,,UNRESOLVED
Kartar_Singh_vs_State_Of_Punjab_on_11_March_1994_1.PDF,Corruption,AIR 1951 SC 204,,,UNRESOLVED
Kartar_Singh_vs_State_Of_Punjab_on_11_March_1994_1.PDF,Corruption,AIR 1961 SC 631,,,UNRESOLVED
Kartar_Singh_vs_State_Of_Punjab_on_11_March_1994_1.PDF,Corruption,AIR 1962 BOM 243,,,UNRESOLVED
Kartar_Singh_vs_State_Of_Punjab_on_11_March_1994_1.PDF,Corruption,AIR 1952 SC 75,The_State_Of_West_Bengal_vs_Anwar_Ali_Sarkar_on_11_January_1952_1.PDF,Organized Crime / Extortion; Violent Crime / Homicide,CROSS_DOMAIN
Kartar_Singh_vs_State_Of_Punjab_on_11_March_1994_1.PDF,Corruption,AIR 1952 SC 75,The_State_Of_West_Bengal_vs_Anwar_Ali_Sarkar_on_11_January_1952_1.PDF,Organized Crime / Extortion; Violent Crime / Homicide,CROSS_DOMAIN
Kartar_Singh_vs_State_Of_Punjab_on_11_March_1994_1.PDF,Corruption,AIR 1967 SC 1269,,,UNRESOLVED
Kartar_Singh_vs_State_Of_Punjab_on_11_March_1994_1.PDF,Corruption,AIR 1949 PC 257,,,UNRESOLVED
Kartar_Singh_vs_State_Of_Punjab_on_11_March_1994_1.PDF,Corruption,AIR 1931 MAD 177,,,UNRESOLVED
Kartar_Singh_vs_State_Of_Punjab_on_11_March_1994_1.PDF,Corruption,AIR 1964 SC 1184,,,UNRESOLVED
Kartar_Singh_vs_State_Of_Punjab_on_11_March_1994_1.PDF,Corruption,AIR 1952 SC 221,,,UNRESOLVED
Kartar_Singh_vs_State_Of_Punjab_on_11_March_1994_1.PDF,Corruption,AIR 1954 SC 300,,,UNRESOLVED
Kartar_Singh_vs_State_Of_Punjab_on_11_March_1994_1.PDF,Corruption,AIR 1961 SC 29,,,UNRESOLVED
Kartar_Singh_vs_State_Of_Punjab_on_11_March_1994_1.PDF,Corruption,AIR 1961 SC 180,,,UNRESOLVED
Kartar_Singh_vs_State_Of_Punjab_on_11_March_1994_1.PDF,Corruption,AIR 1974 SC 2136,,,UNRESOLVED
Kartar_Singh_vs_State_Of_Punjab_on_11_March_1994_1.PDF,Corruption,AIR 1981 SC 379,,,UNRESOLVED
Kartar_Singh_vs_State_Of_Punjab_on_11_March_1994_1.PDF,Corruption,AIR 1970 SC 940,,,UNRESOLVED
Kartar_Singh_vs_State_Of_Punjab_on_11_March_1994_1.PDF,Corruption,AIR 1951 SC 41,,,UNRESOLVED
Kartar_Singh_vs_State_Of_Punjab_on_11_March_1994_1.PDF,Corruption,AIR 1958 SC 538,,,UNRESOLVED
Kartar_Singh_vs_State_Of_Punjab_on_11_March_1994_1.PDF,Corruption,AIR 1950 SC 211,,,UNRESOLVED
Kartar_Singh_vs_State_Of_Punjab_on_11_March_1994_1.PDF,Corruption,AIR 1952 SC 123,,,UNRESOLVED
Kartar_Singh_vs_State_Of_Punjab_on_11_March_1994_1.PDF,Corruption,AIR 1953 SC 404,,,UNRESOLVED
Kartar_Singh_vs_State_Of_Punjab_on_11_March_1994_1.PDF,Corruption,AIR 1957 SC 699,,,UNRESOLVED
Kartar_Singh_vs_State_Of_Punjab_on_11_March_1994_1.PDF,Corruption,AIR 1957 SC 397,Pannalal_Binjraj_vs_Union_Of_India_Uoi_on_21_December_1956_1.PDF,,OUTSIDE_DOMAINS
Kartar_Singh_vs_State_Of_Punjab_on_11_March_1994_1.PDF,Corruption,AIR 1958 SC 376,,,UNRESOLVED
Kartar_Singh_vs_State_Of_Punjab_on_11_March_1994_1.PDF,Corruption,AIR 1960 SC 457,,,UNRESOLVED
Kartar_Singh_vs_State_Of_Punjab_on_11_March_1994_1.PDF,Corruption,AIR 1951 SC 318,,,UNRESOLVED
Kartar_Singh_vs_State_Of_Punjab_on_11_March_1994_1.PDF,Corruption,AIR 1951 SC 41,,,UNRESOLVED
Kartar_Singh_vs_State_Of_Punjab_on_11_March_1994_1.PDF,Corruption,AIR 1952 SC 75,The_State_Of_West_Bengal_vs_Anwar_Ali_Sarkar_on_11_January_1952_1.PDF,Organized Crime / Extortion; Violent Crime / Homicide,CROSS_DOMAIN
Kartar_Singh_vs_State_Of_Punjab_on_11_March_1994_1.PDF,Corruption,AIR 1952 SC 221,,,UNRESOLVED
Kartar_Singh_vs_State_Of_Punjab_on_11_March_1994_1.PDF,Corruption,AIR 1932 SC 221,,,UNRESOLVED
Kartar_Singh_vs_State_Of_Punjab_on_11_March_1994_1.PDF,Corruption,AIR 1953 SC 156,,,UNRESOLVED
Kartar_Singh_vs_State_Of_Punjab_on_11_March_1994_1.PDF,Corruption,AIR 1980 SC 1382,,,UNRESOLVED
Kartar_Singh_vs_State_Of_Punjab_on_11_March_1994_1.PDF,Corruption,AIR 1964 MAD 185,,,UNRESOLVED
Kartar_Singh_vs_State_Of_Punjab_on_11_March_1994_1.PDF,Corruption,AIR 1968 SC 1495,,,UNRESOLVED
Kartar_Singh_vs_State_Of_Punjab_on_11_March_1994_1.PDF,Corruption,AIR 1966 SC 1987,,,UNRESOLVED
Kartar_Singh_vs_State_Of_Punjab_on_11_March_1994_1.PDF,Corruption,AIR 1955 SC 549,Rai_Sahib_Ram_Jawaya_Kapur_And_Ors_vs_The_State_Of_Punjab_on_12_April_1955_1.PDF,,OUTSIDE_DOMAINS
Kartar_Singh_vs_State_Of_Punjab_on_11_March_1994_1.PDF,Corruption,AIR 1954 SC 215,,,UNRESOLVED
Kartar_Singh_vs_State_Of_Punjab_on_11_March_1994_1.PDF,Corruption,AIR 1968 SC 1481,,,UNRESOLVED
Kartar_Singh_vs_State_Of_Punjab_on_11_March_1994_1.PDF,Corruption,AIR 1952 SC 354,,,UNRESOLVED
Kartar_Singh_vs_State_Of_Punjab_on_11_March_1994_1.PDF,Corruption,AIR 1939 PC 47,,,UNRESOLVED
Kartar_Singh_vs_State_Of_Punjab_on_11_March_1994_1.PDF,Corruption,AIR 1939 PC 47,,,UNRESOLVED
Kartar_Singh_vs_State_Of_Punjab_on_11_March_1994_1.PDF,Corruption,AIR 1959 SC 1012,,,UNRESOLVED
Kartar_Singh_vs_State_Of_Punjab_on_11_March_1994_1.PDF,Corruption,AIR 1936 PC 253,,,UNRESOLVED
Kartar_Singh_vs_State_Of_Punjab_on_11_March_1994_1.PDF,Corruption,AIR 1957 SC 381,Ram_Chandra_And_Anr_vs_State_Of_Uttar_Pradesh_on_26_November_1956_1.PDF,Organized Crime / Extortion; Violent Crime / Homicide,CROSS_DOMAIN
Kartar_Singh_vs_State_Of_Punjab_on_11_March_1994_1.PDF,Corruption,AIR 1936 PC 253,,,UNRESOLVED
Kartar_Singh_vs_State_Of_Punjab_on_11_March_1994_1.PDF,Corruption,AIR 1957 SC 637,,,UNRESOLVED
Kartar_Singh_vs_State_Of_Punjab_on_11_March_1994_1.PDF,Corruption,AIR 1952 SC 75,The_State_Of_West_Bengal_vs_Anwar_Ali_Sarkar_on_11_January_1952_1.PDF,Organized Crime / Extortion; Violent Crime / Homicide,CROSS_DOMAIN
Kartar_Singh_vs_State_Of_Punjab_on_11_March_1994_1.PDF,Corruption,AIR 1961 SC 180,,,UNRESOLVED
Kartar_Singh_vs_State_Of_Punjab_on_11_March_1994_1.PDF,Corruption,AIR 1978 SC 1675,,,UNRESOLVED
Kartar_Singh_vs_State_Of_Punjab_on_11_March_1994_1.PDF,Corruption,AIR 1980 SC 1579,,,UNRESOLVED
Kartar_Singh_vs_State_Of_Punjab_on_11_March_1994_1.PDF,Corruption,AIR 1983 SC 378,,,UNRESOLVED
Kartar_Singh_vs_State_Of_Punjab_on_11_March_1994_1.PDF,Corruption,AIR 1979 SC 478,In_Re__The_Special_Courts_Bill_1978_vs_Unknown_on_1_December_1978_1.PDF,Organized Crime / Extortion,CROSS_DOMAIN
Kartar_Singh_vs_State_Of_Punjab_on_11_March_1994_1.PDF,Corruption,AIR 1979 SC 478,In_Re__The_Special_Courts_Bill_1978_vs_Unknown_on_1_December_1978_1.PDF,Organized Crime / Extortion,CROSS_DOMAIN
Kartar_Singh_vs_State_Of_Punjab_on_11_March_1994_1.PDF,Corruption,AIR 1970 SC 898,,,UNRESOLVED
Kartar_Singh_vs_State_Of_Punjab_on_11_March_1994_1.PDF,Corruption,AIR 1970 SC 1453,,,UNRESOLVED
Kartar_Singh_vs_State_Of_Punjab_on_11_March_1994_1.PDF,Corruption,AIR 1972 SC 1061,Union_Of_India_vs_Harbhajan_Singh_Dhillon_on_21_October_1971_1.PDF,,OUTSIDE_DOMAINS
Kartar_Singh_vs_State_Of_Punjab_on_11_March_1994_1.PDF,Corruption,AIR 1950 SC 124,,,UNRESOLVED
Kartar_Singh_vs_State_Of_Punjab_on_11_March_1994_1.PDF,Corruption,AIR 1966 SC 740,,,UNRESOLVED
Kartar_Singh_vs_State_Of_Punjab_on_11_March_1994_1.PDF,Corruption,AIR 1963 SC 1295,,,UNRESOLVED
Kartar_Singh_vs_State_Of_Punjab_on_11_March_1994_1.PDF,Corruption,AIR 1976 SC 1207,Additional_District_Magistrate_vs_Shivakant_Shukla_on_28_April_1976_1.PDF,Organized Crime / Extortion,CROSS_DOMAIN
Kartar_Singh_vs_State_Of_Punjab_on_11_March_1994_1.PDF,Corruption,AIR 1950 SC 27,,,UNRESOLVED
Kartar_Singh_vs_State_Of_Punjab_on_11_March_1994_1.PDF,Corruption,AIR 1954 SC 215,,,UNRESOLVED
Kartar_Singh_vs_State_Of_Punjab_on_11_March_1994_1.PDF,Corruption,AIR 1968 SC 1481,,,UNRESOLVED
Kartar_Singh_vs_State_Of_Punjab_on_11_March_1994_1.PDF,Corruption,AIR 1963 SC 1295,,,UNRESOLVED
Kartar_Singh_vs_State_Of_Punjab_on_11_March_1994_1.PDF,Corruption,SCC 1977 1 677,,,UNRESOLVED
Kartar_Singh_vs_State_Of_Punjab_on_11_March_1994_1.PDF,Corruption,SCC 1976 1 466,,,UNRESOLVED
Kartar_Singh_vs_State_Of_Punjab_on_11_March_1994_1.PDF,Corruption,SCC 1971 2 779,Union_Of_India_vs_Harbhajan_Singh_Dhillon_on_21_October_1971_1.PDF,,OUTSIDE_DOMAINS
Kartar_Singh_vs_State_Of_Punjab_on_11_March_1994_1.PDF,Corruption,SCC 1983 1 51,,,UNRESOLVED
Kartar_Singh_vs_State_Of_Punjab_on_11_March_1994_1.PDF,Corruption,SCC 1985 3 620,,,UNRESOLVED
Kartar_Singh_vs_State_Of_Punjab_on_11_March_1994_1.PDF,Corruption,SCC 1990 1 109,,,UNRESOLVED
Kartar_Singh_vs_State_Of_Punjab_on_11_March_1994_1.PDF,Corruption,SCC 1990 1 12,,,UNRESOLVED
Kartar_Singh_vs_State_Of_Punjab_on_11_March_1994_1.PDF,Corruption,SCC 1971 2 779,Union_Of_India_vs_Harbhajan_Singh_Dhillon_on_21_October_1971_1.PDF,,OUTSIDE_DOMAINS
Kartar_Singh_vs_State_Of_Punjab_on_11_March_1994_1.PDF,Corruption,SCC 1972 1 872,,,UNRESOLVED
Kartar_Singh_vs_State_Of_Punjab_on_11_March_1994_1.PDF,Corruption,SCC 1970 1 98,Arun_Ghosh_vs_State_Of_West_Bengal_on_2_December_1969_1.PDF,,OUTSIDE_DOMAINS
Kartar_Singh_vs_State_Of_Punjab_on_11_March_1994_1.PDF,Corruption,SCC 1978 1 248,Mrs_Maneka_Gandhi_vs_Union_Of_India_Uoi_And_Anr_on_25_January_1978_1.PDF,Organized Crime / Extortion,CROSS_DOMAIN
Kartar_Singh_vs_State_Of_Punjab_on_11_March_1994_1.PDF,Corruption,SCC 1980 1 81,,,UNRESOLVED
Kartar_Singh_vs_State_Of_Punjab_on_11_March_1994_1.PDF,Corruption,SCC 1978 4 494,,,UNRESOLVED
Kartar_Singh_vs_State_Of_Punjab_on_11_March_1994_1.PDF,Corruption,SCC 1980 1 81,,,UNRESOLVED
Kartar_Singh_vs_State_Of_Punjab_on_11_March_1994_1.PDF,Corruption,SCC 1980 1 98,,,UNRESOLVED
Kartar_Singh_vs_State_Of_Punjab_on_11_March_1994_1.PDF,Corruption,SCC 1980 1 115,,,UNRESOLVED
Kartar_Singh_vs_State_Of_Punjab_on_11_March_1994_1.PDF,Corruption,SCC 1983 2 104,,,UNRESOLVED
Kartar_Singh_vs_State_Of_Punjab_on_11_March_1994_1.PDF,Corruption,SCC 1983 2 68,,,UNRESOLVED
Kartar_Singh_vs_State_Of_Punjab_on_11_March_1994_1.PDF,Corruption,SCC 1992 1 225,,,UNRESOLVED
Kartar_Singh_vs_State_Of_Punjab_on_11_March_1994_1.PDF,Corruption,SCC 1978 1 248,Mrs_Maneka_Gandhi_vs_Union_Of_India_Uoi_And_Anr_on_25_January_1978_1.PDF,Organized Crime / Extortion,CROSS_DOMAIN
Kartar_Singh_vs_State_Of_Punjab_on_11_March_1994_1.PDF,Corruption,SCC 1978 1 248,Mrs_Maneka_Gandhi_vs_Union_Of_India_Uoi_And_Anr_on_25_January_1978_1.PDF,Organized Crime / Extortion,CROSS_DOMAIN
Kartar_Singh_vs_State_Of_Punjab_on_11_March_1994_1.PDF,Corruption,SCC 1972 1 326,,,UNRESOLVED
Kartar_Singh_vs_State_Of_Punjab_on_11_March_1994_1.PDF,Corruption,SCC 1973 2 372,,,UNRESOLVED
Kartar_Singh_vs_State_Of_Punjab_on_11_March_1994_1.PDF,Corruption,SCC 1992 1 271,,,UNRESOLVED
Kartar_Singh_vs_State_Of_Punjab_on_11_March_1994_1.PDF,Corruption,SCC 1972 3 717,,,UNRESOLVED
Kartar_Singh_vs_State_Of_Punjab_on_11_March_1994_1.PDF,Corruption,SCC 1994 3 440,,,UNRESOLVED
Kartar_Singh_vs_State_Of_Punjab_on_11_March_1994_1.PDF,Corruption,SCC 1973 2 372,,,UNRESOLVED
Kartar_Singh_vs_State_Of_Punjab_on_11_March_1994_1.PDF,Corruption,SCC 1988 2 764,,,UNRESOLVED
Kartar_Singh_vs_State_Of_Punjab_on_11_March_1994_1.PDF,Corruption,SCC 1990 4 76,,,UNRESOLVED
Kartar_Singh_vs_State_Of_Punjab_on_11_March_1994_1.PDF,Corruption,SCC 1988 2 271,,,UNRESOLVED
Kartar_Singh_vs_State_Of_Punjab_on_11_March_1994_1.PDF,Corruption,SCC 1990 4 76,,,UNRESOLVED
Kartar_Singh_vs_State_Of_Punjab_on_11_March_1994_1.PDF,Corruption,SCC 1979 1 380,In_Re__The_Special_Courts_Bill_1978_vs_Unknown_on_1_December_1978_1.PDF,Organized Crime / Extortion,CROSS_DOMAIN
Kartar_Singh_vs_State_Of_Punjab_on_11_March_1994_1.PDF,Corruption,SCC 1979 1 380,In_Re__The_Special_Courts_Bill_1978_vs_Unknown_on_1_December_1978_1.PDF,Organized Crime / Extortion,CROSS_DOMAIN
Kartar_Singh_vs_State_Of_Punjab_on_11_March_1994_1.PDF,Corruption,SCC 1969 2 262,,,UNRESOLVED
Kartar_Singh_vs_State_Of_Punjab_on_11_March_1994_1.PDF,Corruption,SCC 1985 3 398,,,UNRESOLVED
Kartar_Singh_vs_State_Of_Punjab_on_11_March_1994_1.PDF,Corruption,SCC 1985 4 252,,,UNRESOLVED
Kartar_Singh_vs_State_Of_Punjab_on_11_March_1994_1.PDF,Corruption,SCC 1993 1 78,,,UNRESOLVED
Kartar_Singh_vs_State_Of_Punjab_on_11_March_1994_1.PDF,Corruption,SCC 1969 2 262,,,UNRESOLVED
Kartar_Singh_vs_State_Of_Punjab_on_11_March_1994_1.PDF,Corruption,SCC 1985 3 545,,,UNRESOLVED
Kartar_Singh_vs_State_Of_Punjab_on_11_March_1994_1.PDF,Corruption,SCC 1974 4 3,,,UNRESOLVED
Kartar_Singh_vs_State_Of_Punjab_on_11_March_1994_1.PDF,Corruption,SCC 1978 1 248,Mrs_Maneka_Gandhi_vs_Union_Of_India_Uoi_And_Anr_on_25_January_1978_1.PDF,Organized Crime / Extortion,CROSS_DOMAIN
Kartar_Singh_vs_State_Of_Punjab_on_11_March_1994_1.PDF,Corruption,SCC 1978 3 544,,,UNRESOLVED
Kartar_Singh_vs_State_Of_Punjab_on_11_March_1994_1.PDF,Corruption,SCC 1978 4 494,,,UNRESOLVED
Kartar_Singh_vs_State_Of_Punjab_on_11_March_1994_1.PDF,Corruption,SCC 1979 2 656,,,UNRESOLVED
Kartar_Singh_vs_State_Of_Punjab_on_11_March_1994_1.PDF,Corruption,SCC 1980 1 98,,,UNRESOLVED
Kartar_Singh_vs_State_Of_Punjab_on_11_March_1994_1.PDF,Corruption,SCC 1980 1 81,,,UNRESOLVED
Kartar_Singh_vs_State_Of_Punjab_on_11_March_1994_1.PDF,Corruption,SCC 1980 3 488,,,UNRESOLVED
Kartar_Singh_vs_State_Of_Punjab_on_11_March_1994_1.PDF,Corruption,SCC 1980 2 360,,,UNRESOLVED
Kartar_Singh_vs_State_Of_Punjab_on_11_March_1994_1.PDF,Corruption,SCC 1980 4 1,,,UNRESOLVED
Kartar_Singh_vs_State_Of_Punjab_on_11_March_1994_1.PDF,Corruption,SCC 1978 2 424,,,UNRESOLVED
Kartar_Singh_vs_State_Of_Punjab_on_11_March_1994_1.PDF,Corruption,SCC 1975 3 210,,,UNRESOLVED
Kartar_Singh_vs_State_Of_Punjab_on_11_March_1994_1.PDF,Corruption,SCC 1980 4 600,,,UNRESOLVED
Kartar_Singh_vs_State_Of_Punjab_on_11_March_1994_1.PDF,Corruption,SCC 1992 3 259,,,UNRESOLVED
Kartar_Singh_vs_State_Of_Punjab_on_11_March_1994_1.PDF,Corruption,SCC 1994 3 440,,,UNRESOLVED
Kartar_Singh_vs_State_Of_Punjab_on_11_March_1994_1.PDF,Corruption,SCC 1979 1 380,In_Re__The_Special_Courts_Bill_1978_vs_Unknown_on_1_December_1978_1.PDF,Organized Crime / Extortion,CROSS_DOMAIN
Kartar_Singh_vs_State_Of_Punjab_on_11_March_1994_1.PDF,Corruption,SCC 1982 1 271,,,UNRESOLVED
Kartar_Singh_vs_State_Of_Punjab_on_11_March_1994_1.PDF,Corruption,SCC 1982 1 271,,,UNRESOLVED
Kartar_Singh_vs_State_Of_Punjab_on_11_March_1994_1.PDF,Corruption,SCC 1973 1 805,Hira_Nath_Mishra_And_Ors_vs_The_Principal_Rajendra_Medical_on_4_April_1973_1.PDF,,OUTSIDE_DOMAINS
Kartar_Singh_vs_State_Of_Punjab_on_11_March_1994_1.PDF,Corruption,SCC 1982 1 271,,,UNRESOLVED
Kartar_Singh_vs_State_Of_Punjab_on_11_March_1994_1.PDF,Corruption,SCC 1973 1 805,Hira_Nath_Mishra_And_Ors_vs_The_Principal_Rajendra_Medical_on_4_April_1973_1.PDF,,OUTSIDE_DOMAINS
Kartar_Singh_vs_State_Of_Punjab_on_11_March_1994_1.PDF,Corruption,SCC 1982 1 271,,,UNRESOLVED
Kartar_Singh_vs_State_Of_Punjab_on_11_March_1994_1.PDF,Corruption,SCC 1994 3 440,,,UNRESOLVED
Kartar_Singh_vs_State_Of_Punjab_on_11_March_1994_1.PDF,Corruption,SCC 1992 2 428,,,UNRESOLVED
Kartar_Singh_vs_State_Of_Punjab_on_11_March_1994_1.PDF,Corruption,SCC 1980 2 565,,,UNRESOLVED
Kartar_Singh_vs_State_Of_Punjab_on_11_March_1994_1.PDF,Corruption,SCC 1980 2 565,,,UNRESOLVED
Kartar_Singh_vs_State_Of_Punjab_on_11_March_1994_1.PDF,Corruption,SCC 1969 2 400,,,UNRESOLVED
Kartar_Singh_vs_State_Of_Punjab_on_11_March_1994_1.PDF,Corruption,SCC 1978 1 240,,,UNRESOLVED
Kartar_Singh_vs_State_Of_Punjab_on_11_March_1994_1.PDF,Corruption,SCC 1978 1 240,,,UNRESOLVED
Kartar_Singh_vs_State_Of_Punjab_on_11_March_1994_1.PDF,Corruption,SCC 1988 2 271,,,UNRESOLVED
Kartar_Singh_vs_State_Of_Punjab_on_11_March_1994_1.PDF,Corruption,SCC 1976 4 572,,,UNRESOLVED
Kartar_Singh_vs_State_Of_Punjab_on_11_March_1994_1.PDF,Corruption,SCC 1988 2 271,,,UNRESOLVED
Kartar_Singh_vs_State_Of_Punjab_on_11_March_1994_1.PDF,Corruption,SCC 1976 4 572,,,UNRESOLVED
Kartar_Singh_vs_State_Of_Punjab_on_11_March_1994_1.PDF,Corruption,SCC 1988 2 271,,,UNRESOLVED
Kartar_Singh_vs_State_Of_Punjab_on_11_March_1994_1.PDF,Corruption,SCC 1990 1 397,,,UNRESOLVED
Kartar_Singh_vs_State_Of_Punjab_on_11_March_1994_1.PDF,Corruption,SCC 1988 2 271,,,UNRESOLVED
Kartar_Singh_vs_State_Of_Punjab_on_11_March_1994_1.PDF,Corruption,SCC 1994 2 664,State_Of_Maharashtra_vs_Abdul_Hamid_Haji_Mohammad_on_21_February_1994_1.PDF,,OUTSIDE_DOMAINS
Kartar_Singh_vs_State_Of_Punjab_on_11_March_1994_1.PDF,Corruption,SCC 1972 1 898,,,UNRESOLVED
Kartar_Singh_vs_State_Of_Punjab_on_11_March_1994_1.PDF,Corruption,SCC 1983 4 566,,,UNRESOLVED
Kartar_Singh_vs_State_Of_Punjab_on_11_March_1994_1.PDF,Corruption,SCC 1991 3 141,,,UNRESOLVED
Kartar_Singh_vs_State_Of_Punjab_on_11_March_1994_1.PDF,Corruption,SCC 1991 1 705,,,UNRESOLVED
Kartar_Singh_vs_State_Of_Punjab_on_11_March_1994_1.PDF,Corruption,SCC 1988 2 271,,,UNRESOLVED
Kartar_Singh_vs_State_Of_Punjab_on_11_March_1994_1.PDF,Corruption,SCC 1994 2 664,State_Of_Maharashtra_vs_Abdul_Hamid_Haji_Mohammad_on_21_February_1994_1.PDF,,OUTSIDE_DOMAINS
Kartar_Singh_vs_State_Of_Punjab_on_11_March_1994_1.PDF,Corruption,SCC 1992 3 700,,,UNRESOLVED
Kartar_Singh_vs_State_Of_Punjab_on_11_March_1994_1.PDF,Corruption,SCC 1978 2 424,,,UNRESOLVED
Kartar_Singh_vs_State_Of_Punjab_on_11_March_1994_1.PDF,Corruption,SCC 1978 4 494,,,UNRESOLVED
Kartar_Singh_vs_State_Of_Punjab_on_11_March_1994_1.PDF,Corruption,SCC 1980 3 488,,,UNRESOLVED
Kartar_Singh_vs_State_Of_Punjab_on_11_March_1994_1.PDF,Corruption,SCC 1983 2 96,,,UNRESOLVED
Kartar_Singh_vs_State_Of_Punjab_on_11_March_1994_1.PDF,Corruption,SCC 1978 2 424,,,UNRESOLVED
Kartar_Singh_vs_State_Of_Punjab_on_11_March_1994_1.PDF,Corruption,SCC 1979 1 380,In_Re__The_Special_Courts_Bill_1978_vs_Unknown_on_1_December_1978_1.PDF,Organized Crime / Extortion,CROSS_DOMAIN
Kartar_Singh_vs_State_Of_Punjab_on_11_March_1994_1.PDF,Corruption,SCC 1979 1 380,In_Re__The_Special_Courts_Bill_1978_vs_Unknown_on_1_December_1978_1.PDF,Organized Crime / Extortion,CROSS_DOMAIN
Kartar_Singh_vs_State_Of_Punjab_on_11_March_1994_1.PDF,Corruption,SCC 1981 3 132,,,UNRESOLVED
Kartar_Singh_vs_State_Of_Punjab_on_11_March_1994_1.PDF,Corruption,SCC 1981 3 132,,,UNRESOLVED
Kartar_Singh_vs_State_Of_Punjab_on_11_March_1994_1.PDF,Corruption,SCC 1981 3 466,,,UNRESOLVED
Kartar_Singh_vs_State_Of_Punjab_on_11_March_1994_1.PDF,Corruption,SCC 1969 1 110,,,UNRESOLVED
Kartar_Singh_vs_State_Of_Punjab_on_11_March_1994_1.PDF,Corruption,SCC 1985 4 689,,,UNRESOLVED
Kartar_Singh_vs_State_Of_Punjab_on_11_March_1994_1.PDF,Corruption,SCC 1994 2 664,State_Of_Maharashtra_vs_Abdul_Hamid_Haji_Mohammad_on_21_February_1994_1.PDF,,OUTSIDE_DOMAINS
Kartar_Singh_vs_State_Of_Punjab_on_11_March_1994_1.PDF,Corruption,SCC 1969 2 166,,,UNRESOLVED
Kartar_Singh_vs_State_Of_Punjab_on_11_March_1994_1.PDF,Corruption,SCC 1971 2 779,Union_Of_India_vs_Harbhajan_Singh_Dhillon_on_21_October_1971_1.PDF,,OUTSIDE_DOMAINS
Kartar_Singh_vs_State_Of_Punjab_on_11_March_1994_1.PDF,Corruption,SCC 1978 4 494,,,UNRESOLVED
Kartar_Singh_vs_State_Of_Punjab_on_11_March_1994_1.PDF,Corruption,SCC 1978 1 248,Mrs_Maneka_Gandhi_vs_Union_Of_India_Uoi_And_Anr_on_25_January_1978_1.PDF,Organized Crime / Extortion,CROSS_DOMAIN
Kartar_Singh_vs_State_Of_Punjab_on_11_March_1994_1.PDF,Corruption,SCC 1981 1 608,,,UNRESOLVED
Kartar_Singh_vs_State_Of_Punjab_on_11_March_1994_1.PDF,Corruption,SCC 1976 2 521,Additional_District_Magistrate_vs_Shivakant_Shukla_on_28_April_1976_1.PDF,Organized Crime / Extortion,CROSS_DOMAIN
Kartar_Singh_vs_State_Of_Punjab_on_11_March_1994_1.PDF,Corruption,SCC 1988 2 271,,,UNRESOLVED
Kartar_Singh_vs_State_Of_Punjab_on_11_March_1994_1.PDF,Corruption,SCC 1991 1 705,,,UNRESOLVED
Kartar_Singh_vs_State_Of_Punjab_on_11_March_1994_1.PDF,Corruption,SCC 1983 4 566,,,UNRESOLVED
Kartar_Singh_vs_State_Of_Punjab_on_11_March_1994_1.PDF,Corruption,SCC 1994 2 664,State_Of_Maharashtra_vs_Abdul_Hamid_Haji_Mohammad_on_21_February_1994_1.PDF,,OUTSIDE_DOMAINS
Kartar_Singh_vs_State_Of_Punjab_on_11_March_1994_1.PDF,Corruption,SCC 1992 4 662,,,UNRESOLVED
Kartar_Singh_vs_State_Of_Punjab_on_11_March_1994_1.PDF,Corruption,SCR 1950 594,Romesh_Thappar_vs_The_State_Of_Madras_on_26_May_1950_1.PDF,Violent Crime / Homicide,CROSS_DOMAIN
Kartar_Singh_vs_State_Of_Punjab_on_11_March_1994_1.PDF,Corruption,SCR 1977 2 611,,,UNRESOLVED
Kartar_Singh_vs_State_Of_Punjab_on_11_March_1994_1.PDF,Corruption,SCR 1950 15,Ram_Krishna_Ramnath_Agarwalof_Kamptee_vs_Secretary_Municipal_on_14_March_1950_1.PDF,,OUTSIDE_DOMAINS
Kartar_Singh_vs_State_Of_Punjab_on_11_March_1994_1.PDF,Corruption,SCR 1976 1 552,,,UNRESOLVED
Kartar_Singh_vs_State_Of_Punjab_on_11_March_1994_1.PDF,Corruption,SCR 1950 594,Romesh_Thappar_vs_The_State_Of_Madras_on_26_May_1950_1.PDF,Violent Crime / Homicide,CROSS_DOMAIN
Kartar_Singh_vs_State_Of_Punjab_on_11_March_1994_1.PDF,Corruption,SCR 1960 2 821,,,UNRESOLVED
Kartar_Singh_vs_State_Of_Punjab_on_11_March_1994_1.PDF,Corruption,SCR 1972 2 33,,,UNRESOLVED
Kartar_Singh_vs_State_Of_Punjab_on_11_March_1994_1.PDF,Corruption,SCR 1983 1 729,,,UNRESOLVED
Kartar_Singh_vs_State_Of_Punjab_on_11_March_1994_1.PDF,Corruption,SCR 1972 2 33,,,UNRESOLVED
Kartar_Singh_vs_State_Of_Punjab_on_11_March_1994_1.PDF,Corruption,SCR 1972 3 881,,,UNRESOLVED
Kartar_Singh_vs_State_Of_Punjab_on_11_March_1994_1.PDF,Corruption,SCR 1950 594,Romesh_Thappar_vs_The_State_Of_Madras_on_26_May_1950_1.PDF,Violent Crime / Homicide,CROSS_DOMAIN
Kartar_Singh_vs_State_Of_Punjab_on_11_March_1994_1.PDF,Corruption,SCR 1966 1 709,,,UNRESOLVED
Kartar_Singh_vs_State_Of_Punjab_on_11_March_1994_1.PDF,Corruption,SCR 1970 3 288,,,UNRESOLVED
Kartar_Singh_vs_State_Of_Punjab_on_11_March_1994_1.PDF,Corruption,SCR 1966 1 709,,,UNRESOLVED
Kartar_Singh_vs_State_Of_Punjab_on_11_March_1994_1.PDF,Corruption,SCR 1978 2 621,Mrs_Maneka_Gandhi_vs_Union_Of_India_Uoi_And_Anr_on_25_January_1978_1.PDF,Organized Crime / Extortion,CROSS_DOMAIN
Kartar_Singh_vs_State_Of_Punjab_on_11_March_1994_1.PDF,Corruption,SCR 1979 3 169,,,UNRESOLVED
Kartar_Singh_vs_State_Of_Punjab_on_11_March_1994_1.PDF,Corruption,SCR 1979 1 392,,,UNRESOLVED
Kartar_Singh_vs_State_Of_Punjab_on_11_March_1994_1.PDF,Corruption,SCR 1979 3 169,,,UNRESOLVED
Kartar_Singh_vs_State_Of_Punjab_on_11_March_1994_1.PDF,Corruption,SCR 1979 3 532,,,UNRESOLVED
Kartar_Singh_vs_State_Of_Punjab_on_11_March_1994_1.PDF,Corruption,SCR 1979 3 1276,,,UNRESOLVED
Kartar_Singh_vs_State_Of_Punjab_on_11_March_1994_1.PDF,Corruption,SCR 1983 2 348,,,UNRESOLVED
Kartar_Singh_vs_State_Of_Punjab_on_11_March_1994_1.PDF,Corruption,SCR 1978 2 621,Mrs_Maneka_Gandhi_vs_Union_Of_India_Uoi_And_Anr_on_25_January_1978_1.PDF,Organized Crime / Extortion,CROSS_DOMAIN
Kartar_Singh_vs_State_Of_Punjab_on_11_March_1994_1.PDF,Corruption,SCR 1978 2 621,Mrs_Maneka_Gandhi_vs_Union_Of_India_Uoi_And_Anr_on_25_January_1978_1.PDF,Organized Crime / Extortion,CROSS_DOMAIN
Kartar_Singh_vs_State_Of_Punjab_on_11_March_1994_1.PDF,Corruption,SCR 1961 3 324,,,UNRESOLVED
Kartar_Singh_vs_State_Of_Punjab_on_11_March_1994_1.PDF,Corruption,SCR 1965 1 123,,,UNRESOLVED
Kartar_Singh_vs_State_Of_Punjab_on_11_March_1994_1.PDF,Corruption,SCR 1972 2 845,,,UNRESOLVED
Kartar_Singh_vs_State_Of_Punjab_on_11_March_1994_1.PDF,Corruption,SCR 1962 3 786,,,UNRESOLVED
Kartar_Singh_vs_State_Of_Punjab_on_11_March_1994_1.PDF,Corruption,SCR 1982 2 272,,,UNRESOLVED
Kartar_Singh_vs_State_Of_Punjab_on_11_March_1994_1.PDF,Corruption,SCR 1966 3 829,,,UNRESOLVED
Kartar_Singh_vs_State_Of_Punjab_on_11_March_1994_1.PDF,Corruption,SCR 1965 1 123,,,UNRESOLVED
Kartar_Singh_vs_State_Of_Punjab_on_11_March_1994_1.PDF,Corruption,SCR 1951 322,Sree_Sree_Iswar_Gopal_Jieu_Thakur_vs_Pratapmal_Bagaria_And_Others_Civil_on_14_March_1951_1.PDF,,OUTSIDE_DOMAINS
Kartar_Singh_vs_State_Of_Punjab_on_11_March_1994_1.PDF,Corruption,SCR 1961 3 324,,,UNRESOLVED
Kartar_Singh_vs_State_Of_Punjab_on_11_March_1994_1.PDF,Corruption,SCR 1952 284,The_State_Of_West_Bengal_vs_Anwar_All_Sarkarhabib_Mohamed_The_on_11_January_1952_1.PDF,Organized Crime / Extortion; Violent Crime / Homicide,CROSS_DOMAIN
Kartar_Singh_vs_State_Of_Punjab_on_11_March_1994_1.PDF,Corruption,SCR 1952 284,The_State_Of_West_Bengal_vs_Anwar_All_Sarkarhabib_Mohamed_The_on_11_January_1952_1.PDF,Organized Crime / Extortion; Violent Crime / Homicide,CROSS_DOMAIN
Kartar_Singh_vs_State_Of_Punjab_on_11_March_1994_1.PDF,Corruption,SCR 1979 2 476,In_Re__The_Special_Courts_Bill_1978_vs_Unknown_on_1_December_1978_1.PDF,Organized Crime / Extortion,CROSS_DOMAIN
Kartar_Singh_vs_State_Of_Punjab_on_11_March_1994_1.PDF,Corruption,SCR 1979 2 476,In_Re__The_Special_Courts_Bill_1978_vs_Unknown_on_1_December_1978_1.PDF,Organized Crime / Extortion,CROSS_DOMAIN
Kartar_Singh_vs_State_Of_Punjab_on_11_March_1994_1.PDF,Corruption,SCR 1970 1 457,,,UNRESOLVED
Kartar_Singh_vs_State_Of_Punjab_on_11_March_1994_1.PDF,Corruption,SCR 1967 2 625,,,UNRESOLVED
Kartar_Singh_vs_State_Of_Punjab_on_11_March_1994_1.PDF,Corruption,SCR 1970 1 457,,,UNRESOLVED
Kartar_Singh_vs_State_Of_Punjab_on_11_March_1994_1.PDF,Corruption,SCR 1964 6 623,,,UNRESOLVED
Kartar_Singh_vs_State_Of_Punjab_on_11_March_1994_1.PDF,Corruption,SCR 1974 2 348,,,UNRESOLVED
Kartar_Singh_vs_State_Of_Punjab_on_11_March_1994_1.PDF,Corruption,SCR 1978 2 621,Mrs_Maneka_Gandhi_vs_Union_Of_India_Uoi_And_Anr_on_25_January_1978_1.PDF,Organized Crime / Extortion,CROSS_DOMAIN
Kartar_Singh_vs_State_Of_Punjab_on_11_March_1994_1.PDF,Corruption,SCR 1979 1 192,,,UNRESOLVED
Kartar_Singh_vs_State_Of_Punjab_on_11_March_1994_1.PDF,Corruption,SCR 1979 1 392,,,UNRESOLVED
Kartar_Singh_vs_State_Of_Punjab_on_11_March_1994_1.PDF,Corruption,SCR 1979 2 1085,,,UNRESOLVED
Kartar_Singh_vs_State_Of_Punjab_on_11_March_1994_1.PDF,Corruption,SCR 1979 3 532,,,UNRESOLVED
Kartar_Singh_vs_State_Of_Punjab_on_11_March_1994_1.PDF,Corruption,SCR 1979 3 169,,,UNRESOLVED
Kartar_Singh_vs_State_Of_Punjab_on_11_March_1994_1.PDF,Corruption,SCR 1980 2 557,,,UNRESOLVED
Kartar_Singh_vs_State_Of_Punjab_on_11_March_1994_1.PDF,Corruption,SCR 1980 2 913,,,UNRESOLVED
Kartar_Singh_vs_State_Of_Punjab_on_11_March_1994_1.PDF,Corruption,SCR 1980 3 1338,,,UNRESOLVED
Kartar_Singh_vs_State_Of_Punjab_on_11_March_1994_1.PDF,Corruption,SCR 1981 2 516,,,UNRESOLVED
Kartar_Singh_vs_State_Of_Punjab_on_11_March_1994_1.PDF,Corruption,SCR 1952 737,Gurbachan_Singh_vs_The_State_Of_Bombay_And_Another_on_7_May_1952_1.PDF,,OUTSIDE_DOMAINS
Kartar_Singh_vs_State_Of_Punjab_on_11_March_1994_1.PDF,Corruption,SCR 1954 1077,M_P_Sharma_And_Others_vs_Satish_Chandra_District_on_15_March_1954_1.PDF,Organized Crime / Extortion,CROSS_DOMAIN
Kartar_Singh_vs_State_Of_Punjab_on_11_March_1994_1.PDF,Corruption,SCR 1961 1 417,,,UNRESOLVED
Kartar_Singh_vs_State_Of_Punjab_on_11_March_1994_1.PDF,Corruption,SCR 1962 3 10,,,UNRESOLVED
Kartar_Singh_vs_State_Of_Punjab_on_11_March_1994_1.PDF,Corruption,SCR 1969 2 46,,,UNRESOLVED
Kartar_Singh_vs_State_Of_Punjab_on_11_March_1994_1.PDF,Corruption,SCR 1950 869,Chiranjit_Lal_Chowdhuri_vs_The_Union_Of_India_And_Others_on_4_December_1950_1.PDF,,OUTSIDE_DOMAINS
Kartar_Singh_vs_State_Of_Punjab_on_11_March_1994_1.PDF,Corruption,SCR 1959 279,Shri_Ram_Krishna_Dalmia_vs_Shri_Justice_S_R_Tendolkar_on_28_March_1958_1.PDF,,OUTSIDE_DOMAINS
Kartar_Singh_vs_State_Of_Punjab_on_11_March_1994_1.PDF,Corruption,SCR 1979 2 476,In_Re__The_Special_Courts_Bill_1978_vs_Unknown_on_1_December_1978_1.PDF,Organized Crime / Extortion,CROSS_DOMAIN
Kartar_Singh_vs_State_Of_Punjab_on_11_March_1994_1.PDF,Corruption,SCR 1950 519,Dr_N_B_Khare_vs_The_State_Of_Delhi_on_26_May_1950_1.PDF,,OUTSIDE_DOMAINS
Kartar_Singh_vs_State_Of_Punjab_on_11_March_1994_1.PDF,Corruption,SCR 1952 435,Kathi_Raning_Rawat_vs_The_State_Of_Saurashtra_on_27_February_1952_1.PDF,Violent Crime / Homicide,CROSS_DOMAIN
Kartar_Singh_vs_State_Of_Punjab_on_11_March_1994_1.PDF,Corruption,SCR 1954 30,Kedar_Nath_Bajoria_vs_The_State_Of_West_Bengal_Hari_Ram_on_22_May_1953_1.PDF,Corruption; Organized Crime / Extortion,INTERNAL
Kartar_Singh_vs_State_Of_Punjab_on_11_March_1994_1.PDF,Corruption,SCR 1957 874,The_State_Of_Bombay_vs_R_M_D_Chamarbaugwala_on_9_April_1957_1.PDF,Organized Crime / Extortion,CROSS_DOMAIN
Kartar_Singh_vs_State_Of_Punjab_on_11_March_1994_1.PDF,Corruption,SCR 1957 233,Pannalal_Binjraj_vs_Union_Of_India_on_21_December_1956_1.PDF,,OUTSIDE_DOMAINS
Kartar_Singh_vs_State_Of_Punjab_on_11_March_1994_1.PDF,Corruption,SCR 1958 1226,Talab_Haji_Hussain_vs_Madhukar_Purshottam_Mondkarand_on_7_February_1958_1.PDF,,OUTSIDE_DOMAINS
Kartar_Singh_vs_State_Of_Punjab_on_11_March_1994_1.PDF,Corruption,SCR 1960 2 646,,,UNRESOLVED
Kartar_Singh_vs_State_Of_Punjab_on_11_March_1994_1.PDF,Corruption,SCR 1982 2 272,,,UNRESOLVED
Kartar_Singh_vs_State_Of_Punjab_on_11_March_1994_1.PDF,Corruption,SCR 1951 682,The_State_Of_Bombay_And_Another_vs_F_N_Balsara_on_25_May_1951_1.PDF,,OUTSIDE_DOMAINS
Kartar_Singh_vs_State_Of_Punjab_on_11_March_1994_1.PDF,Corruption,SCR 1950 869,Chiranjit_Lal_Chowdhuri_vs_The_Union_Of_India_And_Others_on_4_December_1950_1.PDF,,OUTSIDE_DOMAINS
Kartar_Singh_vs_State_Of_Punjab_on_11_March_1994_1.PDF,Corruption,SCR 1952 284,The_State_Of_West_Bengal_vs_Anwar_All_Sarkarhabib_Mohamed_The_on_11_January_1952_1.PDF,Organized Crime / Extortion; Violent Crime / Homicide,CROSS_DOMAIN
Kartar_Singh_vs_State_Of_Punjab_on_11_March_1994_1.PDF,Corruption,SCR 1982 2 272,,,UNRESOLVED
Kartar_Singh_vs_State_Of_Punjab_on_11_March_1994_1.PDF,Corruption,SCR 1952 737,Gurbachan_Singh_vs_The_State_Of_Bombay_And_Another_on_7_May_1952_1.PDF,,OUTSIDE_DOMAINS
Kartar_Singh_vs_State_Of_Punjab_on_11_March_1994_1.PDF,Corruption,SCR 1982 2 272,,,UNRESOLVED
Kartar_Singh_vs_State_Of_Punjab_on_11_March_1994_1.PDF,Corruption,SCR 1952 737,Gurbachan_Singh_vs_The_State_Of_Bombay_And_Another_on_7_May_1952_1.PDF,,OUTSIDE_DOMAINS
Kartar_Singh_vs_State_Of_Punjab_on_11_March_1994_1.PDF,Corruption,SCR 1982 2 272,,,UNRESOLVED
Kartar_Singh_vs_State_Of_Punjab_on_11_March_1994_1.PDF,Corruption,SCR 1953 589,Syed_Qasim_Razvi_vs_The_State_Of_Hyderabad_And_Others_And_on_19_January_1953_1.PDF,Organized Crime / Extortion,CROSS_DOMAIN
Kartar_Singh_vs_State_Of_Punjab_on_11_March_1994_1.PDF,Corruption,SCR 1968 3 614,,,UNRESOLVED
Kartar_Singh_vs_State_Of_Punjab_on_11_March_1994_1.PDF,Corruption,SCR 1967 1 77,,,UNRESOLVED
Kartar_Singh_vs_State_Of_Punjab_on_11_March_1994_1.PDF,Corruption,SCR 1955 2 225,Rai_Sahib_Ram_Jawaya_Kapur_And_Ors_vs_The_State_Of_Punjab_on_12_April_1955_1.PDF,,OUTSIDE_DOMAINS
Kartar_Singh_vs_State_Of_Punjab_on_11_March_1994_1.PDF,Corruption,SCR 1980 3 383,,,UNRESOLVED
Kartar_Singh_vs_State_Of_Punjab_on_11_March_1994_1.PDF,Corruption,SCR 1980 3 383,,,UNRESOLVED
Kartar_Singh_vs_State_Of_Punjab_on_11_March_1994_1.PDF,Corruption,SCR 1978 2 371,,,UNRESOLVED
Kartar_Singh_vs_State_Of_Punjab_on_11_March_1994_1.PDF,Corruption,SCR 1978 2 371,,,UNRESOLVED
Kartar_Singh_vs_State_Of_Punjab_on_11_March_1994_1.PDF,Corruption,SCR 1977 2 52,,,UNRESOLVED
Kartar_Singh_vs_State_Of_Punjab_on_11_March_1994_1.PDF,Corruption,SCR 1977 2 52,,,UNRESOLVED
Kartar_Singh_vs_State_Of_Punjab_on_11_March_1994_1.PDF,Corruption,SCR 1954 565,Waryam_Singh_And_Another_vs_Amarnath_And_Another_on_19_January_1954_1.PDF,,OUTSIDE_DOMAINS
Kartar_Singh_vs_State_Of_Punjab_on_11_March_1994_1.PDF,Corruption,SCR 1968 3 692,,,UNRESOLVED
Kartar_Singh_vs_State_Of_Punjab_on_11_March_1994_1.PDF,Corruption,SCR 1953 94,,,UNRESOLVED
Kartar_Singh_vs_State_Of_Punjab_on_11_March_1994_1.PDF,Corruption,SCR 1957 953,Sarwan_Singh_vs_The_State_Of_Punjab_With_Connected_on_10_April_1957_1.PDF,Violent Crime / Homicide,CROSS_DOMAIN
Kartar_Singh_vs_State_Of_Punjab_on_11_March_1994_1.PDF,Corruption,SCR 1952 284,The_State_Of_West_Bengal_vs_Anwar_All_Sarkarhabib_Mohamed_The_on_11_January_1952_1.PDF,Organized Crime / Extortion; Violent Crime / Homicide,CROSS_DOMAIN
Kartar_Singh_vs_State_Of_Punjab_on_11_March_1994_1.PDF,Corruption,SCR 1962 3 10,,,UNRESOLVED
Kartar_Singh_vs_State_Of_Punjab_on_11_March_1994_1.PDF,Corruption,SCR 1978 3 608,,,UNRESOLVED
Kartar_Singh_vs_State_Of_Punjab_on_11_March_1994_1.PDF,Corruption,SCR 1978 3 608,,,UNRESOLVED
Kartar_Singh_vs_State_Of_Punjab_on_11_March_1994_1.PDF,Corruption,SCR 1979 2 457,,,UNRESOLVED
Kartar_Singh_vs_State_Of_Punjab_on_11_March_1994_1.PDF,Corruption,SCR 1979 2 457,,,UNRESOLVED
Kartar_Singh_vs_State_Of_Punjab_on_11_March_1994_1.PDF,Corruption,SCR 1981 3 474,,,UNRESOLVED
Kartar_Singh_vs_State_Of_Punjab_on_11_March_1994_1.PDF,Corruption,SCR 1981 3 474,,,UNRESOLVED
Kartar_Singh_vs_State_Of_Punjab_on_11_March_1994_1.PDF,Corruption,SCR 1950 594,Romesh_Thappar_vs_The_State_Of_Madras_on_26_May_1950_1.PDF,Violent Crime / Homicide,CROSS_DOMAIN
Kartar_Singh_vs_State_Of_Punjab_on_11_March_1994_1.PDF,Corruption,SCR 1966 1 709,,,UNRESOLVED
Kartar_Singh_vs_State_Of_Punjab_on_11_March_1994_1.PDF,Corruption,SCR 1964 1 332,,,UNRESOLVED
Kartar_Singh_vs_State_Of_Punjab_on_11_March_1994_1.PDF,Corruption,SCR 1979 1 392,,,UNRESOLVED
Kartar_Singh_vs_State_Of_Punjab_on_11_March_1994_1.PDF,Corruption,SCR 1978 2 621,Mrs_Maneka_Gandhi_vs_Union_Of_India_Uoi_And_Anr_on_25_January_1978_1.PDF,Organized Crime / Extortion,CROSS_DOMAIN
Kartar_Singh_vs_State_Of_Punjab_on_11_March_1994_1.PDF,Corruption,SCR 1981 2 516,,,UNRESOLVED
Kartar_Singh_vs_State_Of_Punjab_on_11_March_1994_1.PDF,Corruption,SCR 1950 88,A_K_Gopalan_vs_The_State_Of_Madras_Union_Of_India__on_19_May_1950_1.PDF,Organized Crime / Extortion,CROSS_DOMAIN
Kartar_Singh_vs_State_Of_Punjab_on_11_March_1994_1.PDF,Corruption,SCR 1954 565,Waryam_Singh_And_Another_vs_Amarnath_And_Another_on_19_January_1954_1.PDF,,OUTSIDE_DOMAINS
Kartar_Singh_vs_State_Of_Punjab_on_11_March_1994_1.PDF,Corruption,SCR 1968 3 692,,,UNRESOLVED
Kartar_Singh_vs_State_Of_Punjab_on_11_March_1994_1.PDF,Corruption,SCR 1964 1 332,,,UNRESOLVED
P_N_Krishna_Lal_And_Ors_Etc_Etc_vs_Govt_Of_Kerala_And_Anr_Etc_Etc_on_17_November_1994_1.PDF,Corruption,SCR 1957 399,A_S_Krishna_vs_State_Of_Madras_With_Connected_on_28_November_1956_1.PDF,,OUTSIDE_DOMAINS
P_N_Krishna_Lal_And_Ors_Etc_Etc_vs_Govt_Of_Kerala_And_Anr_Etc_Etc_on_17_November_1994_1.PDF,Corruption,SCR 1970 3 530,,,UNRESOLVED
P_N_Krishna_Lal_And_Ors_Etc_Etc_vs_Govt_Of_Kerala_And_Anr_Etc_Etc_on_17_November_1994_1.PDF,Corruption,SCR 1957 531,,,UNRESOLVED
P_N_Krishna_Lal_And_Ors_Etc_Etc_vs_Govt_Of_Kerala_And_Anr_Etc_Etc_on_17_November_1994_1.PDF,Corruption,SCR 1956 199,Shambu_Nath_Mehra_vs_The_State_Of_Ajmer_on_12_March_1956_1.PDF,Financial Fraud; Violent Crime / Homicide,CROSS_DOMAIN
P_N_Krishna_Lal_And_Ors_Etc_Etc_vs_Govt_Of_Kerala_And_Anr_Etc_Etc_on_17_November_1994_1.PDF,Corruption,SCR 1960 1 461,,,UNRESOLVED
P_N_Krishna_Lal_And_Ors_Etc_Etc_vs_Govt_Of_Kerala_And_Anr_Etc_Etc_on_17_November_1994_1.PDF,Corruption,SCR 1964 4 630,,,UNRESOLVED
P_N_Krishna_Lal_And_Ors_Etc_Etc_vs_Govt_Of_Kerala_And_Anr_Etc_Etc_on_17_November_1994_1.PDF,Corruption,SCR 1965 3 235,,,UNRESOLVED
P_N_Krishna_Lal_And_Ors_Etc_Etc_vs_Govt_Of_Kerala_And_Anr_Etc_Etc_on_17_November_1994_1.PDF,Corruption,SCR 1966 3 736,,,UNRESOLVED
P_N_Krishna_Lal_And_Ors_Etc_Etc_vs_Govt_Of_Kerala_And_Anr_Etc_Etc_on_17_November_1994_1.PDF,Corruption,SCR 1972 2 948,,,UNRESOLVED
P_N_Krishna_Lal_And_Ors_Etc_Etc_vs_Govt_Of_Kerala_And_Anr_Etc_Etc_on_17_November_1994_1.PDF,Corruption,SCR 1974 1 722,,,UNRESOLVED
P_N_Krishna_Lal_And_Ors_Etc_Etc_vs_Govt_Of_Kerala_And_Anr_Etc_Etc_on_17_November_1994_1.PDF,Corruption,SCR 1981 3 675,,,UNRESOLVED
P_N_Krishna_Lal_And_Ors_Etc_Etc_vs_Govt_Of_Kerala_And_Anr_Etc_Etc_on_17_November_1994_1.PDF,Corruption,SCR 1978 1 568,,,UNRESOLVED
P_N_Krishna_Lal_And_Ors_Etc_Etc_vs_Govt_Of_Kerala_And_Anr_Etc_Etc_on_17_November_1994_1.PDF,Corruption,SCR 1973 2 541,,,UNRESOLVED
P_N_Krishna_Lal_And_Ors_Etc_Etc_vs_Govt_Of_Kerala_And_Anr_Etc_Etc_on_17_November_1994_1.PDF,Corruption,SCR 1983 2 690,,,UNRESOLVED
P_N_Krishna_Lal_And_Ors_Etc_Etc_vs_Govt_Of_Kerala_And_Anr_Etc_Etc_on_17_November_1994_1.PDF,Corruption,SCR 1979 1 392,,,UNRESOLVED
State_Of_Orissa_vs_Bimal_Kumar_Mohanty_on_21_February_1994_1.PDF,Corruption,AIR 1964 SC 787,,,UNRESOLVED
State_Of_Orissa_vs_Bimal_Kumar_Mohanty_on_21_February_1994_1.PDF,Corruption,AIR 1968 SC 800,,,UNRESOLVED
State_Of_Orissa_vs_Bimal_Kumar_Mohanty_on_21_February_1994_1.PDF,Corruption,SCC 1970 1 362,,,UNRESOLVED
State_Of_Orissa_vs_Bimal_Kumar_Mohanty_on_21_February_1994_1.PDF,Corruption,SCC 1971 1 734,,,UNRESOLVED
State_Of_Orissa_vs_Bimal_Kumar_Mohanty_on_21_February_1994_1.PDF,Corruption,SCR 1964 5 431,,,UNRESOLVED
State_Of_Orissa_vs_Bimal_Kumar_Mohanty_on_21_February_1994_1.PDF,Corruption,SCR 1968 2 577,,,UNRESOLVED
State_Of_Orissa_vs_Bimal_Kumar_Mohanty_on_21_February_1994_1.PDF,Corruption,SCR 1970 3 448,,,UNRESOLVED
State_Of_Orissa_vs_Bimal_Kumar_Mohanty_on_21_February_1994_1.PDF,Corruption,SCR 1971 3 715,,,UNRESOLVED
State_Of_T_N_vs_T_Thulasingam_on_13_May_1994_1.PDF,Corruption,AIR 1988 SC 1883,,,UNRESOLVED
State_Of_T_N_vs_T_Thulasingam_on_13_May_1994_1.PDF,Corruption,AIR 1985 SC 1655,,,UNRESOLVED
State_Of_T_N_vs_T_Thulasingam_on_13_May_1994_1.PDF,Corruption,SCC 1988 3 609,,,UNRESOLVED
State_Of_T_N_vs_T_Thulasingam_on_13_May_1994_1.PDF,Corruption,SCC 1969 3 429,,,UNRESOLVED
State_Of_T_N_vs_T_Thulasingam_on_13_May_1994_1.PDF,Corruption,SCC 1985 3 606,,,UNRESOLVED
V_S_Achuthanandan_vs_R_Balakrishna_Pillai_on_13_May_1994_1.PDF,Corruption,AIR 1987 SC 877,Sheonandan_Paswan_vs_State_Of_Bihar_And_Ors_on_20_December_1986_1.PDF,Corruption,INTERNAL
V_S_Achuthanandan_vs_R_Balakrishna_Pillai_on_13_May_1994_1.PDF,Corruption,SCC 1987 1 288,,,UNRESOLVED
V_S_Achuthanandan_vs_R_Balakrishna_Pillai_on_13_May_1994_1.PDF,Corruption,SCR 1987 1 702,,,UNRESOLVED
B_C_Chaturvedi_vs_Union_Of_India_And_Ors_on_1_November_1995_1.PDF,Corruption,AIR 1963 SC 779,,,UNRESOLVED
B_C_Chaturvedi_vs_Union_Of_India_And_Ors_on_1_November_1995_1.PDF,Corruption,AIR 1983 SC 454,Bhagat_Ram_vs_State_Of_Himachal_Pradesh_And_Ors_on_24_January_1983_1.PDF,,OUTSIDE_DOMAINS
B_C_Chaturvedi_vs_Union_Of_India_And_Ors_on_1_November_1995_1.PDF,Corruption,AIR 1989 SC 1137,Rangaswami_vs_State_Of_Tamil_Nadu_on_8_March_1989_1.PDF,Violent Crime / Homicide,CROSS_DOMAIN
B_C_Chaturvedi_vs_Union_Of_India_And_Ors_on_1_November_1995_1.PDF,Corruption,AIR 1963 SC 1909,,,UNRESOLVED
B_C_Chaturvedi_vs_Union_Of_India_And_Ors_on_1_November_1995_1.PDF,Corruption,AIR 1978 SC 597,Mrs_Maneka_Gandhi_vs_Union_Of_India_Uoi_And_Anr_on_25_January_1978_1.PDF,Organized Crime / Extortion,CROSS_DOMAIN
B_C_Chaturvedi_vs_Union_Of_India_And_Ors_on_1_November_1995_1.PDF,Corruption,AIR 1992 ORISSA 261,,,UNRESOLVED
B_C_Chaturvedi_vs_Union_Of_India_And_Ors_on_1_November_1995_1.PDF,Corruption,SCC 1990 4 456,,,UNRESOLVED
B_C_Chaturvedi_vs_Union_Of_India_And_Ors_on_1_November_1995_1.PDF,Corruption,SCC 1977 1 816,Krishnanand_vs_The_State_Of_Madhya_Pradesh_on_17_December_1976_1.PDF,Corruption,INTERNAL
B_C_Chaturvedi_vs_Union_Of_India_And_Ors_on_1_November_1995_1.PDF,Corruption,SCC 1993 4 357,,,UNRESOLVED
B_C_Chaturvedi_vs_Union_Of_India_And_Ors_on_1_November_1995_1.PDF,Corruption,SCR 1964 4 781,,,UNRESOLVED
B_C_Chaturvedi_vs_Union_Of_India_And_Ors_on_1_November_1995_1.PDF,Corruption,SCR 1972 2 218,,,UNRESOLVED
B_C_Chaturvedi_vs_Union_Of_India_And_Ors_on_1_November_1995_1.PDF,Corruption,SCR 1970 3 530,,,UNRESOLVED
C_Ravichandran_Iyer_vs_Justice_A_M_Bhattacharjee_Ors_on_5_September_1995_1.PDF,Corruption,AIR 1954 SC 10,,,UNRESOLVED
C_Ravichandran_Iyer_vs_Justice_A_M_Bhattacharjee_Ors_on_5_September_1995_1.PDF,Corruption,SCC 1991 3 655,K_Veeraswami_vs_Union_Of_India_And_Others_on_25_July_1991_1.PDF,Corruption,INTERNAL
C_Ravichandran_Iyer_vs_Justice_A_M_Bhattacharjee_Ors_on_5_September_1995_1.PDF,Corruption,SCC 1992 4 605,,,UNRESOLVED
C_Ravichandran_Iyer_vs_Justice_A_M_Bhattacharjee_Ors_on_5_September_1995_1.PDF,Corruption,SCC 1993 4 441,,,UNRESOLVED
Habibulla_Khan_vs_State_Of_Orissa_Anr_on_2_February_1995_1.PDF,Corruption,SCC 1991 3 655,K_Veeraswami_vs_Union_Of_India_And_Others_on_25_July_1991_1.PDF,Corruption,INTERNAL
Habibulla_Khan_vs_State_Of_Orissa_Anr_on_2_February_1995_1.PDF,Corruption,SCR 1984 2 495,,,UNRESOLVED
Habibulla_Khan_vs_State_Of_Orissa_Anr_on_2_February_1995_1.PDF,Corruption,SCR 1958 1040,S_A_Venkataraman_vs_The_State_And_Connected_Appeal_on_3_December_1957_1.PDF,Corruption,INTERNAL
Habibulla_Khan_vs_State_Of_Orissa_Anr_on_2_February_1995_1.PDF,Corruption,SCR 1980 2 697,,,UNRESOLVED
M_O_Shamsudhin_vs_State_Of_Kerala_on_21_March_1995_1.PDF,Corruption,AIR 1958 SC 500,,,UNRESOLVED
M_O_Shamsudhin_vs_State_Of_Kerala_on_21_March_1995_1.PDF,Corruption,AIR 1952 SC 54,,,UNRESOLVED
M_O_Shamsudhin_vs_State_Of_Kerala_on_21_March_1995_1.PDF,Corruption,AIR 1961 SC 1762,,,UNRESOLVED
M_O_Shamsudhin_vs_State_Of_Kerala_on_21_March_1995_1.PDF,Corruption,AIR 1968 SC 1323,,,UNRESOLVED
M_O_Shamsudhin_vs_State_Of_Kerala_on_21_March_1995_1.PDF,Corruption,AIR 1958 SC 500,,,UNRESOLVED
M_O_Shamsudhin_vs_State_Of_Kerala_on_21_March_1995_1.PDF,Corruption,AIR 1954 SC 322,,,UNRESOLVED
M_O_Shamsudhin_vs_State_Of_Kerala_on_21_March_1995_1.PDF,Corruption,AIR 1961 SC 1762,,,UNRESOLVED
M_O_Shamsudhin_vs_State_Of_Kerala_on_21_March_1995_1.PDF,Corruption,AIR 1961 SC 1762,,,UNRESOLVED
M_O_Shamsudhin_vs_State_Of_Kerala_on_21_March_1995_1.PDF,Corruption,AIR 1969 SC 17,,,UNRESOLVED
M_O_Shamsudhin_vs_State_Of_Kerala_on_21_March_1995_1.PDF,Corruption,AIR 1958 SC 500,,,UNRESOLVED
M_O_Shamsudhin_vs_State_Of_Kerala_on_21_March_1995_1.PDF,Corruption,AIR 1976 SC 449,,,UNRESOLVED
M_O_Shamsudhin_vs_State_Of_Kerala_on_21_March_1995_1.PDF,Corruption,AIR 1980 SC 873,,,UNRESOLVED
M_O_Shamsudhin_vs_State_Of_Kerala_on_21_March_1995_1.PDF,Corruption,SCC 1979 4 526,Panalal_Damodar_Rathi_vs_State_Of_Maharashtra_on_24_January_1979_1.PDF,Corruption,INTERNAL
M_O_Shamsudhin_vs_State_Of_Kerala_on_21_March_1995_1.PDF,Corruption,SCR 1952 377,Rameshwar_vs_The_State_Of_Rajasthan_on_20_December_1951_1.PDF,,OUTSIDE_DOMAINS
M_O_Shamsudhin_vs_State_Of_Kerala_on_21_March_1995_1.PDF,Corruption,SCR 1954 1098,,,UNRESOLVED
M_O_Shamsudhin_vs_State_Of_Kerala_on_21_March_1995_1.PDF,Corruption,SCR 1952 377,Rameshwar_vs_The_State_Of_Rajasthan_on_20_December_1951_1.PDF,,OUTSIDE_DOMAINS
M_O_Shamsudhin_vs_State_Of_Kerala_on_21_March_1995_1.PDF,Corruption,SCR 1959 195,The_State_Of_Bihar_vs_Basawan_Singh_on_21_March_1958_1.PDF,,OUTSIDE_DOMAINS
M_O_Shamsudhin_vs_State_Of_Kerala_on_21_March_1995_1.PDF,Corruption,SCR 1954 1098,,,UNRESOLVED
M_O_Shamsudhin_vs_State_Of_Kerala_on_21_March_1995_1.PDF,Corruption,SCR 1962 2 195,,,UNRESOLVED
M_O_Shamsudhin_vs_State_Of_Kerala_on_21_March_1995_1.PDF,Corruption,SCR 1959 195,The_State_Of_Bihar_vs_Basawan_Singh_on_21_March_1958_1.PDF,,OUTSIDE_DOMAINS
M_O_Shamsudhin_vs_State_Of_Kerala_on_21_March_1995_1.PDF,Corruption,SCR 1962 2 195,,,UNRESOLVED
M_O_Shamsudhin_vs_State_Of_Kerala_on_21_March_1995_1.PDF,Corruption,SCR 1962 2 195,,,UNRESOLVED
M_O_Shamsudhin_vs_State_Of_Kerala_on_21_March_1995_1.PDF,Corruption,SCR 1959 195,The_State_Of_Bihar_vs_Basawan_Singh_on_21_March_1958_1.PDF,,OUTSIDE_DOMAINS
Pt_Rishikesh_And_Anr_Etc_vs_Smt_Salma_Begum_Etc_Etc_on_2_May_1995_1.PDF,Corruption,SCR 1986 1 151,,,UNRESOLVED
Pt_Rishikesh_And_Anr_Etc_vs_Smt_Salma_Begum_Etc_Etc_on_2_May_1995_1.PDF,Corruption,SCR 1955 799,Zaverbhai_Amaidas_vs_The_State_Of_Bombay_on_8_October_1954_1.PDF,,OUTSIDE_DOMAINS
Pt_Rishikesh_And_Anr_Etc_vs_Smt_Salma_Begum_Etc_Etc_on_2_May_1995_1.PDF,Corruption,SCR 1956 393,Ch_Tika_Ramji_Others_Etc_vs_The_State_Of_Uttar_Pradesh_Others_on_24_April_1956_1.PDF,,OUTSIDE_DOMAINS
Pt_Rishikesh_And_Anr_Etc_vs_Smt_Salma_Begum_Etc_Etc_on_2_May_1995_1.PDF,Corruption,SCR 1979 3 254,,,UNRESOLVED
Pt_Rishikesh_And_Anr_Etc_vs_Smt_Salma_Begum_Etc_Etc_on_2_May_1995_1.PDF,Corruption,SCR 1983 1 905,,,UNRESOLVED
R_Balakrishna_Pillai_vs_State_Of_Kerala_Anr_on_5_December_1995_1.PDF,Corruption,AIR 1970 BOMBAY 385,,,UNRESOLVED
R_Balakrishna_Pillai_vs_State_Of_Kerala_Anr_on_5_December_1995_1.PDF,Corruption,SCC 1996 1 478,R_Balakrishna_Pillai_vs_State_Of_Kerala_Anr_on_5_December_1995_1.PDF,Corruption,INTERNAL
R_Balakrishna_Pillai_vs_State_Of_Kerala_Anr_on_5_December_1995_1.PDF,Corruption,SCR 1979 3 254,,,UNRESOLVED
State_Of_Maharashtra_Ors_vs_Ishwar_Piraji_Kalpatri_on_30_November_1995_1.PDF,Corruption,SCC 1991 3 655,K_Veeraswami_vs_Union_Of_India_And_Others_on_25_July_1991_1.PDF,Corruption,INTERNAL
State_Of_Maharashtra_Ors_vs_Ishwar_Piraji_Kalpatri_on_30_November_1995_1.PDF,Corruption,SCC 1994 4 142,Manakshi_Bala_vs_Sudhir_Kumar_M_K_Kukherjee_J_on_10_May_1994_1.PDF,Organized Crime / Extortion,CROSS_DOMAIN
State_Of_Orissa_And_Ors_vs_Kalicharan_Mohapatra_And_Anr_on_20_September_1995_1.PDF,Corruption,SCC 1995 6 105,State_Of_Orissa_And_Ors_vs_Kalicharan_Mohapatra_And_Anr_on_20_September_1995_1.PDF,Corruption,INTERNAL
C_K_Damodaran_Nair_vs_Govt_Of_India_on_8_January_1997_1.PDF,Corruption,AIR 1980 SC 873,,,UNRESOLVED
Mansukhlal_Vithaldas_Chauhan_vs_State_Of_Gujarat_on_3_September_1997_1.PDF,Corruption,AIR 1984 SC 684,,,UNRESOLVED
Mansukhlal_Vithaldas_Chauhan_vs_State_Of_Gujarat_on_3_September_1997_1.PDF,Corruption,AIR 1948 PC 82,,,UNRESOLVED
Mansukhlal_Vithaldas_Chauhan_vs_State_Of_Gujarat_on_3_September_1997_1.PDF,Corruption,AIR 1945 FC 16,,,UNRESOLVED
Mansukhlal_Vithaldas_Chauhan_vs_State_Of_Gujarat_on_3_September_1997_1.PDF,Corruption,AIR 1958 SC 12,,,UNRESOLVED
Mansukhlal_Vithaldas_Chauhan_vs_State_Of_Gujarat_on_3_September_1997_1.PDF,Corruption,AIR 1954 SC 217,,,UNRESOLVED
Mansukhlal_Vithaldas_Chauhan_vs_State_Of_Gujarat_on_3_September_1997_1.PDF,Corruption,AIR 1966 SC 11,,,UNRESOLVED
Mansukhlal_Vithaldas_Chauhan_vs_State_Of_Gujarat_on_3_September_1997_1.PDF,Corruption,AIR 1966 SC 51,,,UNRESOLVED
Mansukhlal_Vithaldas_Chauhan_vs_State_Of_Gujarat_on_3_September_1997_1.PDF,Corruption,AIR 1993 SC 1435,,,UNRESOLVED
Mansukhlal_Vithaldas_Chauhan_vs_State_Of_Gujarat_on_3_September_1997_1.PDF,Corruption,AIR 1970 SC 150,,,UNRESOLVED
Mansukhlal_Vithaldas_Chauhan_vs_State_Of_Gujarat_on_3_September_1997_1.PDF,Corruption,SCC 1996 4 472,,,UNRESOLVED
Mansukhlal_Vithaldas_Chauhan_vs_State_Of_Gujarat_on_3_September_1997_1.PDF,Corruption,SCC 1994 6 651,Tata_Cellular_vs_Union_Of_India_on_26_July_1994_1.PDF,,OUTSIDE_DOMAINS
Mansukhlal_Vithaldas_Chauhan_vs_State_Of_Gujarat_on_3_September_1997_1.PDF,Corruption,SCC 1993 1 445,,,UNRESOLVED
Mansukhlal_Vithaldas_Chauhan_vs_State_Of_Gujarat_on_3_September_1997_1.PDF,Corruption,SCC 1993 2 229,,,UNRESOLVED
Mansukhlal_Vithaldas_Chauhan_vs_State_Of_Gujarat_on_3_September_1997_1.PDF,Corruption,SCR 1958 762,Jaswant_Singh_vs_The_State_Of_Punjab_on_25_October_1957_1.PDF,Corruption,INTERNAL
Mansukhlal_Vithaldas_Chauhan_vs_State_Of_Gujarat_on_3_September_1997_1.PDF,Corruption,SCR 1945 883,,,UNRESOLVED
Mansukhlal_Vithaldas_Chauhan_vs_State_Of_Gujarat_on_3_September_1997_1.PDF,Corruption,SCR 1993 1 81,,,UNRESOLVED
Mansukhlal_Vithaldas_Chauhan_vs_State_Of_Gujarat_on_3_September_1997_1.PDF,Corruption,SCR 1993 2 149,,,UNRESOLVED
Mohmoodkhan_Mahboobkhan_Pathan_vs_State_Of_Maharashtra_on_3_February_1997_1.PDF,Corruption,AIR 1964 SC 575,,,UNRESOLVED
State_Of_U_P_vs_Zakaullah_on_12_December_1997_1.PDF,Corruption,SCR 1980 2 1053,,,UNRESOLVED
State_Of_U_P_vs_Zakaullah_on_12_December_1997_1.PDF,Corruption,SCR 1979 2 330,,,UNRESOLVED
State_Of_U_P_vs_Zakaullah_on_12_December_1997_1.PDF,Corruption,SCR 1980 2 1053,,,UNRESOLVED
Vineet_Narain_Others_vs_Union_Of_India_Another_on_18_December_1997_1.PDF,Corruption,SCR 1967 3 668,,,UNRESOLVED
Vineet_Narain_Others_vs_Union_Of_India_Another_on_18_December_1997_1.PDF,Corruption,SCR 1985 2 256,,,UNRESOLVED
Central_Bureau_Of_Investigation_vs_V_C_Shukla_Ors_on_2_March_1998_1.PDF,Corruption,AIR 1914 NAGPUR 44,,,UNRESOLVED
Central_Bureau_Of_Investigation_vs_V_C_Shukla_Ors_on_2_March_1998_1.PDF,Corruption,AIR 1926 NAGPUR 407,,,UNRESOLVED
Central_Bureau_Of_Investigation_vs_V_C_Shukla_Ors_on_2_March_1998_1.PDF,Corruption,SCR 1955 1 952,Narain_Swadeshi_Weaving_Mills_vs_The_Commissioner_Of_Excess_Profits_Tax_on_25_October_1954_1.PDF,,OUTSIDE_DOMAINS
Central_Bureau_Of_Investigation_vs_V_C_Shukla_Ors_on_2_March_1998_1.PDF,Corruption,SCR 1959 848,Mazagaon_Dock_Ltd_vs_The_Commissioner_Of_Income_Tax_And_on_12_May_1958_1.PDF,,OUTSIDE_DOMAINS
Kalicharan_Mahapatra_vs_State_Of_Orissa_on_4_August_1998_1.PDF,Corruption,SCR 1958 1040,S_A_Venkataraman_vs_The_State_And_Connected_Appeal_on_3_December_1957_1.PDF,Corruption,INTERNAL
Kalicharan_Mahapatra_vs_State_Of_Orissa_on_4_August_1998_1.PDF,Corruption,SCR 1971 3 236,,,UNRESOLVED
Kalicharan_Mahapatra_vs_State_Of_Orissa_on_4_August_1998_1.PDF,Corruption,SCR 1977 3 758,,,UNRESOLVED
Mariyappa_Others_vs_State_Of_Karnataka_Others_on_19_February_1998_1.PDF,Corruption,AIR 1972 MYSORE 193,,,UNRESOLVED
Mariyappa_Others_vs_State_Of_Karnataka_Others_on_19_February_1998_1.PDF,Corruption,AIR 1931 PC 148,,,UNRESOLVED
Mariyappa_Others_vs_State_Of_Karnataka_Others_on_19_February_1998_1.PDF,Corruption,AIR 1931 PC 149,,,UNRESOLVED
Mariyappa_Others_vs_State_Of_Karnataka_Others_on_19_February_1998_1.PDF,Corruption,AIR 1931 PC 149,,,UNRESOLVED
P_V_Narasimha_Rao_vs_State_Cbi_Spe_on_17_April_1998_1.PDF,Corruption,AIR 1959 BOM 100,,,UNRESOLVED
P_V_Narasimha_Rao_vs_State_Cbi_Spe_on_17_April_1998_1.PDF,Corruption,AIR 1971 MP 88,,,UNRESOLVED
P_V_Narasimha_Rao_vs_State_Cbi_Spe_on_17_April_1998_1.PDF,Corruption,AIR 1968 SC 1495,,,UNRESOLVED
P_V_Narasimha_Rao_vs_State_Cbi_Spe_on_17_April_1998_1.PDF,Corruption,AIR 1970 SC 694,,,UNRESOLVED
P_V_Narasimha_Rao_vs_State_Cbi_Spe_on_17_April_1998_1.PDF,Corruption,AIR 1976 SC 2283,,,UNRESOLVED
P_V_Narasimha_Rao_vs_State_Cbi_Spe_on_17_April_1998_1.PDF,Corruption,SCR 1965 1 413,,,UNRESOLVED
P_V_Narasimha_Rao_vs_State_Cbi_Spe_on_17_April_1998_1.PDF,Corruption,SCR 1971 1 612,,,UNRESOLVED
P_V_Narasimha_Rao_vs_State_Cbi_Spe_on_17_April_1998_1.PDF,Corruption,SCR 1951 2 1,,,UNRESOLVED
P_V_Narasimha_Rao_vs_State_Cbi_Spe_on_17_April_1998_1.PDF,Corruption,SCR 1955 1 158,,,UNRESOLVED
P_V_Narasimha_Rao_vs_State_Cbi_Spe_on_17_April_1998_1.PDF,Corruption,SCR 1960 2 926,,,UNRESOLVED
P_V_Narasimha_Rao_vs_State_Cbi_Spe_on_17_April_1998_1.PDF,Corruption,SCR 1966 3 79,,,UNRESOLVED
P_V_Narasimha_Rao_vs_State_Cbi_Spe_on_17_April_1998_1.PDF,Corruption,SCR 1984 2 495,,,UNRESOLVED
P_V_Narasimha_Rao_vs_State_Cbi_Spe_on_17_April_1998_1.PDF,Corruption,SCR 1968 3 614,,,UNRESOLVED
P_V_Narasimha_Rao_vs_State_Cbi_Spe_on_17_April_1998_1.PDF,Corruption,SCR 1969 2 422,,,UNRESOLVED
P_V_Narasimha_Rao_vs_State_Cbi_Spe_on_17_April_1998_1.PDF,Corruption,SCR 1970 2 835,,,UNRESOLVED
P_V_Narasimha_Rao_vs_State_Cbi_Spe_on_17_April_1998_1.PDF,Corruption,SCR 1982 1 629,,,UNRESOLVED
P_V_Narasimha_Rao_vs_State_Cbi_Spe_on_17_April_1998_1.PDF,Corruption,SCR 1989 3 43,,,UNRESOLVED
P_V_Narasimha_Rao_vs_State_Cbi_Spe_on_17_April_1998_1.PDF,Corruption,SCR 1953 1,The_Supreme_Court_Reportsaswini_Kumar_vs_Arabinda_Bose_And_Another_on_27_October_1952_1.PDF,,OUTSIDE_DOMAINS
P_V_Narasimha_Rao_vs_State_Cbi_Spe_on_17_April_1998_1.PDF,Corruption,SCR 1982 1 629,,,UNRESOLVED
P_V_Narasimha_Rao_vs_State_Cbi_Spe_on_17_April_1998_1.PDF,Corruption,SCR 1983 1 1000,,,UNRESOLVED
P_V_Narasimha_Rao_vs_State_Cbi_Spe_on_17_April_1998_1.PDF,Corruption,SCR 1955 2 374,,,UNRESOLVED
P_V_Narasimha_Rao_vs_State_Cbi_Spe_on_17_April_1998_1.PDF,Corruption,SCR 1991 3 189,,,UNRESOLVED
P_V_Narasimha_Rao_vs_State_Cbi_Spe_on_17_April_1998_1.PDF,Corruption,SCR 1985 1037,,,UNRESOLVED
Common_Cause_A_Registered_Society_vs_Union_Of_India_Ors_on_3_August_1999_1.PDF,Corruption,AIR 1974 SC 2192,,,UNRESOLVED
Common_Cause_A_Registered_Society_vs_Union_Of_India_Ors_on_3_August_1999_1.PDF,Corruption,AIR 1955 SC 549,Rai_Sahib_Ram_Jawaya_Kapur_And_Ors_vs_The_State_Of_Punjab_on_12_April_1955_1.PDF,,OUTSIDE_DOMAINS
Common_Cause_A_Registered_Society_vs_Union_Of_India_Ors_on_3_August_1999_1.PDF,Corruption,AIR 1967 SC 1170,,,UNRESOLVED
Common_Cause_A_Registered_Society_vs_Union_Of_India_Ors_on_3_August_1999_1.PDF,Corruption,AIR 1974 SC 1232,,,UNRESOLVED
Common_Cause_A_Registered_Society_vs_Union_Of_India_Ors_on_3_August_1999_1.PDF,Corruption,AIR 1964 SC 648,,,UNRESOLVED
Common_Cause_A_Registered_Society_vs_Union_Of_India_Ors_on_3_August_1999_1.PDF,Corruption,AIR 1982 SC 33,,,UNRESOLVED
Common_Cause_A_Registered_Society_vs_Union_Of_India_Ors_on_3_August_1999_1.PDF,Corruption,AIR 1974 SC 2192,,,UNRESOLVED
Common_Cause_A_Registered_Society_vs_Union_Of_India_Ors_on_3_August_1999_1.PDF,Corruption,AIR 1971 SC 1547,,,UNRESOLVED
Common_Cause_A_Registered_Society_vs_Union_Of_India_Ors_on_3_August_1999_1.PDF,Corruption,AIR 1986 SC 1370,,,UNRESOLVED
Common_Cause_A_Registered_Society_vs_Union_Of_India_Ors_on_3_August_1999_1.PDF,Corruption,AIR 1963 SC 1685,Union_Of_India_Uoi_vs_A_L_Rallia_Ram_on_19_April_1963_1.PDF,,OUTSIDE_DOMAINS
Common_Cause_A_Registered_Society_vs_Union_Of_India_Ors_on_3_August_1999_1.PDF,Corruption,AIR 1968 SC 1218,,,UNRESOLVED
Common_Cause_A_Registered_Society_vs_Union_Of_India_Ors_on_3_August_1999_1.PDF,Corruption,AIR 1962 SC 779,,,UNRESOLVED
Common_Cause_A_Registered_Society_vs_Union_Of_India_Ors_on_3_August_1999_1.PDF,Corruption,AIR 1964 SC 152,The_New_Marine_Coal_Co_Bengal_Private_vs_Union_Of_India_Uoi_on_5_April_1963_1.PDF,,OUTSIDE_DOMAINS
Common_Cause_A_Registered_Society_vs_Union_Of_India_Ors_on_3_August_1999_1.PDF,Corruption,AIR 1996 SC 11,,,UNRESOLVED
Common_Cause_A_Registered_Society_vs_Union_Of_India_Ors_on_3_August_1999_1.PDF,Corruption,AIR 1977 SC 1496,,,UNRESOLVED
Common_Cause_A_Registered_Society_vs_Union_Of_India_Ors_on_3_August_1999_1.PDF,Corruption,AIR 1983 SC 848,Gujarat_State_Financial_Corporation_vs_Lotus_Hotels_Pvt_Ltd_on_3_May_1983_1.PDF,,OUTSIDE_DOMAINS
Common_Cause_A_Registered_Society_vs_Union_Of_India_Ors_on_3_August_1999_1.PDF,Corruption,AIR 1990 SC 1031,,,UNRESOLVED
Common_Cause_A_Registered_Society_vs_Union_Of_India_Ors_on_3_August_1999_1.PDF,Corruption,AIR 1974 SC 555,,,UNRESOLVED
Common_Cause_A_Registered_Society_vs_Union_Of_India_Ors_on_3_August_1999_1.PDF,Corruption,AIR 1978 SC 597,Mrs_Maneka_Gandhi_vs_Union_Of_India_Uoi_And_Anr_on_25_January_1978_1.PDF,Organized Crime / Extortion,CROSS_DOMAIN
Common_Cause_A_Registered_Society_vs_Union_Of_India_Ors_on_3_August_1999_1.PDF,Corruption,AIR 1981 SC 487,,,UNRESOLVED
Common_Cause_A_Registered_Society_vs_Union_Of_India_Ors_on_3_August_1999_1.PDF,Corruption,AIR 1979 SC 1628,,,UNRESOLVED
Common_Cause_A_Registered_Society_vs_Union_Of_India_Ors_on_3_August_1999_1.PDF,Corruption,AIR 1989 SC 1642,,,UNRESOLVED
Common_Cause_A_Registered_Society_vs_Union_Of_India_Ors_on_3_August_1999_1.PDF,Corruption,AIR 1983 SC 1086,,,UNRESOLVED
Common_Cause_A_Registered_Society_vs_Union_Of_India_Ors_on_3_August_1999_1.PDF,Corruption,AIR 1986 SC 494,Bhim_Singh_Mla_vs_State_Of_J_K_And_Ors_on_22_November_1985_1.PDF,,OUTSIDE_DOMAINS
Common_Cause_A_Registered_Society_vs_Union_Of_India_Ors_on_3_August_1999_1.PDF,Corruption,AIR 1987 SC 355,,,UNRESOLVED
Common_Cause_A_Registered_Society_vs_Union_Of_India_Ors_on_3_August_1999_1.PDF,Corruption,AIR 1990 SC 513,,,UNRESOLVED
Common_Cause_A_Registered_Society_vs_Union_Of_India_Ors_on_3_August_1999_1.PDF,Corruption,AIR 1995 SC 117,,,UNRESOLVED
Common_Cause_A_Registered_Society_vs_Union_Of_India_Ors_on_3_August_1999_1.PDF,Corruption,AIR 1995 SC 1949,,,UNRESOLVED
Common_Cause_A_Registered_Society_vs_Union_Of_India_Ors_on_3_August_1999_1.PDF,Corruption,AIR 1997 SC 610,,,UNRESOLVED
Common_Cause_A_Registered_Society_vs_Union_Of_India_Ors_on_3_August_1999_1.PDF,Corruption,AIR 1993 SC 1960,,,UNRESOLVED
Common_Cause_A_Registered_Society_vs_Union_Of_India_Ors_on_3_August_1999_1.PDF,Corruption,AIR 1997 SC 1203,,,UNRESOLVED
Common_Cause_A_Registered_Society_vs_Union_Of_India_Ors_on_3_August_1999_1.PDF,Corruption,AIR 1996 SC 2426,,,UNRESOLVED
Common_Cause_A_Registered_Society_vs_Union_Of_India_Ors_on_3_August_1999_1.PDF,Corruption,AIR 1998 SC 223,,,UNRESOLVED
Common_Cause_A_Registered_Society_vs_Union_Of_India_Ors_on_3_August_1999_1.PDF,Corruption,AIR 1994 SC 2663,,,UNRESOLVED
Common_Cause_A_Registered_Society_vs_Union_Of_India_Ors_on_3_August_1999_1.PDF,Corruption,AIR 1948 PC 121,,,UNRESOLVED
Common_Cause_A_Registered_Society_vs_Union_Of_India_Ors_on_3_August_1999_1.PDF,Corruption,AIR 1949 BOMBAY 277,,,UNRESOLVED
Common_Cause_A_Registered_Society_vs_Union_Of_India_Ors_on_3_August_1999_1.PDF,Corruption,AIR 1950 SC 222,,,UNRESOLVED
Common_Cause_A_Registered_Society_vs_Union_Of_India_Ors_on_3_August_1999_1.PDF,Corruption,AIR 1962 SC 933,,,UNRESOLVED
Common_Cause_A_Registered_Society_vs_Union_Of_India_Ors_on_3_August_1999_1.PDF,Corruption,AIR 1965 SC 1039,,,UNRESOLVED
Common_Cause_A_Registered_Society_vs_Union_Of_India_Ors_on_3_August_1999_1.PDF,Corruption,AIR 1967 SC 1885,,,UNRESOLVED
Common_Cause_A_Registered_Society_vs_Union_Of_India_Ors_on_3_August_1999_1.PDF,Corruption,AIR 1977 SC 1749,Smt_Basavva_Kom_Dyamangouda_Patil_vs_State_Of_Mysore_And_Anr_on_19_April_1977_1.PDF,,OUTSIDE_DOMAINS
Common_Cause_A_Registered_Society_vs_Union_Of_India_Ors_on_3_August_1999_1.PDF,Corruption,AIR 1984 SC 1026,,,UNRESOLVED
Common_Cause_A_Registered_Society_vs_Union_Of_India_Ors_on_3_August_1999_1.PDF,Corruption,AIR 1994 SC 2663,,,UNRESOLVED
Common_Cause_A_Registered_Society_vs_Union_Of_India_Ors_on_3_August_1999_1.PDF,Corruption,AIR 1974 SC 890,,,UNRESOLVED
Common_Cause_A_Registered_Society_vs_Union_Of_India_Ors_on_3_August_1999_1.PDF,Corruption,AIR 1960 SC 610,,,UNRESOLVED
Common_Cause_A_Registered_Society_vs_Union_Of_India_Ors_on_3_August_1999_1.PDF,Corruption,AIR 1960 SC 675,The_Corporation_Of_The_City_Of_Nagpur_vs_Its_Employees_on_14_December_1959_1.PDF,,OUTSIDE_DOMAINS
Common_Cause_A_Registered_Society_vs_Union_Of_India_Ors_on_3_August_1999_1.PDF,Corruption,AIR 1968 SC 700,,,UNRESOLVED
Common_Cause_A_Registered_Society_vs_Union_Of_India_Ors_on_3_August_1999_1.PDF,Corruption,AIR 1953 SC 478,,,UNRESOLVED
Common_Cause_A_Registered_Society_vs_Union_Of_India_Ors_on_3_August_1999_1.PDF,Corruption,AIR 1996 SC 2452,,,UNRESOLVED
Common_Cause_A_Registered_Society_vs_Union_Of_India_Ors_on_3_August_1999_1.PDF,Corruption,AIR 1962 SC 1821,,,UNRESOLVED
Common_Cause_A_Registered_Society_vs_Union_Of_India_Ors_on_3_August_1999_1.PDF,Corruption,AIR 1983 SC 803,,,UNRESOLVED
Common_Cause_A_Registered_Society_vs_Union_Of_India_Ors_on_3_August_1999_1.PDF,Corruption,AIR 1981 SC 746,,,UNRESOLVED
Common_Cause_A_Registered_Society_vs_Union_Of_India_Ors_on_3_August_1999_1.PDF,Corruption,AIR 1986 SC 180,,,UNRESOLVED
Common_Cause_A_Registered_Society_vs_Union_Of_India_Ors_on_3_August_1999_1.PDF,Corruption,AIR 1991 SC 101,,,UNRESOLVED
Common_Cause_A_Registered_Society_vs_Union_Of_India_Ors_on_3_August_1999_1.PDF,Corruption,AIR 1963 SC 1295,,,UNRESOLVED
Common_Cause_A_Registered_Society_vs_Union_Of_India_Ors_on_3_August_1999_1.PDF,Corruption,AIR 1998 SC 1895,,,UNRESOLVED
Common_Cause_A_Registered_Society_vs_Union_Of_India_Ors_on_3_August_1999_1.PDF,Corruption,SCC 1996 6 530,,,UNRESOLVED
Common_Cause_A_Registered_Society_vs_Union_Of_India_Ors_on_3_August_1999_1.PDF,Corruption,SCC 1996 6 593,,,UNRESOLVED
Common_Cause_A_Registered_Society_vs_Union_Of_India_Ors_on_3_August_1999_1.PDF,Corruption,SCC 1974 4 788,,,UNRESOLVED
Common_Cause_A_Registered_Society_vs_Union_Of_India_Ors_on_3_August_1999_1.PDF,Corruption,SCC 1982 1 39,,,UNRESOLVED
Common_Cause_A_Registered_Society_vs_Union_Of_India_Ors_on_3_August_1999_1.PDF,Corruption,SCC 1974 2 832,,,UNRESOLVED
Common_Cause_A_Registered_Society_vs_Union_Of_India_Ors_on_3_August_1999_1.PDF,Corruption,SCC 1970 1 411,,,UNRESOLVED
Common_Cause_A_Registered_Society_vs_Union_Of_India_Ors_on_3_August_1999_1.PDF,Corruption,SCC 1986 1 264,,,UNRESOLVED
Common_Cause_A_Registered_Society_vs_Union_Of_India_Ors_on_3_August_1999_1.PDF,Corruption,SCC 1994 6 651,Tata_Cellular_vs_Union_Of_India_on_26_July_1994_1.PDF,,OUTSIDE_DOMAINS
Common_Cause_A_Registered_Society_vs_Union_Of_India_Ors_on_3_August_1999_1.PDF,Corruption,SCC 1977 3 457,,,UNRESOLVED
Common_Cause_A_Registered_Society_vs_Union_Of_India_Ors_on_3_August_1999_1.PDF,Corruption,SCC 1983 3 379,,,UNRESOLVED
Common_Cause_A_Registered_Society_vs_Union_Of_India_Ors_on_3_August_1999_1.PDF,Corruption,SCC 1994 4 104,Asstt_Excise_Commissioner_vs_Issac_Peter_on_22_February_1994_1.PDF,,OUTSIDE_DOMAINS
Common_Cause_A_Registered_Society_vs_Union_Of_India_Ors_on_3_August_1999_1.PDF,Corruption,SCC 1990 3 752,,,UNRESOLVED
Common_Cause_A_Registered_Society_vs_Union_Of_India_Ors_on_3_August_1999_1.PDF,Corruption,SCC 1974 4 3,,,UNRESOLVED
Common_Cause_A_Registered_Society_vs_Union_Of_India_Ors_on_3_August_1999_1.PDF,Corruption,SCC 1978 1 248,Mrs_Maneka_Gandhi_vs_Union_Of_India_Uoi_And_Anr_on_25_January_1978_1.PDF,Organized Crime / Extortion,CROSS_DOMAIN
Common_Cause_A_Registered_Society_vs_Union_Of_India_Ors_on_3_August_1999_1.PDF,Corruption,SCC 1981 1 722,,,UNRESOLVED
Common_Cause_A_Registered_Society_vs_Union_Of_India_Ors_on_3_August_1999_1.PDF,Corruption,SCC 1979 3 489,,,UNRESOLVED
Common_Cause_A_Registered_Society_vs_Union_Of_India_Ors_on_3_August_1999_1.PDF,Corruption,SCC 1989 3 293,,,UNRESOLVED
Common_Cause_A_Registered_Society_vs_Union_Of_India_Ors_on_3_August_1999_1.PDF,Corruption,SCC 1983 4 141,,,UNRESOLVED
Common_Cause_A_Registered_Society_vs_Union_Of_India_Ors_on_3_August_1999_1.PDF,Corruption,SCC 1985 4 677,,,UNRESOLVED
Common_Cause_A_Registered_Society_vs_Union_Of_India_Ors_on_3_August_1999_1.PDF,Corruption,SCC 1987 1 265,,,UNRESOLVED
Common_Cause_A_Registered_Society_vs_Union_Of_India_Ors_on_3_August_1999_1.PDF,Corruption,SCC 1989 4 730,Peoples__Union_For_Democratic_Rights_vs_Police_Commissioner_Delhi_Police_on_13_January_1989.PDF,,OUTSIDE_DOMAINS
Common_Cause_A_Registered_Society_vs_Union_Of_India_Ors_on_3_August_1999_1.PDF,Corruption,SCC 1990 1 422,,,UNRESOLVED
Common_Cause_A_Registered_Society_vs_Union_Of_India_Ors_on_3_August_1999_1.PDF,Corruption,SCC 1994 6 565,Arvinder_Singh_Bagga_vs_State_If_U_P_on_6_October_1994_1.PDF,,OUTSIDE_DOMAINS
Common_Cause_A_Registered_Society_vs_Union_Of_India_Ors_on_3_August_1999_1.PDF,Corruption,SCC 1995 3 702,,,UNRESOLVED
Common_Cause_A_Registered_Society_vs_Union_Of_India_Ors_on_3_August_1999_1.PDF,Corruption,SCC 1997 1 416,,,UNRESOLVED
Common_Cause_A_Registered_Society_vs_Union_Of_India_Ors_on_3_August_1999_1.PDF,Corruption,SCC 1993 2 746,,,UNRESOLVED
Common_Cause_A_Registered_Society_vs_Union_Of_India_Ors_on_3_August_1999_1.PDF,Corruption,SCC 1995 4 262,,,UNRESOLVED
Common_Cause_A_Registered_Society_vs_Union_Of_India_Ors_on_3_August_1999_1.PDF,Corruption,SCC 1997 3 433,,,UNRESOLVED
Common_Cause_A_Registered_Society_vs_Union_Of_India_Ors_on_3_August_1999_1.PDF,Corruption,SCC 1991 3 482,Supreme_Court_Legal_Aid_Committee_vs_State_Of_Bihar_And_Ors_on_4_March_1991_1.PDF,,OUTSIDE_DOMAINS
Common_Cause_A_Registered_Society_vs_Union_Of_India_Ors_on_3_August_1999_1.PDF,Corruption,SCC 1994 3 430,Dr_Jacob_George_vs_State_Of_Kerala_on_13_April_1994_1.PDF,,OUTSIDE_DOMAINS
Common_Cause_A_Registered_Society_vs_Union_Of_India_Ors_on_3_August_1999_1.PDF,Corruption,SCC 1996 4 37,Paschim_Banga_Khet_Mazdoorsamity_Of_Ors_vs_State_Of_West_Bengal_Anr_on_6_May_1996_1.PDF,,OUTSIDE_DOMAINS
Common_Cause_A_Registered_Society_vs_Union_Of_India_Ors_on_3_August_1999_1.PDF,Corruption,SCC 1997 6 370,,,UNRESOLVED
Common_Cause_A_Registered_Society_vs_Union_Of_India_Ors_on_3_August_1999_1.PDF,Corruption,SCC 1994 6 205,N_Nagendra_Rao_Co_vs_State_Of_A_P_on_6_September_1994_1.PDF,,OUTSIDE_DOMAINS
Common_Cause_A_Registered_Society_vs_Union_Of_India_Ors_on_3_August_1999_1.PDF,Corruption,SCC 1987 1 395,,,UNRESOLVED
Common_Cause_A_Registered_Society_vs_Union_Of_India_Ors_on_3_August_1999_1.PDF,Corruption,SCC 1984 3 82,Sebastian_M_Hongray_vs_Union_Of_India_Uoi_on_23_April_1984_1.PDF,,OUTSIDE_DOMAINS
Common_Cause_A_Registered_Society_vs_Union_Of_India_Ors_on_3_August_1999_1.PDF,Corruption,SCC 1994 6 205,N_Nagendra_Rao_Co_vs_State_Of_A_P_on_6_September_1994_1.PDF,,OUTSIDE_DOMAINS
Common_Cause_A_Registered_Society_vs_Union_Of_India_Ors_on_3_August_1999_1.PDF,Corruption,SCC 1974 1 690,,,UNRESOLVED
Common_Cause_A_Registered_Society_vs_Union_Of_India_Ors_on_3_August_1999_1.PDF,Corruption,SCC 1994 1 243,Lucknow_Development_Authority_vs_M_K_Gupta_on_5_November_1993_1.PDF,,OUTSIDE_DOMAINS
Common_Cause_A_Registered_Society_vs_Union_Of_India_Ors_on_3_August_1999_1.PDF,Corruption,SCC 1994 1 243,Lucknow_Development_Authority_vs_M_K_Gupta_on_5_November_1993_1.PDF,,OUTSIDE_DOMAINS
Common_Cause_A_Registered_Society_vs_Union_Of_India_Ors_on_3_August_1999_1.PDF,Corruption,SCC 1993 2 746,,,UNRESOLVED
Common_Cause_A_Registered_Society_vs_Union_Of_India_Ors_on_3_August_1999_1.PDF,Corruption,SCC 1997 1 388,,,UNRESOLVED
Common_Cause_A_Registered_Society_vs_Union_Of_India_Ors_on_3_August_1999_1.PDF,Corruption,SCC 1997 2 397,,,UNRESOLVED
Common_Cause_A_Registered_Society_vs_Union_Of_India_Ors_on_3_August_1999_1.PDF,Corruption,SCC 1985 2 370,,,UNRESOLVED
Common_Cause_A_Registered_Society_vs_Union_Of_India_Ors_on_3_August_1999_1.PDF,Corruption,SCC 1996 5 591,,,UNRESOLVED
Common_Cause_A_Registered_Society_vs_Union_Of_India_Ors_on_3_August_1999_1.PDF,Corruption,SCC 1983 3 387,,,UNRESOLVED
Common_Cause_A_Registered_Society_vs_Union_Of_India_Ors_on_3_August_1999_1.PDF,Corruption,SCC 1981 1 608,,,UNRESOLVED
Common_Cause_A_Registered_Society_vs_Union_Of_India_Ors_on_3_August_1999_1.PDF,Corruption,SCC 1985 3 545,,,UNRESOLVED
Common_Cause_A_Registered_Society_vs_Union_Of_India_Ors_on_3_August_1999_1.PDF,Corruption,SCC 1998 4 409,,,UNRESOLVED
Common_Cause_A_Registered_Society_vs_Union_Of_India_Ors_on_3_August_1999_1.PDF,Corruption,SCR 1975 1 814,,,UNRESOLVED
Common_Cause_A_Registered_Society_vs_Union_Of_India_Ors_on_3_August_1999_1.PDF,Corruption,SCR 1955 2 225,Rai_Sahib_Ram_Jawaya_Kapur_And_Ors_vs_The_State_Of_Punjab_on_12_April_1955_1.PDF,,OUTSIDE_DOMAINS
Common_Cause_A_Registered_Society_vs_Union_Of_India_Ors_on_3_August_1999_1.PDF,Corruption,SCR 1967 2 454,,,UNRESOLVED
Common_Cause_A_Registered_Society_vs_Union_Of_India_Ors_on_3_August_1999_1.PDF,Corruption,SCR 1974 3 624,,,UNRESOLVED
Common_Cause_A_Registered_Society_vs_Union_Of_India_Ors_on_3_August_1999_1.PDF,Corruption,SCR 1964 5 294,,,UNRESOLVED
Common_Cause_A_Registered_Society_vs_Union_Of_India_Ors_on_3_August_1999_1.PDF,Corruption,SCR 1982 1 1137,,,UNRESOLVED
Common_Cause_A_Registered_Society_vs_Union_Of_India_Ors_on_3_August_1999_1.PDF,Corruption,SCR 1975 1 814,,,UNRESOLVED
Common_Cause_A_Registered_Society_vs_Union_Of_India_Ors_on_3_August_1999_1.PDF,Corruption,SCR 1971 3 461,,,UNRESOLVED
Common_Cause_A_Registered_Society_vs_Union_Of_India_Ors_on_3_August_1999_1.PDF,Corruption,SCR 1964 3 164,Union_Of_India_Uoi_vs_A_L_Rallia_Ram_on_19_April_1963_1.PDF,,OUTSIDE_DOMAINS
Common_Cause_A_Registered_Society_vs_Union_Of_India_Ors_on_3_August_1999_1.PDF,Corruption,SCR 1968 3 214,,,UNRESOLVED
Common_Cause_A_Registered_Society_vs_Union_Of_India_Ors_on_3_August_1999_1.PDF,Corruption,SCR 1964 2 859,The_New_Marine_Coal_Co_Bengal_Private_vs_Union_Of_India_Uoi_on_5_April_1963_1.PDF,,OUTSIDE_DOMAINS
Common_Cause_A_Registered_Society_vs_Union_Of_India_Ors_on_3_August_1999_1.PDF,Corruption,SCR 1977 3 249,,,UNRESOLVED
Common_Cause_A_Registered_Society_vs_Union_Of_India_Ors_on_3_August_1999_1.PDF,Corruption,SCR 1994 2 67,,,UNRESOLVED
Common_Cause_A_Registered_Society_vs_Union_Of_India_Ors_on_3_August_1999_1.PDF,Corruption,SCR 1990 1 818,,,UNRESOLVED
Common_Cause_A_Registered_Society_vs_Union_Of_India_Ors_on_3_August_1999_1.PDF,Corruption,SCR 1974 2 348,,,UNRESOLVED
Common_Cause_A_Registered_Society_vs_Union_Of_India_Ors_on_3_August_1999_1.PDF,Corruption,SCR 1978 2 621,Mrs_Maneka_Gandhi_vs_Union_Of_India_Uoi_And_Anr_on_25_January_1978_1.PDF,Organized Crime / Extortion,CROSS_DOMAIN
Common_Cause_A_Registered_Society_vs_Union_Of_India_Ors_on_3_August_1999_1.PDF,Corruption,SCR 1981 2 79,,,UNRESOLVED
Common_Cause_A_Registered_Society_vs_Union_Of_India_Ors_on_3_August_1999_1.PDF,Corruption,SCR 1979 3 1014,,,UNRESOLVED
Common_Cause_A_Registered_Society_vs_Union_Of_India_Ors_on_3_August_1999_1.PDF,Corruption,SCR 1989 2 751,,,UNRESOLVED
Common_Cause_A_Registered_Society_vs_Union_Of_India_Ors_on_3_August_1999_1.PDF,Corruption,SCR 1983 3 508,,,UNRESOLVED
Common_Cause_A_Registered_Society_vs_Union_Of_India_Ors_on_3_August_1999_1.PDF,Corruption,SCR 1987 1 631,,,UNRESOLVED
Common_Cause_A_Registered_Society_vs_Union_Of_India_Ors_on_3_August_1999_1.PDF,Corruption,SCR 1993 2 581,,,UNRESOLVED
Common_Cause_A_Registered_Society_vs_Union_Of_India_Ors_on_3_August_1999_1.PDF,Corruption,SCR 1950 621,Province_Of_Bombay_vs_Kusaldas_S_Advani_And_Others_on_15_September_1950_1.PDF,,OUTSIDE_DOMAINS
Common_Cause_A_Registered_Society_vs_Union_Of_India_Ors_on_3_August_1999_1.PDF,Corruption,SCR 1965 1 375,,,UNRESOLVED
Common_Cause_A_Registered_Society_vs_Union_Of_India_Ors_on_3_August_1999_1.PDF,Corruption,SCR 1960 2 942,,,UNRESOLVED
Common_Cause_A_Registered_Society_vs_Union_Of_India_Ors_on_3_August_1999_1.PDF,Corruption,SCR 1986 1 585,,,UNRESOLVED
Common_Cause_A_Registered_Society_vs_Union_Of_India_Ors_on_3_August_1999_1.PDF,Corruption,SCR 1963 1 253,,,UNRESOLVED
Common_Cause_A_Registered_Society_vs_Union_Of_India_Ors_on_3_August_1999_1.PDF,Corruption,SCR 1983 3 327,,,UNRESOLVED
Common_Cause_A_Registered_Society_vs_Union_Of_India_Ors_on_3_August_1999_1.PDF,Corruption,SCR 1981 2 516,,,UNRESOLVED
Common_Cause_A_Registered_Society_vs_Union_Of_India_Ors_on_3_August_1999_1.PDF,Corruption,SCR 1964 1 332,,,UNRESOLVED
State_Of_H1Machal_Pradesh_vs_Jai_Lal_And_Ors_on_13_September_1999_1.PDF,Corruption,AIR 1959 SC 488,,,UNRESOLVED
State_Of_Kerala_vs_V_Padmanabhan_Nair_on_14_July_1999_1.PDF,Corruption,SCR 1999 3 864,,,UNRESOLVED
K_K_Patel_And_Anr_vs_State_Of_Gujarat_And_Anr_on_12_May_2000_1.PDF,Corruption,AIR 1963 SC 849,,,UNRESOLVED
K_K_Patel_And_Anr_vs_State_Of_Gujarat_And_Anr_on_12_May_2000_1.PDF,Corruption,AIR 1966 SC 1783,,,UNRESOLVED
K_K_Patel_And_Anr_vs_State_Of_Gujarat_And_Anr_on_12_May_2000_1.PDF,Corruption,AIR 1966 SC 1786,,,UNRESOLVED
K_K_Patel_And_Anr_vs_State_Of_Gujarat_And_Anr_on_12_May_2000_1.PDF,Corruption,SCC 1977 4 137,,,UNRESOLVED
K_K_Patel_And_Anr_vs_State_Of_Gujarat_And_Anr_on_12_May_2000_1.PDF,Corruption,SCC 1977 4 551,,,UNRESOLVED
K_K_Patel_And_Anr_vs_State_Of_Gujarat_And_Anr_on_12_May_2000_1.PDF,Corruption,SCC 1999 3 134,,,UNRESOLVED
K_K_Patel_And_Anr_vs_State_Of_Gujarat_And_Anr_on_12_May_2000_1.PDF,Corruption,SCR 1980 2 380,,,UNRESOLVED
Madhukar_Bhaskarrao_Joshi_vs_State_Of_Maharashtra_on_9_November_2000_1.PDF,Corruption,AIR 1991 SC 279,Balaram_Swain_vs_State_Of_Orissa_on_13_November_1990_1.PDF,Corruption,INTERNAL
Madhukar_Bhaskarrao_Joshi_vs_State_Of_Maharashtra_on_9_November_2000_1.PDF,Corruption,SCC 1995 3 351,M_O_Shamsudhin_vs_State_Of_Kerala_on_21_March_1995_1.PDF,Corruption,INTERNAL
State_Of_Madhya_Pradesh_Ors_vs_Shri_Ram_Singh_on_1_February_2000_1.PDF,Corruption,AIR 1955 SC 196,,,UNRESOLVED
State_Of_Madhya_Pradesh_Ors_vs_Shri_Ram_Singh_on_1_February_2000_1.PDF,Corruption,AIR 1944 PC 73,,,UNRESOLVED
State_Of_Madhya_Pradesh_Ors_vs_Shri_Ram_Singh_on_1_February_2000_1.PDF,Corruption,AIR 1950 PC 26,,,UNRESOLVED
State_Of_Madhya_Pradesh_vs_Mohanlal_Soni_on_19_July_2000_1.PDF,Corruption,SCC 1990 4 76,,,UNRESOLVED
State_Of_Madhya_Pradesh_vs_Mohanlal_Soni_on_19_July_2000_1.PDF,Corruption,SCC 1977 4 39,,,UNRESOLVED
State_Of_Madhya_Pradesh_vs_Mohanlal_Soni_on_19_July_2000_1.PDF,Corruption,SCC 1979 3 4,Union_Of_India_Uoi_vs_Prafulla_Kumar_Samal_And_Anr_on_6_November_1978_1.PDF,,OUTSIDE_DOMAINS
State_Of_Madhya_Pradesh_vs_Mohanlal_Soni_on_19_July_2000_1.PDF,Corruption,SCC 1979 4 274,,,UNRESOLVED
B_R_Kapoor_vs_State_Of_Tamil_Nadu_And_Anr_on_21_September_2001_1.PDF,Corruption,SCR 1981 1 206,Minerva_Mills_Ltd_And_Ors_vs_Union_Of_India_Uoi_And_Ors_on_9_May_1980_1.PDF,,OUTSIDE_DOMAINS
C_B_I_A_H_D_Patna_vs_Braj_Bhushan_Prasad_Ors_on_5_October_2001_1.PDF,Corruption,AIR 1959 KERALA 311,,,UNRESOLVED
C_B_I_A_H_D_Patna_vs_Braj_Bhushan_Prasad_Ors_on_5_October_2001_1.PDF,Corruption,SCR 1962 3 259,,,UNRESOLVED
C_B_I_A_H_D_Patna_vs_Braj_Bhushan_Prasad_Ors_on_5_October_2001_1.PDF,Corruption,SCR 1962 2 101,Purushottamdas_Dalmia_vs_The_State_Of_West_Bengal_on_19_April_1961_1.PDF,Financial Fraud,CROSS_DOMAIN
C_B_I_A_H_D_Patna_vs_Braj_Bhushan_Prasad_Ors_on_5_October_2001_1.PDF,Corruption,SCR 1962 2 116,,,UNRESOLVED
Harshad_S_Mehta_Ors_vs_The_State_Of_Maharashtra_on_6_September_2001_1.PDF,Corruption,AIR 1982 SC 149,S_P_Gupta_vs_President_Of_India_And_Ors_on_30_December_1981_1.PDF,Organized Crime / Extortion,CROSS_DOMAIN
Harshad_S_Mehta_Ors_vs_The_State_Of_Maharashtra_on_6_September_2001_1.PDF,Corruption,AIR 1961 SC 1170,,,UNRESOLVED
Harshad_S_Mehta_Ors_vs_The_State_Of_Maharashtra_on_6_September_2001_1.PDF,Corruption,AIR 1956 SC 116,,,UNRESOLVED
Harshad_S_Mehta_Ors_vs_The_State_Of_Maharashtra_on_6_September_2001_1.PDF,Corruption,SCC 1973 1 751,,,UNRESOLVED
Harshad_S_Mehta_Ors_vs_The_State_Of_Maharashtra_on_6_September_2001_1.PDF,Corruption,SCR 1968 1 695,,,UNRESOLVED
Harshad_S_Mehta_Ors_vs_The_State_Of_Maharashtra_on_6_September_2001_1.PDF,Corruption,SCR 1979 3 928,,,UNRESOLVED
Harshad_S_Mehta_Ors_vs_The_State_Of_Maharashtra_on_6_September_2001_1.PDF,Corruption,SCR 1994 1 445,,,UNRESOLVED
P_K_Pradhan_vs_The_State_Of_Sikkim_Represented_By_The_on_24_July_2001_1.PDF,Corruption,SCC 1998 1 205,,,UNRESOLVED
P_K_Pradhan_vs_The_State_Of_Sikkim_Represented_By_The_on_24_July_2001_1.PDF,Corruption,SCC 2000 8 500,,,UNRESOLVED
P_K_Pradhan_vs_The_State_Of_Sikkim_Represented_By_The_on_24_July_2001_1.PDF,Corruption,SCR 1955 1 1177,,,UNRESOLVED
P_K_Pradhan_vs_The_State_Of_Sikkim_Represented_By_The_on_24_July_2001_1.PDF,Corruption,SCR 1955 1 1302,,,UNRESOLVED
P_K_Pradhan_vs_The_State_Of_Sikkim_Represented_By_The_on_24_July_2001_1.PDF,Corruption,SCR 1955 2 925,,,UNRESOLVED
P_K_Pradhan_vs_The_State_Of_Sikkim_Represented_By_The_on_24_July_2001_1.PDF,Corruption,SCR 1966 1 210,,,UNRESOLVED
P_K_Pradhan_vs_The_State_Of_Sikkim_Represented_By_The_on_24_July_2001_1.PDF,Corruption,SCR 1960 2 89,,,UNRESOLVED
P_K_Pradhan_vs_The_State_Of_Sikkim_Represented_By_The_on_24_July_2001_1.PDF,Corruption,SCR 1957 423,Om_Prakash_Gupta_vs_State_Of_U_P_With_Connected_Appeals_on_11_January_1957_1.PDF,Corruption; Financial Fraud,INTERNAL
Rambhau_Anr_vs_State_Of_Maharashtra_on_26_April_2001_1.PDF,Corruption,AIR 1965 SC 1887,,,UNRESOLVED
Rambhau_Anr_vs_State_Of_Maharashtra_on_26_April_2001_1.PDF,Corruption,AIR 1966 SC 529,,,UNRESOLVED
Central_Bureau_Of_Investigation_vs_R_S_Pai_And_Another_on_3_April_2002_1.PDF,Corruption,SCR 1958 283,,,UNRESOLVED
Commissioner_Of_Customs_Mumbai_vs_M_S_Virgo_Steels_Bombay_Anr_on_4_April_2002_1.PDF,Corruption,AIR 1947 PC 197,,,UNRESOLVED
Commissioner_Of_Customs_Mumbai_vs_M_S_Virgo_Steels_Bombay_Anr_on_4_April_2002_1.PDF,Corruption,SCR 1964 6 1001,,,UNRESOLVED
Dilawar_Balu_Kurane_vs_State_Of_Maharashtra_on_8_January_2002_1.PDF,Corruption,SCC 1979 3 5,,,UNRESOLVED
P_Ramachandra_Rao_vs_State_Of_Karnataka_on_16_April_2002_1.PDF,Corruption,SCC 1998 7 507,,,UNRESOLVED
P_Ramachandra_Rao_vs_State_Of_Karnataka_on_16_April_2002_1.PDF,Corruption,SCC 1999 7 604,,,UNRESOLVED
P_Ramachandra_Rao_vs_State_Of_Karnataka_on_16_April_2002_1.PDF,Corruption,SCC 1992 1 225,,,UNRESOLVED
P_Ramachandra_Rao_vs_State_Of_Karnataka_on_16_April_2002_1.PDF,Corruption,SCC 1978 1 248,Mrs_Maneka_Gandhi_vs_Union_Of_India_Uoi_And_Anr_on_25_January_1978_1.PDF,Organized Crime / Extortion,CROSS_DOMAIN
P_Ramachandra_Rao_vs_State_Of_Karnataka_on_16_April_2002_1.PDF,Corruption,SCC 1980 1 81,,,UNRESOLVED
P_Ramachandra_Rao_vs_State_Of_Karnataka_on_16_April_2002_1.PDF,Corruption,SCC 1992 1 225,,,UNRESOLVED
P_Ramachandra_Rao_vs_State_Of_Karnataka_on_16_April_2002_1.PDF,Corruption,SCC 1996 4 32,,,UNRESOLVED
P_Ramachandra_Rao_vs_State_Of_Karnataka_on_16_April_2002_1.PDF,Corruption,SCC 1999 7 604,,,UNRESOLVED
P_Ramachandra_Rao_vs_State_Of_Karnataka_on_16_April_2002_1.PDF,Corruption,SCC 1994 3 569,Kartar_Singh_vs_State_Of_Punjab_on_11_March_1994_1.PDF,Corruption; Organized Crime / Extortion,INTERNAL
P_Ramachandra_Rao_vs_State_Of_Karnataka_on_16_April_2002_1.PDF,Corruption,SCC 1994 3 569,Kartar_Singh_vs_State_Of_Punjab_on_11_March_1994_1.PDF,Corruption; Organized Crime / Extortion,INTERNAL
P_Ramachandra_Rao_vs_State_Of_Karnataka_on_16_April_2002_1.PDF,Corruption,SCC 1992 1 225,,,UNRESOLVED
P_Ramachandra_Rao_vs_State_Of_Karnataka_on_16_April_2002_1.PDF,Corruption,SCC 1996 4 33,,,UNRESOLVED
P_Ramachandra_Rao_vs_State_Of_Karnataka_on_16_April_2002_1.PDF,Corruption,SCC 1996 6 775,,,UNRESOLVED
P_Ramachandra_Rao_vs_State_Of_Karnataka_on_16_April_2002_1.PDF,Corruption,SCC 1998 7 507,,,UNRESOLVED
P_Ramachandra_Rao_vs_State_Of_Karnataka_on_16_April_2002_1.PDF,Corruption,SCC 1999 7 604,,,UNRESOLVED
State_Of_Punjab_vs_Harnek_Singh_on_15_February_2002_1.PDF,Corruption,AIR 1967 SC 1742,,,UNRESOLVED
State_Of_Punjab_vs_Harnek_Singh_on_15_February_2002_1.PDF,Corruption,AIR 1961 SC 41,,,UNRESOLVED
State_Of_Punjab_vs_Harnek_Singh_on_15_February_2002_1.PDF,Corruption,AIR 1972 SC 2066,,,UNRESOLVED
State_Of_Punjab_vs_Harnek_Singh_on_15_February_2002_1.PDF,Corruption,AIR 1961 SC 838,,,UNRESOLVED
State_Of_Punjab_vs_Harnek_Singh_on_15_February_2002_1.PDF,Corruption,SCR 1961 1 305,,,UNRESOLVED
Subash_Parbat_Sonvane_vs_State_Of_Gujarat_on_24_April_2002_1.PDF,Corruption,SCC 1995 3 567,,,UNRESOLVED
Subash_Parbat_Sonvane_vs_State_Of_Gujarat_on_24_April_2002_1.PDF,Corruption,SCC 1997 9 477,,,UNRESOLVED
Subash_Parbat_Sonvane_vs_State_Of_Gujarat_on_24_April_2002_1.PDF,Corruption,SCR 1956 183,,,UNRESOLVED
Dy_Chief_Controller_Of_Imports_vs_Roshanlal_Agarwal_Ors_on_5_March_2003_1.PDF,Corruption,AIR 2000 SC 1456,,,UNRESOLVED
Dy_Chief_Controller_Of_Imports_vs_Roshanlal_Agarwal_Ors_on_5_March_2003_1.PDF,Corruption,AIR 2000 SC 522,,,UNRESOLVED
N_C_Dhoundial_vs_Union_Of_India_Ors_on_11_December_2003_1.PDF,Corruption,AIR 1975 SC 171,,,UNRESOLVED
N_C_Dhoundial_vs_Union_Of_India_Ors_on_11_December_2003_1.PDF,Corruption,AIR 1959 SC 960,,,UNRESOLVED
N_C_Dhoundial_vs_Union_Of_India_Ors_on_11_December_2003_1.PDF,Corruption,SCC 1996 5 71,B_V_Nagaraju_vs_M_S_Oriental_Insurance_Co_on_20_May_1996_1.PDF,,OUTSIDE_DOMAINS
N_C_Dhoundial_vs_Union_Of_India_Ors_on_11_December_2003_1.PDF,Corruption,SCC 1999 2 131,,,UNRESOLVED
People_S_Union_Of_Civil_Liberties_vs_Union_Of_India_Anr_on_13_March_2003.PDF,Corruption,SCC 2002 5 294,,,UNRESOLVED
People_S_Union_Of_Civil_Liberties_vs_Union_Of_India_Anr_on_13_March_2003.PDF,Corruption,SCC 1975 4 428,,,UNRESOLVED
People_S_Union_Of_Civil_Liberties_vs_Union_Of_India_Anr_on_13_March_2003.PDF,Corruption,SCC 1997 4 306,,,UNRESOLVED
People_S_Union_Of_Civil_Liberties_vs_Union_Of_India_Anr_on_13_March_2003.PDF,Corruption,SCC 1993 4 234,Lily_Thomas_Ms_Advocate_vs_Speaker_Lok_Sabha_And_Ors_on_24_August_1993_1.PDF,,OUTSIDE_DOMAINS
People_S_Union_Of_Civil_Liberties_vs_Union_Of_India_Anr_on_13_March_2003.PDF,Corruption,SCC 1998 4 626,,,UNRESOLVED
People_S_Union_Of_Civil_Liberties_vs_Union_Of_India_Anr_on_13_March_2003.PDF,Corruption,SCC 1975 2 148,Gobind_vs_State_Of_Madhya_Pradesh_And_Anr_on_18_March_1975_1.PDF,,OUTSIDE_DOMAINS
People_S_Union_Of_Civil_Liberties_vs_Union_Of_India_Anr_on_13_March_2003.PDF,Corruption,SCC 2002 5 294,,,UNRESOLVED
People_S_Union_Of_Civil_Liberties_vs_Union_Of_India_Anr_on_13_March_2003.PDF,Corruption,SCR 1952 218,N_P_Ponnuswami_vs_Returning_Officer_on_21_January_1952_1.PDF,,OUTSIDE_DOMAINS
People_S_Union_Of_Civil_Liberties_vs_Union_Of_India_Anr_on_13_March_2003.PDF,Corruption,SCR 1982 3 318,,,UNRESOLVED
R_Balakrishna_Pillai_vs_State_Of_Kerala_on_28_February_2003_1.PDF,Corruption,AIR 1967 SC 1145,,,UNRESOLVED
R_Balakrishna_Pillai_vs_State_Of_Kerala_on_28_February_2003_1.PDF,Corruption,AIR 1974 SC 2192,,,UNRESOLVED
R_Balakrishna_Pillai_vs_State_Of_Kerala_on_28_February_2003_1.PDF,Corruption,AIR 1956 SC 476,,,UNRESOLVED
R_Balakrishna_Pillai_vs_State_Of_Kerala_on_28_February_2003_1.PDF,Corruption,SCC 1995 3 567,,,UNRESOLVED
R_Balakrishna_Pillai_vs_State_Of_Kerala_on_28_February_2003_1.PDF,Corruption,SCC 1997 9 477,,,UNRESOLVED
R_Balakrishna_Pillai_vs_State_Of_Kerala_on_28_February_2003_1.PDF,Corruption,SCR 2003 3 1149,,,UNRESOLVED
R_Balakrishna_Pillai_vs_State_Of_Kerala_on_28_February_2003_1.PDF,Corruption,SCR 1965 2 7,,,UNRESOLVED
R_Sai_Bharathi_vs_J_Jayalalitha_Ors_on_24_November_2003_1.PDF,Corruption,AIR 1923 PC 114,,,UNRESOLVED
R_Sai_Bharathi_vs_J_Jayalalitha_Ors_on_24_November_2003_1.PDF,Corruption,AIR 1990 AP 20,,,UNRESOLVED
State_Of_Andhra_Pradesh_vs_V_Vasudeva_Rao_on_13_November_2003_1.PDF,Corruption,AIR 1960 SC 548,,,UNRESOLVED
State_Of_Andhra_Pradesh_vs_V_Vasudeva_Rao_on_13_November_2003_1.PDF,Corruption,AIR 1964 SC 575,,,UNRESOLVED
State_Of_Andhra_Pradesh_vs_V_Vasudeva_Rao_on_13_November_2003_1.PDF,Corruption,AIR 1960 SC 548,,,UNRESOLVED
State_Of_Andhra_Pradesh_vs_V_Vasudeva_Rao_on_13_November_2003_1.PDF,Corruption,SCR 1958 580,The_State_Of_Madras_vs_A_Vaidyanatha_Iyer_on_26_September_1957_1.PDF,Corruption,INTERNAL
State_Of_Andhra_Pradesh_vs_V_Vasudeva_Rao_on_13_November_2003_1.PDF,Corruption,SCR 1968 3 766,,,UNRESOLVED
State_Of_Andhra_Pradesh_vs_V_Vasudeva_Rao_on_13_November_2003_1.PDF,Corruption,SCR 1966 3 736,,,UNRESOLVED
State_Of_H_P_vs_M_P_Gupta_on_9_December_2003_1.PDF,Corruption,AIR 1988 SC 257,,,UNRESOLVED
State_Of_H_P_vs_M_P_Gupta_on_9_December_2003_1.PDF,Corruption,AIR 1967 SC 776,,,UNRESOLVED
State_Of_H_P_vs_M_P_Gupta_on_9_December_2003_1.PDF,Corruption,AIR 1956 SC 44,,,UNRESOLVED
State_Of_H_P_vs_M_P_Gupta_on_9_December_2003_1.PDF,Corruption,AIR 1958 SC 107,,,UNRESOLVED
State_Of_H_P_vs_M_P_Gupta_on_9_December_2003_1.PDF,Corruption,AIR 1996 SC 901,,,UNRESOLVED
State_Of_H_P_vs_M_P_Gupta_on_9_December_2003_1.PDF,Corruption,SCR 1955 1 1177,,,UNRESOLVED
State_Of_H_P_vs_M_P_Gupta_on_9_December_2003_1.PDF,Corruption,SCR 1955 1 1302,,,UNRESOLVED
State_Of_Madhya_Pradesh_vs_Awadh_Kishore_Gupta_And_Ors_on_18_November_2003_1.PDF,Corruption,AIR 1960 SC 866,,,UNRESOLVED
State_Of_Madhya_Pradesh_vs_Awadh_Kishore_Gupta_And_Ors_on_18_November_2003_1.PDF,Corruption,AIR 1993 SC 892,Janata_Dal_vs_H_S_Chowdhary_And_Ors_on_28_August_1992_1.PDF,Corruption,INTERNAL
State_Of_Madhya_Pradesh_vs_Awadh_Kishore_Gupta_And_Ors_on_18_November_2003_1.PDF,Corruption,AIR 1964 SC 1,,,UNRESOLVED
State_Of_Madhya_Pradesh_vs_Awadh_Kishore_Gupta_And_Ors_on_18_November_2003_1.PDF,Corruption,AIR 1990 SC 494,,,UNRESOLVED
State_Of_Madhya_Pradesh_vs_Awadh_Kishore_Gupta_And_Ors_on_18_November_2003_1.PDF,Corruption,AIR 1999 SC 1216,,,UNRESOLVED
Union_Of_India_vs_Prakash_P_Hinduja_Anr_on_7_July_2003_1.PDF,Corruption,AIR 1960 SC 866,,,UNRESOLVED
Union_Of_India_vs_Prakash_P_Hinduja_Anr_on_7_July_2003_1.PDF,Corruption,AIR 1978 SC 47,,,UNRESOLVED
Union_Of_India_vs_Prakash_P_Hinduja_Anr_on_7_July_2003_1.PDF,Corruption,AIR 1983 SC 67,,,UNRESOLVED
Union_Of_India_vs_Prakash_P_Hinduja_Anr_on_7_July_2003_1.PDF,Corruption,AIR 1980 SC 258,,,UNRESOLVED
Union_Of_India_vs_Prakash_P_Hinduja_Anr_on_7_July_2003_1.PDF,Corruption,AIR 1992 SC 604,,,UNRESOLVED
Union_Of_India_vs_Prakash_P_Hinduja_Anr_on_7_July_2003_1.PDF,Corruption,AIR 1964 SC 221,,,UNRESOLVED
Union_Of_India_vs_Prakash_P_Hinduja_Anr_on_7_July_2003_1.PDF,Corruption,AIR 1945 PC 18,,,UNRESOLVED
Union_Of_India_vs_Prakash_P_Hinduja_Anr_on_7_July_2003_1.PDF,Corruption,AIR 1963 SC 447,,,UNRESOLVED
Union_Of_India_vs_Prakash_P_Hinduja_Anr_on_7_July_2003_1.PDF,Corruption,AIR 1968 SC 117,,,UNRESOLVED
Union_Of_India_vs_Prakash_P_Hinduja_Anr_on_7_July_2003_1.PDF,Corruption,AIR 1945 PC 18,,,UNRESOLVED
Union_Of_India_vs_Prakash_P_Hinduja_Anr_on_7_July_2003_1.PDF,Corruption,AIR 1944 SC 73,,,UNRESOLVED
Union_Of_India_vs_Prakash_P_Hinduja_Anr_on_7_July_2003_1.PDF,Corruption,AIR 1950 PC 26,,,UNRESOLVED
Union_Of_India_vs_Prakash_P_Hinduja_Anr_on_7_July_2003_1.PDF,Corruption,AIR 1992 SC 1546,State_Of_Jammu_Kashmir_vs_A_R_Zakki_And_Others_on_6_December_1991_1.PDF,,OUTSIDE_DOMAINS
Union_Of_India_vs_Prakash_P_Hinduja_Anr_on_7_July_2003_1.PDF,Corruption,AIR 1982 SC 710,A_K_Roy_Ors_vs_Union_Of_India_Uoi_And_Ors_on_28_December_1981_1.PDF,Organized Crime / Extortion,CROSS_DOMAIN
Union_Of_India_vs_Prakash_P_Hinduja_Anr_on_7_July_2003_1.PDF,Corruption,AIR 1948 PC 82,,,UNRESOLVED
Union_Of_India_vs_Prakash_P_Hinduja_Anr_on_7_July_2003_1.PDF,Corruption,AIR 1974 SC 183,,,UNRESOLVED
Union_Of_India_vs_Prakash_P_Hinduja_Anr_on_7_July_2003_1.PDF,Corruption,SCC 1989 4 187,,,UNRESOLVED
Union_Of_India_vs_Prakash_P_Hinduja_Anr_on_7_July_2003_1.PDF,Corruption,SCR 1955 1 1150,,,UNRESOLVED
Union_Of_India_vs_Prakash_P_Hinduja_Anr_on_7_July_2003_1.PDF,Corruption,SCR 1955 1150,,,UNRESOLVED
Madhya_Pradesh_Special_Police_vs_State_Of_Madhya_Pradesh_Ors_on_5_November_2004_1.PDF,Corruption,SCC 2000 1 182,,,UNRESOLVED
Madhya_Pradesh_Special_Police_vs_State_Of_Madhya_Pradesh_Ors_on_5_November_2004_1.PDF,Corruption,SCC 1997 2 745,Bhuri_Nath_And_Ors_vs_State_Of_J_K_And_Ors_on_10_January_1997_1.PDF,,OUTSIDE_DOMAINS
N_Bhargavan_Pillai_Dead_By_Lrs_And_vs_State_Of_Kerala_on_20_April_2004_1.PDF,Corruption,AIR 1996 SC 901,,,UNRESOLVED
State_Of_Andhra_Pradesh_vs_C_Uma_Maheswara_Rao_Anr_on_31_March_2004_1.PDF,Corruption,AIR 1960 SC 548,,,UNRESOLVED
State_Of_Andhra_Pradesh_vs_C_Uma_Maheswara_Rao_Anr_on_31_March_2004_1.PDF,Corruption,AIR 1964 SC 575,,,UNRESOLVED
State_Of_Andhra_Pradesh_vs_C_Uma_Maheswara_Rao_Anr_on_31_March_2004_1.PDF,Corruption,AIR 1960 SC 548,,,UNRESOLVED
State_Of_Andhra_Pradesh_vs_C_Uma_Maheswara_Rao_Anr_on_31_March_2004_1.PDF,Corruption,SCR 1958 580,The_State_Of_Madras_vs_A_Vaidyanatha_Iyer_on_26_September_1957_1.PDF,Corruption,INTERNAL
State_Of_Andhra_Pradesh_vs_C_Uma_Maheswara_Rao_Anr_on_31_March_2004_1.PDF,Corruption,SCR 1968 3 766,,,UNRESOLVED
State_Of_Andhra_Pradesh_vs_C_Uma_Maheswara_Rao_Anr_on_31_March_2004_1.PDF,Corruption,SCR 1966 3 736,,,UNRESOLVED
State_Through_S_P_New_Delhi_vs_Ratan_Lal_Arora_on_26_April_2004_1.PDF,Corruption,AIR 1979 SC 964,,,UNRESOLVED
State_Through_S_P_New_Delhi_vs_Ratan_Lal_Arora_on_26_April_2004_1.PDF,Corruption,AIR 1972 SC 1295,,,UNRESOLVED
State_Through_S_P_New_Delhi_vs_Ratan_Lal_Arora_on_26_April_2004_1.PDF,Corruption,AIR 1972 SC 1490,,,UNRESOLVED
State_Through_S_P_New_Delhi_vs_Ratan_Lal_Arora_on_26_April_2004_1.PDF,Corruption,AIR 1971 SC 454,,,UNRESOLVED
State_Through_S_P_New_Delhi_vs_Ratan_Lal_Arora_on_26_April_2004_1.PDF,Corruption,AIR 1966 SC 1995,,,UNRESOLVED
State_Through_S_P_New_Delhi_vs_Ratan_Lal_Arora_on_26_April_2004_1.PDF,Corruption,AIR 1979 SC 1271,,,UNRESOLVED
T_Shankar_Prasad_vs_State_Of_Andhra_Pradesh_on_12_January_2004_1.PDF,Corruption,AIR 1967 SC 1590,Madan_Lal_vs_State_Of_Punjab_on_5_April_1967_1.PDF,,OUTSIDE_DOMAINS
T_Shankar_Prasad_vs_State_Of_Andhra_Pradesh_on_12_January_2004_1.PDF,Corruption,AIR 1960 SC 548,,,UNRESOLVED
T_Shankar_Prasad_vs_State_Of_Andhra_Pradesh_on_12_January_2004_1.PDF,Corruption,AIR 1964 SC 575,,,UNRESOLVED
T_Shankar_Prasad_vs_State_Of_Andhra_Pradesh_on_12_January_2004_1.PDF,Corruption,AIR 1960 SC 548,,,UNRESOLVED
T_Shankar_Prasad_vs_State_Of_Andhra_Pradesh_on_12_January_2004_1.PDF,Corruption,AIR 1984 SC 1453,,,UNRESOLVED
T_Shankar_Prasad_vs_State_Of_Andhra_Pradesh_on_12_January_2004_1.PDF,Corruption,SCR 1958 580,The_State_Of_Madras_vs_A_Vaidyanatha_Iyer_on_26_September_1957_1.PDF,Corruption,INTERNAL
T_Shankar_Prasad_vs_State_Of_Andhra_Pradesh_on_12_January_2004_1.PDF,Corruption,SCR 1968 3 766,,,UNRESOLVED
T_Shankar_Prasad_vs_State_Of_Andhra_Pradesh_on_12_January_2004_1.PDF,Corruption,SCR 1966 3 736,,,UNRESOLVED
C_S_Krishnamurthy_vs_State_Of_Karnataka_on_29_March_2005_1.PDF,Corruption,AIR 1948 PC 83,,,UNRESOLVED
C_S_Krishnamurthy_vs_State_Of_Karnataka_on_29_March_2005_1.PDF,Corruption,SCC 1997 7 622,,,UNRESOLVED
C_S_Krishnamurthy_vs_State_Of_Karnataka_on_29_March_2005_1.PDF,Corruption,SCC 1998 9 268,State_Of_T_N_vs_M_M_Rajendran_on_5_February_1997_1.PDF,,OUTSIDE_DOMAINS
C_S_Krishnamurthy_vs_State_Of_Karnataka_on_29_March_2005_1.PDF,Corruption,SCR 1958 999,,,UNRESOLVED
Dilawar_Singh_vs_Parvinder_Singh_Iqbal_Singh_Anr_on_8_November_2005_1.PDF,Corruption,AIR 1967 SC 1167,,,UNRESOLVED
Dilawar_Singh_vs_Parvinder_Singh_Iqbal_Singh_Anr_on_8_November_2005_1.PDF,Corruption,AIR 1958 SC 124,,,UNRESOLVED
Dilawar_Singh_vs_Parvinder_Singh_Iqbal_Singh_Anr_on_8_November_2005_1.PDF,Corruption,AIR 1966 SC 828,,,UNRESOLVED
Dilawar_Singh_vs_Parvinder_Singh_Iqbal_Singh_Anr_on_8_November_2005_1.PDF,Corruption,AIR 1982 SC 882,,,UNRESOLVED
Dilawar_Singh_vs_Parvinder_Singh_Iqbal_Singh_Anr_on_8_November_2005_1.PDF,Corruption,AIR 1984 SC 1543,,,UNRESOLVED
Dilawar_Singh_vs_Parvinder_Singh_Iqbal_Singh_Anr_on_8_November_2005_1.PDF,Corruption,SCC 1998 6 551,,,UNRESOLVED
D_S_P_Chennai_vs_K_Inbasagaran_on_7_December_2005_1.PDF,Corruption,AIR 1960 SC 7,,,UNRESOLVED
D_S_P_Chennai_vs_K_Inbasagaran_on_7_December_2005_1.PDF,Corruption,AIR 1988 SC 88,,,UNRESOLVED
D_S_P_Chennai_vs_K_Inbasagaran_on_7_December_2005_1.PDF,Corruption,AIR 1960 SC 7,,,UNRESOLVED
D_S_P_Chennai_vs_K_Inbasagaran_on_7_December_2005_1.PDF,Corruption,SCC 1981 3 199,,,UNRESOLVED
D_S_P_Chennai_vs_K_Inbasagaran_on_7_December_2005_1.PDF,Corruption,SCC 1991 3 655,K_Veeraswami_vs_Union_Of_India_And_Others_on_25_July_1991_1.PDF,Corruption,INTERNAL
D_S_P_Chennai_vs_K_Inbasagaran_on_7_December_2005_1.PDF,Corruption,SCC 1999 6 559,,,UNRESOLVED
D_S_P_Chennai_vs_K_Inbasagaran_on_7_December_2005_1.PDF,Corruption,SCC 2004 2 731,,,UNRESOLVED
D_S_P_Chennai_vs_K_Inbasagaran_on_7_December_2005_1.PDF,Corruption,SCC 2004 1 691,,,UNRESOLVED
Romesh_Lal_Jain_vs_Naginder_Singh_Rana_Ors_on_28_October_2005_1.PDF,Corruption,AIR 2004 SC 2317,,,UNRESOLVED
Romesh_Lal_Jain_vs_Naginder_Singh_Rana_Ors_on_28_October_2005_1.PDF,Corruption,AIR 1956 SC 44,,,UNRESOLVED
Romesh_Lal_Jain_vs_Naginder_Singh_Rana_Ors_on_28_October_2005_1.PDF,Corruption,AIR 1939 FC 43,,,UNRESOLVED
Romesh_Lal_Jain_vs_Naginder_Singh_Rana_Ors_on_28_October_2005_1.PDF,Corruption,AIR 1966 SC 1786,,,UNRESOLVED
Romesh_Lal_Jain_vs_Naginder_Singh_Rana_Ors_on_28_October_2005_1.PDF,Corruption,SCC 2001 6 704,,,UNRESOLVED
Romesh_Lal_Jain_vs_Naginder_Singh_Rana_Ors_on_28_October_2005_1.PDF,Corruption,SCC 2004 2 349,,,UNRESOLVED
Romesh_Lal_Jain_vs_Naginder_Singh_Rana_Ors_on_28_October_2005_1.PDF,Corruption,SCC 2004 8 40,,,UNRESOLVED
Romesh_Lal_Jain_vs_Naginder_Singh_Rana_Ors_on_28_October_2005_1.PDF,Corruption,SCC 2004 8 31,,,UNRESOLVED
Romesh_Lal_Jain_vs_Naginder_Singh_Rana_Ors_on_28_October_2005_1.PDF,Corruption,SCC 2005 4 512,,,UNRESOLVED
Romesh_Lal_Jain_vs_Naginder_Singh_Rana_Ors_on_28_October_2005_1.PDF,Corruption,SCC 1983 1 11,,,UNRESOLVED
Romesh_Lal_Jain_vs_Naginder_Singh_Rana_Ors_on_28_October_2005_1.PDF,Corruption,SCC 1983 3 429,Manohar_Nath_Kaul_vs_State_Of_Jammu_Kashmir_on_19_April_1983_1.PDF,Financial Fraud,CROSS_DOMAIN
Romesh_Lal_Jain_vs_Naginder_Singh_Rana_Ors_on_28_October_2005_1.PDF,Corruption,SCC 1979 4 177,,,UNRESOLVED
Romesh_Lal_Jain_vs_Naginder_Singh_Rana_Ors_on_28_October_2005_1.PDF,Corruption,SCC 1972 3 89,Harihar_Prasad_Etc_vs_State_Of_Bihar_on_7_September_1971_1.PDF,Corruption; Financial Fraud,INTERNAL
Romesh_Lal_Jain_vs_Naginder_Singh_Rana_Ors_on_28_October_2005_1.PDF,Corruption,SCC 2000 8 500,,,UNRESOLVED
Romesh_Lal_Jain_vs_Naginder_Singh_Rana_Ors_on_28_October_2005_1.PDF,Corruption,SCC 2002 6 543,,,UNRESOLVED
Romesh_Lal_Jain_vs_Naginder_Singh_Rana_Ors_on_28_October_2005_1.PDF,Corruption,SCR 1955 1 1177,,,UNRESOLVED
Romesh_Lal_Jain_vs_Naginder_Singh_Rana_Ors_on_28_October_2005_1.PDF,Corruption,SCR 1955 1 1302,,,UNRESOLVED
Romesh_Lal_Jain_vs_Naginder_Singh_Rana_Ors_on_28_October_2005_1.PDF,Corruption,SCR 1955 2 925,,,UNRESOLVED
Romesh_Lal_Jain_vs_Naginder_Singh_Rana_Ors_on_28_October_2005_1.PDF,Corruption,SCR 1957 423,Om_Prakash_Gupta_vs_State_Of_U_P_With_Connected_Appeals_on_11_January_1957_1.PDF,Corruption; Financial Fraud,INTERNAL
Romesh_Lal_Jain_vs_Naginder_Singh_Rana_Ors_on_28_October_2005_1.PDF,Corruption,SCR 1966 1 210,,,UNRESOLVED
Salem_Advocate_Bar_Association_Tamil_vs_Union_Of_India_on_2_August_2005_1.PDF,Corruption,AIR 1965 SC 895,,,UNRESOLVED
Salem_Advocate_Bar_Association_Tamil_vs_Union_Of_India_on_2_August_2005_1.PDF,Corruption,AIR 1955 SC 425,,,UNRESOLVED
Salem_Advocate_Bar_Association_Tamil_vs_Union_Of_India_on_2_August_2005_1.PDF,Corruption,AIR 1961 SC 882,,,UNRESOLVED
Salem_Advocate_Bar_Association_Tamil_vs_Union_Of_India_on_2_August_2005_1.PDF,Corruption,SCC 2003 1 49,,,UNRESOLVED
Salem_Advocate_Bar_Association_Tamil_vs_Union_Of_India_on_2_August_2005_1.PDF,Corruption,SCC 2002 6 33,,,UNRESOLVED
Salem_Advocate_Bar_Association_Tamil_vs_Union_Of_India_on_2_August_2005_1.PDF,Corruption,SCC 2000 4 539,,,UNRESOLVED
State_Of_Goa_vs_Babu_Thomas_on_29_September_2005_1.PDF,Corruption,SCC 2004 7 763,,,UNRESOLVED
State_Of_Goa_vs_Babu_Thomas_on_29_September_2005_1.PDF,Corruption,SCC 1973 2 213,Shri_Durga_Dass_vs_State_Of_Himachal_Pradesh_on_10_April_1973_1.PDF,Corruption; Financial Fraud,INTERNAL
State_Of_Karnataka_Through_Cbi_vs_C_Nagarajaswamy_on_7_October_2005_1.PDF,Corruption,AIR 1966 SC 69,,,UNRESOLVED
State_Of_Karnataka_Through_Cbi_vs_C_Nagarajaswamy_on_7_October_2005_1.PDF,Corruption,SCC 1979 4 177,,,UNRESOLVED
State_Of_Karnataka_Through_Cbi_vs_C_Nagarajaswamy_on_7_October_2005_1.PDF,Corruption,SCC 2005 4 512,,,UNRESOLVED
State_Of_Karnataka_Through_Cbi_vs_C_Nagarajaswamy_on_7_October_2005_1.PDF,Corruption,SCC 2002 1 149,,,UNRESOLVED
State_Of_Karnataka_Through_Cbi_vs_C_Nagarajaswamy_on_7_October_2005_1.PDF,Corruption,SCC 2002 4 578,,,UNRESOLVED
State_Of_Karnataka_Through_Cbi_vs_C_Nagarajaswamy_on_7_October_2005_1.PDF,Corruption,SCR 1957 650,,,UNRESOLVED
State_Through_Inspector_Of_Police_A_P_vs_K_Narasimhachary_on_7_October_2005_1.PDF,Corruption,SCC 1970 3 451,R_J_Singh_Ahuluwalia_vs_The_State_Of_Delhi_on_7_September_1970_1.PDF,Corruption,INTERNAL
State_Through_Inspector_Of_Police_A_P_vs_K_Narasimhachary_on_7_October_2005_1.PDF,Corruption,SCC 1998 2 192,,,UNRESOLVED
State_Through_Inspector_Of_Police_A_P_vs_K_Narasimhachary_on_7_October_2005_1.PDF,Corruption,SCC 1979 4 172,,,UNRESOLVED
Union_Of_India_Thr_Inspector_Cbi_vs_Purnandu_Biswas_on_7_October_2005_1.PDF,Corruption,AIR 1954 SC 51,,,UNRESOLVED
Union_Of_India_Thr_Inspector_Cbi_vs_Purnandu_Biswas_on_7_October_2005_1.PDF,Corruption,SCC 1998 1 557,,,UNRESOLVED
Union_Of_India_Thr_Inspector_Cbi_vs_Purnandu_Biswas_on_7_October_2005_1.PDF,Corruption,SCC 2001 1 691,,,UNRESOLVED
G_M_Tank_vs_State_Of_Gujarat_Anr_on_10_April_2006_1.PDF,Corruption,AIR 1964 SC 787,,,UNRESOLVED
G_M_Tank_vs_State_Of_Gujarat_Anr_on_10_April_2006_1.PDF,Corruption,AIR 1984 SC 626,,,UNRESOLVED
G_M_Tank_vs_State_Of_Gujarat_Anr_on_10_April_2006_1.PDF,Corruption,AIR 1963 SC 1723,,,UNRESOLVED
G_M_Tank_vs_State_Of_Gujarat_Anr_on_10_April_2006_1.PDF,Corruption,SCC 1999 3 679,,,UNRESOLVED
G_M_Tank_vs_State_Of_Gujarat_Anr_on_10_April_2006_1.PDF,Corruption,SCC 2004 1 121,,,UNRESOLVED
G_M_Tank_vs_State_Of_Gujarat_Anr_on_10_April_2006_1.PDF,Corruption,SCC 2005 7 764,,,UNRESOLVED
G_M_Tank_vs_State_Of_Gujarat_Anr_on_10_April_2006_1.PDF,Corruption,SCC 1997 2 699,,,UNRESOLVED
G_M_Tank_vs_State_Of_Gujarat_Anr_on_10_April_2006_1.PDF,Corruption,SCC 2004 8 200,,,UNRESOLVED
G_M_Tank_vs_State_Of_Gujarat_Anr_on_10_May_2006_1.PDF,Corruption,AIR 1964 SC 787,,,UNRESOLVED
G_M_Tank_vs_State_Of_Gujarat_Anr_on_10_May_2006_1.PDF,Corruption,AIR 1984 SC 626,,,UNRESOLVED
G_M_Tank_vs_State_Of_Gujarat_Anr_on_10_May_2006_1.PDF,Corruption,AIR 1963 SC 1723,,,UNRESOLVED
G_M_Tank_vs_State_Of_Gujarat_Anr_on_10_May_2006_1.PDF,Corruption,SCC 1999 3 679,,,UNRESOLVED
G_M_Tank_vs_State_Of_Gujarat_Anr_on_10_May_2006_1.PDF,Corruption,SCC 2004 1 121,,,UNRESOLVED
G_M_Tank_vs_State_Of_Gujarat_Anr_on_10_May_2006_1.PDF,Corruption,SCC 2005 7 764,,,UNRESOLVED
G_M_Tank_vs_State_Of_Gujarat_Anr_on_10_May_2006_1.PDF,Corruption,SCC 1997 2 699,,,UNRESOLVED
G_M_Tank_vs_State_Of_Gujarat_Anr_on_10_May_2006_1.PDF,Corruption,SCC 2004 8 200,,,UNRESOLVED
Mohd_Yousuf_vs_Smt_Afaq_Jahan_Anr_on_2_January_2006_1.PDF,Corruption,AIR 1961 SC 986,,,UNRESOLVED
Mohd_Yousuf_vs_Smt_Afaq_Jahan_Anr_on_2_January_2006_1.PDF,Corruption,AIR 1950 CAL 437,,,UNRESOLVED
Mohd_Yousuf_vs_Smt_Afaq_Jahan_Anr_on_2_January_2006_1.PDF,Corruption,AIR 1959 SC 1118,,,UNRESOLVED
Mohd_Yousuf_vs_Smt_Afaq_Jahan_Anr_on_2_January_2006_1.PDF,Corruption,AIR 1959 SC 1118,,,UNRESOLVED
Mohd_Yousuf_vs_Smt_Afaq_Jahan_Anr_on_2_January_2006_1.PDF,Corruption,SCR 1951 312,R_R_Chari_vs_The_State_Of_Uttar_Pradesh_on_19_March_1951_1.PDF,Organized Crime / Extortion,CROSS_DOMAIN
Parkash_Singh_Badal_And_Anr_vs_State_Of_Punjab_And_Ors_on_6_December_2006_1.PDF,Corruption,AIR 1958 SC 107,,,UNRESOLVED
Parkash_Singh_Badal_And_Anr_vs_State_Of_Punjab_And_Ors_on_6_December_2006_1.PDF,Corruption,AIR 1988 SC 257,,,UNRESOLVED
Parkash_Singh_Badal_And_Anr_vs_State_Of_Punjab_And_Ors_on_6_December_2006_1.PDF,Corruption,AIR 1967 SC 776,,,UNRESOLVED
Parkash_Singh_Badal_And_Anr_vs_State_Of_Punjab_And_Ors_on_6_December_2006_1.PDF,Corruption,AIR 1956 SC 44,,,UNRESOLVED
Parkash_Singh_Badal_And_Anr_vs_State_Of_Punjab_And_Ors_on_6_December_2006_1.PDF,Corruption,AIR 1958 SC 107,,,UNRESOLVED
Parkash_Singh_Badal_And_Anr_vs_State_Of_Punjab_And_Ors_on_6_December_2006_1.PDF,Corruption,AIR 1956 SC 476,,,UNRESOLVED
Parkash_Singh_Badal_And_Anr_vs_State_Of_Punjab_And_Ors_on_6_December_2006_1.PDF,Corruption,SCR 1971 3 236,,,UNRESOLVED
Parkash_Singh_Badal_And_Anr_vs_State_Of_Punjab_And_Ors_on_6_December_2006_1.PDF,Corruption,SCR 1963 1 121,,,UNRESOLVED
Parkash_Singh_Badal_And_Anr_vs_State_Of_Punjab_And_Ors_on_6_December_2006_1.PDF,Corruption,SCR 1979 2 1007,,,UNRESOLVED
Parkash_Singh_Badal_And_Anr_vs_State_Of_Punjab_And_Ors_on_6_December_2006_1.PDF,Corruption,SCR 1958 1040,S_A_Venkataraman_vs_The_State_And_Connected_Appeal_on_3_December_1957_1.PDF,Corruption,INTERNAL
Parkash_Singh_Badal_And_Anr_vs_State_Of_Punjab_And_Ors_on_6_December_2006_1.PDF,Corruption,SCR 1979 3 832,,,UNRESOLVED
Parkash_Singh_Badal_And_Anr_vs_State_Of_Punjab_And_Ors_on_6_December_2006_1.PDF,Corruption,SCR 1979 2 1007,,,UNRESOLVED
Parkash_Singh_Badal_And_Anr_vs_State_Of_Punjab_And_Ors_on_6_December_2006_1.PDF,Corruption,SCR 1955 1 1177,,,UNRESOLVED
Parkash_Singh_Badal_And_Anr_vs_State_Of_Punjab_And_Ors_on_6_December_2006_1.PDF,Corruption,SCR 1966 210,,,UNRESOLVED
Rameshwar_Prasad_Ors_vs_Union_Of_India_Anr_on_24_January_2006_1.PDF,Corruption,AIR 1994 SC 1918,S_R_Bommai_And_Others_Etc_Etc_vs_Union_Of_India_And_Others_Etc_Etc_on_11_March_1994_1.PDF,Organized Crime / Extortion,CROSS_DOMAIN
Rameshwar_Prasad_Ors_vs_Union_Of_India_Anr_on_24_January_2006_1.PDF,Corruption,AIR 1965 KERALA 229,,,UNRESOLVED
Rameshwar_Prasad_Ors_vs_Union_Of_India_Anr_on_24_January_2006_1.PDF,Corruption,AIR 1931 PC 111,,,UNRESOLVED
Rameshwar_Prasad_Ors_vs_Union_Of_India_Anr_on_24_January_2006_1.PDF,Corruption,AIR 1945 PC 48,,,UNRESOLVED
Rameshwar_Prasad_Ors_vs_Union_Of_India_Anr_on_24_January_2006_1.PDF,Corruption,AIR 1999 BOMBAY 53,,,UNRESOLVED
Rameshwar_Prasad_Ors_vs_Union_Of_India_Anr_on_24_January_2006_1.PDF,Corruption,AIR 1973 MADRAS 198,,,UNRESOLVED
Rameshwar_Prasad_Ors_vs_Union_Of_India_Anr_on_24_January_2006_1.PDF,Corruption,AIR 1952 NAGPUR 330,,,UNRESOLVED
Rameshwar_Prasad_Ors_vs_Union_Of_India_Anr_on_24_January_2006_1.PDF,Corruption,AIR 1960 BOMBAY 502,,,UNRESOLVED
Rameshwar_Prasad_Ors_vs_Union_Of_India_Anr_on_24_January_2006_1.PDF,Corruption,AIR 1965 KERALA 229,,,UNRESOLVED
Rameshwar_Prasad_Ors_vs_Union_Of_India_Anr_on_24_January_2006_1.PDF,Corruption,AIR 1994 SC 1918,S_R_Bommai_And_Others_Etc_Etc_vs_Union_Of_India_And_Others_Etc_Etc_on_11_March_1994_1.PDF,Organized Crime / Extortion,CROSS_DOMAIN
Rameshwar_Prasad_Ors_vs_Union_Of_India_Anr_on_24_January_2006_1.PDF,Corruption,AIR 1967 SC 295,,,UNRESOLVED
Rameshwar_Prasad_Ors_vs_Union_Of_India_Anr_on_24_January_2006_1.PDF,Corruption,AIR 2001 SC 3435,,,UNRESOLVED
Rameshwar_Prasad_Ors_vs_Union_Of_India_Anr_on_24_January_2006_1.PDF,Corruption,SCC 1994 3 1,,,UNRESOLVED
Rameshwar_Prasad_Ors_vs_Union_Of_India_Anr_on_24_January_2006_1.PDF,Corruption,SCC 2002 8 237,,,UNRESOLVED
Rameshwar_Prasad_Ors_vs_Union_Of_India_Anr_on_24_January_2006_1.PDF,Corruption,SCC 1979 3 458,,,UNRESOLVED
Rameshwar_Prasad_Ors_vs_Union_Of_India_Anr_on_24_January_2006_1.PDF,Corruption,SCC 1981 1 107,Maru_Ram_And_Ors_vs_Union_Of_India_Uoi_And_Ors_on_11_November_1980_1.PDF,Violent Crime / Homicide,CROSS_DOMAIN
Rameshwar_Prasad_Ors_vs_Union_Of_India_Anr_on_24_January_2006_1.PDF,Corruption,SCC 1989 1 204,,,UNRESOLVED
Rameshwar_Prasad_Ors_vs_Union_Of_India_Anr_on_24_January_2006_1.PDF,Corruption,SCC 1981 1 107,Maru_Ram_And_Ors_vs_Union_Of_India_Uoi_And_Ors_on_11_November_1980_1.PDF,Violent Crime / Homicide,CROSS_DOMAIN
Rameshwar_Prasad_Ors_vs_Union_Of_India_Anr_on_24_January_2006_1.PDF,Corruption,SCC 1981 2 722,,,UNRESOLVED
Rameshwar_Prasad_Ors_vs_Union_Of_India_Anr_on_24_January_2006_1.PDF,Corruption,SCC 1982 1 271,,,UNRESOLVED
Rameshwar_Prasad_Ors_vs_Union_Of_India_Anr_on_24_January_2006_1.PDF,Corruption,SCC 1996 4 104,Election_Commission_Of_India_Another_vs_Dr_Subramanian_Swamy_Another_on_23_April_1996_1.PDF,,OUTSIDE_DOMAINS
Rameshwar_Prasad_Ors_vs_Union_Of_India_Anr_on_24_January_2006_1.PDF,Corruption,SCC 1991 4 584,,,UNRESOLVED
Rameshwar_Prasad_Ors_vs_Union_Of_India_Anr_on_24_January_2006_1.PDF,Corruption,SCC 1994 3 1,,,UNRESOLVED
Rameshwar_Prasad_Ors_vs_Union_Of_India_Anr_on_24_January_2006_1.PDF,Corruption,SCC 1977 3 592,,,UNRESOLVED
Rameshwar_Prasad_Ors_vs_Union_Of_India_Anr_on_24_January_2006_1.PDF,Corruption,SCC 2001 1 182,,,UNRESOLVED
Rameshwar_Prasad_Ors_vs_Union_Of_India_Anr_on_24_January_2006_1.PDF,Corruption,SCC 1993 4 234,Lily_Thomas_Ms_Advocate_vs_Speaker_Lok_Sabha_And_Ors_on_24_August_1993_1.PDF,,OUTSIDE_DOMAINS
Rameshwar_Prasad_Ors_vs_Union_Of_India_Anr_on_24_January_2006_1.PDF,Corruption,SCR 1951 747,In_Re_The_Delhi_Laws_Act_1912_The_vs_The_Part_C_States_Laws_Act_1950_on_23_May_1951_1.PDF,,OUTSIDE_DOMAINS
Rameshwar_Prasad_Ors_vs_Union_Of_India_Anr_on_24_January_2006_1.PDF,Corruption,SCR 1964 5 294,,,UNRESOLVED
Rameshwar_Prasad_Ors_vs_Union_Of_India_Anr_on_24_January_2006_1.PDF,Corruption,SCR 1965 3 53,,,UNRESOLVED
Rameshwar_Prasad_Ors_vs_Union_Of_India_Anr_on_24_January_2006_1.PDF,Corruption,SCR 1975 2 93,,,UNRESOLVED
State_Cbi_vs_Sashi_Balasubramanian_Anr_on_31_October_2006_1.PDF,Corruption,SCC 1976 3 252,,,UNRESOLVED
State_Cbi_vs_Sashi_Balasubramanian_Anr_on_31_October_2006_1.PDF,Corruption,SCC 2003 5 257,,,UNRESOLVED
State_Cbi_vs_Sashi_Balasubramanian_Anr_on_31_October_2006_1.PDF,Corruption,SCC 1996 5 591,,,UNRESOLVED
State_Cbi_vs_Sashi_Balasubramanian_Anr_on_31_October_2006_1.PDF,Corruption,SCC 2004 2 731,,,UNRESOLVED
State_Cbi_vs_Sashi_Balasubramanian_Anr_on_31_October_2006_1.PDF,Corruption,SCC 2005 1 478,,,UNRESOLVED
State_Cbi_vs_Sashi_Balasubramanian_Anr_on_31_October_2006_1.PDF,Corruption,SCC 1981 4 675,R_K_Garg_And_Ors_vs_Union_Of_India_Uoi_And_Ors_on_13_November_1981_1.PDF,Organized Crime / Extortion,CROSS_DOMAIN
State_Cbi_vs_Sashi_Balasubramanian_Anr_on_31_October_2006_1.PDF,Corruption,SCC 2004 1 347,,,UNRESOLVED
State_Cbi_vs_Sashi_Balasubramanian_Anr_on_31_October_2006_1.PDF,Corruption,SCC 2005 12 1,,,UNRESOLVED
State_Cbi_vs_Sashi_Balasubramanian_Anr_on_31_October_2006_1.PDF,Corruption,SCC 2006 4 1,,,UNRESOLVED
State_Cbi_vs_Sashi_Balasubramanian_Anr_on_31_October_2006_1.PDF,Corruption,SCR 1953 836,Basir_Ul_Huq_And_Others_vs_The_State_Of_West_on_10_April_1953_1.PDF,Financial Fraud,CROSS_DOMAIN
State_Inspector_Of_Police_vs_Surya_Sankaram_Karri_on_24_August_2006_1.PDF,Corruption,AIR 1971 SC 811,State_Of_Andhra_Pradesh_vs_P_V_Narayana_on_9_February_1971_1.PDF,Corruption,INTERNAL
State_Inspector_Of_Police_vs_Surya_Sankaram_Karri_on_24_August_2006_1.PDF,Corruption,AIR 1968 SC 1292,,,UNRESOLVED
State_Inspector_Of_Police_vs_Surya_Sankaram_Karri_on_24_August_2006_1.PDF,Corruption,SCC 1971 1 483,State_Of_Andhra_Pradesh_vs_P_V_Narayana_on_9_February_1971_1.PDF,Corruption,INTERNAL
State_Inspector_Of_Police_vs_Surya_Sankaram_Karri_on_24_August_2006_1.PDF,Corruption,SCC 2005 8 370,,,UNRESOLVED
State_Of_Madhya_Pradesh_vs_Shambhu_Dayal_Nagar_on_2_November_2006_1.PDF,Corruption,SCC 1997 4 14,,,UNRESOLVED
State_Of_Madhya_Pradesh_vs_Shambhu_Dayal_Nagar_on_2_November_2006_1.PDF,Corruption,SCC 1980 2 390,,,UNRESOLVED
State_Of_Maharashtra_vs_Rashid_B_Mulani_on_4_January_2006_1.PDF,Corruption,AIR 1964 SC 575,,,UNRESOLVED
State_Of_Maharashtra_vs_Rashid_B_Mulani_on_4_January_2006_1.PDF,Corruption,AIR 1976 SC 1497,,,UNRESOLVED
State_Of_Maharashtra_vs_Rashid_B_Mulani_on_4_January_2006_1.PDF,Corruption,SCC 2004 9 333,,,UNRESOLVED
State_Of_Maharashtra_vs_Rashid_B_Mulani_on_4_January_2006_1.PDF,Corruption,SCC 2004 3 753,,,UNRESOLVED
V_Venkata_Subbarao_vs_State_Represented_By_Inspector_Of_on_12_December_2006_1.PDF,Corruption,AIR 2006 SC 2152,,,UNRESOLVED
V_Venkata_Subbarao_vs_State_Represented_By_Inspector_Of_on_12_December_2006_1.PDF,Corruption,SCC 2006 6 39,,,UNRESOLVED
V_Venkata_Subbarao_vs_State_Represented_By_Inspector_Of_on_12_December_2006_1.PDF,Corruption,SCC 2005 12 576,,,UNRESOLVED
V_Venkata_Subbarao_vs_State_Represented_By_Inspector_Of_on_12_December_2006_1.PDF,Corruption,SCC 2005 8 364,,,UNRESOLVED
Dilawar_Singh_vs_State_Of_Delhi_on_5_September_2007_1.PDF,Corruption,AIR 1973 SC 501,,,UNRESOLVED
Dilawar_Singh_vs_State_Of_Delhi_on_5_September_2007_1.PDF,Corruption,AIR 1974 SC 606,,,UNRESOLVED
Dilawar_Singh_vs_State_Of_Delhi_on_5_September_2007_1.PDF,Corruption,AIR 1971 SC 66,,,UNRESOLVED
Dilawar_Singh_vs_State_Of_Delhi_on_5_September_2007_1.PDF,Corruption,AIR 1961 SC 986,,,UNRESOLVED
Dilawar_Singh_vs_State_Of_Delhi_on_5_September_2007_1.PDF,Corruption,AIR 1950 CAL 437,,,UNRESOLVED
Dilawar_Singh_vs_State_Of_Delhi_on_5_September_2007_1.PDF,Corruption,AIR 1959 SC 1118,,,UNRESOLVED
Dilawar_Singh_vs_State_Of_Delhi_on_5_September_2007_1.PDF,Corruption,AIR 1959 SC 1118,,,UNRESOLVED
Dilawar_Singh_vs_State_Of_Delhi_on_5_September_2007_1.PDF,Corruption,AIR 1975 SC 905,,,UNRESOLVED
Dilawar_Singh_vs_State_Of_Delhi_on_5_September_2007_1.PDF,Corruption,AIR 2004 SC 1253,,,UNRESOLVED
Dilawar_Singh_vs_State_Of_Delhi_on_5_September_2007_1.PDF,Corruption,SCR 1951 312,R_R_Chari_vs_The_State_Of_Uttar_Pradesh_on_19_March_1951_1.PDF,Organized Crime / Extortion,CROSS_DOMAIN
Girja_Prasad_Dead_By_Lrs_vs_State_Of_Madhya_Pradesh_on_27_August_2007_1.PDF,Corruption,AIR 1956 SC 217,,,UNRESOLVED
Girja_Prasad_Dead_By_Lrs_vs_State_Of_Madhya_Pradesh_on_27_August_2007_1.PDF,Corruption,SCC 1996 3 338,,,UNRESOLVED
Girja_Prasad_Dead_By_Lrs_vs_State_Of_Madhya_Pradesh_on_27_August_2007_1.PDF,Corruption,SCC 2004 9 193,,,UNRESOLVED
Girja_Prasad_Dead_By_Lrs_vs_State_Of_Madhya_Pradesh_on_27_August_2007_1.PDF,Corruption,SCC 2002 1 71,,,UNRESOLVED
Girja_Prasad_Dead_By_Lrs_vs_State_Of_Madhya_Pradesh_on_27_August_2007_1.PDF,Corruption,SCC 2000 5 21,,,UNRESOLVED
Girja_Prasad_Dead_By_Lrs_vs_State_Of_Madhya_Pradesh_on_27_August_2007_1.PDF,Corruption,SCC 1973 2 793,,,UNRESOLVED
Girja_Prasad_Dead_By_Lrs_vs_State_Of_Madhya_Pradesh_on_27_August_2007_1.PDF,Corruption,SCC 2007 4 415,,,UNRESOLVED
Indian_Overseas_Bank_Anna_Salai_And_Anr_vs_P_Ganesan_And_Others_on_23_November_2007_1.PDF,Corruption,AIR 1960 SC 806,The_Delhi_Cloth_And_General_Mills_Ltd_vs_Kushal_Bhan_on_10_March_1960_1.PDF,,OUTSIDE_DOMAINS
Indian_Overseas_Bank_Anna_Salai_And_Anr_vs_P_Ganesan_And_Others_on_23_November_2007_1.PDF,Corruption,AIR 1965 SC 155,,,UNRESOLVED
Indian_Overseas_Bank_Anna_Salai_And_Anr_vs_P_Ganesan_And_Others_on_23_November_2007_1.PDF,Corruption,SCC 2004 7 442,,,UNRESOLVED
Indian_Overseas_Bank_Anna_Salai_And_Anr_vs_P_Ganesan_And_Others_on_23_November_2007_1.PDF,Corruption,SCC 2006 5 446,,,UNRESOLVED
Indian_Overseas_Bank_Anna_Salai_And_Anr_vs_P_Ganesan_And_Others_on_23_November_2007_1.PDF,Corruption,SCC 2005 10 471,,,UNRESOLVED
Indian_Overseas_Bank_Anna_Salai_And_Anr_vs_P_Ganesan_And_Others_on_23_November_2007_1.PDF,Corruption,SCC 1996 6 417,,,UNRESOLVED
Indian_Overseas_Bank_Anna_Salai_And_Anr_vs_P_Ganesan_And_Others_on_23_November_2007_1.PDF,Corruption,SCC 1999 3 679,,,UNRESOLVED
Naresh_Kumar_Madan_vs_State_Of_Madhya_Pradesh_on_10_April_2007_1.PDF,Corruption,AIR 2000 SC 937,,,UNRESOLVED
State_Of_Karnataka_vs_Ameer_Jan_on_18_September_2007_1.PDF,Corruption,AIR 1948 PC 82,,,UNRESOLVED
State_Of_Karnataka_vs_Ameer_Jan_on_18_September_2007_1.PDF,Corruption,AIR 1958 SC 124,,,UNRESOLVED
State_Of_Karnataka_vs_Ameer_Jan_on_18_September_2007_1.PDF,Corruption,SCC 1979 4 172,,,UNRESOLVED
State_Of_Karnataka_vs_Ameer_Jan_on_18_September_2007_1.PDF,Corruption,SCC 1984 2 183,,,UNRESOLVED
State_Of_Karnataka_vs_Ameer_Jan_on_18_September_2007_1.PDF,Corruption,SCC 1997 7 622,,,UNRESOLVED
State_Of_Karnataka_vs_Ameer_Jan_on_18_September_2007_1.PDF,Corruption,SCC 1998 9 268,State_Of_T_N_vs_M_M_Rajendran_on_5_February_1997_1.PDF,,OUTSIDE_DOMAINS
State_Of_Karnataka_vs_Ameer_Jan_on_18_September_2007_1.PDF,Corruption,SCC 2007 1 1,,,UNRESOLVED
State_Of_Karnataka_vs_Ameer_Jan_on_18_September_2007_1.PDF,Corruption,SCC 2006 4 584,,,UNRESOLVED
Anjani_Kumar_vs_State_Of_Bihar_And_Anr_on_24_April_2008_1.PDF,Corruption,AIR 1988 SC 257,,,UNRESOLVED
Anjani_Kumar_vs_State_Of_Bihar_And_Anr_on_24_April_2008_1.PDF,Corruption,AIR 1967 SC 776,,,UNRESOLVED
Anjani_Kumar_vs_State_Of_Bihar_And_Anr_on_24_April_2008_1.PDF,Corruption,AIR 1956 SC 44,,,UNRESOLVED
Bharat_Parikh_vs_C_B_I_And_Anr_on_14_July_2008_1.PDF,Corruption,AIR 1979 SC 94,,,UNRESOLVED
Bharat_Parikh_vs_C_B_I_And_Anr_on_14_July_2008_1.PDF,Corruption,AIR 2004 SC 3967,,,UNRESOLVED
Bharat_Parikh_vs_C_B_I_And_Anr_on_14_July_2008_1.PDF,Corruption,SCC 1996 9 766,,,UNRESOLVED
Bharat_Parikh_vs_C_B_I_And_Anr_on_14_July_2008_1.PDF,Corruption,SCC 2002 4 578,,,UNRESOLVED
Bharat_Parikh_vs_C_B_I_And_Anr_on_14_July_2008_1.PDF,Corruption,SCC 1992 1 225,,,UNRESOLVED
Bharat_Parikh_vs_C_B_I_And_Anr_on_14_July_2008_1.PDF,Corruption,SCC 2005 1 568,,,UNRESOLVED
Nirmal_Singh_Kahlon_vs_State_Of_Punjab_Ors_on_22_October_2008_1.PDF,Corruption,SCC 2001 6 181,,,UNRESOLVED
Nirmal_Singh_Kahlon_vs_State_Of_Punjab_Ors_on_22_October_2008_1.PDF,Corruption,SCC 2002 1 714,,,UNRESOLVED
Nirmal_Singh_Kahlon_vs_State_Of_Punjab_Ors_on_22_October_2008_1.PDF,Corruption,SCC 1998 1 226,,,UNRESOLVED
Nirmal_Singh_Kahlon_vs_State_Of_Punjab_Ors_on_22_October_2008_1.PDF,Corruption,SCC 1998 8 661,,,UNRESOLVED
Nirmal_Singh_Kahlon_vs_State_Of_Punjab_Ors_on_22_October_2008_1.PDF,Corruption,SCC 2006 6 613,,,UNRESOLVED
Nirmal_Singh_Kahlon_vs_State_Of_Punjab_Ors_on_22_October_2008_1.PDF,Corruption,SCC 2001 10 759,,,UNRESOLVED
Nirmal_Singh_Kahlon_vs_State_Of_Punjab_Ors_on_22_October_2008_1.PDF,Corruption,SCC 2006 12 421,,,UNRESOLVED
Nirmal_Singh_Kahlon_vs_State_Of_Punjab_Ors_on_22_October_2008_1.PDF,Corruption,SCC 2006 12 534,,,UNRESOLVED
Nirmal_Singh_Kahlon_vs_State_Of_Punjab_Ors_on_22_October_2008_1.PDF,Corruption,SCC 1979 2 322,Ram_Lal_Narang_Etc_Etc_vs_State_Of_Delhi_Admn_on_10_January_1979_1.PDF,Financial Fraud,CROSS_DOMAIN
Nirmal_Singh_Kahlon_vs_State_Of_Punjab_Ors_on_22_October_2008_1.PDF,Corruption,SCC 2008 2 383,,,UNRESOLVED
Nirmal_Singh_Kahlon_vs_State_Of_Punjab_Ors_on_22_October_2008_1.PDF,Corruption,SCC 2004 13 292,,,UNRESOLVED
Nirmal_Singh_Kahlon_vs_State_Of_Punjab_Ors_on_22_October_2008_1.PDF,Corruption,SCC 2007 1 110,,,UNRESOLVED
Nirmal_Singh_Kahlon_vs_State_Of_Punjab_Ors_on_22_October_2008_1.PDF,Corruption,SCC 2008 2 409,,,UNRESOLVED
Nirmal_Singh_Kahlon_vs_State_Of_Punjab_Ors_on_22_October_2008_1.PDF,Corruption,SCC 2008 3 542,,,UNRESOLVED
Nirmal_Singh_Kahlon_vs_State_Of_Punjab_Ors_on_22_October_2008_1.PDF,Corruption,SCR 1955 1 1150,,,UNRESOLVED
Banatwala_Company_vs_L_I_C_Of_India_Anr_on_19_August_2010_1.PDF,Corruption,AIR 1976 SC 1637,,,UNRESOLVED
Banatwala_Company_vs_L_I_C_Of_India_Anr_on_19_August_2010_1.PDF,Corruption,AIR 1956 SC 676,,,UNRESOLVED
Banatwala_Company_vs_L_I_C_Of_India_Anr_on_19_August_2010_1.PDF,Corruption,AIR 1959 SC 648,,,UNRESOLVED
Banatwala_Company_vs_L_I_C_Of_India_Anr_on_19_August_2010_1.PDF,Corruption,AIR 1953 BOM 170,,,UNRESOLVED
Banatwala_Company_vs_L_I_C_Of_India_Anr_on_19_August_2010_1.PDF,Corruption,AIR 1951 SC 41,,,UNRESOLVED
Banatwala_Company_vs_L_I_C_Of_India_Anr_on_19_August_2010_1.PDF,Corruption,AIR 1954 SC 153,,,UNRESOLVED
Banatwala_Company_vs_L_I_C_Of_India_Anr_on_19_August_2010_1.PDF,Corruption,AIR 1992 BOM 375,,,UNRESOLVED
Banatwala_Company_vs_L_I_C_Of_India_Anr_on_19_August_2010_1.PDF,Corruption,AIR 1969 SC 78,,,UNRESOLVED
Banatwala_Company_vs_L_I_C_Of_India_Anr_on_19_August_2010_1.PDF,Corruption,SCR 1951 682,The_State_Of_Bombay_And_Another_vs_F_N_Balsara_on_25_May_1951_1.PDF,,OUTSIDE_DOMAINS
C_M_Sharma_vs_State_Of_A_P_Th_I_P_on_25_November_2010_1.PDF,Corruption,AIR 1969 SC 17,,,UNRESOLVED
C_M_Sharma_vs_State_Of_A_P_Th_I_P_on_25_November_2010_1.PDF,Corruption,AIR 1958 SC 500,,,UNRESOLVED
C_M_Sharma_vs_State_Of_A_P_Th_I_P_on_25_November_2010_1.PDF,Corruption,SCC 1979 4 526,Panalal_Damodar_Rathi_vs_State_Of_Maharashtra_on_24_January_1979_1.PDF,Corruption,INTERNAL
C_M_Sharma_vs_State_Of_A_P_Th_I_P_on_25_November_2010_1.PDF,Corruption,SCC 2000 5 21,,,UNRESOLVED
C_M_Sharma_vs_State_Of_A_P_Th_I_P_on_25_November_2010_1.PDF,Corruption,SCC 2009 15 200,,,UNRESOLVED
C_M_Sharma_vs_State_Of_A_P_Th_I_P_on_25_November_2010_1.PDF,Corruption,SCR 1959 195,The_State_Of_Bihar_vs_Basawan_Singh_on_21_March_1958_1.PDF,,OUTSIDE_DOMAINS
Kanwar_Natwar_Singh_vs_Directorate_Of_Enforcement_Anr_on_5_October_2010_1.PDF,Corruption,AIR 1961 SC 1623,,,UNRESOLVED
Kanwar_Natwar_Singh_vs_Directorate_Of_Enforcement_Anr_on_5_October_2010_1.PDF,Corruption,SCC 2006 7 172,,,UNRESOLVED
Kanwar_Natwar_Singh_vs_Directorate_Of_Enforcement_Anr_on_5_October_2010_1.PDF,Corruption,SCC 2008 17 348,,,UNRESOLVED
Kanwar_Natwar_Singh_vs_Directorate_Of_Enforcement_Anr_on_5_October_2010_1.PDF,Corruption,SCC 2003 6 230,,,UNRESOLVED
Kanwar_Natwar_Singh_vs_Directorate_Of_Enforcement_Anr_on_5_October_2010_1.PDF,Corruption,SCC 1997 11 276,,,UNRESOLVED
Kanwar_Natwar_Singh_vs_Directorate_Of_Enforcement_Anr_on_5_October_2010_1.PDF,Corruption,SCC 2002 3 496,,,UNRESOLVED
Kanwar_Natwar_Singh_vs_Directorate_Of_Enforcement_Anr_on_5_October_2010_1.PDF,Corruption,SCC 1969 2 262,,,UNRESOLVED
Kanwar_Natwar_Singh_vs_Directorate_Of_Enforcement_Anr_on_5_October_2010_1.PDF,Corruption,SCC 1978 1 405,,,UNRESOLVED
Kanwar_Natwar_Singh_vs_Directorate_Of_Enforcement_Anr_on_5_October_2010_1.PDF,Corruption,SCR 1955 1 941,,,UNRESOLVED
Kootha_Perumal_vs_State_Tr_Insp_Of_Police_Vig_Anti_on_15_December_2010_1.PDF,Corruption,AIR 1958 SC 124,,,UNRESOLVED
M_S_M_R_F_Ltd_vs_Manohar_Parrikar_Ors_on_3_May_2010_1.PDF,Corruption,AIR 1970 SC 1,Shankar_Ramchandra_Abhyankar_vs_Krishnaji_Dattatreya_Bapat_on_16_April_1969_1.PDF,,OUTSIDE_DOMAINS
M_S_M_R_F_Ltd_vs_Manohar_Parrikar_Ors_on_3_May_2010_1.PDF,Corruption,AIR 1942 OUDH 417,,,UNRESOLVED
M_S_M_R_F_Ltd_vs_Manohar_Parrikar_Ors_on_3_May_2010_1.PDF,Corruption,AIR 1926 ALL 497,,,UNRESOLVED
M_S_M_R_F_Ltd_vs_Manohar_Parrikar_Ors_on_3_May_2010_1.PDF,Corruption,SCC 2000 6 359,,,UNRESOLVED
M_S_M_R_F_Ltd_vs_Manohar_Parrikar_Ors_on_3_May_2010_1.PDF,Corruption,SCC 2010 301,,,UNRESOLVED
M_S_M_R_F_Ltd_vs_Manohar_Parrikar_Ors_on_3_May_2010_1.PDF,Corruption,SCC 2006 1 32,,,UNRESOLVED
M_S_M_R_F_Ltd_vs_Manohar_Parrikar_Ors_on_3_May_2010_1.PDF,Corruption,SCC 1996 2 26,,,UNRESOLVED
M_S_M_R_F_Ltd_vs_Manohar_Parrikar_Ors_on_3_May_2010_1.PDF,Corruption,SCC 1973 3 889,,,UNRESOLVED
M_S_M_R_F_Ltd_vs_Manohar_Parrikar_Ors_on_3_May_2010_1.PDF,Corruption,SCC 1986 4 632,,,UNRESOLVED
M_S_M_R_F_Ltd_vs_Manohar_Parrikar_Ors_on_3_May_2010_1.PDF,Corruption,SCC 2006 7 188,,,UNRESOLVED
M_S_M_R_F_Ltd_vs_Manohar_Parrikar_Ors_on_3_May_2010_1.PDF,Corruption,SCC 2006 4 367,,,UNRESOLVED
M_S_M_R_F_Ltd_vs_Manohar_Parrikar_Ors_on_3_May_2010_1.PDF,Corruption,SCC 1987 3 34,,,UNRESOLVED
M_S_M_R_F_Ltd_vs_Manohar_Parrikar_Ors_on_3_May_2010_1.PDF,Corruption,SCC 1973 3 889,,,UNRESOLVED
M_S_M_R_F_Ltd_vs_Manohar_Parrikar_Ors_on_3_May_2010_1.PDF,Corruption,SCC 1991 4 243,,,UNRESOLVED
M_S_M_R_F_Ltd_vs_Manohar_Parrikar_Ors_on_3_May_2010_1.PDF,Corruption,SCC 1996 2 26,,,UNRESOLVED
M_S_M_R_F_Ltd_vs_Manohar_Parrikar_Ors_on_3_May_2010_1.PDF,Corruption,SCC 2005 1 625,,,UNRESOLVED
M_S_M_R_F_Ltd_vs_Manohar_Parrikar_Ors_on_3_May_2010_1.PDF,Corruption,SCC 1969 3 775,State_Of_Uttar_Pradesh_vs_Om_Prakash_Gupta_on_28_October_1969_1.PDF,,OUTSIDE_DOMAINS
M_S_M_R_F_Ltd_vs_Manohar_Parrikar_Ors_on_3_May_2010_1.PDF,Corruption,SCC 1973 3 889,,,UNRESOLVED
M_S_M_R_F_Ltd_vs_Manohar_Parrikar_Ors_on_3_May_2010_1.PDF,Corruption,SCC 1992 1 534,,,UNRESOLVED
M_S_M_R_F_Ltd_vs_Manohar_Parrikar_Ors_on_3_May_2010_1.PDF,Corruption,SCC 1996 3 709,State_Of_Andhra_Pradesh_And_Ors_Etc_vs_Mcdowell_Co_And_Ors_Etc_on_21_March_1996_1.PDF,Organized Crime / Extortion,CROSS_DOMAIN
M_S_M_R_F_Ltd_vs_Manohar_Parrikar_Ors_on_3_May_2010_1.PDF,Corruption,SCC 2006 7 1,,,UNRESOLVED
M_S_M_R_F_Ltd_vs_Manohar_Parrikar_Ors_on_3_May_2010_1.PDF,Corruption,SCC 1983 1 147,,,UNRESOLVED
M_S_M_R_F_Ltd_vs_Manohar_Parrikar_Ors_on_3_May_2010_1.PDF,Corruption,SCR 1952 612,Dattatreya_Moreshwar_Pangarkar_vs_The_State_Of_Bombay_And_Others_on_27_March_1952_1.PDF,,OUTSIDE_DOMAINS
M_S_M_R_F_Ltd_vs_Manohar_Parrikar_Ors_on_3_May_2010_1.PDF,Corruption,SCR 1964 6 368,,,UNRESOLVED
M_S_M_R_F_Ltd_vs_Manohar_Parrikar_Ors_on_3_May_2010_1.PDF,Corruption,SCR 1952 612,Dattatreya_Moreshwar_Pangarkar_vs_The_State_Of_Bombay_And_Others_on_27_March_1952_1.PDF,,OUTSIDE_DOMAINS
M_S_M_R_F_Ltd_vs_Manohar_Parrikar_Ors_on_3_May_2010_1.PDF,Corruption,SCR 1964 6 368,,,UNRESOLVED
M_S_M_R_F_Ltd_vs_Manohar_Parrikar_Ors_on_3_May_2010_1.PDF,Corruption,SCR 1952 612,Dattatreya_Moreshwar_Pangarkar_vs_The_State_Of_Bombay_And_Others_on_27_March_1952_1.PDF,,OUTSIDE_DOMAINS
Nahar_Singh_Yadav_Anr_vs_Union_Of_India_Ors_on_19_November_2010_1.PDF,Corruption,SCC 1988 2 602,,,UNRESOLVED
Nahar_Singh_Yadav_Anr_vs_Union_Of_India_Ors_on_19_November_2010_1.PDF,Corruption,SCC 2004 4 158,,,UNRESOLVED
Nahar_Singh_Yadav_Anr_vs_Union_Of_India_Ors_on_19_November_2010_1.PDF,Corruption,SCC 1979 4 167,,,UNRESOLVED
Nahar_Singh_Yadav_Anr_vs_Union_Of_India_Ors_on_19_November_2010_1.PDF,Corruption,SCC 2000 6 204,,,UNRESOLVED
Nahar_Singh_Yadav_Anr_vs_Union_Of_India_Ors_on_19_November_2010_1.PDF,Corruption,SCC 2004 3 767,,,UNRESOLVED
Nahar_Singh_Yadav_Anr_vs_Union_Of_India_Ors_on_19_November_2010_1.PDF,Corruption,SCC 2009 6 260,,,UNRESOLVED
Nahar_Singh_Yadav_Anr_vs_Union_Of_India_Ors_on_19_November_2010_1.PDF,Corruption,SCC 2000 7 129,,,UNRESOLVED
State_Of_H_P_vs_Nishant_Sareen_on_9_December_2010_1.PDF,Corruption,SCC 1997 7 622,,,UNRESOLVED
State_Of_H_P_vs_Nishant_Sareen_on_9_December_2010_1.PDF,Corruption,SCC 2000 9 53,,,UNRESOLVED
State_Of_H_P_vs_Nishant_Sareen_on_9_December_2010_1.PDF,Corruption,SCC 2006 1 294,,,UNRESOLVED
Abhay_Singh_Chautala_vs_C_B_I_on_4_July_2011_1.PDF,Corruption,AIR 1971 SC 530,,,UNRESOLVED
Abhay_Singh_Chautala_vs_C_B_I_on_4_July_2011_1.PDF,Corruption,AIR 1968 SC 647,,,UNRESOLVED
Abhay_Singh_Chautala_vs_C_B_I_on_4_July_2011_1.PDF,Corruption,AIR 1958 SC 107,,,UNRESOLVED
Abhay_Singh_Chautala_vs_C_B_I_on_4_July_2011_1.PDF,Corruption,AIR 1969 GOA 94,,,UNRESOLVED
Abhay_Singh_Chautala_vs_C_B_I_on_4_July_2011_1.PDF,Corruption,SCR 1957 1 650,,,UNRESOLVED
Arun_Kumar_Aggarwal_vs_State_Of_M_P_Ors_on_2_September_2011_1.PDF,Corruption,AIR 1968 SC 117,,,UNRESOLVED
Arun_Kumar_Aggarwal_vs_State_Of_M_P_Ors_on_2_September_2011_1.PDF,Corruption,AIR 1997 SC 3400,,,UNRESOLVED
Arun_Kumar_Aggarwal_vs_State_Of_M_P_Ors_on_2_September_2011_1.PDF,Corruption,SCC 1979 4 282,,,UNRESOLVED
Arun_Kumar_Aggarwal_vs_State_Of_M_P_Ors_on_2_September_2011_1.PDF,Corruption,SCC 1985 4 628,Kanhiya_Lal_Omar_vs_R_K_Trivedi_And_Ors_on_24_September_1985_1.PDF,,OUTSIDE_DOMAINS
Arun_Kumar_Aggarwal_vs_State_Of_M_P_Ors_on_2_September_2011_1.PDF,Corruption,SCC 1995 1 391,,,UNRESOLVED
Arun_Kumar_Aggarwal_vs_State_Of_M_P_Ors_on_2_September_2011_1.PDF,Corruption,SCC 1989 1 101,,,UNRESOLVED
Arun_Kumar_Aggarwal_vs_State_Of_M_P_Ors_on_2_September_2011_1.PDF,Corruption,SCC 2003 7 197,,,UNRESOLVED
Arun_Kumar_Aggarwal_vs_State_Of_M_P_Ors_on_2_September_2011_1.PDF,Corruption,SCC 2006 5 167,,,UNRESOLVED
Arun_Kumar_Aggarwal_vs_State_Of_M_P_Ors_on_2_September_2011_1.PDF,Corruption,SCC 2007 7 555,,,UNRESOLVED
Arun_Kumar_Aggarwal_vs_State_Of_M_P_Ors_on_2_September_2011_1.PDF,Corruption,SCR 1953 126,,,UNRESOLVED
Arun_Kumar_Aggarwal_vs_State_Of_M_P_Ors_on_2_September_2011_1.PDF,Corruption,SCR 1964 6 411,,,UNRESOLVED
Ashok_Tshering_Bhutia_vs_State_Of_Sikkim_on_25_February_2011_1.PDF,Corruption,AIR 1971 SC 520,,,UNRESOLVED
Ashok_Tshering_Bhutia_vs_State_Of_Sikkim_on_25_February_2011_1.PDF,Corruption,AIR 1992 SC 604,,,UNRESOLVED
Ashok_Tshering_Bhutia_vs_State_Of_Sikkim_on_25_February_2011_1.PDF,Corruption,AIR 1955 SC 196,,,UNRESOLVED
Ashok_Tshering_Bhutia_vs_State_Of_Sikkim_on_25_February_2011_1.PDF,Corruption,AIR 1964 SC 28,,,UNRESOLVED
Ashok_Tshering_Bhutia_vs_State_Of_Sikkim_on_25_February_2011_1.PDF,Corruption,AIR 1972 SC 958,,,UNRESOLVED
Ashok_Tshering_Bhutia_vs_State_Of_Sikkim_on_25_February_2011_1.PDF,Corruption,AIR 2001 SC 3372,,,UNRESOLVED
Ashok_Tshering_Bhutia_vs_State_Of_Sikkim_on_25_February_2011_1.PDF,Corruption,AIR 1998 SC 201,,,UNRESOLVED
Ashok_Tshering_Bhutia_vs_State_Of_Sikkim_on_25_February_2011_1.PDF,Corruption,AIR 1998 SC 715,,,UNRESOLVED
Ashok_Tshering_Bhutia_vs_State_Of_Sikkim_on_25_February_2011_1.PDF,Corruption,AIR 2007 SC 1274,,,UNRESOLVED
Ashok_Tshering_Bhutia_vs_State_Of_Sikkim_on_25_February_2011_1.PDF,Corruption,AIR 2007 SC 1087,,,UNRESOLVED
Ashok_Tshering_Bhutia_vs_State_Of_Sikkim_on_25_February_2011_1.PDF,Corruption,AIR 1992 SC 604,,,UNRESOLVED
Ashok_Tshering_Bhutia_vs_State_Of_Sikkim_on_25_February_2011_1.PDF,Corruption,AIR 1977 SC 2091,,,UNRESOLVED
Ashok_Tshering_Bhutia_vs_State_Of_Sikkim_on_25_February_2011_1.PDF,Corruption,AIR 1964 SC 464,,,UNRESOLVED
Ashok_Tshering_Bhutia_vs_State_Of_Sikkim_on_25_February_2011_1.PDF,Corruption,AIR 1965 SC 1887,,,UNRESOLVED
Ashok_Tshering_Bhutia_vs_State_Of_Sikkim_on_25_February_2011_1.PDF,Corruption,AIR 1971 SC 1630,Ratilal_Bhanji_Mithani_vs_State_Of_Maharashtra_And_Ors_on_4_February_1971_1.PDF,,OUTSIDE_DOMAINS
Ashok_Tshering_Bhutia_vs_State_Of_Sikkim_on_25_February_2011_1.PDF,Corruption,AIR 2001 SC 2120,,,UNRESOLVED
Ashok_Tshering_Bhutia_vs_State_Of_Sikkim_on_25_February_2011_1.PDF,Corruption,AIR 2004 SC 2294,,,UNRESOLVED
Ashok_Tshering_Bhutia_vs_State_Of_Sikkim_on_25_February_2011_1.PDF,Corruption,AIR 2010 SC 2352,,,UNRESOLVED
Ashok_Tshering_Bhutia_vs_State_Of_Sikkim_on_25_February_2011_1.PDF,Corruption,AIR 1987 SC 1321,,,UNRESOLVED
Ashok_Tshering_Bhutia_vs_State_Of_Sikkim_on_25_February_2011_1.PDF,Corruption,AIR 1956 SC 526,,,UNRESOLVED
Ashok_Tshering_Bhutia_vs_State_Of_Sikkim_on_25_February_2011_1.PDF,Corruption,AIR 1962 SC 399,,,UNRESOLVED
Ashok_Tshering_Bhutia_vs_State_Of_Sikkim_on_25_February_2011_1.PDF,Corruption,AIR 2003 SC 4230,,,UNRESOLVED
Ashok_Tshering_Bhutia_vs_State_Of_Sikkim_on_25_February_2011_1.PDF,Corruption,AIR 1988 SC 88,,,UNRESOLVED
Ashok_Tshering_Bhutia_vs_State_Of_Sikkim_on_25_February_2011_1.PDF,Corruption,SCC 2005 12 628,,,UNRESOLVED
Ashok_Tshering_Bhutia_vs_State_Of_Sikkim_on_25_February_2011_1.PDF,Corruption,SCC 2009 15 533,,,UNRESOLVED
Ashok_Tshering_Bhutia_vs_State_Of_Sikkim_on_25_February_2011_1.PDF,Corruption,SCC 2006 7 172,,,UNRESOLVED
Ashok_Tshering_Bhutia_vs_State_Of_Sikkim_on_25_February_2011_1.PDF,Corruption,SCC 2004 7 763,,,UNRESOLVED
Ashok_Tshering_Bhutia_vs_State_Of_Sikkim_on_25_February_2011_1.PDF,Corruption,SCC 2004 13 487,,,UNRESOLVED
Ashok_Tshering_Bhutia_vs_State_Of_Sikkim_on_25_February_2011_1.PDF,Corruption,SCC 2009 4 219,,,UNRESOLVED
Ashok_Tshering_Bhutia_vs_State_Of_Sikkim_on_25_February_2011_1.PDF,Corruption,SCC 2004 4 158,,,UNRESOLVED
Ashok_Tshering_Bhutia_vs_State_Of_Sikkim_on_25_February_2011_1.PDF,Corruption,SCC 2008 13 597,,,UNRESOLVED
A_B_Bhaskara_Rao_vs_Inspector_Of_Police_Cbi_Vishakpatnam_on_23_September_2011_1.PDF,Corruption,AIR 1963 SC 996,,,UNRESOLVED
A_B_Bhaskara_Rao_vs_Inspector_Of_Police_Cbi_Vishakpatnam_on_23_September_2011_1.PDF,Corruption,SCC 2011 6 312,,,UNRESOLVED
A_B_Bhaskara_Rao_vs_Inspector_Of_Police_Cbi_Vishakpatnam_on_23_September_2011_1.PDF,Corruption,SCC 2008 11 163,,,UNRESOLVED
A_B_Bhaskara_Rao_vs_Inspector_Of_Police_Cbi_Vishakpatnam_on_23_September_2011_1.PDF,Corruption,SCC 2006 8 693,,,UNRESOLVED
A_B_Bhaskara_Rao_vs_Inspector_Of_Police_Cbi_Vishakpatnam_on_23_September_2011_1.PDF,Corruption,SCC 1997 4 14,,,UNRESOLVED
A_B_Bhaskara_Rao_vs_Inspector_Of_Police_Cbi_Vishakpatnam_on_23_September_2011_1.PDF,Corruption,SCC 2010 4 393,,,UNRESOLVED
A_B_Bhaskara_Rao_vs_Inspector_Of_Police_Cbi_Vishakpatnam_on_23_September_2011_1.PDF,Corruption,SCC 2009 10 415,,,UNRESOLVED
A_B_Bhaskara_Rao_vs_Inspector_Of_Police_Cbi_Vishakpatnam_on_23_September_2011_1.PDF,Corruption,SCC 1995 2 7,Romesh_Chander_vs_Smt_Savitri_on_13_January_1995_1.PDF,,OUTSIDE_DOMAINS
A_B_Bhaskara_Rao_vs_Inspector_Of_Police_Cbi_Vishakpatnam_on_23_September_2011_1.PDF,Corruption,SCC 1996 8 90,,,UNRESOLVED
A_B_Bhaskara_Rao_vs_Inspector_Of_Police_Cbi_Vishakpatnam_on_23_September_2011_1.PDF,Corruption,SCC 1997 11 490,,,UNRESOLVED
A_B_Bhaskara_Rao_vs_Inspector_Of_Police_Cbi_Vishakpatnam_on_23_September_2011_1.PDF,Corruption,SCC 1997 4 226,,,UNRESOLVED
A_B_Bhaskara_Rao_vs_Inspector_Of_Police_Cbi_Vishakpatnam_on_23_September_2011_1.PDF,Corruption,SCC 2000 10 243,,,UNRESOLVED
A_B_Bhaskara_Rao_vs_Inspector_Of_Police_Cbi_Vishakpatnam_on_23_September_2011_1.PDF,Corruption,SCC 2004 1 123,,,UNRESOLVED
A_B_Bhaskara_Rao_vs_Inspector_Of_Police_Cbi_Vishakpatnam_on_23_September_2011_1.PDF,Corruption,SCC 2004 10 505,,,UNRESOLVED
A_B_Bhaskara_Rao_vs_Inspector_Of_Police_Cbi_Vishakpatnam_on_23_September_2011_1.PDF,Corruption,SCC 2005 13 410,,,UNRESOLVED
A_B_Bhaskara_Rao_vs_Inspector_Of_Police_Cbi_Vishakpatnam_on_23_September_2011_1.PDF,Corruption,SCC 2005 7 353,,,UNRESOLVED
A_B_Bhaskara_Rao_vs_Inspector_Of_Police_Cbi_Vishakpatnam_on_23_September_2011_1.PDF,Corruption,SCC 2006 4 558,,,UNRESOLVED
A_B_Bhaskara_Rao_vs_Inspector_Of_Police_Cbi_Vishakpatnam_on_23_September_2011_1.PDF,Corruption,SCC 2007 2 220,,,UNRESOLVED
A_B_Bhaskara_Rao_vs_Inspector_Of_Police_Cbi_Vishakpatnam_on_23_September_2011_1.PDF,Corruption,SCC 2007 2 263,,,UNRESOLVED
A_B_Bhaskara_Rao_vs_Inspector_Of_Police_Cbi_Vishakpatnam_on_23_September_2011_1.PDF,Corruption,SCC 2007 4 511,,,UNRESOLVED
A_B_Bhaskara_Rao_vs_Inspector_Of_Police_Cbi_Vishakpatnam_on_23_September_2011_1.PDF,Corruption,SCC 2008 7 734,,,UNRESOLVED
A_B_Bhaskara_Rao_vs_Inspector_Of_Police_Cbi_Vishakpatnam_on_23_September_2011_1.PDF,Corruption,SCC 2002 10 194,,,UNRESOLVED
A_B_Bhaskara_Rao_vs_Inspector_Of_Police_Cbi_Vishakpatnam_on_23_September_2011_1.PDF,Corruption,SCC 2001 4 250,,,UNRESOLVED
A_B_Bhaskara_Rao_vs_Inspector_Of_Police_Cbi_Vishakpatnam_on_23_September_2011_1.PDF,Corruption,SCC 2009 6 379,,,UNRESOLVED
A_B_Bhaskara_Rao_vs_Inspector_Of_Police_Cbi_Vishakpatnam_on_23_September_2011_1.PDF,Corruption,SCC 1996 8 90,,,UNRESOLVED
A_B_Bhaskara_Rao_vs_Inspector_Of_Police_Cbi_Vishakpatnam_on_23_September_2011_1.PDF,Corruption,SCC 1996 9 309,,,UNRESOLVED
A_B_Bhaskara_Rao_vs_Inspector_Of_Police_Cbi_Vishakpatnam_on_23_September_2011_1.PDF,Corruption,SCC 1996 4 453,Union_Of_India_And_Anr_vs_Kirloskar_Pneumatic_Companylimited_on_6_May_1996_1.PDF,,OUTSIDE_DOMAINS
A_B_Bhaskara_Rao_vs_Inspector_Of_Police_Cbi_Vishakpatnam_on_23_September_2011_1.PDF,Corruption,SCC 1997 10 264,,,UNRESOLVED
A_B_Bhaskara_Rao_vs_Inspector_Of_Police_Cbi_Vishakpatnam_on_23_September_2011_1.PDF,Corruption,SCC 2002 2 560,,,UNRESOLVED
A_B_Bhaskara_Rao_vs_Inspector_Of_Police_Cbi_Vishakpatnam_on_23_September_2011_1.PDF,Corruption,SCC 1998 4 409,,,UNRESOLVED
A_B_Bhaskara_Rao_vs_Inspector_Of_Police_Cbi_Vishakpatnam_on_23_September_2011_1.PDF,Corruption,SCC 2001 2 186,,,UNRESOLVED
A_B_Bhaskara_Rao_vs_Inspector_Of_Police_Cbi_Vishakpatnam_on_23_September_2011_1.PDF,Corruption,SCC 1988 2 602,,,UNRESOLVED
A_B_Bhaskara_Rao_vs_Inspector_Of_Police_Cbi_Vishakpatnam_on_23_September_2011_1.PDF,Corruption,SCC 1995 6 447,Bonkya_Alias_Bharatshivaji_Mane_And_Ors_vs_State_Of_Maharashtra_on_27_September_1995_1.PDF,Organized Crime / Extortion,CROSS_DOMAIN
A_B_Bhaskara_Rao_vs_Inspector_Of_Police_Cbi_Vishakpatnam_on_23_September_2011_1.PDF,Corruption,SCC 1999 6 667,,,UNRESOLVED
A_B_Bhaskara_Rao_vs_Inspector_Of_Police_Cbi_Vishakpatnam_on_23_September_2011_1.PDF,Corruption,SCC 2000 1 278,,,UNRESOLVED
A_B_Bhaskara_Rao_vs_Inspector_Of_Police_Cbi_Vishakpatnam_on_23_September_2011_1.PDF,Corruption,SCC 2000 6 213,,,UNRESOLVED
A_B_Bhaskara_Rao_vs_Inspector_Of_Police_Cbi_Vishakpatnam_on_23_September_2011_1.PDF,Corruption,SCC 2002 8 158,,,UNRESOLVED
A_B_Bhaskara_Rao_vs_Inspector_Of_Police_Cbi_Vishakpatnam_on_23_September_2011_1.PDF,Corruption,SCC 2004 1 347,,,UNRESOLVED
A_B_Bhaskara_Rao_vs_Inspector_Of_Police_Cbi_Vishakpatnam_on_23_September_2011_1.PDF,Corruption,SCC 2004 9 741,,,UNRESOLVED
A_B_Bhaskara_Rao_vs_Inspector_Of_Police_Cbi_Vishakpatnam_on_23_September_2011_1.PDF,Corruption,SCC 2007 11 681,,,UNRESOLVED
A_B_Bhaskara_Rao_vs_Inspector_Of_Police_Cbi_Vishakpatnam_on_23_September_2011_1.PDF,Corruption,SCC 2007 6 276,,,UNRESOLVED
A_B_Bhaskara_Rao_vs_Inspector_Of_Police_Cbi_Vishakpatnam_on_23_September_2011_1.PDF,Corruption,SCC 2007 7 737,,,UNRESOLVED
A_B_Bhaskara_Rao_vs_Inspector_Of_Police_Cbi_Vishakpatnam_on_23_September_2011_1.PDF,Corruption,SCC 2004 2 130,,,UNRESOLVED
A_B_Bhaskara_Rao_vs_Inspector_Of_Police_Cbi_Vishakpatnam_on_23_September_2011_1.PDF,Corruption,SCC 2009 10 425,,,UNRESOLVED
A_B_Bhaskara_Rao_vs_Inspector_Of_Police_Cbi_Vishakpatnam_on_23_September_2011_1.PDF,Corruption,SCC 2009 12 727,,,UNRESOLVED
Centre_For_Pil_Anr_vs_Union_Of_India_Anr_on_3_March_2011_1.PDF,Corruption,SCC 1998 1 226,,,UNRESOLVED
Centre_For_Pil_Anr_vs_Union_Of_India_Anr_on_3_March_2011_1.PDF,Corruption,SCC 2009 7 1,,,UNRESOLVED
Centre_For_Pil_Anr_vs_Union_Of_India_Anr_on_3_March_2011_1.PDF,Corruption,SCC 2005 5 598,,,UNRESOLVED
Centre_For_Pil_Anr_vs_Union_Of_India_Anr_on_3_March_2011_1.PDF,Corruption,SCC 1985 4 417,,,UNRESOLVED
Centre_For_Pil_Anr_vs_Union_Of_India_Anr_on_3_March_2011_1.PDF,Corruption,SCC 1993 4 119,,,UNRESOLVED
Centre_For_Pil_Anr_vs_Union_Of_India_Anr_on_3_March_2011_1.PDF,Corruption,SCC 2010 9 655,,,UNRESOLVED
Centre_For_Pil_Anr_vs_Union_Of_India_Anr_on_3_March_2011_1.PDF,Corruption,SCC 1997 2 745,Bhuri_Nath_And_Ors_vs_State_Of_J_K_And_Ors_on_10_January_1997_1.PDF,,OUTSIDE_DOMAINS
Centre_For_Pil_Anr_vs_Union_Of_India_Anr_on_3_March_2011_1.PDF,Corruption,SCC 1974 2 831,,,UNRESOLVED
Centre_For_Pil_Anr_vs_Union_Of_India_Anr_on_3_March_2011_1.PDF,Corruption,SCR 1967 3 28,,,UNRESOLVED
M_S_Girnar_Traders_vs_State_Of_Maharashtra_Ors_on_11_January_2011_1.PDF,Corruption,AIR 1931 PC 149,,,UNRESOLVED
M_S_Girnar_Traders_vs_State_Of_Maharashtra_Ors_on_11_January_2011_1.PDF,Corruption,AIR 1963 SC 1077,,,UNRESOLVED
M_S_Girnar_Traders_vs_State_Of_Maharashtra_Ors_on_11_January_2011_1.PDF,Corruption,AIR 1947 PC 60,,,UNRESOLVED
M_S_Girnar_Traders_vs_State_Of_Maharashtra_Ors_on_11_January_2011_1.PDF,Corruption,AIR 1967 SC 1896,,,UNRESOLVED
M_S_Girnar_Traders_vs_State_Of_Maharashtra_Ors_on_11_January_2011_1.PDF,Corruption,SCC 1989 3 634,,,UNRESOLVED
M_S_Girnar_Traders_vs_State_Of_Maharashtra_Ors_on_11_January_2011_1.PDF,Corruption,SCC 1974 2 777,,,UNRESOLVED
M_S_Girnar_Traders_vs_State_Of_Maharashtra_Ors_on_11_January_2011_1.PDF,Corruption,SCC 1979 2 529,,,UNRESOLVED
M_S_Girnar_Traders_vs_State_Of_Maharashtra_Ors_on_11_January_2011_1.PDF,Corruption,SCC 1989 3 488,,,UNRESOLVED
M_S_Girnar_Traders_vs_State_Of_Maharashtra_Ors_on_11_January_2011_1.PDF,Corruption,SCC 1998 2 467,,,UNRESOLVED
M_S_Girnar_Traders_vs_State_Of_Maharashtra_Ors_on_11_January_2011_1.PDF,Corruption,SCC 2002 7 657,,,UNRESOLVED
M_S_Girnar_Traders_vs_State_Of_Maharashtra_Ors_on_11_January_2011_1.PDF,Corruption,SCC 2003 4 200,,,UNRESOLVED
M_S_Girnar_Traders_vs_State_Of_Maharashtra_Ors_on_11_January_2011_1.PDF,Corruption,SCC 1994 1 92,Gauri_Shankar_vs_State_Of_U_P_on_12_August_1993_1.PDF,Corruption; Organized Crime / Extortion,INTERNAL
M_S_Girnar_Traders_vs_State_Of_Maharashtra_Ors_on_11_January_2011_1.PDF,Corruption,SCC 2004 8 505,,,UNRESOLVED
M_S_Girnar_Traders_vs_State_Of_Maharashtra_Ors_on_11_January_2011_1.PDF,Corruption,SCC 1994 1 92,Gauri_Shankar_vs_State_Of_U_P_on_12_August_1993_1.PDF,Corruption; Organized Crime / Extortion,INTERNAL
M_S_Girnar_Traders_vs_State_Of_Maharashtra_Ors_on_11_January_2011_1.PDF,Corruption,SCC 1973 1 500,,,UNRESOLVED
M_S_Girnar_Traders_vs_State_Of_Maharashtra_Ors_on_11_January_2011_1.PDF,Corruption,SCC 2003 4 200,,,UNRESOLVED
M_S_Girnar_Traders_vs_State_Of_Maharashtra_Ors_on_11_January_2011_1.PDF,Corruption,SCC 1998 2 467,,,UNRESOLVED
M_S_Girnar_Traders_vs_State_Of_Maharashtra_Ors_on_11_January_2011_1.PDF,Corruption,SCC 1973 1 500,,,UNRESOLVED
M_S_Girnar_Traders_vs_State_Of_Maharashtra_Ors_on_11_January_2011_1.PDF,Corruption,SCC 2007 7 555,,,UNRESOLVED
M_S_Girnar_Traders_vs_State_Of_Maharashtra_Ors_on_11_January_2011_1.PDF,Corruption,SCC 2009 5 339,,,UNRESOLVED
M_S_Girnar_Traders_vs_State_Of_Maharashtra_Ors_on_11_January_2011_1.PDF,Corruption,SCC 1997 7 77,,,UNRESOLVED
M_S_Girnar_Traders_vs_State_Of_Maharashtra_Ors_on_11_January_2011_1.PDF,Corruption,SCC 2010 7 129,,,UNRESOLVED
M_S_Girnar_Traders_vs_State_Of_Maharashtra_Ors_on_11_January_2011_1.PDF,Corruption,SCC 2002 4 326,,,UNRESOLVED
M_S_Girnar_Traders_vs_State_Of_Maharashtra_Ors_on_11_January_2011_1.PDF,Corruption,SCC 1986 1 581,,,UNRESOLVED
M_S_Girnar_Traders_vs_State_Of_Maharashtra_Ors_on_11_January_2011_1.PDF,Corruption,SCC 2004 4 252,,,UNRESOLVED
M_S_Girnar_Traders_vs_State_Of_Maharashtra_Ors_on_11_January_2011_1.PDF,Corruption,SCC 2005 10 760,,,UNRESOLVED
M_S_Girnar_Traders_vs_State_Of_Maharashtra_Ors_on_11_January_2011_1.PDF,Corruption,SCC 1998 3 276,,,UNRESOLVED
M_S_Girnar_Traders_vs_State_Of_Maharashtra_Ors_on_11_January_2011_1.PDF,Corruption,SCC 1978 2 542,Bajaya_vs_Gopikabai_And_Anr_on_4_April_1978_1.PDF,,OUTSIDE_DOMAINS
M_S_Girnar_Traders_vs_State_Of_Maharashtra_Ors_on_11_January_2011_1.PDF,Corruption,SCC 1976 4 9,,,UNRESOLVED
M_S_Girnar_Traders_vs_State_Of_Maharashtra_Ors_on_11_January_2011_1.PDF,Corruption,SCC 1997 9 117,,,UNRESOLVED
M_S_Girnar_Traders_vs_State_Of_Maharashtra_Ors_on_11_January_2011_1.PDF,Corruption,SCC 2002 8 228,,,UNRESOLVED
M_S_Girnar_Traders_vs_State_Of_Maharashtra_Ors_on_11_January_2011_1.PDF,Corruption,SCC 1983 4 45,,,UNRESOLVED
M_S_Girnar_Traders_vs_State_Of_Maharashtra_Ors_on_11_January_2011_1.PDF,Corruption,SCC 2002 4 326,,,UNRESOLVED
M_S_Girnar_Traders_vs_State_Of_Maharashtra_Ors_on_11_January_2011_1.PDF,Corruption,SCC 1974 4 98,,,UNRESOLVED
M_S_Girnar_Traders_vs_State_Of_Maharashtra_Ors_on_11_January_2011_1.PDF,Corruption,SCR 1963 1 47,,,UNRESOLVED
M_S_Girnar_Traders_vs_State_Of_Maharashtra_Ors_on_11_January_2011_1.PDF,Corruption,SCR 1967 2 650,,,UNRESOLVED
M_S_Girnar_Traders_vs_State_Of_Maharashtra_Ors_on_11_January_2011_1.PDF,Corruption,SCR 1951 51,The_State_Of_Tripura_vs_The_Province_Of_East_Bengalunion_Of_on_20_December_1950_1.PDF,,OUTSIDE_DOMAINS
M_S_Girnar_Traders_vs_State_Of_Maharashtra_Ors_on_11_January_2011_1.PDF,Corruption,SCR 1955 1 290,,,UNRESOLVED
State_Of_Kerala_Anr_vs_C_P_Rao_on_16_May_2011_1.PDF,Corruption,SCR 1961 3 120,,,UNRESOLVED
Union_Of_India_Ors_vs_Ramesh_Gandhi_on_14_November_2011_1.PDF,Corruption,AIR 2007 SC 1546,,,UNRESOLVED
Union_Of_India_Ors_vs_Ramesh_Gandhi_on_14_November_2011_1.PDF,Corruption,AIR 1960 SC 866,,,UNRESOLVED
Union_Of_India_Ors_vs_Ramesh_Gandhi_on_14_November_2011_1.PDF,Corruption,AIR 1992 SC 604,,,UNRESOLVED
Union_Of_India_Ors_vs_Ramesh_Gandhi_on_14_November_2011_1.PDF,Corruption,SCC 1997 9 258,,,UNRESOLVED
Union_Of_India_Ors_vs_Ramesh_Gandhi_on_14_November_2011_1.PDF,Corruption,SCC 1994 1 1,S_P_Chengalvaraya_Naidu_vs_Jagannath_on_27_October_1993_1.PDF,,OUTSIDE_DOMAINS
Akhilesh_Yadav_vs_Vishwanath_Chaturvedi_Ors_on_13_December_2012_1.PDF,Corruption,AIR 1945 PC 18,,,UNRESOLVED
Akhilesh_Yadav_vs_Vishwanath_Chaturvedi_Ors_on_13_December_2012_1.PDF,Corruption,SCC 1999 6 667,,,UNRESOLVED
Akhilesh_Yadav_vs_Vishwanath_Chaturvedi_Ors_on_13_December_2012_1.PDF,Corruption,SCC 1988 2 602,,,UNRESOLVED
Akhilesh_Yadav_vs_Vishwanath_Chaturvedi_Ors_on_13_December_2012_1.PDF,Corruption,SCC 1998 4 409,,,UNRESOLVED
Akhilesh_Yadav_vs_Vishwanath_Chaturvedi_Ors_on_13_December_2012_1.PDF,Corruption,SCC 2004 9 741,,,UNRESOLVED
Akhilesh_Yadav_vs_Vishwanath_Chaturvedi_Ors_on_13_December_2012_1.PDF,Corruption,SCC 2000 1 278,,,UNRESOLVED
Akhilesh_Yadav_vs_Vishwanath_Chaturvedi_Ors_on_13_December_2012_1.PDF,Corruption,SCC 1970 1 633,,,UNRESOLVED
Akhilesh_Yadav_vs_Vishwanath_Chaturvedi_Ors_on_13_December_2012_1.PDF,Corruption,SCC 1985 1 317,,,UNRESOLVED
Akhilesh_Yadav_vs_Vishwanath_Chaturvedi_Ors_on_13_December_2012_1.PDF,Corruption,SCC 1997 8 715,,,UNRESOLVED
Akhilesh_Yadav_vs_Vishwanath_Chaturvedi_Ors_on_13_December_2012_1.PDF,Corruption,SCC 1998 4 409,,,UNRESOLVED
Akhilesh_Yadav_vs_Vishwanath_Chaturvedi_Ors_on_13_December_2012_1.PDF,Corruption,SCR 1970 3 881,,,UNRESOLVED
Cbi_Hyderabad_vs_K_Narayana_Rao_on_21_September_2012_1.PDF,Corruption,SCC 1977 4 39,,,UNRESOLVED
Cbi_Hyderabad_vs_K_Narayana_Rao_on_21_September_2012_1.PDF,Corruption,SCC 2010 2 398,,,UNRESOLVED
Cbi_Hyderabad_vs_K_Narayana_Rao_on_21_September_2012_1.PDF,Corruption,SCC 2010 9 368,,,UNRESOLVED
Cbi_Hyderabad_vs_K_Narayana_Rao_on_21_September_2012_1.PDF,Corruption,SCC 1995 6 194,Mrs_Rupan_Deol_Bajaj_Anr_vs_Kanwar_Pal_Singh_Gill_Anr_on_12_October_1995_1.PDF,Organized Crime / Extortion,CROSS_DOMAIN
Cbi_Hyderabad_vs_K_Narayana_Rao_on_21_September_2012_1.PDF,Corruption,SCC 2000 8 115,,,UNRESOLVED
Cbi_Hyderabad_vs_K_Narayana_Rao_on_21_September_2012_1.PDF,Corruption,SCC 1988 4 655,,,UNRESOLVED
Cbi_Hyderabad_vs_K_Narayana_Rao_on_21_September_2012_1.PDF,Corruption,SCC 1980 2 465,Shivnarayan_Laxminarayan_Joshi_And_vs_State_Of_Maharashtra_on_10_October_1979_1.PDF,Financial Fraud,CROSS_DOMAIN
Cbi_Hyderabad_vs_K_Narayana_Rao_on_21_September_2012_1.PDF,Corruption,SCC 2005 6 1,,,UNRESOLVED
Cbi_Hyderabad_vs_K_Narayana_Rao_on_21_September_2012_1.PDF,Corruption,SCC 1984 2 556,Pandurang_Dattatraya_Khandekar_vs_Bar_Council_Of_Maharashtra_Bombay_And_on_20_October_1983_1.PDF,,OUTSIDE_DOMAINS
Dr_Subramanian_Swamy_vs_Dr_Manmohan_Singh_And_Anr_on_31_January_2012_1.PDF,Corruption,SCC 1998 1 226,,,UNRESOLVED
Dr_Subramanian_Swamy_vs_Dr_Manmohan_Singh_And_Anr_on_31_January_2012_1.PDF,Corruption,SCC 1976 3 252,,,UNRESOLVED
Dr_Subramanian_Swamy_vs_Dr_Manmohan_Singh_And_Anr_on_31_January_2012_1.PDF,Corruption,SCC 1987 1 476,,,UNRESOLVED
Dr_Subramanian_Swamy_vs_Dr_Manmohan_Singh_And_Anr_on_31_January_2012_1.PDF,Corruption,SCC 1995 1 684,State_Of_W_B_vs_Mohammed_Khalid_on_24_November_1994_1.PDF,Organized Crime / Extortion,CROSS_DOMAIN
Dr_Subramanian_Swamy_vs_Dr_Manmohan_Singh_And_Anr_on_31_January_2012_1.PDF,Corruption,SCC 1998 6 551,,,UNRESOLVED
Dr_Subramanian_Swamy_vs_Dr_Manmohan_Singh_And_Anr_on_31_January_2012_1.PDF,Corruption,SCC 2005 4 512,,,UNRESOLVED
Dr_Subramanian_Swamy_vs_Dr_Manmohan_Singh_And_Anr_on_31_January_2012_1.PDF,Corruption,SCC 2005 8 202,,,UNRESOLVED
Dr_Subramanian_Swamy_vs_Dr_Manmohan_Singh_And_Anr_on_31_January_2012_1.PDF,Corruption,SCC 2006 6 728,,,UNRESOLVED
Dr_Subramanian_Swamy_vs_Dr_Manmohan_Singh_And_Anr_on_31_January_2012_1.PDF,Corruption,SCC 1984 2 183,,,UNRESOLVED
Dr_Subramanian_Swamy_vs_Dr_Manmohan_Singh_And_Anr_on_31_January_2012_1.PDF,Corruption,SCC 1995 2 437,Habibulla_Khan_vs_State_Of_Orissa_Anr_on_2_February_1995_1.PDF,Corruption,INTERNAL
Dr_Subramanian_Swamy_vs_Dr_Manmohan_Singh_And_Anr_on_31_January_2012_1.PDF,Corruption,SCC 2004 2 349,,,UNRESOLVED
Dr_Subramanian_Swamy_vs_Dr_Manmohan_Singh_And_Anr_on_31_January_2012_1.PDF,Corruption,SCC 2007 1 1,,,UNRESOLVED
Dr_Subramanian_Swamy_vs_Dr_Manmohan_Singh_And_Anr_on_31_January_2012_1.PDF,Corruption,SCC 2007 1 45,,,UNRESOLVED
Dr_Subramanian_Swamy_vs_Dr_Manmohan_Singh_And_Anr_on_31_January_2012_1.PDF,Corruption,SCC 1984 2 500,,,UNRESOLVED
Dr_Subramanian_Swamy_vs_Dr_Manmohan_Singh_And_Anr_on_31_January_2012_1.PDF,Corruption,SCC 1996 2 199,,,UNRESOLVED
Dr_Subramanian_Swamy_vs_Dr_Manmohan_Singh_And_Anr_on_31_January_2012_1.PDF,Corruption,SCC 1997 4 778,,,UNRESOLVED
Dr_Subramanian_Swamy_vs_Dr_Manmohan_Singh_And_Anr_on_31_January_2012_1.PDF,Corruption,SCC 1998 1 226,,,UNRESOLVED
Dr_Subramanian_Swamy_vs_Dr_Manmohan_Singh_And_Anr_on_31_January_2012_1.PDF,Corruption,SCC 1996 2 199,,,UNRESOLVED
Dr_Subramanian_Swamy_vs_Dr_Manmohan_Singh_And_Anr_on_31_January_2012_1.PDF,Corruption,SCC 1998 1 226,,,UNRESOLVED
Dr_Subramanian_Swamy_vs_Dr_Manmohan_Singh_And_Anr_on_31_January_2012_1.PDF,Corruption,SCC 2012 1 222,,,UNRESOLVED
Dr_Subramanian_Swamy_vs_Dr_Manmohan_Singh_And_Anr_on_31_January_2012_1.PDF,Corruption,SCC 1998 1 226,,,UNRESOLVED
Dr_Subramanian_Swamy_vs_Dr_Manmohan_Singh_And_Anr_on_31_January_2012_1.PDF,Corruption,SCC 1998 6 411,,,UNRESOLVED
Dr_Subramanian_Swamy_vs_Dr_Manmohan_Singh_And_Anr_on_31_January_2012_1.PDF,Corruption,SCC 2009 6 372,,,UNRESOLVED
Dr_Subramanian_Swamy_vs_Dr_Manmohan_Singh_And_Anr_on_31_January_2012_1.PDF,Corruption,SCC 2005 12 709,,,UNRESOLVED
Dr_Subramanian_Swamy_vs_Dr_Manmohan_Singh_And_Anr_on_31_January_2012_1.PDF,Corruption,SCC 2005 5 517,,,UNRESOLVED
Dr_Subramanian_Swamy_vs_Dr_Manmohan_Singh_And_Anr_on_31_January_2012_1.PDF,Corruption,SCC 2004 9 319,,,UNRESOLVED
Dr_Subramanian_Swamy_vs_Dr_Manmohan_Singh_And_Anr_on_31_January_2012_1.PDF,Corruption,SCC 2001 5 755,,,UNRESOLVED
Dr_Subramanian_Swamy_vs_Dr_Manmohan_Singh_And_Anr_on_31_January_2012_1.PDF,Corruption,SCC 2000 5 88,,,UNRESOLVED
Dr_Subramanian_Swamy_vs_Dr_Manmohan_Singh_And_Anr_on_31_January_2012_1.PDF,Corruption,SCC 1999 5 138,,,UNRESOLVED
Dr_Subramanian_Swamy_vs_Dr_Manmohan_Singh_And_Anr_on_31_January_2012_1.PDF,Corruption,SCC 1977 2 394,,,UNRESOLVED
Dr_Subramanian_Swamy_vs_Dr_Manmohan_Singh_And_Anr_on_31_January_2012_1.PDF,Corruption,SCC 1987 1 288,,,UNRESOLVED
Dr_Subramanian_Swamy_vs_Dr_Manmohan_Singh_And_Anr_on_31_January_2012_1.PDF,Corruption,SCC 2002 1 149,,,UNRESOLVED
Dr_Subramanian_Swamy_vs_Dr_Manmohan_Singh_And_Anr_on_31_January_2012_1.PDF,Corruption,SCC 1978 1 248,Mrs_Maneka_Gandhi_vs_Union_Of_India_Uoi_And_Anr_on_25_January_1978_1.PDF,Organized Crime / Extortion,CROSS_DOMAIN
Dr_Subramanian_Swamy_vs_Dr_Manmohan_Singh_And_Anr_on_31_January_2012_1.PDF,Corruption,SCR 1951 312,R_R_Chari_vs_The_State_Of_Uttar_Pradesh_on_19_March_1951_1.PDF,Organized Crime / Extortion,CROSS_DOMAIN
Dr_Subramanian_Swamy_vs_Dr_Manmohan_Singh_And_Anr_on_31_January_2012_1.PDF,Corruption,SCR 1955 1 1150,,,UNRESOLVED
Dr_Subramanian_Swamy_vs_Dr_Manmohan_Singh_And_Anr_on_31_January_2012_1.PDF,Corruption,SCR 1951 312,R_R_Chari_vs_The_State_Of_Uttar_Pradesh_on_19_March_1951_1.PDF,Organized Crime / Extortion,CROSS_DOMAIN
General_Officer_Commanding_vs_Cbi_Anr_on_1_May_2012_1.PDF,Corruption,AIR 1991 SC 506,,,UNRESOLVED
General_Officer_Commanding_vs_Cbi_Anr_on_1_May_2012_1.PDF,Corruption,AIR 1972 SC 878,S_V_Kondaskar_Official_Liquidator_vs_V_M_Deshpande_Income_Tax_Officer_on_4_January_1972_1.PDF,,OUTSIDE_DOMAINS
General_Officer_Commanding_vs_Cbi_Anr_on_1_May_2012_1.PDF,Corruption,AIR 1982 SC 818,,,UNRESOLVED
General_Officer_Commanding_vs_Cbi_Anr_on_1_May_2012_1.PDF,Corruption,AIR 1987 SC 1739,,,UNRESOLVED
General_Officer_Commanding_vs_Cbi_Anr_on_1_May_2012_1.PDF,Corruption,AIR 1968 SC 488,,,UNRESOLVED
General_Officer_Commanding_vs_Cbi_Anr_on_1_May_2012_1.PDF,Corruption,AIR 1970 SC 1093,,,UNRESOLVED
General_Officer_Commanding_vs_Cbi_Anr_on_1_May_2012_1.PDF,Corruption,AIR 1970 SC 1384,Hindusthan_Commercial_Bank_Ltd_vs_Punnu_Sahu_Dead_Through_Legal_on_1_December_1969_1.PDF,,OUTSIDE_DOMAINS
General_Officer_Commanding_vs_Cbi_Anr_on_1_May_2012_1.PDF,Corruption,AIR 1998 SC 492,,,UNRESOLVED
General_Officer_Commanding_vs_Cbi_Anr_on_1_May_2012_1.PDF,Corruption,AIR 1964 SC 1541,,,UNRESOLVED
General_Officer_Commanding_vs_Cbi_Anr_on_1_May_2012_1.PDF,Corruption,AIR 1979 SC 777,,,UNRESOLVED
General_Officer_Commanding_vs_Cbi_Anr_on_1_May_2012_1.PDF,Corruption,AIR 1976 SC 1672,,,UNRESOLVED
General_Officer_Commanding_vs_Cbi_Anr_on_1_May_2012_1.PDF,Corruption,AIR 2000 SC 2946,,,UNRESOLVED
General_Officer_Commanding_vs_Cbi_Anr_on_1_May_2012_1.PDF,Corruption,AIR 1996 SC 901,,,UNRESOLVED
General_Officer_Commanding_vs_Cbi_Anr_on_1_May_2012_1.PDF,Corruption,AIR 2004 SC 4174,,,UNRESOLVED
General_Officer_Commanding_vs_Cbi_Anr_on_1_May_2012_1.PDF,Corruption,AIR 2005 SC 4413,,,UNRESOLVED
General_Officer_Commanding_vs_Cbi_Anr_on_1_May_2012_1.PDF,Corruption,AIR 2006 SC 820,,,UNRESOLVED
General_Officer_Commanding_vs_Cbi_Anr_on_1_May_2012_1.PDF,Corruption,AIR 2008 SC 1992,,,UNRESOLVED
General_Officer_Commanding_vs_Cbi_Anr_on_1_May_2012_1.PDF,Corruption,AIR 1968 SC 1323,,,UNRESOLVED
General_Officer_Commanding_vs_Cbi_Anr_on_1_May_2012_1.PDF,Corruption,AIR 1978 SC 1568,,,UNRESOLVED
General_Officer_Commanding_vs_Cbi_Anr_on_1_May_2012_1.PDF,Corruption,AIR 1996 SC 204,,,UNRESOLVED
General_Officer_Commanding_vs_Cbi_Anr_on_1_May_2012_1.PDF,Corruption,AIR 1997 SC 2102,,,UNRESOLVED
General_Officer_Commanding_vs_Cbi_Anr_on_1_May_2012_1.PDF,Corruption,AIR 2009 SC 1404,,,UNRESOLVED
General_Officer_Commanding_vs_Cbi_Anr_on_1_May_2012_1.PDF,Corruption,AIR 1964 SC 33,,,UNRESOLVED
General_Officer_Commanding_vs_Cbi_Anr_on_1_May_2012_1.PDF,Corruption,AIR 1966 SC 1783,,,UNRESOLVED
General_Officer_Commanding_vs_Cbi_Anr_on_1_May_2012_1.PDF,Corruption,AIR 1966 SC 1786,,,UNRESOLVED
General_Officer_Commanding_vs_Cbi_Anr_on_1_May_2012_1.PDF,Corruption,AIR 2004 SC 2179,,,UNRESOLVED
General_Officer_Commanding_vs_Cbi_Anr_on_1_May_2012_1.PDF,Corruption,AIR 1967 SC 776,,,UNRESOLVED
General_Officer_Commanding_vs_Cbi_Anr_on_1_May_2012_1.PDF,Corruption,AIR 1998 SC 1524,,,UNRESOLVED
General_Officer_Commanding_vs_Cbi_Anr_on_1_May_2012_1.PDF,Corruption,AIR 1956 SC 44,,,UNRESOLVED
General_Officer_Commanding_vs_Cbi_Anr_on_1_May_2012_1.PDF,Corruption,AIR 2006 SC 1599,,,UNRESOLVED
General_Officer_Commanding_vs_Cbi_Anr_on_1_May_2012_1.PDF,Corruption,AIR 2001 SC 2198,,,UNRESOLVED
General_Officer_Commanding_vs_Cbi_Anr_on_1_May_2012_1.PDF,Corruption,AIR 1979 SC 1841,,,UNRESOLVED
General_Officer_Commanding_vs_Cbi_Anr_on_1_May_2012_1.PDF,Corruption,AIR 2007 SC 1274,,,UNRESOLVED
General_Officer_Commanding_vs_Cbi_Anr_on_1_May_2012_1.PDF,Corruption,AIR 1964 SC 269,,,UNRESOLVED
General_Officer_Commanding_vs_Cbi_Anr_on_1_May_2012_1.PDF,Corruption,AIR 1998 SC 431,,,UNRESOLVED
General_Officer_Commanding_vs_Cbi_Anr_on_1_May_2012_1.PDF,Corruption,AIR 1997 SC 3475,,,UNRESOLVED
General_Officer_Commanding_vs_Cbi_Anr_on_1_May_2012_1.PDF,Corruption,AIR 1951 SC 207,,,UNRESOLVED
General_Officer_Commanding_vs_Cbi_Anr_on_1_May_2012_1.PDF,Corruption,AIR 2012 SC 1185,,,UNRESOLVED
General_Officer_Commanding_vs_Cbi_Anr_on_1_May_2012_1.PDF,Corruption,AIR 1961 SC 365,,,UNRESOLVED
General_Officer_Commanding_vs_Cbi_Anr_on_1_May_2012_1.PDF,Corruption,AIR 1983 SC 259,Haji_Siddik_Haji_Umar_And_Ors_vs_Union_Of_India_Uoi_on_18_January_1983_1.PDF,,OUTSIDE_DOMAINS
General_Officer_Commanding_vs_Cbi_Anr_on_1_May_2012_1.PDF,Corruption,AIR 1958 SC 767,Madhavrao_Narayanrao_Patwardhan_vs_Ramkrishna_Govind_Bhanu_And_Ors_on_18_April_1958_1.PDF,,OUTSIDE_DOMAINS
General_Officer_Commanding_vs_Cbi_Anr_on_1_May_2012_1.PDF,Corruption,AIR 1971 SC 530,,,UNRESOLVED
General_Officer_Commanding_vs_Cbi_Anr_on_1_May_2012_1.PDF,Corruption,AIR 1981 SC 1514,,,UNRESOLVED
General_Officer_Commanding_vs_Cbi_Anr_on_1_May_2012_1.PDF,Corruption,AIR 1985 SC 1669,Vijay_Kumar_Rampal_And_Ors_vs_Diwan_Devi_And_Ors_on_1_May_1984_1.PDF,,OUTSIDE_DOMAINS
General_Officer_Commanding_vs_Cbi_Anr_on_1_May_2012_1.PDF,Corruption,AIR 1981 SC 636,,,UNRESOLVED
General_Officer_Commanding_vs_Cbi_Anr_on_1_May_2012_1.PDF,Corruption,AIR 1969 SC 414,,,UNRESOLVED
General_Officer_Commanding_vs_Cbi_Anr_on_1_May_2012_1.PDF,Corruption,AIR 1972 SC 2548,,,UNRESOLVED
General_Officer_Commanding_vs_Cbi_Anr_on_1_May_2012_1.PDF,Corruption,AIR 1965 SC 247,,,UNRESOLVED
General_Officer_Commanding_vs_Cbi_Anr_on_1_May_2012_1.PDF,Corruption,AIR 1998 SC 577,,,UNRESOLVED
General_Officer_Commanding_vs_Cbi_Anr_on_1_May_2012_1.PDF,Corruption,SCC 1993 2 144,Maharashtra_Tubes_Ltd_vs_State_Industrial_And_Investment_on_29_January_1993_1.PDF,,OUTSIDE_DOMAINS
General_Officer_Commanding_vs_Cbi_Anr_on_1_May_2012_1.PDF,Corruption,SCC 2011 6 1,,,UNRESOLVED
General_Officer_Commanding_vs_Cbi_Anr_on_1_May_2012_1.PDF,Corruption,SCC 2009 8 617,,,UNRESOLVED
General_Officer_Commanding_vs_Cbi_Anr_on_1_May_2012_1.PDF,Corruption,SCC 1993 3 339,,,UNRESOLVED
General_Officer_Commanding_vs_Cbi_Anr_on_1_May_2012_1.PDF,Corruption,SCC 2009 17 92,,,UNRESOLVED
General_Officer_Commanding_vs_Cbi_Anr_on_1_May_2012_1.PDF,Corruption,SCC 1994 1 64,Prof_Sumer_Chand_vs_Union_Of_India_on_7_September_1993_1.PDF,Organized Crime / Extortion,CROSS_DOMAIN
General_Officer_Commanding_vs_Cbi_Anr_on_1_May_2012_1.PDF,Corruption,SCC 2008 13 229,,,UNRESOLVED
General_Officer_Commanding_vs_Cbi_Anr_on_1_May_2012_1.PDF,Corruption,SCC 2009 6 316,,,UNRESOLVED
General_Officer_Commanding_vs_Cbi_Anr_on_1_May_2012_1.PDF,Corruption,SCC 2007 13 387,,,UNRESOLVED
General_Officer_Commanding_vs_Cbi_Anr_on_1_May_2012_1.PDF,Corruption,SCC 2004 2 349,,,UNRESOLVED
General_Officer_Commanding_vs_Cbi_Anr_on_1_May_2012_1.PDF,Corruption,SCC 1995 1 684,State_Of_W_B_vs_Mohammed_Khalid_on_24_November_1994_1.PDF,Organized Crime / Extortion,CROSS_DOMAIN
General_Officer_Commanding_vs_Cbi_Anr_on_1_May_2012_1.PDF,Corruption,SCC 2009 6 372,,,UNRESOLVED
General_Officer_Commanding_vs_Cbi_Anr_on_1_May_2012_1.PDF,Corruption,SCC 2002 6 336,,,UNRESOLVED
General_Officer_Commanding_vs_Cbi_Anr_on_1_May_2012_1.PDF,Corruption,SCC 2008 9 613,,,UNRESOLVED
General_Officer_Commanding_vs_Cbi_Anr_on_1_May_2012_1.PDF,Corruption,SCC 1995 1 90,Balbir_Singh_vs_State_Of_Punjab_on_10_November_1994_1.PDF,Organized Crime / Extortion; Violent Crime / Homicide,CROSS_DOMAIN
Gian_Singh_vs_State_Of_Punjab_Anr_on_24_September_2012_1.PDF,Corruption,AIR 1959 SC 542,,,UNRESOLVED
Gian_Singh_vs_State_Of_Punjab_Anr_on_24_September_2012_1.PDF,Corruption,AIR 1945 PC 94,,,UNRESOLVED
Gian_Singh_vs_State_Of_Punjab_Anr_on_24_September_2012_1.PDF,Corruption,AIR 1964 SC 703,,,UNRESOLVED
Gian_Singh_vs_State_Of_Punjab_Anr_on_24_September_2012_1.PDF,Corruption,AIR 1999 SC 2554,,,UNRESOLVED
Gian_Singh_vs_State_Of_Punjab_Anr_on_24_September_2012_1.PDF,Corruption,SCC 2003 4 675,,,UNRESOLVED
Gian_Singh_vs_State_Of_Punjab_Anr_on_24_September_2012_1.PDF,Corruption,SCC 2008 9 677,,,UNRESOLVED
Gian_Singh_vs_State_Of_Punjab_Anr_on_24_September_2012_1.PDF,Corruption,SCC 2008 16 1,,,UNRESOLVED
Gian_Singh_vs_State_Of_Punjab_Anr_on_24_September_2012_1.PDF,Corruption,SCC 2009 6 351,,,UNRESOLVED
Gian_Singh_vs_State_Of_Punjab_Anr_on_24_September_2012_1.PDF,Corruption,SCC 2003 4 675,,,UNRESOLVED
Gian_Singh_vs_State_Of_Punjab_Anr_on_24_September_2012_1.PDF,Corruption,SCC 2008 9 677,,,UNRESOLVED
Gian_Singh_vs_State_Of_Punjab_Anr_on_24_September_2012_1.PDF,Corruption,SCC 2008 16 1,,,UNRESOLVED
Gian_Singh_vs_State_Of_Punjab_Anr_on_24_September_2012_1.PDF,Corruption,SCC 2011 6 216,,,UNRESOLVED
Gian_Singh_vs_State_Of_Punjab_Anr_on_24_September_2012_1.PDF,Corruption,SCC 2009 11 424,,,UNRESOLVED
Gian_Singh_vs_State_Of_Punjab_Anr_on_24_September_2012_1.PDF,Corruption,SCC 1977 2 699,,,UNRESOLVED
Gian_Singh_vs_State_Of_Punjab_Anr_on_24_September_2012_1.PDF,Corruption,SCC 1977 4 551,,,UNRESOLVED
Gian_Singh_vs_State_Of_Punjab_Anr_on_24_September_2012_1.PDF,Corruption,SCC 1980 1 43,,,UNRESOLVED
Gian_Singh_vs_State_Of_Punjab_Anr_on_24_September_2012_1.PDF,Corruption,SCC 1990 2 437,,,UNRESOLVED
Gian_Singh_vs_State_Of_Punjab_Anr_on_24_September_2012_1.PDF,Corruption,SCC 2000 2 636,,,UNRESOLVED
Gian_Singh_vs_State_Of_Punjab_Anr_on_24_September_2012_1.PDF,Corruption,SCC 2002 3 89,,,UNRESOLVED
Gian_Singh_vs_State_Of_Punjab_Anr_on_24_September_2012_1.PDF,Corruption,SCC 2009 6 351,,,UNRESOLVED
Gian_Singh_vs_State_Of_Punjab_Anr_on_24_September_2012_1.PDF,Corruption,SCC 2009 7 495,,,UNRESOLVED
Gian_Singh_vs_State_Of_Punjab_Anr_on_24_September_2012_1.PDF,Corruption,SCC 2011 5 708,,,UNRESOLVED
Gian_Singh_vs_State_Of_Punjab_Anr_on_24_September_2012_1.PDF,Corruption,SCC 2008 4 582,,,UNRESOLVED
Gian_Singh_vs_State_Of_Punjab_Anr_on_24_September_2012_1.PDF,Corruption,SCC 2008 15 667,,,UNRESOLVED
Gian_Singh_vs_State_Of_Punjab_Anr_on_24_September_2012_1.PDF,Corruption,SCC 2006 9 255,,,UNRESOLVED
Gian_Singh_vs_State_Of_Punjab_Anr_on_24_September_2012_1.PDF,Corruption,SCC 2001 10 504,,,UNRESOLVED
Gian_Singh_vs_State_Of_Punjab_Anr_on_24_September_2012_1.PDF,Corruption,SCC 2008 15 671,,,UNRESOLVED
Gian_Singh_vs_State_Of_Punjab_Anr_on_24_September_2012_1.PDF,Corruption,SCC 2009 6 364,,,UNRESOLVED
Gian_Singh_vs_State_Of_Punjab_Anr_on_24_September_2012_1.PDF,Corruption,SCC 1996 5 591,,,UNRESOLVED
Gian_Singh_vs_State_Of_Punjab_Anr_on_24_September_2012_1.PDF,Corruption,SCC 1992 4 305,,,UNRESOLVED
Gian_Singh_vs_State_Of_Punjab_Anr_on_24_September_2012_1.PDF,Corruption,SCC 2011 10 705,,,UNRESOLVED
Gian_Singh_vs_State_Of_Punjab_Anr_on_24_September_2012_1.PDF,Corruption,SCC 2012 5 627,,,UNRESOLVED
Gian_Singh_vs_State_Of_Punjab_Anr_on_24_September_2012_1.PDF,Corruption,SCC 2005 1 347,Y_Suresh_Babu_vs_State_Of_A_P_And_Anr_on_29_April_1987_1.PDF,,OUTSIDE_DOMAINS
Gian_Singh_vs_State_Of_Punjab_Anr_on_24_September_2012_1.PDF,Corruption,SCC 1999 2 213,,,UNRESOLVED
Mayawati_vs_Union_Of_India_Ors_on_6_July_2012_1.PDF,Corruption,SCC 2003 8 696,,,UNRESOLVED
Mayawati_vs_Union_Of_India_Ors_on_6_July_2012_1.PDF,Corruption,SCC 2007 1 110,,,UNRESOLVED
Mayawati_vs_Union_Of_India_Ors_on_6_July_2012_1.PDF,Corruption,SCC 2003 8 696,,,UNRESOLVED
Mayawati_vs_Union_Of_India_Ors_on_6_July_2012_1.PDF,Corruption,SCC 1997 2 353,,,UNRESOLVED
Mayawati_vs_Union_Of_India_Ors_on_6_July_2012_1.PDF,Corruption,SCC 2003 8 706,,,UNRESOLVED
Mayawati_vs_Union_Of_India_Ors_on_6_July_2012_1.PDF,Corruption,SCC 2003 8 711,,,UNRESOLVED
Mayawati_vs_Union_Of_India_Ors_on_6_July_2012_1.PDF,Corruption,SCC 2010 3 571,,,UNRESOLVED
Mayawati_vs_Union_Of_India_Ors_on_6_July_2012_1.PDF,Corruption,SCC 2007 1 137,,,UNRESOLVED
Mayawati_vs_Union_Of_India_Ors_on_6_July_2012_1.PDF,Corruption,SCC 2007 1 136,,,UNRESOLVED
Mayawati_vs_Union_Of_India_Ors_on_6_July_2012_1.PDF,Corruption,SCC 1991 3 756,The_Janata_Dal_Ors_Etc_vs_H_S_Chowdhary_Ors_Etc_on_27_August_1991_1.PDF,Corruption; Financial Fraud,INTERNAL
Mukut_Bihari_Anr_vs_State_Of_Rajasthan_on_25_May_2012_1.PDF,Corruption,AIR 1973 SC 498,Ram_Prakash_Arora_vs_State_Of_Punjab_on_22_March_1972_1.PDF,Corruption,INTERNAL
Mukut_Bihari_Anr_vs_State_Of_Rajasthan_on_25_May_2012_1.PDF,Corruption,AIR 1979 SC 1191,Panalal_Damodar_Rathi_vs_State_Of_Maharashtra_on_24_January_1979_1.PDF,Corruption,INTERNAL
Mukut_Bihari_Anr_vs_State_Of_Rajasthan_on_25_May_2012_1.PDF,Corruption,AIR 1979 SC 1408,Suraj_Mal_vs_State_Delhi_Administration_on_13_February_1979_1.PDF,Corruption,INTERNAL
Mukut_Bihari_Anr_vs_State_Of_Rajasthan_on_25_May_2012_1.PDF,Corruption,AIR 2000 SC 3377,,,UNRESOLVED
Mukut_Bihari_Anr_vs_State_Of_Rajasthan_on_25_May_2012_1.PDF,Corruption,AIR 2006 SC 836,,,UNRESOLVED
Mukut_Bihari_Anr_vs_State_Of_Rajasthan_on_25_May_2012_1.PDF,Corruption,AIR 2009 SC 2022,,,UNRESOLVED
Mukut_Bihari_Anr_vs_State_Of_Rajasthan_on_25_May_2012_1.PDF,Corruption,AIR 2011 SC 608,,,UNRESOLVED
Mukut_Bihari_Anr_vs_State_Of_Rajasthan_on_25_May_2012_1.PDF,Corruption,AIR 2007 SC 2976,,,UNRESOLVED
Mukut_Bihari_Anr_vs_State_Of_Rajasthan_on_25_May_2012_1.PDF,Corruption,SCC 2009 6 587,,,UNRESOLVED
Mukut_Bihari_Anr_vs_State_Of_Rajasthan_on_25_May_2012_1.PDF,Corruption,SCC 2009 15 200,,,UNRESOLVED
Mukut_Bihari_Anr_vs_State_Of_Rajasthan_on_25_May_2012_1.PDF,Corruption,SCC 2011 6 450,,,UNRESOLVED
Mukut_Bihari_Anr_vs_State_Of_Rajasthan_on_25_May_2012_1.PDF,Corruption,SCC 2008 3 484,,,UNRESOLVED
N_V_Subba_Rao_vs_State_Insp_Of_Police_C_B_I__S_P_E_on_3_December_2012_1.PDF,Corruption,SCC 2002 8 87,,,UNRESOLVED
N_V_Subba_Rao_vs_State_Insp_Of_Police_C_B_I__S_P_E_on_3_December_2012_1.PDF,Corruption,SCC 2009 11 737,,,UNRESOLVED
N_V_Subba_Rao_vs_State_Insp_Of_Police_C_B_I__S_P_E_on_3_December_2012_1.PDF,Corruption,SCC 2001 1 691,,,UNRESOLVED
N_V_Subba_Rao_vs_State_Insp_Of_Police_C_B_I__S_P_E_on_3_December_2012_1.PDF,Corruption,SCC 2006 1 401,,,UNRESOLVED
N_V_Subba_Rao_vs_State_Insp_Of_Police_C_B_I__S_P_E_on_3_December_2012_1.PDF,Corruption,SCC 2008 15 657,,,UNRESOLVED
N_V_Subba_Rao_vs_State_Insp_Of_Police_C_B_I__S_P_E_on_3_December_2012_1.PDF,Corruption,SCC 2009 8 617,,,UNRESOLVED
N_V_Subba_Rao_vs_State_Insp_Of_Police_C_B_I__S_P_E_on_3_December_2012_1.PDF,Corruption,SCC 2012 7 699,,,UNRESOLVED
Om_Kr_Dhankar_vs_State_Of_Haryana_Anr_on_28_February_2012_1.PDF,Corruption,SCC 1999 3 134,,,UNRESOLVED
Om_Kr_Dhankar_vs_State_Of_Haryana_Anr_on_28_February_2012_1.PDF,Corruption,SCC 1977 4 551,,,UNRESOLVED
Om_Kr_Dhankar_vs_State_Of_Haryana_Anr_on_28_February_2012_1.PDF,Corruption,SCC 1977 4 137,,,UNRESOLVED
Om_Kr_Dhankar_vs_State_Of_Haryana_Anr_on_28_February_2012_1.PDF,Corruption,SCC 1992 1 217,,,UNRESOLVED
Om_Kr_Dhankar_vs_State_Of_Haryana_Anr_on_28_February_2012_1.PDF,Corruption,SCC 2006 1 557,,,UNRESOLVED
Om_Kr_Dhankar_vs_State_Of_Haryana_Anr_on_28_February_2012_1.PDF,Corruption,SCC 2007 1 1,,,UNRESOLVED
Padmakar_Tukaram_Bhavnagare_Anr_vs_State_Of_Maharashtra_Anr_on_26_November_2012_1.PDF,Corruption,SCC 1997 7 187,,,UNRESOLVED
Padmakar_Tukaram_Bhavnagare_Anr_vs_State_Of_Maharashtra_Anr_on_26_November_2012_1.PDF,Corruption,SCC 1995 1 349,Dolat_Ram_vs_State_Of_Haryana_on_24_November_1994_1.PDF,,OUTSIDE_DOMAINS
Padmakar_Tukaram_Bhavnagare_Anr_vs_State_Of_Maharashtra_Anr_on_26_November_2012_1.PDF,Corruption,SCC 2008 5 66,,,UNRESOLVED
P_Sanjeeva_Rao_vs_State_Of_A_P_on_2_July_2012_1.PDF,Corruption,SCC 2003 1 240,,,UNRESOLVED
P_Sanjeeva_Rao_vs_State_Of_A_P_on_2_July_2012_1.PDF,Corruption,SCC 2008 15 652,,,UNRESOLVED
P_Sanjeeva_Rao_vs_State_Of_A_P_on_2_July_2012_1.PDF,Corruption,SCC 2000 10 430,,,UNRESOLVED
Rajesh_Talwar_vs_C_B_I_Ors_on_2_March_2012_1.PDF,Corruption,SCC 1979 4 167,,,UNRESOLVED
Rajesh_Talwar_vs_C_B_I_Ors_on_2_March_2012_1.PDF,Corruption,SCC 2004 4 158,,,UNRESOLVED
Rajesh_Talwar_vs_C_B_I_Ors_on_2_March_2012_1.PDF,Corruption,SCC 2010 5 115,,,UNRESOLVED
Rajesh_Talwar_vs_C_B_I_Ors_on_2_March_2012_1.PDF,Corruption,SCC 2006 9 786,,,UNRESOLVED
Rajesh_Talwar_vs_C_B_I_Ors_on_2_March_2012_1.PDF,Corruption,SCC 2005 8 771,,,UNRESOLVED
Rajesh_Talwar_vs_C_B_I_Ors_on_2_March_2012_1.PDF,Corruption,SCC 2010 5 115,,,UNRESOLVED
Rajesh_Talwar_vs_C_B_I_Ors_on_2_March_2012_1.PDF,Corruption,SCC 2010 9 475,,,UNRESOLVED
Rajesh_Talwar_vs_C_B_I_Ors_on_2_March_2012_1.PDF,Corruption,SCC 2011 1 307,,,UNRESOLVED
Rajesh_Talwar_vs_C_B_I_Ors_on_2_March_2012_1.PDF,Corruption,SCC 2011 2 178,,,UNRESOLVED
Rajesh_Talwar_vs_C_B_I_Ors_on_2_March_2012_1.PDF,Corruption,SCC 2011 7 762,,,UNRESOLVED
Rajesh_Talwar_vs_C_B_I_Ors_on_2_March_2012_1.PDF,Corruption,SCC 2010 7 799,,,UNRESOLVED
Rajesh_Talwar_vs_C_B_I_Ors_on_2_March_2012_1.PDF,Corruption,SCC 2010 8 803,,,UNRESOLVED
Rakesh_Kapoor_vs_State_Of_H_P_on_22_November_2012_1.PDF,Corruption,SCC 1994 6 535,Joseph_Kurian_vs_State_Of_Kerala_on_4_October_1994_1.PDF,Violent Crime / Homicide,CROSS_DOMAIN
Rakesh_Kapoor_vs_State_Of_H_P_on_22_November_2012_1.PDF,Corruption,SCC 2000 10 500,,,UNRESOLVED
Rakesh_Kapoor_vs_State_Of_H_P_on_22_November_2012_1.PDF,Corruption,SCC 2010 4 450,,,UNRESOLVED
Rakesh_Kapoor_vs_State_Of_H_P_on_22_November_2012_1.PDF,Corruption,SCC 2009 3 779,,,UNRESOLVED
Rakesh_Kapoor_vs_State_Of_H_P_on_22_November_2012_1.PDF,Corruption,SCC 1979 4 725,Suraj_Mal_vs_State_Delhi_Administration_on_13_February_1979_1.PDF,Corruption,INTERNAL
Samaj_Parivartana_Samudaya_Ors_vs_State_Of_Karnataka_Ors_on_11_May_2012_1.PDF,Corruption,AIR 1961 SC 986,,,UNRESOLVED
Samaj_Parivartana_Samudaya_Ors_vs_State_Of_Karnataka_Ors_on_11_May_2012_1.PDF,Corruption,AIR 2006 SC 705,,,UNRESOLVED
Samaj_Parivartana_Samudaya_Ors_vs_State_Of_Karnataka_Ors_on_11_May_2012_1.PDF,Corruption,SCC 2011 3 496,,,UNRESOLVED
Samaj_Parivartana_Samudaya_Ors_vs_State_Of_Karnataka_Ors_on_11_May_2012_1.PDF,Corruption,SCC 2001 7 536,,,UNRESOLVED
Samaj_Parivartana_Samudaya_Ors_vs_State_Of_Karnataka_Ors_on_11_May_2012_1.PDF,Corruption,SCC 2006 12 421,,,UNRESOLVED
Samaj_Parivartana_Samudaya_Ors_vs_State_Of_Karnataka_Ors_on_11_May_2012_1.PDF,Corruption,SCC 2008 2 409,,,UNRESOLVED
Samaj_Parivartana_Samudaya_Ors_vs_State_Of_Karnataka_Ors_on_11_May_2012_1.PDF,Corruption,SCC 2009 1 441,,,UNRESOLVED
Samaj_Parivartana_Samudaya_Ors_vs_State_Of_Karnataka_Ors_on_11_May_2012_1.PDF,Corruption,SCC 2011 5 79,,,UNRESOLVED
Samaj_Parivartana_Samudaya_Ors_vs_State_Of_Karnataka_Ors_on_11_May_2012_1.PDF,Corruption,SCC 2010 2 200,,,UNRESOLVED
Samaj_Parivartana_Samudaya_Ors_vs_State_Of_Karnataka_Ors_on_11_May_2012_1.PDF,Corruption,SCC 2009 6 346,,,UNRESOLVED
Samaj_Parivartana_Samudaya_Ors_vs_State_Of_Karnataka_Ors_on_11_May_2012_1.PDF,Corruption,SCC 2009 6 342,,,UNRESOLVED
Samaj_Parivartana_Samudaya_Ors_vs_State_Of_Karnataka_Ors_on_11_May_2012_1.PDF,Corruption,SCC 2009 6 142,,,UNRESOLVED
Sangeetaben_Mahendrabhai_Patel_vs_State_Of_Gujarat_Anr_on_23_April_2012_1.PDF,Corruption,AIR 1953 SC 325,,,UNRESOLVED
Sangeetaben_Mahendrabhai_Patel_vs_State_Of_Gujarat_Anr_on_23_April_2012_1.PDF,Corruption,AIR 1954 SC 375,,,UNRESOLVED
Sangeetaben_Mahendrabhai_Patel_vs_State_Of_Gujarat_Anr_on_23_April_2012_1.PDF,Corruption,AIR 1957 SC 458,,,UNRESOLVED
Sangeetaben_Mahendrabhai_Patel_vs_State_Of_Gujarat_Anr_on_23_April_2012_1.PDF,Corruption,AIR 1957 SC 592,,,UNRESOLVED
Sangeetaben_Mahendrabhai_Patel_vs_State_Of_Gujarat_Anr_on_23_April_2012_1.PDF,Corruption,AIR 1958 SC 119,,,UNRESOLVED
Sangeetaben_Mahendrabhai_Patel_vs_State_Of_Gujarat_Anr_on_23_April_2012_1.PDF,Corruption,AIR 1961 SC 578,,,UNRESOLVED
Sangeetaben_Mahendrabhai_Patel_vs_State_Of_Gujarat_Anr_on_23_April_2012_1.PDF,Corruption,AIR 1965 SC 1413,,,UNRESOLVED
Sangeetaben_Mahendrabhai_Patel_vs_State_Of_Gujarat_Anr_on_23_April_2012_1.PDF,Corruption,AIR 1965 SC 83,,,UNRESOLVED
Sangeetaben_Mahendrabhai_Patel_vs_State_Of_Gujarat_Anr_on_23_April_2012_1.PDF,Corruption,AIR 1965 SC 682,,,UNRESOLVED
Sangeetaben_Mahendrabhai_Patel_vs_State_Of_Gujarat_Anr_on_23_April_2012_1.PDF,Corruption,AIR 1957 SC 747,,,UNRESOLVED
Sangeetaben_Mahendrabhai_Patel_vs_State_Of_Gujarat_Anr_on_23_April_2012_1.PDF,Corruption,AIR 1970 SC 771,,,UNRESOLVED
Sangeetaben_Mahendrabhai_Patel_vs_State_Of_Gujarat_Anr_on_23_April_2012_1.PDF,Corruption,AIR 1970 SC 962,,,UNRESOLVED
Sangeetaben_Mahendrabhai_Patel_vs_State_Of_Gujarat_Anr_on_23_April_2012_1.PDF,Corruption,AIR 1956 SC 415,Pritam_Singh_And_Anr_vs_The_State_Of_Punjab_on_4_November_1955_1.PDF,,OUTSIDE_DOMAINS
Sangeetaben_Mahendrabhai_Patel_vs_State_Of_Gujarat_Anr_on_23_April_2012_1.PDF,Corruption,AIR 1965 SC 87,,,UNRESOLVED
Sangeetaben_Mahendrabhai_Patel_vs_State_Of_Gujarat_Anr_on_23_April_2012_1.PDF,Corruption,AIR 1970 SC 87,,,UNRESOLVED
Sangeetaben_Mahendrabhai_Patel_vs_State_Of_Gujarat_Anr_on_23_April_2012_1.PDF,Corruption,AIR 2005 SC 626,,,UNRESOLVED
Sangeetaben_Mahendrabhai_Patel_vs_State_Of_Gujarat_Anr_on_23_April_2012_1.PDF,Corruption,AIR 1988 SC 1106,,,UNRESOLVED
Sangeetaben_Mahendrabhai_Patel_vs_State_Of_Gujarat_Anr_on_23_April_2012_1.PDF,Corruption,AIR 1993 SC 1188,,,UNRESOLVED
Sangeetaben_Mahendrabhai_Patel_vs_State_Of_Gujarat_Anr_on_23_April_2012_1.PDF,Corruption,AIR 1989 SC 1,,,UNRESOLVED
Sangeetaben_Mahendrabhai_Patel_vs_State_Of_Gujarat_Anr_on_23_April_2012_1.PDF,Corruption,AIR 1991 SC 2010,,,UNRESOLVED
Sangeetaben_Mahendrabhai_Patel_vs_State_Of_Gujarat_Anr_on_23_April_2012_1.PDF,Corruption,AIR 1997 SC 1441,,,UNRESOLVED
Sangeetaben_Mahendrabhai_Patel_vs_State_Of_Gujarat_Anr_on_23_April_2012_1.PDF,Corruption,AIR 2001 SC 1092,,,UNRESOLVED
Sangeetaben_Mahendrabhai_Patel_vs_State_Of_Gujarat_Anr_on_23_April_2012_1.PDF,Corruption,AIR 1983 SC 658,,,UNRESOLVED
Sangeetaben_Mahendrabhai_Patel_vs_State_Of_Gujarat_Anr_on_23_April_2012_1.PDF,Corruption,AIR 2003 SC 791,,,UNRESOLVED
Sangeetaben_Mahendrabhai_Patel_vs_State_Of_Gujarat_Anr_on_23_April_2012_1.PDF,Corruption,AIR 2003 SC 1253,,,UNRESOLVED
Sangeetaben_Mahendrabhai_Patel_vs_State_Of_Gujarat_Anr_on_23_April_2012_1.PDF,Corruption,AIR 2003 SC 2545,,,UNRESOLVED
Sangeetaben_Mahendrabhai_Patel_vs_State_Of_Gujarat_Anr_on_23_April_2012_1.PDF,Corruption,SCC 1995 3 273,,,UNRESOLVED
Sangeetaben_Mahendrabhai_Patel_vs_State_Of_Gujarat_Anr_on_23_April_2012_1.PDF,Corruption,SCC 2001 9 212,,,UNRESOLVED
Sangeetaben_Mahendrabhai_Patel_vs_State_Of_Gujarat_Anr_on_23_April_2012_1.PDF,Corruption,SCC 2002 1 405,,,UNRESOLVED
Sangeetaben_Mahendrabhai_Patel_vs_State_Of_Gujarat_Anr_on_23_April_2012_1.PDF,Corruption,SCC 2011 3 581,,,UNRESOLVED
Sangeetaben_Mahendrabhai_Patel_vs_State_Of_Gujarat_Anr_on_23_April_2012_1.PDF,Corruption,SCC 2000 2 636,,,UNRESOLVED
Sangeetaben_Mahendrabhai_Patel_vs_State_Of_Gujarat_Anr_on_23_April_2012_1.PDF,Corruption,SCC 2011 2 703,,,UNRESOLVED
State_Of_Maharashtra_Tr_C_B_I_vs_Balakrishna_Dattatrya_Kumbhar_on_15_October_2012_1.PDF,Corruption,AIR 1996 SC 2449,,,UNRESOLVED
State_Of_Maharashtra_Tr_C_B_I_vs_Balakrishna_Dattatrya_Kumbhar_on_15_October_2012_1.PDF,Corruption,AIR 2001 SC 3320,,,UNRESOLVED
State_Of_Maharashtra_Tr_C_B_I_vs_Balakrishna_Dattatrya_Kumbhar_on_15_October_2012_1.PDF,Corruption,AIR 2004 SC 1188,,,UNRESOLVED
State_Of_Maharashtra_Tr_C_B_I_vs_Balakrishna_Dattatrya_Kumbhar_on_15_October_2012_1.PDF,Corruption,AIR 2007 SC 1003,,,UNRESOLVED
State_Of_Maharashtra_Tr_C_B_I_vs_Balakrishna_Dattatrya_Kumbhar_on_15_October_2012_1.PDF,Corruption,AIR 2008 SC 2962,,,UNRESOLVED
State_Of_Maharashtra_Tr_C_B_I_vs_Balakrishna_Dattatrya_Kumbhar_on_15_October_2012_1.PDF,Corruption,AIR 2009 SC 755,,,UNRESOLVED
State_Of_Maharashtra_Tr_C_B_I_vs_Balakrishna_Dattatrya_Kumbhar_on_15_October_2012_1.PDF,Corruption,SCC 1995 2 513,Rama_Narang_vs_Ramesh_Narang_Ors_on_19_January_1995_1.PDF,Organized Crime / Extortion,CROSS_DOMAIN
State_Of_Maharashtra_Tr_C_B_I_vs_Balakrishna_Dattatrya_Kumbhar_on_15_October_2012_1.PDF,Corruption,SCC 2003 12 434,,,UNRESOLVED
State_Of_Maharashtra_Tr_C_B_I_vs_Balakrishna_Dattatrya_Kumbhar_on_15_October_2012_1.PDF,Corruption,SCC 2007 1 673,,,UNRESOLVED
State_Of_N_C_T_Of_Delhi_vs_Ajay_Kumar_Tyagi_on_31_August_2012_1.PDF,Corruption,SCC 1996 9 1,,,UNRESOLVED
State_Of_N_C_T_Of_Delhi_vs_Ajay_Kumar_Tyagi_on_31_August_2012_1.PDF,Corruption,SCC 2007 14 667,,,UNRESOLVED
State_Of_N_C_T_Of_Delhi_vs_Ajay_Kumar_Tyagi_on_31_August_2012_1.PDF,Corruption,SCC 1995 6 225,Superintendent_Of_Police_C_B_I_vs_Deepak_Chowdhary_Ors_on_17_August_1995_1.PDF,,OUTSIDE_DOMAINS
State_Of_N_C_T_Of_Delhi_vs_Ajay_Kumar_Tyagi_on_31_August_2012_1.PDF,Corruption,SCC 2009 10 674,,,UNRESOLVED
State_Of_Rajasthan_vs_Vinod_Kumar_on_18_May_2012_1.PDF,Corruption,AIR 1980 SC 1141,,,UNRESOLVED
State_Of_Rajasthan_vs_Vinod_Kumar_on_18_May_2012_1.PDF,Corruption,AIR 2001 SC 147,,,UNRESOLVED
State_Of_Rajasthan_vs_Vinod_Kumar_on_18_May_2012_1.PDF,Corruption,AIR 2001 SC 611,,,UNRESOLVED
State_Of_Rajasthan_vs_Vinod_Kumar_on_18_May_2012_1.PDF,Corruption,AIR 2007 SC 3225,,,UNRESOLVED
State_Of_Rajasthan_vs_Vinod_Kumar_on_18_May_2012_1.PDF,Corruption,AIR 2005 SC 2846,,,UNRESOLVED
State_Of_Rajasthan_vs_Vinod_Kumar_on_18_May_2012_1.PDF,Corruption,AIR 2006 SC 1267,,,UNRESOLVED
State_Of_Rajasthan_vs_Vinod_Kumar_on_18_May_2012_1.PDF,Corruption,AIR 2009 SC 3081,,,UNRESOLVED
State_Of_Rajasthan_vs_Vinod_Kumar_on_18_May_2012_1.PDF,Corruption,AIR 2000 SC 1470,,,UNRESOLVED
State_Of_Rajasthan_vs_Vinod_Kumar_on_18_May_2012_1.PDF,Corruption,AIR 2006 SC 2648,,,UNRESOLVED
State_Of_Rajasthan_vs_Vinod_Kumar_on_18_May_2012_1.PDF,Corruption,AIR 1984 SC 1594,,,UNRESOLVED
State_Of_Rajasthan_vs_Vinod_Kumar_on_18_May_2012_1.PDF,Corruption,AIR 2004 SC 960,,,UNRESOLVED
State_Of_Rajasthan_vs_Vinod_Kumar_on_18_May_2012_1.PDF,Corruption,AIR 2008 SC 582,,,UNRESOLVED
State_Of_Rajasthan_vs_Vinod_Kumar_on_18_May_2012_1.PDF,Corruption,AIR 2000 SC 1920,,,UNRESOLVED
State_Of_Rajasthan_vs_Vinod_Kumar_on_18_May_2012_1.PDF,Corruption,AIR 2003 SC 4684,,,UNRESOLVED
State_Of_Rajasthan_vs_Vinod_Kumar_on_18_May_2012_1.PDF,Corruption,AIR 2000 SC 2854,,,UNRESOLVED
State_Of_Rajasthan_vs_Vinod_Kumar_on_18_May_2012_1.PDF,Corruption,AIR 2005 SC 3567,,,UNRESOLVED
State_Of_Rajasthan_vs_Vinod_Kumar_on_18_May_2012_1.PDF,Corruption,AIR 1996 SC 787,,,UNRESOLVED
State_Of_Rajasthan_vs_Vinod_Kumar_on_18_May_2012_1.PDF,Corruption,AIR 1985 SC 582,,,UNRESOLVED
State_Of_Rajasthan_vs_Vinod_Kumar_on_18_May_2012_1.PDF,Corruption,AIR 1991 SC 2049,,,UNRESOLVED
State_Of_Rajasthan_vs_Vinod_Kumar_on_18_May_2012_1.PDF,Corruption,AIR 2000 SC 66,,,UNRESOLVED
State_Of_Rajasthan_vs_Vinod_Kumar_on_18_May_2012_1.PDF,Corruption,AIR 2003 SC 3502,,,UNRESOLVED
State_Of_Rajasthan_vs_Vinod_Kumar_on_18_May_2012_1.PDF,Corruption,AIR 2010 SC 2626,,,UNRESOLVED
State_Of_Rajasthan_vs_Vinod_Kumar_on_18_May_2012_1.PDF,Corruption,SCC 2006 2 359,,,UNRESOLVED
State_Of_Rajasthan_vs_Vinod_Kumar_on_18_May_2012_1.PDF,Corruption,SCC 2008 7 550,,,UNRESOLVED
State_Of_Rajasthan_vs_Vinod_Kumar_on_18_May_2012_1.PDF,Corruption,SCC 2008 12 720,,,UNRESOLVED
State_Of_Rajasthan_vs_Vinod_Kumar_on_18_May_2012_1.PDF,Corruption,SCC 2011 1 236,,,UNRESOLVED
Subramanian_Swamy_vs_A_Raja_on_24_August_2012_1.PDF,Corruption,SCC 2012 3 1,,,UNRESOLVED
Subramanian_Swamy_vs_A_Raja_on_24_August_2012_1.PDF,Corruption,SCR 1964 6 594,,,UNRESOLVED
Subramanian_Swamy_vs_A_Raja_on_24_August_2012_1.PDF,Corruption,SCR 1965 1 123,,,UNRESOLVED
V_K_Sasikala_vs_State_Rep_By_Superintendent_Of_Police_on_27_September_2012_1.PDF,Corruption,SCC 2010 6 1,,,UNRESOLVED
V_K_Sasikala_vs_State_Rep_By_Superintendent_Of_Police_on_27_September_2012_1.PDF,Corruption,SCC 2004 3 767,,,UNRESOLVED
V_K_Sasikala_vs_State_Rep_By_Superintendent_Of_Police_on_27_September_2012_1.PDF,Corruption,SCC 2010 6 1,,,UNRESOLVED
V_K_Sasikala_vs_State_Rep_By_Superintendent_Of_Police_on_27_September_2012_1.PDF,Corruption,SCC 2010 8 249,,,UNRESOLVED
V_K_Sasikala_vs_State_Rep_By_Superintendent_Of_Police_on_27_September_2012_1.PDF,Corruption,SCC 2011 7 310,,,UNRESOLVED
Yanab_Sheikh_Gagu_vs_State_Of_West_Bengal_on_13_December_2012_1.PDF,Corruption,AIR 1965 SC 202,,,UNRESOLVED
Yanab_Sheikh_Gagu_vs_State_Of_West_Bengal_on_13_December_2012_1.PDF,Corruption,SCC 2010 6 1,,,UNRESOLVED
Yanab_Sheikh_Gagu_vs_State_Of_West_Bengal_on_13_December_2012_1.PDF,Corruption,SCC 2009 15 211,,,UNRESOLVED
Yanab_Sheikh_Gagu_vs_State_Of_West_Bengal_on_13_December_2012_1.PDF,Corruption,SCC 2008 16 561,,,UNRESOLVED
Yanab_Sheikh_Gagu_vs_State_Of_West_Bengal_on_13_December_2012_1.PDF,Corruption,SCC 2009 9 129,,,UNRESOLVED
Yanab_Sheikh_Gagu_vs_State_Of_West_Bengal_on_13_December_2012_1.PDF,Corruption,SCC 1979 2 322,Ram_Lal_Narang_Etc_Etc_vs_State_Of_Delhi_Admn_on_10_January_1979_1.PDF,Financial Fraud,CROSS_DOMAIN
Yanab_Sheikh_Gagu_vs_State_Of_West_Bengal_on_13_December_2012_1.PDF,Corruption,SCC 1999 3 247,,,UNRESOLVED
Yanab_Sheikh_Gagu_vs_State_Of_West_Bengal_on_13_December_2012_1.PDF,Corruption,SCC 2001 6 181,,,UNRESOLVED
Yanab_Sheikh_Gagu_vs_State_Of_West_Bengal_on_13_December_2012_1.PDF,Corruption,SCC 2004 13 292,,,UNRESOLVED
Yanab_Sheikh_Gagu_vs_State_Of_West_Bengal_on_13_December_2012_1.PDF,Corruption,SCC 2006 1 732,,,UNRESOLVED
Yanab_Sheikh_Gagu_vs_State_Of_West_Bengal_on_13_December_2012_1.PDF,Corruption,SCC 2007 12 332,,,UNRESOLVED
Yanab_Sheikh_Gagu_vs_State_Of_West_Bengal_on_13_December_2012_1.PDF,Corruption,SCC 1970 2 113,,,UNRESOLVED
Yanab_Sheikh_Gagu_vs_State_Of_West_Bengal_on_13_December_2012_1.PDF,Corruption,SCC 2012 1 130,,,UNRESOLVED
Yanab_Sheikh_Gagu_vs_State_Of_West_Bengal_on_13_December_2012_1.PDF,Corruption,SCC 2010 12 254,,,UNRESOLVED
Yanab_Sheikh_Gagu_vs_State_Of_West_Bengal_on_13_December_2012_1.PDF,Corruption,SCC 2010 14 444,,,UNRESOLVED
Yanab_Sheikh_Gagu_vs_State_Of_West_Bengal_on_13_December_2012_1.PDF,Corruption,SCC 2007 14 150,,,UNRESOLVED
Yanab_Sheikh_Gagu_vs_State_Of_West_Bengal_on_13_December_2012_1.PDF,Corruption,SCC 2010 12 91,,,UNRESOLVED
Yanab_Sheikh_Gagu_vs_State_Of_West_Bengal_on_13_December_2012_1.PDF,Corruption,SCC 2008 11 425,,,UNRESOLVED
Anil_Kumar_Ors_vs_M_K_Aiyappa_Anr_on_1_October_2013_1.PDF,Corruption,SCC 1998 4 626,,,UNRESOLVED
Anil_Kumar_Ors_vs_M_K_Aiyappa_Anr_on_1_October_2013_1.PDF,Corruption,SCC 1977 4 459,,,UNRESOLVED
Anil_Kumar_Ors_vs_M_K_Aiyappa_Anr_on_1_October_2013_1.PDF,Corruption,SCC 2010 8 206,,,UNRESOLVED
Anil_Kumar_Ors_vs_M_K_Aiyappa_Anr_on_1_October_2013_1.PDF,Corruption,SCC 2012 3 64,,,UNRESOLVED
Anil_Kumar_Ors_vs_M_K_Aiyappa_Anr_on_1_October_2013_1.PDF,Corruption,SCC 2008 5 668,,,UNRESOLVED
Anil_Kumar_Ors_vs_M_K_Aiyappa_Anr_on_1_October_2013_1.PDF,Corruption,SCC 2009 6 372,,,UNRESOLVED
Anil_Kumar_Ors_vs_M_K_Aiyappa_Anr_on_1_October_2013_1.PDF,Corruption,SCC 1995 1 684,State_Of_W_B_vs_Mohammed_Khalid_on_24_November_1994_1.PDF,Organized Crime / Extortion,CROSS_DOMAIN
Anil_Kumar_Ors_vs_M_K_Aiyappa_Anr_on_1_October_2013_1.PDF,Corruption,SCR 1984 2 495,,,UNRESOLVED
C_B_I_vs_Ashok_Kumar_Aggarwal_on_31_October_2013_1.PDF,Corruption,AIR 1996 SC 1383,,,UNRESOLVED
C_B_I_vs_Ashok_Kumar_Aggarwal_on_31_October_2013_1.PDF,Corruption,AIR 2001 SC 80,,,UNRESOLVED
C_B_I_vs_Ashok_Kumar_Aggarwal_on_31_October_2013_1.PDF,Corruption,AIR 1958 SC 124,,,UNRESOLVED
C_B_I_vs_Ashok_Kumar_Aggarwal_on_31_October_2013_1.PDF,Corruption,AIR 1979 SC 677,,,UNRESOLVED
C_B_I_vs_Ashok_Kumar_Aggarwal_on_31_October_2013_1.PDF,Corruption,AIR 1996 SC 1910,,,UNRESOLVED
C_B_I_vs_Ashok_Kumar_Aggarwal_on_31_October_2013_1.PDF,Corruption,AIR 2011 SC 1748,,,UNRESOLVED
C_B_I_vs_Ashok_Kumar_Aggarwal_on_31_October_2013_1.PDF,Corruption,AIR 1970 SC 1102,,,UNRESOLVED
C_B_I_vs_Ashok_Kumar_Aggarwal_on_31_October_2013_1.PDF,Corruption,AIR 2011 SC 1363,,,UNRESOLVED
C_B_I_vs_Ashok_Kumar_Aggarwal_on_31_October_2013_1.PDF,Corruption,AIR 1973 SC 165,,,UNRESOLVED
C_B_I_vs_Ashok_Kumar_Aggarwal_on_31_October_2013_1.PDF,Corruption,AIR 2001 SC 921,,,UNRESOLVED
C_B_I_vs_Ashok_Kumar_Aggarwal_on_31_October_2013_1.PDF,Corruption,AIR 2004 SC 5117,,,UNRESOLVED
C_B_I_vs_Ashok_Kumar_Aggarwal_on_31_October_2013_1.PDF,Corruption,AIR 2011 SC 3114,,,UNRESOLVED
C_B_I_vs_Ashok_Kumar_Aggarwal_on_31_October_2013_1.PDF,Corruption,AIR 2012 SC 1485,,,UNRESOLVED
C_B_I_vs_Ashok_Kumar_Aggarwal_on_31_October_2013_1.PDF,Corruption,AIR 2012 SC 3026,,,UNRESOLVED
C_B_I_vs_Ashok_Kumar_Aggarwal_on_31_October_2013_1.PDF,Corruption,AIR 2013 SC 840,,,UNRESOLVED
C_B_I_vs_Ashok_Kumar_Aggarwal_on_31_October_2013_1.PDF,Corruption,AIR 1998 SC 889,,,UNRESOLVED
C_B_I_vs_Ashok_Kumar_Aggarwal_on_31_October_2013_1.PDF,Corruption,AIR 2001 SC 2856,,,UNRESOLVED
C_B_I_vs_Ashok_Kumar_Aggarwal_on_31_October_2013_1.PDF,Corruption,AIR 1952 SC 16,,,UNRESOLVED
C_B_I_vs_Ashok_Kumar_Aggarwal_on_31_October_2013_1.PDF,Corruption,AIR 1978 SC 861,,,UNRESOLVED
C_B_I_vs_Ashok_Kumar_Aggarwal_on_31_October_2013_1.PDF,Corruption,AIR 2010 SC 1099,,,UNRESOLVED
C_B_I_vs_Ashok_Kumar_Aggarwal_on_31_October_2013_1.PDF,Corruption,AIR 2012 SC 858,,,UNRESOLVED
C_B_I_vs_Ashok_Kumar_Aggarwal_on_31_October_2013_1.PDF,Corruption,AIR 2007 SC 1274,,,UNRESOLVED
C_B_I_vs_Ashok_Kumar_Aggarwal_on_31_October_2013_1.PDF,Corruption,AIR 2005 SC 2790,,,UNRESOLVED
C_B_I_vs_Ashok_Kumar_Aggarwal_on_31_October_2013_1.PDF,Corruption,AIR 1997 SC 3400,,,UNRESOLVED
C_B_I_vs_Ashok_Kumar_Aggarwal_on_31_October_2013_1.PDF,Corruption,SCC 1996 11 439,,,UNRESOLVED
C_B_I_vs_Ashok_Kumar_Aggarwal_on_31_October_2013_1.PDF,Corruption,SCC 2009 17 92,,,UNRESOLVED
C_B_I_vs_Ashok_Kumar_Aggarwal_on_31_October_2013_1.PDF,Corruption,SCC 2013 8 119,,,UNRESOLVED
C_B_I_vs_Ashok_Kumar_Aggarwal_on_31_October_2013_1.PDF,Corruption,SCC 2013 4 186,,,UNRESOLVED
C_B_I_vs_Ashok_Kumar_Aggarwal_on_31_October_2013_1.PDF,Corruption,SCC 1998 9 268,State_Of_T_N_vs_M_M_Rajendran_on_5_February_1997_1.PDF,,OUTSIDE_DOMAINS
C_B_I_vs_Ashok_Kumar_Aggarwal_on_31_October_2013_1.PDF,Corruption,SCC 1998 9 268,State_Of_T_N_vs_M_M_Rajendran_on_5_February_1997_1.PDF,,OUTSIDE_DOMAINS
C_B_I_vs_Ashok_Kumar_Aggarwal_on_31_October_2013_1.PDF,Corruption,SCC 2010 6 614,,,UNRESOLVED
C_B_I_vs_Ashok_Kumar_Aggarwal_on_31_October_2013_1.PDF,Corruption,SCC 2006 1 420,,,UNRESOLVED
C_B_I_vs_Ashok_Kumar_Aggarwal_on_31_October_2013_1.PDF,Corruption,SCC 2004 2 130,,,UNRESOLVED
C_B_I_vs_Ashok_Kumar_Aggarwal_on_31_October_2013_1.PDF,Corruption,SCC 2012 8 537,,,UNRESOLVED
C_B_I_vs_V_Vijay_Sai_Reddy_on_9_May_2013_1.PDF,Corruption,SCC 2005 8 21,,,UNRESOLVED
C_B_I_vs_V_Vijay_Sai_Reddy_on_9_May_2013_1.PDF,Corruption,SCC 2008 5 66,,,UNRESOLVED
C_B_I_vs_V_Vijay_Sai_Reddy_on_9_May_2013_1.PDF,Corruption,SCC 2008 13 584,,,UNRESOLVED
C_B_I_vs_V_Vijay_Sai_Reddy_on_9_May_2013_1.PDF,Corruption,SCC 2009 11 541,,,UNRESOLVED
C_B_I_vs_V_Vijay_Sai_Reddy_on_9_May_2013_1.PDF,Corruption,SCC 2011 5 296,,,UNRESOLVED
K_S_Panduranga_vs_State_Of_Karnataka_on_1_March_2013_1.PDF,Corruption,AIR 1987 SC 1500,,,UNRESOLVED
K_S_Panduranga_vs_State_Of_Karnataka_on_1_March_2013_1.PDF,Corruption,AIR 1971 SC 1606,,,UNRESOLVED
K_S_Panduranga_vs_State_Of_Karnataka_on_1_March_2013_1.PDF,Corruption,AIR 1971 SC 64,Challappa_Ramaswami_vs_State_Of_Maharashtra_on_13_August_1970_1.PDF,,OUTSIDE_DOMAINS
K_S_Panduranga_vs_State_Of_Karnataka_on_1_March_2013_1.PDF,Corruption,AIR 1970 SC 977,,,UNRESOLVED
K_S_Panduranga_vs_State_Of_Karnataka_on_1_March_2013_1.PDF,Corruption,AIR 1970 SC 1033,,,UNRESOLVED
K_S_Panduranga_vs_State_Of_Karnataka_on_1_March_2013_1.PDF,Corruption,AIR 1987 SC 1500,,,UNRESOLVED
K_S_Panduranga_vs_State_Of_Karnataka_on_1_March_2013_1.PDF,Corruption,AIR 1996 SC 2439,,,UNRESOLVED
K_S_Panduranga_vs_State_Of_Karnataka_on_1_March_2013_1.PDF,Corruption,AIR 1961 SC 867,,,UNRESOLVED
K_S_Panduranga_vs_State_Of_Karnataka_on_1_March_2013_1.PDF,Corruption,AIR 1963 SC 1332,The_Hindustan_Times_Ltd_New_Delhi_vs_Their_Workmen_on_14_December_1962_1.PDF,,OUTSIDE_DOMAINS
K_S_Panduranga_vs_State_Of_Karnataka_on_1_March_2013_1.PDF,Corruption,AIR 1995 SC 1480,,,UNRESOLVED
K_S_Panduranga_vs_State_Of_Karnataka_on_1_March_2013_1.PDF,Corruption,SCC 2011 4 729,,,UNRESOLVED
K_S_Panduranga_vs_State_Of_Karnataka_on_1_March_2013_1.PDF,Corruption,SCC 2011 1 688,,,UNRESOLVED
K_S_Panduranga_vs_State_Of_Karnataka_on_1_March_2013_1.PDF,Corruption,SCC 2008 9 542,,,UNRESOLVED
K_S_Panduranga_vs_State_Of_Karnataka_on_1_March_2013_1.PDF,Corruption,SCC 2005 11 413,,,UNRESOLVED
K_S_Panduranga_vs_State_Of_Karnataka_on_1_March_2013_1.PDF,Corruption,SCC 1989 2 754,,,UNRESOLVED
K_S_Panduranga_vs_State_Of_Karnataka_on_1_March_2013_1.PDF,Corruption,SCC 1975 3 836,,,UNRESOLVED
K_S_Panduranga_vs_State_Of_Karnataka_on_1_March_2013_1.PDF,Corruption,SCC 1975 3 198,,,UNRESOLVED
K_S_Panduranga_vs_State_Of_Karnataka_on_1_March_2013_1.PDF,Corruption,SCC 1974 1 645,,,UNRESOLVED
K_S_Panduranga_vs_State_Of_Karnataka_on_1_March_2013_1.PDF,Corruption,SCC 1973 4 225,Kesavananda_Bharati_Sripadagalvaru_vs_State_Of_Kerala_And_Anr_on_24_April_1973_1.PDF,,OUTSIDE_DOMAINS
K_S_Panduranga_vs_State_Of_Karnataka_on_1_March_2013_1.PDF,Corruption,SCC 1981 4 143,Ganapati_Sitaram_Balvalkar_And_Another_vs_Waman_Shripad_Mage_Since_Dead_Through_on_10_August_1981_1.PDF,,OUTSIDE_DOMAINS
K_S_Panduranga_vs_State_Of_Karnataka_on_1_March_2013_1.PDF,Corruption,SCC 1974 2 365,,,UNRESOLVED
K_S_Panduranga_vs_State_Of_Karnataka_on_1_March_2013_1.PDF,Corruption,SCC 1975 1 11,,,UNRESOLVED
K_S_Panduranga_vs_State_Of_Karnataka_on_1_March_2013_1.PDF,Corruption,SCC 1985 4 369,,,UNRESOLVED
K_S_Panduranga_vs_State_Of_Karnataka_on_1_March_2013_1.PDF,Corruption,SCC 1999 4 697,,,UNRESOLVED
K_S_Panduranga_vs_State_Of_Karnataka_on_1_March_2013_1.PDF,Corruption,SCC 1981 1 315,,,UNRESOLVED
K_S_Panduranga_vs_State_Of_Karnataka_on_1_March_2013_1.PDF,Corruption,SCC 2002 1 1,,,UNRESOLVED
K_S_Panduranga_vs_State_Of_Karnataka_on_1_March_2013_1.PDF,Corruption,SCC 2002 4 234,,,UNRESOLVED
K_S_Panduranga_vs_State_Of_Karnataka_on_1_March_2013_1.PDF,Corruption,SCC 2012 4 516,,,UNRESOLVED
K_S_Panduranga_vs_State_Of_Karnataka_on_1_March_2013_1.PDF,Corruption,SCC 1976 4 622,Municipal_Corporation_Indore_And_Ors_vs_Smt_Ratnaprabha_And_Ors_on_29_October_1976_1.PDF,,OUTSIDE_DOMAINS
K_S_Panduranga_vs_State_Of_Karnataka_on_1_March_2013_1.PDF,Corruption,SCC 1980 1 685,,,UNRESOLVED
K_S_Panduranga_vs_State_Of_Karnataka_on_1_March_2013_1.PDF,Corruption,SCC 1985 1 167,,,UNRESOLVED
K_S_Panduranga_vs_State_Of_Karnataka_on_1_March_2013_1.PDF,Corruption,SCC 1988 2 602,,,UNRESOLVED
K_S_Panduranga_vs_State_Of_Karnataka_on_1_March_2013_1.PDF,Corruption,SCC 1990 3 682,Punjab_Land_Development_vs_Presiding_Officer_Labour_on_4_May_1990_1.PDF,,OUTSIDE_DOMAINS
K_S_Panduranga_vs_State_Of_Karnataka_on_1_March_2013_1.PDF,Corruption,SCC 1991 4 139,State_Of_U_P_And_Anr_vs_M_S_Synthetics_And_Chemicals_Ltd_And_on_18_July_1991_1.PDF,,OUTSIDE_DOMAINS
K_S_Panduranga_vs_State_Of_Karnataka_on_1_March_2013_1.PDF,Corruption,SCC 2011 1 694,,,UNRESOLVED
K_S_Panduranga_vs_State_Of_Karnataka_on_1_March_2013_1.PDF,Corruption,SCC 1980 2 565,,,UNRESOLVED
K_S_Panduranga_vs_State_Of_Karnataka_on_1_March_2013_1.PDF,Corruption,SCC 2000 4 262,,,UNRESOLVED
K_S_Panduranga_vs_State_Of_Karnataka_on_1_March_2013_1.PDF,Corruption,SCC 2009 15 200,,,UNRESOLVED
K_S_Panduranga_vs_State_Of_Karnataka_on_1_March_2013_1.PDF,Corruption,SCC 2012 7 80,,,UNRESOLVED
Lalu_Prasad_Lalu_Prasad_Yadav_vs_State_Of_Jharkhand_on_13_August_2013_1.PDF,Corruption,AIR 1957 SC 425,,,UNRESOLVED
Lily_Thomas_vs_Union_Of_India_Ors_on_10_July_2013_1.PDF,Corruption,AIR 1953 SC 210,,,UNRESOLVED
Lily_Thomas_vs_Union_Of_India_Ors_on_10_July_2013_1.PDF,Corruption,AIR 1973 SC 1465,,,UNRESOLVED
Lily_Thomas_vs_Union_Of_India_Ors_on_10_July_2013_1.PDF,Corruption,AIR 1967 SC 1643,I_C_Golak_Nath_And_Ors_vs_State_Of_Punjab_And_Anr_on_27_February_1967_1.PDF,,OUTSIDE_DOMAINS
Lily_Thomas_vs_Union_Of_India_Ors_on_10_July_2013_1.PDF,Corruption,AIR 1951 SC 467,,,UNRESOLVED
Lily_Thomas_vs_Union_Of_India_Ors_on_10_July_2013_1.PDF,Corruption,SCC 1970 2 462,,,UNRESOLVED
Lily_Thomas_vs_Union_Of_India_Ors_on_10_July_2013_1.PDF,Corruption,SCC 2001 7 231,,,UNRESOLVED
Lily_Thomas_vs_Union_Of_India_Ors_on_10_July_2013_1.PDF,Corruption,SCC 2005 1 754,,,UNRESOLVED
Lily_Thomas_vs_Union_Of_India_Ors_on_10_July_2013_1.PDF,Corruption,SCC 2007 2 574,,,UNRESOLVED
Lily_Thomas_vs_Union_Of_India_Ors_on_10_July_2013_1.PDF,Corruption,SCC 1995 2 513,Rama_Narang_vs_Ramesh_Narang_Ors_on_19_January_1995_1.PDF,Organized Crime / Extortion,CROSS_DOMAIN
Lily_Thomas_vs_Union_Of_India_Ors_on_10_July_2013_1.PDF,Corruption,SCC 2007 1 673,,,UNRESOLVED
Manohar_Lal_Sharma_vs_The_Principle_Secretary_Others_on_17_December_2013_1.PDF,Corruption,AIR 1955 SC 196,,,UNRESOLVED
Manohar_Lal_Sharma_vs_The_Principle_Secretary_Others_on_17_December_2013_1.PDF,Corruption,SCC 1998 1 226,,,UNRESOLVED
Manohar_Lal_Sharma_vs_The_Principle_Secretary_Others_on_17_December_2013_1.PDF,Corruption,SCC 1970 1 595,,,UNRESOLVED
Manohar_Lal_Sharma_vs_The_Principle_Secretary_Others_on_17_December_2013_1.PDF,Corruption,SCC 2012 7 407,,,UNRESOLVED
Manohar_Lal_Sharma_vs_The_Principle_Secretary_Others_on_17_December_2013_1.PDF,Corruption,SCC 2011 4 1,,,UNRESOLVED
Manohar_Lal_Sharma_vs_The_Principle_Secretary_Others_on_17_December_2013_1.PDF,Corruption,SCC 2012 3 64,,,UNRESOLVED
Manohar_Lal_Sharma_vs_The_Principle_Secretary_Others_on_17_December_2013_1.PDF,Corruption,SCC 2005 2 317,,,UNRESOLVED
Manohar_Lal_Sharma_vs_The_Principle_Secretary_Others_on_17_December_2013_1.PDF,Corruption,SCC 2008 1 407,,,UNRESOLVED
Manohar_Lal_Sharma_vs_The_Principle_Secretary_Others_on_17_December_2013_1.PDF,Corruption,SCC 2010 3 571,,,UNRESOLVED
Manohar_Lal_Sharma_vs_The_Principle_Secretary_Others_on_17_December_2013_1.PDF,Corruption,SCC 1998 1 226,,,UNRESOLVED
Manohar_Lal_Sharma_vs_The_Principle_Secretary_Others_on_17_December_2013_1.PDF,Corruption,SCC 1991 3 655,K_Veeraswami_vs_Union_Of_India_And_Others_on_25_July_1991_1.PDF,Corruption,INTERNAL
Manohar_Lal_Sharma_vs_The_Principle_Secretary_Others_on_17_December_2013_1.PDF,Corruption,SCC 1980 1 554,,,UNRESOLVED
Manohar_Lal_Sharma_vs_The_Principle_Secretary_Others_on_17_December_2013_1.PDF,Corruption,SCC 2005 2 317,,,UNRESOLVED
Manohar_Lal_Sharma_vs_The_Principle_Secretary_Others_on_17_December_2013_1.PDF,Corruption,SCC 2010 3 571,,,UNRESOLVED
Manohar_Lal_Sharma_vs_The_Principle_Secretary_Others_on_17_December_2013_1.PDF,Corruption,SCC 2009 9 610,,,UNRESOLVED
Manohar_Lal_Sharma_vs_The_Principle_Secretary_Others_on_17_December_2013_1.PDF,Corruption,SCC 1988 2 602,,,UNRESOLVED
Manohar_Lal_Sharma_vs_The_Principle_Secretary_Others_on_17_December_2013_1.PDF,Corruption,SCC 1991 4 406,,,UNRESOLVED
Manohar_Lal_Sharma_vs_The_Principle_Secretary_Others_on_17_December_2013_1.PDF,Corruption,SCC 1976 3 1,,,UNRESOLVED
Manohar_Lal_Sharma_vs_The_Principle_Secretary_Others_on_17_December_2013_1.PDF,Corruption,SCC 1986 1 75,Ganga_Bishan_And_Ors_vs_Jai_Narain_on_19_November_1985_1.PDF,,OUTSIDE_DOMAINS
Manohar_Lal_Sharma_vs_The_Principle_Secretary_Others_on_17_December_2013_1.PDF,Corruption,SCC 1988 4 387,,,UNRESOLVED
Manohar_Lal_Sharma_vs_The_Principle_Secretary_Others_on_17_December_2013_1.PDF,Corruption,SCC 1991 4 584,,,UNRESOLVED
Manohar_Lal_Sharma_vs_The_Principle_Secretary_Others_on_17_December_2013_1.PDF,Corruption,SCC 1998 4 409,,,UNRESOLVED
Manohar_Lal_Sharma_vs_The_Principle_Secretary_Others_on_17_December_2013_1.PDF,Corruption,SCC 1991 3 655,K_Veeraswami_vs_Union_Of_India_And_Others_on_25_July_1991_1.PDF,Corruption,INTERNAL
Manohar_Lal_Sharma_vs_The_Principle_Secretary_Others_on_17_December_2013_1.PDF,Corruption,SCC 1984 3 161,,,UNRESOLVED
M_S_Kulja_Industries_Ltd_vs_Chief_Gen_Manager_W_T_Proj_Bsnl_Ors_on_4_October_2013_1.PDF,Corruption,AIR 1994 SC 1277,,,UNRESOLVED
M_S_Kulja_Industries_Ltd_vs_Chief_Gen_Manager_W_T_Proj_Bsnl_Ors_on_4_October_2013_1.PDF,Corruption,SCC 1975 1 70,,,UNRESOLVED
M_S_Kulja_Industries_Ltd_vs_Chief_Gen_Manager_W_T_Proj_Bsnl_Ors_on_4_October_2013_1.PDF,Corruption,SCC 2012 11 257,,,UNRESOLVED
M_S_Kulja_Industries_Ltd_vs_Chief_Gen_Manager_W_T_Proj_Bsnl_Ors_on_4_October_2013_1.PDF,Corruption,SCC 2006 11 548,,,UNRESOLVED
M_S_Kulja_Industries_Ltd_vs_Chief_Gen_Manager_W_T_Proj_Bsnl_Ors_on_4_October_2013_1.PDF,Corruption,SCC 1978 3 36,Joseph_Vilangandan_vs_The_Executive_Engineer_Pwd_on_20_March_1978_1.PDF,,OUTSIDE_DOMAINS
M_S_Kulja_Industries_Ltd_vs_Chief_Gen_Manager_W_T_Proj_Bsnl_Ors_on_4_October_2013_1.PDF,Corruption,SCC 1977 3 457,,,UNRESOLVED
M_S_Kulja_Industries_Ltd_vs_Chief_Gen_Manager_W_T_Proj_Bsnl_Ors_on_4_October_2013_1.PDF,Corruption,SCC 1974 4 3,,,UNRESOLVED
M_S_Kulja_Industries_Ltd_vs_Chief_Gen_Manager_W_T_Proj_Bsnl_Ors_on_4_October_2013_1.PDF,Corruption,SCC 1978 1 248,Mrs_Maneka_Gandhi_vs_Union_Of_India_Uoi_And_Anr_on_25_January_1978_1.PDF,Organized Crime / Extortion,CROSS_DOMAIN
M_S_Kulja_Industries_Ltd_vs_Chief_Gen_Manager_W_T_Proj_Bsnl_Ors_on_4_October_2013_1.PDF,Corruption,SCC 1981 1 722,,,UNRESOLVED
M_S_Kulja_Industries_Ltd_vs_Chief_Gen_Manager_W_T_Proj_Bsnl_Ors_on_4_October_2013_1.PDF,Corruption,SCC 1979 3 489,,,UNRESOLVED
M_S_Kulja_Industries_Ltd_vs_Chief_Gen_Manager_W_T_Proj_Bsnl_Ors_on_4_October_2013_1.PDF,Corruption,SCC 1989 3 751,,,UNRESOLVED
M_S_Kulja_Industries_Ltd_vs_Chief_Gen_Manager_W_T_Proj_Bsnl_Ors_on_4_October_2013_1.PDF,Corruption,SCC 1990 3 752,,,UNRESOLVED
M_S_Kulja_Industries_Ltd_vs_Chief_Gen_Manager_W_T_Proj_Bsnl_Ors_on_4_October_2013_1.PDF,Corruption,SCR 1977 3 249,,,UNRESOLVED
Nimmagadda_Prasad_vs_C_B_I_Hyderabad_on_9_May_2013_1.PDF,Corruption,SCC 1987 2 364,,,UNRESOLVED
Niranjan_Hemchandra_Sashittal_Anr_vs_State_Of_Maharashtra_on_15_March_2013_1.PDF,Corruption,SCC 1998 7 507,,,UNRESOLVED
Niranjan_Hemchandra_Sashittal_Anr_vs_State_Of_Maharashtra_on_15_March_2013_1.PDF,Corruption,SCC 1992 1 225,,,UNRESOLVED
Niranjan_Hemchandra_Sashittal_Anr_vs_State_Of_Maharashtra_on_15_March_2013_1.PDF,Corruption,SCC 1994 3 569,Kartar_Singh_vs_State_Of_Punjab_on_11_March_1994_1.PDF,Corruption; Organized Crime / Extortion,INTERNAL
Niranjan_Hemchandra_Sashittal_Anr_vs_State_Of_Maharashtra_on_15_March_2013_1.PDF,Corruption,SCC 1996 4 33,,,UNRESOLVED
Niranjan_Hemchandra_Sashittal_Anr_vs_State_Of_Maharashtra_on_15_March_2013_1.PDF,Corruption,SCC 1996 6 775,,,UNRESOLVED
Niranjan_Hemchandra_Sashittal_Anr_vs_State_Of_Maharashtra_on_15_March_2013_1.PDF,Corruption,SCC 1999 7 604,,,UNRESOLVED
Niranjan_Hemchandra_Sashittal_Anr_vs_State_Of_Maharashtra_on_15_March_2013_1.PDF,Corruption,SCC 2002 4 578,,,UNRESOLVED
Niranjan_Hemchandra_Sashittal_Anr_vs_State_Of_Maharashtra_on_15_March_2013_1.PDF,Corruption,SCC 2009 3 355,,,UNRESOLVED
Niranjan_Hemchandra_Sashittal_Anr_vs_State_Of_Maharashtra_on_15_March_2013_1.PDF,Corruption,SCC 2012 9 241,,,UNRESOLVED
Niranjan_Hemchandra_Sashittal_Anr_vs_State_Of_Maharashtra_on_15_March_2013_1.PDF,Corruption,SCC 2012 9 408,,,UNRESOLVED
Niranjan_Hemchandra_Sashittal_Anr_vs_State_Of_Maharashtra_on_15_March_2013_1.PDF,Corruption,SCC 2004 4 158,,,UNRESOLVED
Niranjan_Hemchandra_Sashittal_Anr_vs_State_Of_Maharashtra_on_15_March_2013_1.PDF,Corruption,SCC 2005 1 115,,,UNRESOLVED
Ram_Tawakya_Singh_vs_State_Of_Bihar_Ors_on_19_August_2013_1.PDF,Corruption,AIR 1977 SC 2328,Union_Of_India_Uoi_vs_Sankalchand_Himatlal_Sheth_And_Anr_on_19_September_1977_1.PDF,,OUTSIDE_DOMAINS
Ram_Tawakya_Singh_vs_State_Of_Bihar_Ors_on_19_August_2013_1.PDF,Corruption,AIR 1982 SC 149,S_P_Gupta_vs_President_Of_India_And_Ors_on_30_December_1981_1.PDF,Organized Crime / Extortion,CROSS_DOMAIN
Ram_Tawakya_Singh_vs_State_Of_Bihar_Ors_on_19_August_2013_1.PDF,Corruption,AIR 1957 SC 912,,,UNRESOLVED
Ram_Tawakya_Singh_vs_State_Of_Bihar_Ors_on_19_August_2013_1.PDF,Corruption,AIR 1963 SC 996,,,UNRESOLVED
Ram_Tawakya_Singh_vs_State_Of_Bihar_Ors_on_19_August_2013_1.PDF,Corruption,SCC 2002 4 524,,,UNRESOLVED
Ram_Tawakya_Singh_vs_State_Of_Bihar_Ors_on_19_August_2013_1.PDF,Corruption,SCC 1983 4 582,,,UNRESOLVED
Ram_Tawakya_Singh_vs_State_Of_Bihar_Ors_on_19_August_2013_1.PDF,Corruption,SCC 2013 2 398,,,UNRESOLVED
Ram_Tawakya_Singh_vs_State_Of_Bihar_Ors_on_19_August_2013_1.PDF,Corruption,SCC 1977 4 193,,,UNRESOLVED
Ram_Tawakya_Singh_vs_State_Of_Bihar_Ors_on_19_August_2013_1.PDF,Corruption,SCC 1987 1 227,,,UNRESOLVED
Ram_Tawakya_Singh_vs_State_Of_Bihar_Ors_on_19_August_2013_1.PDF,Corruption,SCR 1970 2 666,,,UNRESOLVED
Ram_Tawakya_Singh_vs_State_Of_Bihar_Ors_on_19_August_2013_1.PDF,Corruption,SCR 1964 6 330,,,UNRESOLVED
State_Of_Jharkhand_Ors_vs_Jitendra_Kumar_Srivastava_Anr_on_14_August_2013_1.PDF,Corruption,SCC 1983 1 305,,,UNRESOLVED
State_Of_Jharkhand_Ors_vs_Jitendra_Kumar_Srivastava_Anr_on_14_August_2013_1.PDF,Corruption,SCC 1971 2 330,,,UNRESOLVED
State_Of_Jharkhand_Ors_vs_Jitendra_Kumar_Srivastava_Anr_on_14_August_2013_1.PDF,Corruption,SCC 2006 7 651,,,UNRESOLVED
State_Of_Jharkhand_Ors_vs_Jitendra_Kumar_Srivastava_Anr_on_14_August_2013_1.PDF,Corruption,SCR 1968 1 111,,,UNRESOLVED
State_Of_Jharkhand_Ors_vs_Jitendra_Kumar_Srivastava_Anr_on_14_August_2013_1.PDF,Corruption,SCR 1968 3 489,,,UNRESOLVED
State_Of_Maharashtra_Tr_C_B_I_vs_Mahesh_G_Jain_on_28_May_2013_1.PDF,Corruption,AIR 1958 SC 124,,,UNRESOLVED
State_Of_Maharashtra_Tr_C_B_I_vs_Mahesh_G_Jain_on_28_May_2013_1.PDF,Corruption,AIR 1945 FC 18,,,UNRESOLVED
State_Of_Maharashtra_Tr_C_B_I_vs_Mahesh_G_Jain_on_28_May_2013_1.PDF,Corruption,AIR 1948 PC 84,,,UNRESOLVED
State_Of_Maharashtra_Tr_C_B_I_vs_Mahesh_G_Jain_on_28_May_2013_1.PDF,Corruption,AIR 1979 SC 677,,,UNRESOLVED
State_Of_Maharashtra_Tr_C_B_I_vs_Mahesh_G_Jain_on_28_May_2013_1.PDF,Corruption,AIR 1968 SC 1390,,,UNRESOLVED
State_Of_Maharashtra_Tr_C_B_I_vs_Mahesh_G_Jain_on_28_May_2013_1.PDF,Corruption,AIR 1971 SC 953,Keshav_Gangaram_Navge_And_Anr_vs_State_Of_Maharashtra_on_3_February_1971_1.PDF,Violent Crime / Homicide,CROSS_DOMAIN
State_Of_Maharashtra_Tr_C_B_I_vs_Mahesh_G_Jain_on_28_May_2013_1.PDF,Corruption,SCC 1995 6 225,Superintendent_Of_Police_C_B_I_vs_Deepak_Chowdhary_Ors_on_17_August_1995_1.PDF,,OUTSIDE_DOMAINS
State_Of_Maharashtra_Tr_C_B_I_vs_Mahesh_G_Jain_on_28_May_2013_1.PDF,Corruption,SCC 2005 4 81,,,UNRESOLVED
State_Of_Maharashtra_Tr_C_B_I_vs_Mahesh_G_Jain_on_28_May_2013_1.PDF,Corruption,SCC 2006 12 749,,,UNRESOLVED
State_Of_Maharashtra_Tr_C_B_I_vs_Mahesh_G_Jain_on_28_May_2013_1.PDF,Corruption,SCC 2007 11 273,,,UNRESOLVED
State_Of_Maharashtra_Tr_C_B_I_vs_Mahesh_G_Jain_on_28_May_2013_1.PDF,Corruption,SCC 2011 1 491,,,UNRESOLVED
State_Of_Punjab_vs_Madan_Mohan_Lal_Verma_on_12_August_2013_1.PDF,Corruption,AIR 2011 SC 354,,,UNRESOLVED
State_Of_Punjab_vs_Madan_Mohan_Lal_Verma_on_12_August_2013_1.PDF,Corruption,AIR 2011 SC 1585,,,UNRESOLVED
State_Of_Punjab_vs_Madan_Mohan_Lal_Verma_on_12_August_2013_1.PDF,Corruption,AIR 2013 SC 2059,,,UNRESOLVED
State_Of_Punjab_vs_Madan_Mohan_Lal_Verma_on_12_August_2013_1.PDF,Corruption,AIR 1973 SC 498,Ram_Prakash_Arora_vs_State_Of_Punjab_on_22_March_1972_1.PDF,Corruption,INTERNAL
State_Of_Punjab_vs_Madan_Mohan_Lal_Verma_on_12_August_2013_1.PDF,Corruption,AIR 2006 SC 836,,,UNRESOLVED
State_Of_Punjab_vs_Madan_Mohan_Lal_Verma_on_12_August_2013_1.PDF,Corruption,SCC 2011 6 450,,,UNRESOLVED
State_Of_Punjab_vs_Madan_Mohan_Lal_Verma_on_12_August_2013_1.PDF,Corruption,SCC 2012 11 642,,,UNRESOLVED
State_Rep_By_Insepctor_Of_vs_N_S_Gnaneswaran_on_9_January_2013_1.PDF,Corruption,AIR 2004 SC 2684,,,UNRESOLVED
State_Rep_By_Insepctor_Of_vs_N_S_Gnaneswaran_on_9_January_2013_1.PDF,Corruption,AIR 1976 SC 985,Bhagwan_Singh_vs_The_State_Of_Rajasthan_on_14_August_1975_1.PDF,Organized Crime / Extortion,CROSS_DOMAIN
State_Rep_By_Insepctor_Of_vs_N_S_Gnaneswaran_on_9_January_2013_1.PDF,Corruption,AIR 1995 SC 2339,Megha_Singh_vs_State_Of_Haryana_on_9_February_1995_1.PDF,,OUTSIDE_DOMAINS
State_Rep_By_Insepctor_Of_vs_N_S_Gnaneswaran_on_9_January_2013_1.PDF,Corruption,AIR 1964 SC 221,,,UNRESOLVED
State_Rep_By_Insepctor_Of_vs_N_S_Gnaneswaran_on_9_January_2013_1.PDF,Corruption,AIR 1978 SC 597,Mrs_Maneka_Gandhi_vs_Union_Of_India_Uoi_And_Anr_on_25_January_1978_1.PDF,Organized Crime / Extortion,CROSS_DOMAIN
State_Rep_By_Insepctor_Of_vs_N_S_Gnaneswaran_on_9_January_2013_1.PDF,Corruption,AIR 1998 SC 3038,,,UNRESOLVED
State_Rep_By_Insepctor_Of_vs_N_S_Gnaneswaran_on_9_January_2013_1.PDF,Corruption,AIR 1961 SC 751,,,UNRESOLVED
State_Rep_By_Insepctor_Of_vs_N_S_Gnaneswaran_on_9_January_2013_1.PDF,Corruption,AIR 1952 SC 181,,,UNRESOLVED
State_Rep_By_Insepctor_Of_vs_N_S_Gnaneswaran_on_9_January_2013_1.PDF,Corruption,AIR 1965 SC 895,,,UNRESOLVED
State_Rep_By_Insepctor_Of_vs_N_S_Gnaneswaran_on_9_January_2013_1.PDF,Corruption,AIR 1975 SC 2190,,,UNRESOLVED
State_Rep_By_Insepctor_Of_vs_N_S_Gnaneswaran_on_9_January_2013_1.PDF,Corruption,AIR 1980 SC 303,,,UNRESOLVED
State_Rep_By_Insepctor_Of_vs_N_S_Gnaneswaran_on_9_January_2013_1.PDF,Corruption,AIR 1989 SC 1160,,,UNRESOLVED
State_Rep_By_Insepctor_Of_vs_N_S_Gnaneswaran_on_9_January_2013_1.PDF,Corruption,AIR 1975 SC 915,,,UNRESOLVED
State_Rep_By_Insepctor_Of_vs_N_S_Gnaneswaran_on_9_January_2013_1.PDF,Corruption,AIR 1915 MAD 312,,,UNRESOLVED
State_Rep_By_Insepctor_Of_vs_N_S_Gnaneswaran_on_9_January_2013_1.PDF,Corruption,AIR 1958 MADRAS 368,,,UNRESOLVED
State_Rep_By_Insepctor_Of_vs_N_S_Gnaneswaran_on_9_January_2013_1.PDF,Corruption,SCC 1998 1 226,,,UNRESOLVED
State_Rep_By_Insepctor_Of_vs_N_S_Gnaneswaran_on_9_January_2013_1.PDF,Corruption,SCC 2012 4 1,,,UNRESOLVED
State_Rep_By_Insepctor_Of_vs_N_S_Gnaneswaran_on_9_January_2013_1.PDF,Corruption,SCC 1969 3 392,Jankinath_Sarangi_vs_State_Of_Orissa_on_11_March_1969_1.PDF,,OUTSIDE_DOMAINS
State_Rep_By_Insepctor_Of_vs_N_S_Gnaneswaran_on_9_January_2013_1.PDF,Corruption,SCC 1998 6 554,,,UNRESOLVED
State_Rep_By_Insepctor_Of_vs_N_S_Gnaneswaran_on_9_January_2013_1.PDF,Corruption,SCC 2002 8 68,,,UNRESOLVED
State_Rep_By_Insepctor_Of_vs_N_S_Gnaneswaran_on_9_January_2013_1.PDF,Corruption,SCC 2012 10 256,,,UNRESOLVED
State_Rep_By_Insepctor_Of_vs_N_S_Gnaneswaran_on_9_January_2013_1.PDF,Corruption,SCC 2000 7 679,,,UNRESOLVED
State_Rep_By_Insepctor_Of_vs_N_S_Gnaneswaran_on_9_January_2013_1.PDF,Corruption,SCC 1995 1 133,State_Of_Haryana_vs_Raghubir_Dayal_on_10_November_1994_1.PDF,,OUTSIDE_DOMAINS
State_Rep_By_Insepctor_Of_vs_N_S_Gnaneswaran_on_9_January_2013_1.PDF,Corruption,SCC 2007 1 630,,,UNRESOLVED
State_Rep_By_Insepctor_Of_vs_N_S_Gnaneswaran_on_9_January_2013_1.PDF,Corruption,SCC 1998 1 226,,,UNRESOLVED
State_Rep_By_Insepctor_Of_vs_N_S_Gnaneswaran_on_9_January_2013_1.PDF,Corruption,SCC 2009 1 441,,,UNRESOLVED
Union_Of_India_Anr_vs_Ashok_Kumar_Aggarwal_on_22_November_2013_1.PDF,Corruption,AIR 1970 SC 470,Rabindranath_Bose_And_Ors_vs_The_Union_Of_India_Uoi_And_Ors_on_9_October_1969_1.PDF,,OUTSIDE_DOMAINS
Union_Of_India_Anr_vs_Ashok_Kumar_Aggarwal_on_22_November_2013_1.PDF,Corruption,AIR 2006 SC 1465,,,UNRESOLVED
Union_Of_India_Anr_vs_Ashok_Kumar_Aggarwal_on_22_November_2013_1.PDF,Corruption,AIR 2006 SC 1581,,,UNRESOLVED
Union_Of_India_Anr_vs_Ashok_Kumar_Aggarwal_on_22_November_2013_1.PDF,Corruption,AIR 2008 SC 3000,,,UNRESOLVED
Union_Of_India_Anr_vs_Ashok_Kumar_Aggarwal_on_22_November_2013_1.PDF,Corruption,AIR 1987 SC 2257,,,UNRESOLVED
Union_Of_India_Anr_vs_Ashok_Kumar_Aggarwal_on_22_November_2013_1.PDF,Corruption,AIR 1999 SC 1416,,,UNRESOLVED
Union_Of_India_Anr_vs_Ashok_Kumar_Aggarwal_on_22_November_2013_1.PDF,Corruption,AIR 1994 SC 2296,,,UNRESOLVED
Union_Of_India_Anr_vs_Ashok_Kumar_Aggarwal_on_22_November_2013_1.PDF,Corruption,AIR 1964 SC 787,,,UNRESOLVED
Union_Of_India_Anr_vs_Ashok_Kumar_Aggarwal_on_22_November_2013_1.PDF,Corruption,AIR 1968 SC 800,,,UNRESOLVED
Union_Of_India_Anr_vs_Ashok_Kumar_Aggarwal_on_22_November_2013_1.PDF,Corruption,AIR 1996 SC 2292,,,UNRESOLVED
Union_Of_India_Anr_vs_Ashok_Kumar_Aggarwal_on_22_November_2013_1.PDF,Corruption,AIR 1988 SC 2118,,,UNRESOLVED
Union_Of_India_Anr_vs_Ashok_Kumar_Aggarwal_on_22_November_2013_1.PDF,Corruption,AIR 1960 SC 806,The_Delhi_Cloth_And_General_Mills_Ltd_vs_Kushal_Bhan_on_10_March_1960_1.PDF,,OUTSIDE_DOMAINS
Union_Of_India_Anr_vs_Ashok_Kumar_Aggarwal_on_22_November_2013_1.PDF,Corruption,AIR 2009 SC 904,,,UNRESOLVED
Union_Of_India_Anr_vs_Ashok_Kumar_Aggarwal_on_22_November_2013_1.PDF,Corruption,AIR 1967 SC 1386,,,UNRESOLVED
Union_Of_India_Anr_vs_Ashok_Kumar_Aggarwal_on_22_November_2013_1.PDF,Corruption,AIR 1996 SC 135,,,UNRESOLVED
Union_Of_India_Anr_vs_Ashok_Kumar_Aggarwal_on_22_November_2013_1.PDF,Corruption,AIR 1996 SC 2005,,,UNRESOLVED
Union_Of_India_Anr_vs_Ashok_Kumar_Aggarwal_on_22_November_2013_1.PDF,Corruption,AIR 2008 SC 901,,,UNRESOLVED
Union_Of_India_Anr_vs_Ashok_Kumar_Aggarwal_on_22_November_2013_1.PDF,Corruption,AIR 2010 SC 2210,,,UNRESOLVED
Union_Of_India_Anr_vs_Ashok_Kumar_Aggarwal_on_22_November_2013_1.PDF,Corruption,AIR 2010 SC 336,,,UNRESOLVED
Union_Of_India_Anr_vs_Ashok_Kumar_Aggarwal_on_22_November_2013_1.PDF,Corruption,AIR 1998 SC 1289,,,UNRESOLVED
Union_Of_India_Anr_vs_Ashok_Kumar_Aggarwal_on_22_November_2013_1.PDF,Corruption,AIR 2005 SC 1964,,,UNRESOLVED
Union_Of_India_Anr_vs_Ashok_Kumar_Aggarwal_on_22_November_2013_1.PDF,Corruption,AIR 2010 SC 3823,,,UNRESOLVED
Union_Of_India_Anr_vs_Ashok_Kumar_Aggarwal_on_22_November_2013_1.PDF,Corruption,AIR 1960 SC 941,,,UNRESOLVED
Union_Of_India_Anr_vs_Ashok_Kumar_Aggarwal_on_22_November_2013_1.PDF,Corruption,AIR 1961 SC 1457,,,UNRESOLVED
Union_Of_India_Anr_vs_Ashok_Kumar_Aggarwal_on_22_November_2013_1.PDF,Corruption,AIR 2002 SC 952,,,UNRESOLVED
Union_Of_India_Anr_vs_Ashok_Kumar_Aggarwal_on_22_November_2013_1.PDF,Corruption,AIR 2005 SC 626,,,UNRESOLVED
Union_Of_India_Anr_vs_Ashok_Kumar_Aggarwal_on_22_November_2013_1.PDF,Corruption,AIR 1975 SC 984,,,UNRESOLVED
Union_Of_India_Anr_vs_Ashok_Kumar_Aggarwal_on_22_November_2013_1.PDF,Corruption,AIR 2010 SC 3745,,,UNRESOLVED
Union_Of_India_Anr_vs_Ashok_Kumar_Aggarwal_on_22_November_2013_1.PDF,Corruption,AIR 1950 SC 169,,,UNRESOLVED
Union_Of_India_Anr_vs_Ashok_Kumar_Aggarwal_on_22_November_2013_1.PDF,Corruption,AIR 1999 SC 1104,,,UNRESOLVED
Union_Of_India_Anr_vs_Ashok_Kumar_Aggarwal_on_22_November_2013_1.PDF,Corruption,AIR 2010 SC 2077,,,UNRESOLVED
Union_Of_India_Anr_vs_Ashok_Kumar_Aggarwal_on_22_November_2013_1.PDF,Corruption,AIR 1967 SC 1910,,,UNRESOLVED
Union_Of_India_Anr_vs_Ashok_Kumar_Aggarwal_on_22_November_2013_1.PDF,Corruption,AIR 1977 SC 757,Union_Of_India_Uoi_And_Ors_vs_Majji_Jangamayya_And_Ors_on_5_November_1976_1.PDF,,OUTSIDE_DOMAINS
Union_Of_India_Anr_vs_Ashok_Kumar_Aggarwal_on_22_November_2013_1.PDF,Corruption,AIR 1987 SC 1676,,,UNRESOLVED
Union_Of_India_Anr_vs_Ashok_Kumar_Aggarwal_on_22_November_2013_1.PDF,Corruption,AIR 1990 SC 166,,,UNRESOLVED
Union_Of_India_Anr_vs_Ashok_Kumar_Aggarwal_on_22_November_2013_1.PDF,Corruption,AIR 1998 SC 2496,,,UNRESOLVED
Union_Of_India_Anr_vs_Ashok_Kumar_Aggarwal_on_22_November_2013_1.PDF,Corruption,AIR 2011 SC 2220,,,UNRESOLVED
Union_Of_India_Anr_vs_Ashok_Kumar_Aggarwal_on_22_November_2013_1.PDF,Corruption,AIR 1998 SC 431,,,UNRESOLVED
Union_Of_India_Anr_vs_Ashok_Kumar_Aggarwal_on_22_November_2013_1.PDF,Corruption,AIR 1991 SC 1507,,,UNRESOLVED
Union_Of_India_Anr_vs_Ashok_Kumar_Aggarwal_on_22_November_2013_1.PDF,Corruption,AIR 1989 SC 997,,,UNRESOLVED
Union_Of_India_Anr_vs_Ashok_Kumar_Aggarwal_on_22_November_2013_1.PDF,Corruption,SCC 2006 4 257,,,UNRESOLVED
Union_Of_India_Anr_vs_Ashok_Kumar_Aggarwal_on_22_November_2013_1.PDF,Corruption,SCC 2013 2 435,,,UNRESOLVED
Union_Of_India_Anr_vs_Ashok_Kumar_Aggarwal_on_22_November_2013_1.PDF,Corruption,SCC 2006 8 200,,,UNRESOLVED
Union_Of_India_Anr_vs_Ashok_Kumar_Aggarwal_on_22_November_2013_1.PDF,Corruption,SCC 1998 5 535,Union_Of_India_Uoi_And_Ors_vs_Udai_Narain_on_30_March_1998_1.PDF,,OUTSIDE_DOMAINS
Union_Of_India_Anr_vs_Ashok_Kumar_Aggarwal_on_22_November_2013_1.PDF,Corruption,SCC 1970 1 108,State_Of_Madhya_Pradesh_And_Ors_vs_Shardul_Singh_on_2_December_1969_1.PDF,,OUTSIDE_DOMAINS
Union_Of_India_Anr_vs_Ashok_Kumar_Aggarwal_on_22_November_2013_1.PDF,Corruption,SCC 1993 1 419,,,UNRESOLVED
Union_Of_India_Anr_vs_Ashok_Kumar_Aggarwal_on_22_November_2013_1.PDF,Corruption,SCC 1996 6 417,,,UNRESOLVED
Union_Of_India_Anr_vs_Ashok_Kumar_Aggarwal_on_22_November_2013_1.PDF,Corruption,SCC 1996 3 157,Secretary_To_Government_Prohibition_vs_L_Srinivasan_on_15_February_1996_1.PDF,,OUTSIDE_DOMAINS
Union_Of_India_Anr_vs_Ashok_Kumar_Aggarwal_on_22_November_2013_1.PDF,Corruption,SCC 1997 4 1,,,UNRESOLVED
Union_Of_India_Anr_vs_Ashok_Kumar_Aggarwal_on_22_November_2013_1.PDF,Corruption,SCC 2009 15 705,,,UNRESOLVED
Union_Of_India_Anr_vs_Ashok_Kumar_Aggarwal_on_22_November_2013_1.PDF,Corruption,SCC 2010 4 192,,,UNRESOLVED
Union_Of_India_Anr_vs_Ashok_Kumar_Aggarwal_on_22_November_2013_1.PDF,Corruption,SCC 2010 10 320,,,UNRESOLVED
Union_Of_India_Anr_vs_Ashok_Kumar_Aggarwal_on_22_November_2013_1.PDF,Corruption,SCC 2011 3 436,,,UNRESOLVED
Union_Of_India_Anr_vs_Ashok_Kumar_Aggarwal_on_22_November_2013_1.PDF,Corruption,SCC 1999 5 590,,,UNRESOLVED
Union_Of_India_Anr_vs_Ashok_Kumar_Aggarwal_on_22_November_2013_1.PDF,Corruption,SCC 2001 1 582,,,UNRESOLVED
Union_Of_India_Ors_vs_Anil_Kumar_Sarkar_on_15_March_2013_1.PDF,Corruption,AIR 2007 SC 1706,,,UNRESOLVED
Union_Of_India_Ors_vs_Anil_Kumar_Sarkar_on_15_March_2013_1.PDF,Corruption,SCC 1991 4 109,,,UNRESOLVED
Union_Of_India_Ors_vs_Anil_Kumar_Sarkar_on_15_March_2013_1.PDF,Corruption,SCC 2011 5 142,,,UNRESOLVED
Union_Of_India_Ors_vs_Anil_Kumar_Sarkar_on_15_March_2013_1.PDF,Corruption,SCC 1991 4 109,,,UNRESOLVED
Union_Of_India_Ors_vs_Anil_Kumar_Sarkar_on_15_March_2013_1.PDF,Corruption,SCC 2007 6 694,,,UNRESOLVED
Union_Of_India_Ors_vs_Anil_Kumar_Sarkar_on_15_March_2013_1.PDF,Corruption,SCC 2000 4 394,,,UNRESOLVED
Animal_Welfare_Board_Of_India_vs_A_Nagaraja_Ors_on_7_May_2014_1.PDF,Corruption,AIR 1979 SC 898,,,UNRESOLVED
Animal_Welfare_Board_Of_India_vs_A_Nagaraja_Ors_on_7_May_2014_1.PDF,Corruption,SCC 2001 6 84,,,UNRESOLVED
Animal_Welfare_Board_Of_India_vs_A_Nagaraja_Ors_on_7_May_2014_1.PDF,Corruption,SCC 2002 8 106,,,UNRESOLVED
Animal_Welfare_Board_Of_India_vs_A_Nagaraja_Ors_on_7_May_2014_1.PDF,Corruption,SCC 2012 3 277,,,UNRESOLVED
Animal_Welfare_Board_Of_India_vs_A_Nagaraja_Ors_on_7_May_2014_1.PDF,Corruption,SCC 2012 4 362,,,UNRESOLVED
Animal_Welfare_Board_Of_India_vs_A_Nagaraja_Ors_on_7_May_2014_1.PDF,Corruption,SCC 2013 8 234,,,UNRESOLVED
Animal_Welfare_Board_Of_India_vs_A_Nagaraja_Ors_on_7_May_2014_1.PDF,Corruption,SCC 2005 8 534,,,UNRESOLVED
Animal_Welfare_Board_Of_India_vs_A_Nagaraja_Ors_on_7_May_2014_1.PDF,Corruption,SCC 1990 2 562,,,UNRESOLVED
Animal_Welfare_Board_Of_India_vs_A_Nagaraja_Ors_on_7_May_2014_1.PDF,Corruption,SCC 2000 5 231,,,UNRESOLVED
Animal_Welfare_Board_Of_India_vs_A_Nagaraja_Ors_on_7_May_2014_1.PDF,Corruption,SCR 1957 721,Lilavati_Bai_vs_The_State_Of_Bombay_on_5_March_1957_1.PDF,,OUTSIDE_DOMAINS
Bairam_Muralidhar_vs_State_Of_A_P_on_31_July_2014_1.PDF,Corruption,AIR 1987 SC 877,Sheonandan_Paswan_vs_State_Of_Bihar_And_Ors_on_20_December_1986_1.PDF,Corruption,INTERNAL
Bairam_Muralidhar_vs_State_Of_A_P_on_31_July_2014_1.PDF,Corruption,AIR 1976 SC 370,Bansi_Lal_vs_Chandan_Lal_And_Ors_on_5_December_1975_1.PDF,,OUTSIDE_DOMAINS
Bairam_Muralidhar_vs_State_Of_A_P_on_31_July_2014_1.PDF,Corruption,AIR 1980 SC 1510,,,UNRESOLVED
Bairam_Muralidhar_vs_State_Of_A_P_on_31_July_2014_1.PDF,Corruption,AIR 1957 SC 389,The_State_Of_Bihar_vs_Ram_Naresh_Pandey_on_31_January_1957_1.PDF,Violent Crime / Homicide,CROSS_DOMAIN
Bairam_Muralidhar_vs_State_Of_A_P_on_31_July_2014_1.PDF,Corruption,AIR 2001 SC 116,,,UNRESOLVED
Bairam_Muralidhar_vs_State_Of_A_P_on_31_July_2014_1.PDF,Corruption,SCC 1996 2 610,,,UNRESOLVED
Bairam_Muralidhar_vs_State_Of_A_P_on_31_July_2014_1.PDF,Corruption,SCC 2005 2 377,,,UNRESOLVED
Bairam_Muralidhar_vs_State_Of_A_P_on_31_July_2014_1.PDF,Corruption,SCC 1976 4 250,,,UNRESOLVED
Bairam_Muralidhar_vs_State_Of_A_P_on_31_July_2014_1.PDF,Corruption,SCC 2013 4 642,,,UNRESOLVED
Bairam_Muralidhar_vs_State_Of_A_P_on_31_July_2014_1.PDF,Corruption,SCR 1978 1 604,,,UNRESOLVED
Bairam_Muralidhar_vs_State_Of_A_P_on_31_July_2014_1.PDF,Corruption,SCR 1980 2 44,,,UNRESOLVED
B_Jayaraj_vs_State_Of_A_P_on_28_March_2014_1.PDF,Corruption,SCC 2010 15 1,,,UNRESOLVED
B_Jayaraj_vs_State_Of_A_P_on_28_March_2014_1.PDF,Corruption,SCC 2009 3 779,,,UNRESOLVED
Dr_Subramanian_Swamy_vs_Director_Cbi_Anr_on_6_May_2014_1.PDF,Corruption,SCC 1998 1 226,,,UNRESOLVED
Dr_Subramanian_Swamy_vs_Director_Cbi_Anr_on_6_May_2014_1.PDF,Corruption,SCC 1991 1 212,,,UNRESOLVED
Dr_Subramanian_Swamy_vs_Director_Cbi_Anr_on_6_May_2014_1.PDF,Corruption,SCC 1981 1 722,,,UNRESOLVED
Dr_Subramanian_Swamy_vs_Director_Cbi_Anr_on_6_May_2014_1.PDF,Corruption,SCC 2004 4 311,,,UNRESOLVED
Dr_Subramanian_Swamy_vs_Director_Cbi_Anr_on_6_May_2014_1.PDF,Corruption,SCC 1998 2 1,,,UNRESOLVED
Dr_Subramanian_Swamy_vs_Director_Cbi_Anr_on_6_May_2014_1.PDF,Corruption,SCC 1996 3 709,State_Of_Andhra_Pradesh_And_Ors_Etc_vs_Mcdowell_Co_And_Ors_Etc_on_21_March_1996_1.PDF,Organized Crime / Extortion,CROSS_DOMAIN
Dr_Subramanian_Swamy_vs_Director_Cbi_Anr_on_6_May_2014_1.PDF,Corruption,SCC 1991 3 655,K_Veeraswami_vs_Union_Of_India_And_Others_on_25_July_1991_1.PDF,Corruption,INTERNAL
Dr_Subramanian_Swamy_vs_Director_Cbi_Anr_on_6_May_2014_1.PDF,Corruption,SCC 1998 1 226,,,UNRESOLVED
Dr_Subramanian_Swamy_vs_Director_Cbi_Anr_on_6_May_2014_1.PDF,Corruption,SCC 2007 2 1,,,UNRESOLVED
Dr_Subramanian_Swamy_vs_Director_Cbi_Anr_on_6_May_2014_1.PDF,Corruption,SCC 2012 3 1,,,UNRESOLVED
Dr_Subramanian_Swamy_vs_Director_Cbi_Anr_on_6_May_2014_1.PDF,Corruption,SCC 2014 2 532,,,UNRESOLVED
Dr_Subramanian_Swamy_vs_Director_Cbi_Anr_on_6_May_2014_1.PDF,Corruption,SCC 1983 1 305,,,UNRESOLVED
Dr_Subramanian_Swamy_vs_Director_Cbi_Anr_on_6_May_2014_1.PDF,Corruption,SCC 2000 5 88,,,UNRESOLVED
Dr_Subramanian_Swamy_vs_Director_Cbi_Anr_on_6_May_2014_1.PDF,Corruption,SCC 2012 3 64,,,UNRESOLVED
Dr_Subramanian_Swamy_vs_Director_Cbi_Anr_on_6_May_2014_1.PDF,Corruption,SCC 2013 3 1,,,UNRESOLVED
Dr_Subramanian_Swamy_vs_Director_Cbi_Anr_on_6_May_2014_1.PDF,Corruption,SCC 2012 12 384,,,UNRESOLVED
Dr_Subramanian_Swamy_vs_Director_Cbi_Anr_on_6_May_2014_1.PDF,Corruption,SCC 1979 1 380,In_Re__The_Special_Courts_Bill_1978_vs_Unknown_on_1_December_1978_1.PDF,Organized Crime / Extortion,CROSS_DOMAIN
Dr_Subramanian_Swamy_vs_Director_Cbi_Anr_on_6_May_2014_1.PDF,Corruption,SCC 1998 8 188,,,UNRESOLVED
Dr_Subramanian_Swamy_vs_Director_Cbi_Anr_on_6_May_2014_1.PDF,Corruption,SCC 2003 7 151,,,UNRESOLVED
Dr_Subramanian_Swamy_vs_Director_Cbi_Anr_on_6_May_2014_1.PDF,Corruption,SCC 2005 1 496,,,UNRESOLVED
Dr_Subramanian_Swamy_vs_Director_Cbi_Anr_on_6_May_2014_1.PDF,Corruption,SCC 1981 4 335,,,UNRESOLVED
Dr_Subramanian_Swamy_vs_Director_Cbi_Anr_on_6_May_2014_1.PDF,Corruption,SCC 1973 1 500,,,UNRESOLVED
Dr_Subramanian_Swamy_vs_Director_Cbi_Anr_on_6_May_2014_1.PDF,Corruption,SCC 1977 4 608,,,UNRESOLVED
Dr_Subramanian_Swamy_vs_Director_Cbi_Anr_on_6_May_2014_1.PDF,Corruption,SCC 1997 3 261,,,UNRESOLVED
Dr_Subramanian_Swamy_vs_Director_Cbi_Anr_on_6_May_2014_1.PDF,Corruption,SCC 2006 7 1,,,UNRESOLVED
Dr_Subramanian_Swamy_vs_Director_Cbi_Anr_on_6_May_2014_1.PDF,Corruption,SCC 2010 11 1,,,UNRESOLVED
Dr_Subramanian_Swamy_vs_Director_Cbi_Anr_on_6_May_2014_1.PDF,Corruption,SCC 2011 9 1,,,UNRESOLVED
Dr_Subramanian_Swamy_vs_Director_Cbi_Anr_on_6_May_2014_1.PDF,Corruption,SCC 1995 5 96,G_C_Kanungo_vs_State_Of_Orissa_on_12_May_1995_1.PDF,,OUTSIDE_DOMAINS
Dr_Subramanian_Swamy_vs_Director_Cbi_Anr_on_6_May_2014_1.PDF,Corruption,SCC 2000 1 168,,,UNRESOLVED
Dr_Subramanian_Swamy_vs_Director_Cbi_Anr_on_6_May_2014_1.PDF,Corruption,SCC 1991 3 655,K_Veeraswami_vs_Union_Of_India_And_Others_on_25_July_1991_1.PDF,Corruption,INTERNAL
Dr_Subramanian_Swamy_vs_Director_Cbi_Anr_on_6_May_2014_1.PDF,Corruption,SCC 1974 4 3,,,UNRESOLVED
Dr_Subramanian_Swamy_vs_Director_Cbi_Anr_on_6_May_2014_1.PDF,Corruption,SCC 1978 1 248,Mrs_Maneka_Gandhi_vs_Union_Of_India_Uoi_And_Anr_on_25_January_1978_1.PDF,Organized Crime / Extortion,CROSS_DOMAIN
Dr_Subramanian_Swamy_vs_Director_Cbi_Anr_on_6_May_2014_1.PDF,Corruption,SCC 1981 1 722,,,UNRESOLVED
Dr_Subramanian_Swamy_vs_Director_Cbi_Anr_on_6_May_2014_1.PDF,Corruption,SCC 1998 2 1,,,UNRESOLVED
Dr_Subramanian_Swamy_vs_Director_Cbi_Anr_on_6_May_2014_1.PDF,Corruption,SCC 2004 4 311,,,UNRESOLVED
Dr_Subramanian_Swamy_vs_Director_Cbi_Anr_on_6_May_2014_1.PDF,Corruption,SCC 1973 4 225,Kesavananda_Bharati_Sripadagalvaru_vs_State_Of_Kerala_And_Anr_on_24_April_1973_1.PDF,,OUTSIDE_DOMAINS
Dr_Subramanian_Swamy_vs_Director_Cbi_Anr_on_6_May_2014_1.PDF,Corruption,SCC 2008 6 1,,,UNRESOLVED
Dr_Subramanian_Swamy_vs_Director_Cbi_Anr_on_6_May_2014_1.PDF,Corruption,SCC 2012 10 1,,,UNRESOLVED
Dr_Subramanian_Swamy_vs_Director_Cbi_Anr_on_6_May_2014_1.PDF,Corruption,SCC 1996 3 709,State_Of_Andhra_Pradesh_And_Ors_Etc_vs_Mcdowell_Co_And_Ors_Etc_on_21_March_1996_1.PDF,Organized Crime / Extortion,CROSS_DOMAIN
Dr_Subramanian_Swamy_vs_Director_Cbi_Anr_on_6_May_2014_1.PDF,Corruption,SCC 2012 6 312,,,UNRESOLVED
Dr_Subramanian_Swamy_vs_Director_Cbi_Anr_on_6_May_2014_1.PDF,Corruption,SCC 1998 2 109,,,UNRESOLVED
Dr_Subramanian_Swamy_vs_Director_Cbi_Anr_on_6_May_2014_1.PDF,Corruption,SCC 1971 2 119,,,UNRESOLVED
Dr_Subramanian_Swamy_vs_Director_Cbi_Anr_on_6_May_2014_1.PDF,Corruption,SCC 1999 3 709,,,UNRESOLVED
Dr_Subramanian_Swamy_vs_Director_Cbi_Anr_on_6_May_2014_1.PDF,Corruption,SCC 1997 5 536,,,UNRESOLVED
Dr_Subramanian_Swamy_vs_Director_Cbi_Anr_on_6_May_2014_1.PDF,Corruption,SCC 2005 6 281,,,UNRESOLVED
Dr_Subramanian_Swamy_vs_Director_Cbi_Anr_on_6_May_2014_1.PDF,Corruption,SCC 1997 2 453,,,UNRESOLVED
Dr_Subramanian_Swamy_vs_Director_Cbi_Anr_on_6_May_2014_1.PDF,Corruption,SCC 1987 3 34,,,UNRESOLVED
Dr_Subramanian_Swamy_vs_Director_Cbi_Anr_on_6_May_2014_1.PDF,Corruption,SCC 1970 1 595,,,UNRESOLVED
Dr_Subramanian_Swamy_vs_Director_Cbi_Anr_on_6_May_2014_1.PDF,Corruption,SCC 1979 1 535,,,UNRESOLVED
Dr_Subramanian_Swamy_vs_Director_Cbi_Anr_on_6_May_2014_1.PDF,Corruption,SCC 1977 2 394,,,UNRESOLVED
Dr_Subramanian_Swamy_vs_Director_Cbi_Anr_on_6_May_2014_1.PDF,Corruption,SCC 1996 10 193,,,UNRESOLVED
Dr_Subramanian_Swamy_vs_Director_Cbi_Anr_on_6_May_2014_1.PDF,Corruption,SCC 1980 3 110,,,UNRESOLVED
Dr_Subramanian_Swamy_vs_Director_Cbi_Anr_on_6_May_2014_1.PDF,Corruption,SCC 1984 2 183,,,UNRESOLVED
Dr_Subramanian_Swamy_vs_Director_Cbi_Anr_on_6_May_2014_1.PDF,Corruption,SCC 1971 2 376,,,UNRESOLVED
Dr_Subramanian_Swamy_vs_Director_Cbi_Anr_on_6_May_2014_1.PDF,Corruption,SCC 2005 4 370,,,UNRESOLVED
Dr_Subramanian_Swamy_vs_Director_Cbi_Anr_on_6_May_2014_1.PDF,Corruption,SCC 1980 1 554,,,UNRESOLVED
Dr_Subramanian_Swamy_vs_Director_Cbi_Anr_on_6_May_2014_1.PDF,Corruption,SCC 1999 5 138,,,UNRESOLVED
Dr_Subramanian_Swamy_vs_Director_Cbi_Anr_on_6_May_2014_1.PDF,Corruption,SCC 2001 5 755,,,UNRESOLVED
Dr_Subramanian_Swamy_vs_Director_Cbi_Anr_on_6_May_2014_1.PDF,Corruption,SCC 2004 9 319,,,UNRESOLVED
Dr_Subramanian_Swamy_vs_Director_Cbi_Anr_on_6_May_2014_1.PDF,Corruption,SCC 2005 5 517,,,UNRESOLVED
Dr_Subramanian_Swamy_vs_Director_Cbi_Anr_on_6_May_2014_1.PDF,Corruption,SCC 2011 4 1,,,UNRESOLVED
Dr_Subramanian_Swamy_vs_Director_Cbi_Anr_on_6_May_2014_1.PDF,Corruption,SCR 1967 2 703,,,UNRESOLVED
Dr_Subramanian_Swamy_vs_Director_Cbi_Anr_on_6_May_2014_1.PDF,Corruption,SCR 1952 597,State_Of_Madras_vs_V_G_Row_Union_Of_India_State_on_31_March_1952_1.PDF,,OUTSIDE_DOMAINS
Dr_Subramanian_Swamy_vs_Director_Cbi_Anr_on_6_May_2014_1.PDF,Corruption,SCR 1955 2 925,,,UNRESOLVED
Dr_Subramanian_Swamy_vs_Director_Cbi_Anr_on_6_May_2014_1.PDF,Corruption,SCR 1959 279,Shri_Ram_Krishna_Dalmia_vs_Shri_Justice_S_R_Tendolkar_on_28_March_1958_1.PDF,,OUTSIDE_DOMAINS
Dr_Subramanian_Swamy_vs_Director_Cbi_Anr_on_6_May_2014_1.PDF,Corruption,SCR 1950 519,Dr_N_B_Khare_vs_The_State_Of_Delhi_on_26_May_1950_1.PDF,,OUTSIDE_DOMAINS
Dr_Subramanian_Swamy_vs_Director_Cbi_Anr_on_6_May_2014_1.PDF,Corruption,SCR 1957 233,Pannalal_Binjraj_vs_Union_Of_India_on_21_December_1956_1.PDF,,OUTSIDE_DOMAINS
Dr_Subramanian_Swamy_vs_Director_Cbi_Anr_on_6_May_2014_1.PDF,Corruption,SCR 1962 2 125,,,UNRESOLVED
Dr_Subramanian_Swamy_vs_Director_Cbi_Anr_on_6_May_2014_1.PDF,Corruption,SCR 1950 869,Chiranjit_Lal_Chowdhuri_vs_The_Union_Of_India_And_Others_on_4_December_1950_1.PDF,,OUTSIDE_DOMAINS
Dr_Subramanian_Swamy_vs_Director_Cbi_Anr_on_6_May_2014_1.PDF,Corruption,SCR 1951 682,The_State_Of_Bombay_And_Another_vs_F_N_Balsara_on_25_May_1951_1.PDF,,OUTSIDE_DOMAINS
Dr_Subramanian_Swamy_vs_Director_Cbi_Anr_on_6_May_2014_1.PDF,Corruption,SCR 1952 284,The_State_Of_West_Bengal_vs_Anwar_All_Sarkarhabib_Mohamed_The_on_11_January_1952_1.PDF,Organized Crime / Extortion; Violent Crime / Homicide,CROSS_DOMAIN
Dr_Subramanian_Swamy_vs_Director_Cbi_Anr_on_6_May_2014_1.PDF,Corruption,SCR 1952 435,Kathi_Raning_Rawat_vs_The_State_Of_Saurashtra_on_27_February_1952_1.PDF,Violent Crime / Homicide,CROSS_DOMAIN
Dr_Subramanian_Swamy_vs_Director_Cbi_Anr_on_6_May_2014_1.PDF,Corruption,SCR 1952 710,Lachmandas_Kewalram_Ahujaand_Another_vs_The_State_Of_Bombay_on_20_May_1952_1.PDF,Organized Crime / Extortion; Violent Crime / Homicide,CROSS_DOMAIN
Dr_Subramanian_Swamy_vs_Director_Cbi_Anr_on_6_May_2014_1.PDF,Corruption,SCR 1953 4 589,,,UNRESOLVED
Dr_Subramanian_Swamy_vs_Director_Cbi_Anr_on_6_May_2014_1.PDF,Corruption,SCR 1953 661,Habeeb_Mohamed_vs_The_State_Of_Hyderabad_on_30_March_1953_1.PDF,,OUTSIDE_DOMAINS
Dr_Subramanian_Swamy_vs_Director_Cbi_Anr_on_6_May_2014_1.PDF,Corruption,SCR 1954 30,Kedar_Nath_Bajoria_vs_The_State_Of_West_Bengal_Hari_Ram_on_22_May_1953_1.PDF,Corruption; Organized Crime / Extortion,INTERNAL
Dr_Subramanian_Swamy_vs_Director_Cbi_Anr_on_6_May_2014_1.PDF,Corruption,SCR 1954 1117,V_M_Syed_Mohammad_And_Company_vs_The_State_Of_Andhra_With_Connected_on_11_March_1954_1.PDF,,OUTSIDE_DOMAINS
Dr_Subramanian_Swamy_vs_Director_Cbi_Anr_on_6_May_2014_1.PDF,Corruption,SCR 1955 1 1045,,,UNRESOLVED
Dr_Subramanian_Swamy_vs_Director_Cbi_Anr_on_6_May_2014_1.PDF,Corruption,SCR 1960 2 592,,,UNRESOLVED
Dr_Subramanian_Swamy_vs_Director_Cbi_Anr_on_6_May_2014_1.PDF,Corruption,SCR 1960 2 646,,,UNRESOLVED
Dr_Subramanian_Swamy_vs_Director_Cbi_Anr_on_6_May_2014_1.PDF,Corruption,SCR 1974 3 760,,,UNRESOLVED
Manoj_Narula_vs_Union_Of_India_on_27_August_2014_1.PDF,Corruption,AIR 1975 SC 2299,,,UNRESOLVED
Manoj_Narula_vs_Union_Of_India_on_27_August_2014_1.PDF,Corruption,AIR 2006 SC 3127,,,UNRESOLVED
Manoj_Narula_vs_Union_Of_India_on_27_August_2014_1.PDF,Corruption,AIR 1980 SC 1362,,,UNRESOLVED
Manoj_Narula_vs_Union_Of_India_on_27_August_2014_1.PDF,Corruption,AIR 2005 SC 688,,,UNRESOLVED
Manoj_Narula_vs_Union_Of_India_on_27_August_2014_1.PDF,Corruption,AIR 1987 SC 232,,,UNRESOLVED
Manoj_Narula_vs_Union_Of_India_on_27_August_2014_1.PDF,Corruption,AIR 1997 SC 610,,,UNRESOLVED
Manoj_Narula_vs_Union_Of_India_on_27_August_2014_1.PDF,Corruption,AIR 1994 SC 1349,,,UNRESOLVED
Manoj_Narula_vs_Union_Of_India_on_27_August_2014_1.PDF,Corruption,AIR 1950 SC 124,,,UNRESOLVED
Manoj_Narula_vs_Union_Of_India_on_27_August_2014_1.PDF,Corruption,AIR 2008 SC 693,,,UNRESOLVED
Manoj_Narula_vs_Union_Of_India_on_27_August_2014_1.PDF,Corruption,AIR 1955 SC 549,Rai_Sahib_Ram_Jawaya_Kapur_And_Ors_vs_The_State_Of_Punjab_on_12_April_1955_1.PDF,,OUTSIDE_DOMAINS
Manoj_Narula_vs_Union_Of_India_on_27_August_2014_1.PDF,Corruption,AIR 1994 SC 268,,,UNRESOLVED
Manoj_Narula_vs_Union_Of_India_on_27_August_2014_1.PDF,Corruption,AIR 1951 SC 332,,,UNRESOLVED
Manoj_Narula_vs_Union_Of_India_on_27_August_2014_1.PDF,Corruption,SCC 1995 4 611,T_N_Seshan_Chief_Election_vs_Union_Of_India_Ors_on_14_July_1995_1.PDF,,OUTSIDE_DOMAINS
Manoj_Narula_vs_Union_Of_India_on_27_August_2014_1.PDF,Corruption,SCC 2013 10 1,,,UNRESOLVED
Manoj_Narula_vs_Union_Of_India_on_27_August_2014_1.PDF,Corruption,SCC 1978 1 405,,,UNRESOLVED
Manoj_Narula_vs_Union_Of_India_on_27_August_2014_1.PDF,Corruption,SCC 2002 5 294,,,UNRESOLVED
Manoj_Narula_vs_Union_Of_India_on_27_August_2014_1.PDF,Corruption,SCC 1997 4 306,,,UNRESOLVED
Manoj_Narula_vs_Union_Of_India_on_27_August_2014_1.PDF,Corruption,SCC 1997 6 1,,,UNRESOLVED
Manoj_Narula_vs_Union_Of_India_on_27_August_2014_1.PDF,Corruption,SCC 2013 4 642,,,UNRESOLVED
Manoj_Narula_vs_Union_Of_India_on_27_August_2014_1.PDF,Corruption,SCC 2013 7 653,,,UNRESOLVED
Manoj_Narula_vs_Union_Of_India_on_27_August_2014_1.PDF,Corruption,SCC 1973 4 225,Kesavananda_Bharati_Sripadagalvaru_vs_State_Of_Kerala_And_Anr_on_24_April_1973_1.PDF,,OUTSIDE_DOMAINS
Manoj_Narula_vs_Union_Of_India_on_27_August_2014_1.PDF,Corruption,SCC 2011 4 1,,,UNRESOLVED
Manoj_Narula_vs_Union_Of_India_on_27_August_2014_1.PDF,Corruption,SCC 2009 7 1,,,UNRESOLVED
Manoj_Narula_vs_Union_Of_India_on_27_August_2014_1.PDF,Corruption,SCC 2006 11 356,,,UNRESOLVED
Manoj_Narula_vs_Union_Of_India_on_27_August_2014_1.PDF,Corruption,SCC 2014 2 609,,,UNRESOLVED
Manoj_Narula_vs_Union_Of_India_on_27_August_2014_1.PDF,Corruption,SCC 2013 5 1,,,UNRESOLVED
Manoj_Narula_vs_Union_Of_India_on_27_August_2014_1.PDF,Corruption,SCC 2005 8 202,,,UNRESOLVED
Manoj_Narula_vs_Union_Of_India_on_27_August_2014_1.PDF,Corruption,SCC 1974 2 831,,,UNRESOLVED
Manoj_Narula_vs_Union_Of_India_on_27_August_2014_1.PDF,Corruption,SCC 2001 7 231,,,UNRESOLVED
Manoj_Narula_vs_Union_Of_India_on_27_August_2014_1.PDF,Corruption,SCC 2004 8 788,,,UNRESOLVED
Manoj_Narula_vs_Union_Of_India_on_27_August_2014_1.PDF,Corruption,SCC 2006 8 212,,,UNRESOLVED
Manoj_Narula_vs_Union_Of_India_on_27_August_2014_1.PDF,Corruption,SCC 1971 2 63,,,UNRESOLVED
Manoj_Narula_vs_Union_Of_India_on_27_August_2014_1.PDF,Corruption,SCC 1972 3 717,,,UNRESOLVED
Manoj_Narula_vs_Union_Of_India_on_27_August_2014_1.PDF,Corruption,SCC 2006 2 682,,,UNRESOLVED
Manoj_Narula_vs_Union_Of_India_on_27_August_2014_1.PDF,Corruption,SCC 2004 10 699,,,UNRESOLVED
Manoj_Narula_vs_Union_Of_India_on_27_August_2014_1.PDF,Corruption,SCC 2005 5 294,,,UNRESOLVED
Manoj_Narula_vs_Union_Of_India_on_27_August_2014_1.PDF,Corruption,SCC 2011 2 83,,,UNRESOLVED
Manoj_Narula_vs_Union_Of_India_on_27_August_2014_1.PDF,Corruption,SCC 2011 4 324,,,UNRESOLVED
Manoj_Narula_vs_Union_Of_India_on_27_August_2014_1.PDF,Corruption,SCC 2012 2 34,,,UNRESOLVED
Manoj_Narula_vs_Union_Of_India_on_27_August_2014_1.PDF,Corruption,SCC 1980 3 625,Minerva_Mills_Ltd_And_Ors_vs_Union_Of_India_Uoi_And_Ors_on_9_May_1980_1.PDF,,OUTSIDE_DOMAINS
Manoj_Narula_vs_Union_Of_India_on_27_August_2014_1.PDF,Corruption,SCC 2007 2 1,,,UNRESOLVED
Manoj_Narula_vs_Union_Of_India_on_27_August_2014_1.PDF,Corruption,SCC 1997 6 241,,,UNRESOLVED
Manoj_Narula_vs_Union_Of_India_on_27_August_2014_1.PDF,Corruption,SCC 2010 12 1,,,UNRESOLVED
Manoj_Narula_vs_Union_Of_India_on_27_August_2014_1.PDF,Corruption,SCC 1994 6 632,R_Rajagopal_vs_State_Of_T_N_on_7_October_1994_1.PDF,Organized Crime / Extortion,CROSS_DOMAIN
Manoj_Narula_vs_Union_Of_India_on_27_August_2014_1.PDF,Corruption,SCC 2009 15 351,,,UNRESOLVED
Manoj_Narula_vs_Union_Of_India_on_27_August_2014_1.PDF,Corruption,SCC 2001 3 594,,,UNRESOLVED
Manoj_Narula_vs_Union_Of_India_on_27_August_2014_1.PDF,Corruption,SCC 1995 6 289,,,UNRESOLVED
Manoj_Narula_vs_Union_Of_India_on_27_August_2014_1.PDF,Corruption,SCC 2003 9 731,,,UNRESOLVED
Manoj_Narula_vs_Union_Of_India_on_27_August_2014_1.PDF,Corruption,SCC 2001 7 126,,,UNRESOLVED
Manoj_Narula_vs_Union_Of_India_on_27_August_2014_1.PDF,Corruption,SCC 2001 7 231,,,UNRESOLVED
Manoj_Narula_vs_Union_Of_India_on_27_August_2014_1.PDF,Corruption,SCC 2010 6 331,,,UNRESOLVED
Manoj_Narula_vs_Union_Of_India_on_27_August_2014_1.PDF,Corruption,SCC 2013 5 1,,,UNRESOLVED
Manoj_Narula_vs_Union_Of_India_on_27_August_2014_1.PDF,Corruption,SCC 2013 7 653,,,UNRESOLVED
Manoj_Narula_vs_Union_Of_India_on_27_August_2014_1.PDF,Corruption,SCC 2007 8 669,,,UNRESOLVED
Manoj_Narula_vs_Union_Of_India_on_27_August_2014_1.PDF,Corruption,SCC 1985 3 169,,,UNRESOLVED
Manoj_Narula_vs_Union_Of_India_on_27_August_2014_1.PDF,Corruption,SCC 2012 2 542,,,UNRESOLVED
Manoj_Narula_vs_Union_Of_India_on_27_August_2014_1.PDF,Corruption,SCC 2010 10 715,,,UNRESOLVED
Manoj_Narula_vs_Union_Of_India_on_27_August_2014_1.PDF,Corruption,SCR 1967 2 109,Mangal_Singh_And_Anr_vs_Union_Of_India_Uoi_on_17_November_1966_1.PDF,,OUTSIDE_DOMAINS
Manzoor_Ali_Khan_vs_Union_Of_India_Ors_on_6_August_2014_1.PDF,Corruption,SCC 1996 6 593,,,UNRESOLVED
Manzoor_Ali_Khan_vs_Union_Of_India_Ors_on_6_August_2014_1.PDF,Corruption,SCC 1996 6 599,,,UNRESOLVED
Manzoor_Ali_Khan_vs_Union_Of_India_Ors_on_6_August_2014_1.PDF,Corruption,SCC 2007 1 110,,,UNRESOLVED
Manzoor_Ali_Khan_vs_Union_Of_India_Ors_on_6_August_2014_1.PDF,Corruption,SCC 1987 1 227,,,UNRESOLVED
Manzoor_Ali_Khan_vs_Union_Of_India_Ors_on_6_August_2014_1.PDF,Corruption,SCC 1996 2 199,,,UNRESOLVED
Manzoor_Ali_Khan_vs_Union_Of_India_Ors_on_6_August_2014_1.PDF,Corruption,SCC 1998 1 226,,,UNRESOLVED
Manzoor_Ali_Khan_vs_Union_Of_India_Ors_on_6_August_2014_1.PDF,Corruption,SCC 2012 3 64,,,UNRESOLVED
Manzoor_Ali_Khan_vs_Union_Of_India_Ors_on_6_August_2014_1.PDF,Corruption,SCC 1984 2 500,,,UNRESOLVED
Manzoor_Ali_Khan_vs_Union_Of_India_Ors_on_6_August_2014_1.PDF,Corruption,SCC 1978 1 248,Mrs_Maneka_Gandhi_vs_Union_Of_India_Uoi_And_Anr_on_25_January_1978_1.PDF,Organized Crime / Extortion,CROSS_DOMAIN
Phula_Singh_vs_State_Of_H_P_on_3_March_2014_1.PDF,Corruption,AIR 2012 SC 1357,,,UNRESOLVED
Phula_Singh_vs_State_Of_H_P_on_3_March_2014_1.PDF,Corruption,AIR 2013 SC 912,,,UNRESOLVED
Phula_Singh_vs_State_Of_H_P_on_3_March_2014_1.PDF,Corruption,AIR 2013 SC 3150,,,UNRESOLVED
Rajat_Prasad_vs_C_B_I_on_24_April_2014_1.PDF,Corruption,SCC 2009 8 106,,,UNRESOLVED
Rajat_Prasad_vs_C_B_I_on_24_April_2014_1.PDF,Corruption,SCR 2002 1 297,,,UNRESOLVED
Rajat_Prasad_vs_C_B_I_on_24_April_2014_1.PDF,Corruption,SCR 1988 2 903,,,UNRESOLVED
Ripusudan_Dayal_Ors_vs_State_Of_M_P_Ors_on_25_February_2014_1.PDF,Corruption,SCC 2007 3 184,,,UNRESOLVED
Ripusudan_Dayal_Ors_vs_State_Of_M_P_Ors_on_25_February_2014_1.PDF,Corruption,SCR 1955 2 603,,,UNRESOLVED
Ripusudan_Dayal_Ors_vs_State_Of_M_P_Ors_on_25_February_2014_1.PDF,Corruption,SCR 1952 3 135,,,UNRESOLVED
Ripusudan_Dayal_Ors_vs_State_Of_M_P_Ors_on_25_February_2014_1.PDF,Corruption,SCR 1963 3 338,,,UNRESOLVED
Ripusudan_Dayal_Ors_vs_State_Of_M_P_Ors_on_25_February_2014_1.PDF,Corruption,SCR 1989 1 20,,,UNRESOLVED
Satvir_Singh_vs_State_Of_Delhi_Tr_C_B_I_on_20_August_2014_1.PDF,Corruption,AIR 1958 SC 61,,,UNRESOLVED
Satvir_Singh_vs_State_Of_Delhi_Tr_C_B_I_on_20_August_2014_1.PDF,Corruption,SCC 2010 9 189,,,UNRESOLVED
Satvir_Singh_vs_State_Of_Delhi_Tr_C_B_I_on_20_August_2014_1.PDF,Corruption,SCC 2011 6 450,,,UNRESOLVED
Satvir_Singh_vs_State_Of_Delhi_Tr_C_B_I_on_20_August_2014_1.PDF,Corruption,SCC 2012 10 383,,,UNRESOLVED
Satvir_Singh_vs_State_Of_Delhi_Tr_C_B_I_on_20_August_2014_1.PDF,Corruption,SCC 2013 3 721,,,UNRESOLVED
Satvir_Singh_vs_State_Of_Delhi_Tr_C_B_I_on_20_August_2014_1.PDF,Corruption,SCC 2002 5 86,,,UNRESOLVED
Satvir_Singh_vs_State_Of_Delhi_Tr_C_B_I_on_20_August_2014_1.PDF,Corruption,SCC 2012 11 642,,,UNRESOLVED
Satvir_Singh_vs_State_Of_Delhi_Tr_C_B_I_on_20_August_2014_1.PDF,Corruption,SCC 2009 3 779,,,UNRESOLVED
Satvir_Singh_vs_State_Of_Delhi_Tr_C_B_I_on_20_August_2014_1.PDF,Corruption,SCC 1997 9 477,,,UNRESOLVED
State_Of_Bihar_Ors_vs_Rajmangal_Ram_on_31_March_2014_1.PDF,Corruption,SCC 2004 7 763,,,UNRESOLVED
State_Of_Bihar_Ors_vs_Rajmangal_Ram_on_31_March_2014_1.PDF,Corruption,SCC 2007 1 1,,,UNRESOLVED
State_Of_Bihar_Ors_vs_Rajmangal_Ram_on_31_March_2014_1.PDF,Corruption,SCC 2009 11 737,,,UNRESOLVED
State_Of_Bihar_Ors_vs_Rajmangal_Ram_on_31_March_2014_1.PDF,Corruption,SCC 2009 15 533,,,UNRESOLVED
State_Of_Bihar_Ors_vs_Rajmangal_Ram_on_31_March_2014_1.PDF,Corruption,SCC 2005 8 130,,,UNRESOLVED
State_Of_Maharashtra_Trhu_Cbi_vs_Vikram_Anantrai_Doshi_Ors_on_19_September_2014_1.PDF,Corruption,AIR 2012 SCW 5333,,,UNRESOLVED
State_Of_Maharashtra_Trhu_Cbi_vs_Vikram_Anantrai_Doshi_Ors_on_19_September_2014_1.PDF,Corruption,SCC 2008 4 582,,,UNRESOLVED
State_Of_Maharashtra_Trhu_Cbi_vs_Vikram_Anantrai_Doshi_Ors_on_19_September_2014_1.PDF,Corruption,SCC 2009 6 364,,,UNRESOLVED
State_Of_Maharashtra_Trhu_Cbi_vs_Vikram_Anantrai_Doshi_Ors_on_19_September_2014_1.PDF,Corruption,SCC 1996 5 591,,,UNRESOLVED
State_Of_Maharashtra_Trhu_Cbi_vs_Vikram_Anantrai_Doshi_Ors_on_19_September_2014_1.PDF,Corruption,SCC 2008 9 677,,,UNRESOLVED
State_Of_Maharashtra_Trhu_Cbi_vs_Vikram_Anantrai_Doshi_Ors_on_19_September_2014_1.PDF,Corruption,SCC 2009 6 351,,,UNRESOLVED
State_Of_Maharashtra_Trhu_Cbi_vs_Vikram_Anantrai_Doshi_Ors_on_19_September_2014_1.PDF,Corruption,SCC 2012 10 303,,,UNRESOLVED
State_Of_Maharashtra_Trhu_Cbi_vs_Vikram_Anantrai_Doshi_Ors_on_19_September_2014_1.PDF,Corruption,SCC 2013 10 686,,,UNRESOLVED
State_Of_Nct_Of_Delhi_vs_Sanjay_on_4_September_2014_1.PDF,Corruption,AIR 1955 SC 196,,,UNRESOLVED
State_Of_Nct_Of_Delhi_vs_Sanjay_on_4_September_2014_1.PDF,Corruption,AIR 1944 PC 73,,,UNRESOLVED
State_Of_Nct_Of_Delhi_vs_Sanjay_on_4_September_2014_1.PDF,Corruption,AIR 1950 PC 26,,,UNRESOLVED
State_Of_Nct_Of_Delhi_vs_Sanjay_on_4_September_2014_1.PDF,Corruption,AIR 1953 SC 325,,,UNRESOLVED
State_Of_Nct_Of_Delhi_vs_Sanjay_on_4_September_2014_1.PDF,Corruption,AIR 1961 SC 578,,,UNRESOLVED
State_Of_Nct_Of_Delhi_vs_Sanjay_on_4_September_2014_1.PDF,Corruption,AIR 1969 SC 701,,,UNRESOLVED
State_Of_Nct_Of_Delhi_vs_Sanjay_on_4_September_2014_1.PDF,Corruption,AIR 1958 SC 119,,,UNRESOLVED
State_Of_Nct_Of_Delhi_vs_Sanjay_on_4_September_2014_1.PDF,Corruption,AIR 1965 SC 666,,,UNRESOLVED
State_Of_Nct_Of_Delhi_vs_Sanjay_on_4_September_2014_1.PDF,Corruption,AIR 1956 SC 140,Thakur_Pratap_Singh_vs_Shri_Krishna_Gupta_And_Ors_on_2_December_1955_1.PDF,,OUTSIDE_DOMAINS
State_Of_Nct_Of_Delhi_vs_Sanjay_on_4_September_2014_1.PDF,Corruption,AIR 1961 SC 751,,,UNRESOLVED
State_Of_Nct_Of_Delhi_vs_Sanjay_on_4_September_2014_1.PDF,Corruption,SCC 2009 7 526,,,UNRESOLVED
State_Of_Nct_Of_Delhi_vs_Sanjay_on_4_September_2014_1.PDF,Corruption,SCC 2011 1 534,,,UNRESOLVED
State_Of_Nct_Of_Delhi_vs_Sanjay_on_4_September_2014_1.PDF,Corruption,SCC 2012 3 1,,,UNRESOLVED
State_Of_Nct_Of_Delhi_vs_Sanjay_on_4_September_2014_1.PDF,Corruption,SCC 1997 1 388,,,UNRESOLVED
State_Of_Nct_Of_Delhi_vs_Sanjay_on_4_September_2014_1.PDF,Corruption,SCC 2006 3 549,,,UNRESOLVED
State_Of_Nct_Of_Delhi_vs_Sanjay_on_4_September_2014_1.PDF,Corruption,SCC 2014 2 532,,,UNRESOLVED
State_Of_Nct_Of_Delhi_vs_Sanjay_on_4_September_2014_1.PDF,Corruption,SCC 2000 5 88,,,UNRESOLVED
State_Of_Nct_Of_Delhi_vs_Sanjay_on_4_September_2014_1.PDF,Corruption,SCC 1994 3 440,,,UNRESOLVED
State_Of_Nct_Of_Delhi_vs_Sanjay_on_4_September_2014_1.PDF,Corruption,SCC 1988 4 655,,,UNRESOLVED
State_Of_Nct_Of_Delhi_vs_Sanjay_on_4_September_2014_1.PDF,Corruption,SCC 2003 2 152,,,UNRESOLVED
State_Of_Nct_Of_Delhi_vs_Sanjay_on_4_September_2014_1.PDF,Corruption,SCC 2011 1 534,,,UNRESOLVED
State_Of_Nct_Of_Delhi_vs_Sanjay_on_4_September_2014_1.PDF,Corruption,SCR 1953 730,Maqbool_Hussain_vs_The_State_Of_Bombay_Jagjit_Singhv_The_on_17_April_1953_1.PDF,Organized Crime / Extortion,CROSS_DOMAIN
State_Of_T_Nadu_Tr_Insp_Of_Police_vs_N_Suresh_Rajan_Ors_on_6_January_2014_1.PDF,Corruption,AIR 2013 SC 52,,,UNRESOLVED
State_Of_T_Nadu_Tr_Insp_Of_Police_vs_N_Suresh_Rajan_Ors_on_6_January_2014_1.PDF,Corruption,SCC 2012 3 563,,,UNRESOLVED
State_Of_T_Nadu_Tr_Insp_Of_Police_vs_N_Suresh_Rajan_Ors_on_6_January_2014_1.PDF,Corruption,SCC 2008 17 448,,,UNRESOLVED
State_Of_T_Nadu_Tr_Insp_Of_Police_vs_N_Suresh_Rajan_Ors_on_6_January_2014_1.PDF,Corruption,SCC 2010 9 368,,,UNRESOLVED
State_Of_T_Nadu_Tr_Insp_Of_Police_vs_N_Suresh_Rajan_Ors_on_6_January_2014_1.PDF,Corruption,SCC 2002 2 135,,,UNRESOLVED
State_Of_T_Nadu_Tr_Insp_Of_Police_vs_N_Suresh_Rajan_Ors_on_6_January_2014_1.PDF,Corruption,SCC 2008 2 561,,,UNRESOLVED
State_Of_T_Nadu_Tr_Insp_Of_Police_vs_N_Suresh_Rajan_Ors_on_6_January_2014_1.PDF,Corruption,SCC 1986 2 716,,,UNRESOLVED
State_Th_Cbi_New_Delhi_vs_Jitender_Kumar_Singh_on_5_February_2014_1.PDF,Corruption,SCC 1993 3 609,,,UNRESOLVED
State_Th_Cbi_New_Delhi_vs_Jitender_Kumar_Singh_on_5_February_2014_1.PDF,Corruption,SCC 2009 7 198,,,UNRESOLVED
State_Th_Cbi_New_Delhi_vs_Jitender_Kumar_Singh_on_5_February_2014_1.PDF,Corruption,SCC 2011 13 621,,,UNRESOLVED
State_Th_Cbi_New_Delhi_vs_Jitender_Kumar_Singh_on_5_February_2014_1.PDF,Corruption,SCC 2003 8 628,,,UNRESOLVED
State_Th_Cbi_New_Delhi_vs_Jitender_Kumar_Singh_on_5_February_2014_1.PDF,Corruption,SCC 2007 8 559,,,UNRESOLVED
State_Th_Cbi_New_Delhi_vs_Jitender_Kumar_Singh_on_5_February_2014_1.PDF,Corruption,SCC 2008 14 58,,,UNRESOLVED
State_Th_Cbi_New_Delhi_vs_Jitender_Kumar_Singh_on_5_February_2014_1.PDF,Corruption,SCC 1979 2 179,,,UNRESOLVED
State_Tr_Insp_Of_Police_vs_A_Arun_Kumar_Anr_on_17_December_2014_1.PDF,Corruption,SCC 2005 6 211,,,UNRESOLVED
State_Tr_Insp_Of_Police_vs_A_Arun_Kumar_Anr_on_17_December_2014_1.PDF,Corruption,SCC 2010 9 368,,,UNRESOLVED
State_Tr_Insp_Of_Police_vs_A_Arun_Kumar_Anr_on_17_December_2014_1.PDF,Corruption,SCC 1909 3 4,,,UNRESOLVED
State_Tr_Insp_Of_Police_vs_A_Arun_Kumar_Anr_on_17_December_2014_1.PDF,Corruption,SCC 2002 2 135,,,UNRESOLVED
Subrata_Roy_Sahara_vs_Uoi_Ors_on_6_May_2014_1.PDF,Corruption,AIR 1967 SC 1,,,UNRESOLVED
Subrata_Roy_Sahara_vs_Uoi_Ors_on_6_May_2014_1.PDF,Corruption,AIR 1995 SC 1935,,,UNRESOLVED
Subrata_Roy_Sahara_vs_Uoi_Ors_on_6_May_2014_1.PDF,Corruption,AIR 1988 SC 2127,,,UNRESOLVED
Subrata_Roy_Sahara_vs_Uoi_Ors_on_6_May_2014_1.PDF,Corruption,AIR 1989 SC 232,,,UNRESOLVED
Subrata_Roy_Sahara_vs_Uoi_Ors_on_6_May_2014_1.PDF,Corruption,AIR 1967 SC 1,,,UNRESOLVED
Subrata_Roy_Sahara_vs_Uoi_Ors_on_6_May_2014_1.PDF,Corruption,AIR 1961 SC 1457,,,UNRESOLVED
Subrata_Roy_Sahara_vs_Uoi_Ors_on_6_May_2014_1.PDF,Corruption,AIR 1963 SC 1413,,,UNRESOLVED
Subrata_Roy_Sahara_vs_Uoi_Ors_on_6_May_2014_1.PDF,Corruption,AIR 1976 SC 1084,,,UNRESOLVED
Subrata_Roy_Sahara_vs_Uoi_Ors_on_6_May_2014_1.PDF,Corruption,SCC 1988 2 602,,,UNRESOLVED
Subrata_Roy_Sahara_vs_Uoi_Ors_on_6_May_2014_1.PDF,Corruption,SCC 2002 4 388,,,UNRESOLVED
Subrata_Roy_Sahara_vs_Uoi_Ors_on_6_May_2014_1.PDF,Corruption,SCC 2009 8 106,,,UNRESOLVED
Subrata_Roy_Sahara_vs_Uoi_Ors_on_6_May_2014_1.PDF,Corruption,SCC 2009 2 164,,,UNRESOLVED
Subrata_Roy_Sahara_vs_Uoi_Ors_on_6_May_2014_1.PDF,Corruption,SCC 2012 1 273,,,UNRESOLVED
Subrata_Roy_Sahara_vs_Uoi_Ors_on_6_May_2014_1.PDF,Corruption,SCC 2006 5 1,,,UNRESOLVED
Subrata_Roy_Sahara_vs_Uoi_Ors_on_6_May_2014_1.PDF,Corruption,SCC 1998 4 409,,,UNRESOLVED
Subrata_Roy_Sahara_vs_Uoi_Ors_on_6_May_2014_1.PDF,Corruption,SCC 1989 1 405,,,UNRESOLVED
Subrata_Roy_Sahara_vs_Uoi_Ors_on_6_May_2014_1.PDF,Corruption,SCC 2013 10 618,,,UNRESOLVED
Subrata_Roy_Sahara_vs_Uoi_Ors_on_6_May_2014_1.PDF,Corruption,SCC 2005 4 468,,,UNRESOLVED
Subrata_Roy_Sahara_vs_Uoi_Ors_on_6_May_2014_1.PDF,Corruption,SCC 1999 5 672,,,UNRESOLVED
Subrata_Roy_Sahara_vs_Uoi_Ors_on_6_May_2014_1.PDF,Corruption,SCC 2010 6 230,,,UNRESOLVED
Subrata_Roy_Sahara_vs_Uoi_Ors_on_6_May_2014_1.PDF,Corruption,SCC 2007 6 528,,,UNRESOLVED
Subrata_Roy_Sahara_vs_Uoi_Ors_on_6_May_2014_1.PDF,Corruption,SCC 2002 2 420,,,UNRESOLVED
Subrata_Roy_Sahara_vs_Uoi_Ors_on_6_May_2014_1.PDF,Corruption,SCC 2009 6 652,,,UNRESOLVED
Subrata_Roy_Sahara_vs_Uoi_Ors_on_6_May_2014_1.PDF,Corruption,SCC 2007 11 243,,,UNRESOLVED
Subrata_Roy_Sahara_vs_Uoi_Ors_on_6_May_2014_1.PDF,Corruption,SCC 2002 4 578,,,UNRESOLVED
Subrata_Roy_Sahara_vs_Uoi_Ors_on_6_May_2014_1.PDF,Corruption,SCC 1998 7 507,,,UNRESOLVED
Subrata_Roy_Sahara_vs_Uoi_Ors_on_6_May_2014_1.PDF,Corruption,SCC 1999 7 604,,,UNRESOLVED
Subrata_Roy_Sahara_vs_Uoi_Ors_on_6_May_2014_1.PDF,Corruption,SCC 1980 2 360,,,UNRESOLVED
Subrata_Roy_Sahara_vs_Uoi_Ors_on_6_May_2014_1.PDF,Corruption,SCC 1978 1 248,Mrs_Maneka_Gandhi_vs_Union_Of_India_Uoi_And_Anr_on_25_January_1978_1.PDF,Organized Crime / Extortion,CROSS_DOMAIN
Subrata_Roy_Sahara_vs_Uoi_Ors_on_6_May_2014_1.PDF,Corruption,SCC 1978 4 494,,,UNRESOLVED
Subrata_Roy_Sahara_vs_Uoi_Ors_on_6_May_2014_1.PDF,Corruption,SCC 1979 2 656,,,UNRESOLVED
Subrata_Roy_Sahara_vs_Uoi_Ors_on_6_May_2014_1.PDF,Corruption,SCC 2000 1 278,,,UNRESOLVED
Subrata_Roy_Sahara_vs_Uoi_Ors_on_6_May_2014_1.PDF,Corruption,SCC 1998 4 409,,,UNRESOLVED
Subrata_Roy_Sahara_vs_Uoi_Ors_on_6_May_2014_1.PDF,Corruption,SCC 2000 1 278,,,UNRESOLVED
Subrata_Roy_Sahara_vs_Uoi_Ors_on_6_May_2014_1.PDF,Corruption,SCC 1988 2 764,,,UNRESOLVED
Subrata_Roy_Sahara_vs_Uoi_Ors_on_6_May_2014_1.PDF,Corruption,SCC 1972 3 256,Col_Dr_B_Ramachandra_Rao_vs_The_State_Of_Orissa_And_Ors_on_11_August_1971_1.PDF,,OUTSIDE_DOMAINS
Subrata_Roy_Sahara_vs_Uoi_Ors_on_6_May_2014_1.PDF,Corruption,SCC 1983 4 7,Jharia_S_O_Maniya_vs_State_Of_Rajasthan_And_Another_on_21_July_1983_1.PDF,Violent Crime / Homicide,CROSS_DOMAIN
Subrata_Roy_Sahara_vs_Uoi_Ors_on_6_May_2014_1.PDF,Corruption,SCC 1980 2 401,,,UNRESOLVED
Subrata_Roy_Sahara_vs_Uoi_Ors_on_6_May_2014_1.PDF,Corruption,SCC 1991 4 304,,,UNRESOLVED
Subrata_Roy_Sahara_vs_Uoi_Ors_on_6_May_2014_1.PDF,Corruption,SCC 2013 1 314,,,UNRESOLVED
Subrata_Roy_Sahara_vs_Uoi_Ors_on_6_May_2014_1.PDF,Corruption,SCC 1973 2 674,,,UNRESOLVED
Subrata_Roy_Sahara_vs_Uoi_Ors_on_6_May_2014_1.PDF,Corruption,SCC 2011 10 781,,,UNRESOLVED
Subrata_Roy_Sahara_vs_Uoi_Ors_on_6_May_2014_1.PDF,Corruption,SCC 1972 3 256,Col_Dr_B_Ramachandra_Rao_vs_The_State_Of_Orissa_And_Ors_on_11_August_1971_1.PDF,,OUTSIDE_DOMAINS
Subrata_Roy_Sahara_vs_Uoi_Ors_on_6_May_2014_1.PDF,Corruption,SCC 1980 2 360,,,UNRESOLVED
Subrata_Roy_Sahara_vs_Uoi_Ors_on_6_May_2014_1.PDF,Corruption,SCC 1988 2 602,,,UNRESOLVED
Subrata_Roy_Sahara_vs_Uoi_Ors_on_6_May_2014_1.PDF,Corruption,SCR 1964 1 495,,,UNRESOLVED
Subrata_Roy_Sahara_vs_Uoi_Ors_on_6_May_2014_1.PDF,Corruption,SCR 1953 185,Bhatia_Co_Operative_Housingsociety_vs_D_C_Patel_on_5_November_1952_1.PDF,,OUTSIDE_DOMAINS
Subrata_Roy_Sahara_vs_Uoi_Ors_on_6_May_2014_1.PDF,Corruption,SCR 1952 284,The_State_Of_West_Bengal_vs_Anwar_All_Sarkarhabib_Mohamed_The_on_11_January_1952_1.PDF,Organized Crime / Extortion; Violent Crime / Homicide,CROSS_DOMAIN
Sudershan_Kumar_vs_State_Of_H_P_on_18_December_2014_1.PDF,Corruption,SCC 2009 10 401,,,UNRESOLVED
Sudershan_Kumar_vs_State_Of_H_P_on_18_December_2014_1.PDF,Corruption,SCC 2007 4 415,,,UNRESOLVED
Swiss_Timing_Ltd_vs_Organizing_Committee_Commonwealth_on_28_May_2014_1.PDF,Corruption,SCC 2012 2 93,,,UNRESOLVED
Swiss_Timing_Ltd_vs_Organizing_Committee_Commonwealth_on_28_May_2014_1.PDF,Corruption,SCC 2010 1 72,,,UNRESOLVED
Swiss_Timing_Ltd_vs_Organizing_Committee_Commonwealth_on_28_May_2014_1.PDF,Corruption,SCC 2013 7 622,,,UNRESOLVED
Swiss_Timing_Ltd_vs_Organizing_Committee_Commonwealth_on_28_May_2014_1.PDF,Corruption,SCC 2003 6 503,,,UNRESOLVED
Swiss_Timing_Ltd_vs_Organizing_Committee_Commonwealth_on_28_May_2014_1.PDF,Corruption,SCC 2000 4 539,,,UNRESOLVED
Swiss_Timing_Ltd_vs_Organizing_Committee_Commonwealth_on_28_May_2014_1.PDF,Corruption,SCC 2013 7 622,,,UNRESOLVED
Union_Of_India_Etc_Rep_Thr_Supdt_Of_vs_T_Nathamuni_on_1_December_2014_1.PDF,Corruption,AIR 1971 SC 508,,,UNRESOLVED
Union_Of_India_Etc_Rep_Thr_Supdt_Of_vs_T_Nathamuni_on_1_December_2014_1.PDF,Corruption,AIR 1971 SC 1525,,,UNRESOLVED
Union_Of_India_Etc_Rep_Thr_Supdt_Of_vs_T_Nathamuni_on_1_December_2014_1.PDF,Corruption,AIR 1992 SC 604,,,UNRESOLVED
Union_Of_India_Etc_Rep_Thr_Supdt_Of_vs_T_Nathamuni_on_1_December_2014_1.PDF,Corruption,AIR 1955 SC 196,,,UNRESOLVED
Union_Of_India_Etc_Rep_Thr_Supdt_Of_vs_T_Nathamuni_on_1_December_2014_1.PDF,Corruption,AIR 1959 SC 707,,,UNRESOLVED
Union_Of_India_Etc_Rep_Thr_Supdt_Of_vs_T_Nathamuni_on_1_December_2014_1.PDF,Corruption,SCC 1973 1 726,,,UNRESOLVED
Union_Of_India_Etc_Rep_Thr_Supdt_Of_vs_T_Nathamuni_on_1_December_2014_1.PDF,Corruption,SCR 1962 2 195,,,UNRESOLVED
Union_Of_India_Etc_Rep_Thr_Supdt_Of_vs_T_Nathamuni_on_1_December_2014_1.PDF,Corruption,SCR 1964 3 88,,,UNRESOLVED
Union_Of_India_Etc_Rep_Thr_Supdt_Of_vs_T_Nathamuni_on_1_December_2014_1.PDF,Corruption,SCR 1968 3 563,,,UNRESOLVED
Union_Of_India_Etc_Rep_Thr_Supdt_Of_vs_T_Nathamuni_on_1_December_2014_1.PDF,Corruption,SCR 1972 3 510,,,UNRESOLVED
Union_Of_India_Etc_Rep_Thr_Supdt_Of_vs_T_Nathamuni_on_1_December_2014_1.PDF,Corruption,SCR 1964 3 742,,,UNRESOLVED
Vinod_Kumar_vs_State_Of_Punjab_on_23_September_2014_1.PDF,Corruption,AIR 1958 SC 376,,,UNRESOLVED
Vinod_Kumar_vs_State_Of_Punjab_on_23_September_2014_1.PDF,Corruption,AIR 1954 SC 322,,,UNRESOLVED
Vinod_Kumar_vs_State_Of_Punjab_on_23_September_2014_1.PDF,Corruption,AIR 1964 SC 221,,,UNRESOLVED
Vinod_Kumar_vs_State_Of_Punjab_on_23_September_2014_1.PDF,Corruption,AIR 2006 SC 836,,,UNRESOLVED
Vinod_Kumar_vs_State_Of_Punjab_on_23_September_2014_1.PDF,Corruption,AIR 2008 SC 3217,,,UNRESOLVED
Vinod_Kumar_vs_State_Of_Punjab_on_23_September_2014_1.PDF,Corruption,AIR 2009 SC 2011,,,UNRESOLVED
Vinod_Kumar_vs_State_Of_Punjab_on_23_September_2014_1.PDF,Corruption,SCC 2013 7 108,,,UNRESOLVED
Vinod_Kumar_vs_State_Of_Punjab_on_23_September_2014_1.PDF,Corruption,SCC 2000 5 668,,,UNRESOLVED
Vinod_Kumar_vs_State_Of_Punjab_on_23_September_2014_1.PDF,Corruption,SCC 2001 5 667,,,UNRESOLVED
Vinod_Kumar_vs_State_Of_Punjab_on_23_September_2014_1.PDF,Corruption,SCC 1974 4 560,,,UNRESOLVED
Vinod_Kumar_vs_State_Of_Punjab_on_23_September_2014_1.PDF,Corruption,SCC 2000 8 571,,,UNRESOLVED
Vinod_Kumar_vs_State_Of_Punjab_on_23_September_2014_1.PDF,Corruption,SCC 1976 1 727,,,UNRESOLVED
Vinod_Kumar_vs_State_Of_Punjab_on_23_September_2014_1.PDF,Corruption,SCC 1995 3 351,M_O_Shamsudhin_vs_State_Of_Kerala_on_21_March_1995_1.PDF,Corruption,INTERNAL
Vinod_Kumar_vs_State_Of_Punjab_on_23_September_2014_1.PDF,Corruption,SCC 2009 3 779,,,UNRESOLVED
Vinod_Kumar_vs_State_Of_Punjab_on_23_September_2014_1.PDF,Corruption,SCC 2010 4 450,,,UNRESOLVED
Vinod_Kumar_vs_State_Of_Punjab_on_23_September_2014_1.PDF,Corruption,SCC 1976 1 15,Bhagwan_Singh_vs_The_State_Of_Rajasthan_on_14_August_1975_1.PDF,Organized Crime / Extortion,CROSS_DOMAIN
Vinod_Kumar_vs_State_Of_Punjab_on_23_September_2014_1.PDF,Corruption,SCC 1996 11 709,Megha_Singh_vs_State_Of_Haryana_on_9_February_1995_1.PDF,,OUTSIDE_DOMAINS
Vinod_Kumar_vs_State_Of_Punjab_on_23_September_2014_1.PDF,Corruption,SCC 2004 5 223,,,UNRESOLVED
Vinod_Kumar_vs_State_Of_Punjab_on_23_September_2014_1.PDF,Corruption,SCC 2004 5 230,,,UNRESOLVED
Vinod_Kumar_vs_State_Of_Punjab_on_23_September_2014_1.PDF,Corruption,SCC 1976 1 389,,,UNRESOLVED
Vinod_Kumar_vs_State_Of_Punjab_on_23_September_2014_1.PDF,Corruption,SCC 1991 3 627,,,UNRESOLVED
Vinod_Kumar_vs_State_Of_Punjab_on_23_September_2014_1.PDF,Corruption,SCC 1976 4 233,,,UNRESOLVED
Vinod_Kumar_vs_State_Of_Punjab_on_23_September_2014_1.PDF,Corruption,SCC 1980 1 30,,,UNRESOLVED
Vinod_Kumar_vs_State_Of_Punjab_on_23_September_2014_1.PDF,Corruption,SCC 1999 8 649,,,UNRESOLVED
Vinod_Kumar_vs_State_Of_Punjab_on_23_September_2014_1.PDF,Corruption,SCC 1980 2 390,,,UNRESOLVED
Vinod_Kumar_vs_State_Of_Punjab_on_23_September_2014_1.PDF,Corruption,SCC 1975 2 227,Sita_Ram_vs_The_State_Of_Rajasthan_on_29_April_1975_1.PDF,Corruption,INTERNAL
Vinod_Kumar_vs_State_Of_Punjab_on_23_September_2014_1.PDF,Corruption,SCC 1979 4 725,Suraj_Mal_vs_State_Delhi_Administration_on_13_February_1979_1.PDF,Corruption,INTERNAL
Vinod_Kumar_vs_State_Of_Punjab_on_23_September_2014_1.PDF,Corruption,SCC 2001 1 691,,,UNRESOLVED
Vinod_Kumar_vs_State_Of_Punjab_on_23_September_2014_1.PDF,Corruption,SCC 1979 4 725,Suraj_Mal_vs_State_Delhi_Administration_on_13_February_1979_1.PDF,Corruption,INTERNAL
Vinod_Kumar_vs_State_Of_Punjab_on_23_September_2014_1.PDF,Corruption,SCC 1998 7 337,,,UNRESOLVED
Vinod_Kumar_vs_State_Of_Punjab_on_23_September_2014_1.PDF,Corruption,SCC 2010 15 1,,,UNRESOLVED
Vinod_Kumar_vs_State_Of_Punjab_on_23_September_2014_1.PDF,Corruption,SCC 2009 3 779,,,UNRESOLVED
Vinod_Kumar_vs_State_Of_Punjab_on_23_September_2014_1.PDF,Corruption,SCC 2000 8 571,,,UNRESOLVED
Vinod_Kumar_vs_State_Of_Punjab_on_23_September_2014_1.PDF,Corruption,SCC 2009 15 200,,,UNRESOLVED
Vinod_Kumar_vs_State_Of_Punjab_on_23_September_2014_1.PDF,Corruption,SCC 2012 3 721,,,UNRESOLVED
Vinod_Kumar_vs_State_Of_Punjab_on_23_September_2014_1.PDF,Corruption,SCC 2014 13 143,,,UNRESOLVED
Vinod_Kumar_vs_State_Of_Punjab_on_23_September_2014_1.PDF,Corruption,SCR 1959 195,The_State_Of_Bihar_vs_Basawan_Singh_on_21_March_1958_1.PDF,,OUTSIDE_DOMAINS
Vinod_Kumar_vs_State_Of_Punjab_on_23_September_2014_1.PDF,Corruption,SCR 1962 2 195,,,UNRESOLVED
Vinod_Kumar_vs_State_Of_Punjab_on_23_September_2014_1.PDF,Corruption,SCR 1969 1 22,,,UNRESOLVED
V_K_Verma_vs_Cbi_on_14_February_2014_1.PDF,Corruption,SCC 1980 2 282,,,UNRESOLVED
V_K_Verma_vs_Cbi_on_14_February_2014_1.PDF,Corruption,SCC 1985 3 658,,,UNRESOLVED
Election_Commission_Of_India_vs_Bajrang_Bahadur_Singh_And_Ors_on_9_April_2015_1.PDF,Corruption,AIR 1969 SC 447,Konappa_Rudrappa_Nadgouda_vs_Vishwanath_Reddy_And_Anr_on_19_July_1968_1.PDF,,OUTSIDE_DOMAINS
Election_Commission_Of_India_vs_Bajrang_Bahadur_Singh_And_Ors_on_9_April_2015_1.PDF,Corruption,SCC 1998 4 626,,,UNRESOLVED
Election_Commission_Of_India_vs_Bajrang_Bahadur_Singh_And_Ors_on_9_April_2015_1.PDF,Corruption,SCC 2002 5 568,,,UNRESOLVED
Election_Commission_Of_India_vs_Bajrang_Bahadur_Singh_And_Ors_on_9_April_2015_1.PDF,Corruption,SCC 1977 1 70,,,UNRESOLVED
Election_Commission_Of_India_vs_Bajrang_Bahadur_Singh_And_Ors_on_9_April_2015_1.PDF,Corruption,SCC 2002 2 704,,,UNRESOLVED
Election_Commission_Of_India_vs_Bajrang_Bahadur_Singh_And_Ors_on_9_April_2015_1.PDF,Corruption,SCC 1985 1 151,,,UNRESOLVED
Election_Commission_Of_India_vs_Bajrang_Bahadur_Singh_And_Ors_on_9_April_2015_1.PDF,Corruption,SCC 2006 2 682,,,UNRESOLVED
Election_Commission_Of_India_vs_Bajrang_Bahadur_Singh_And_Ors_on_9_April_2015_1.PDF,Corruption,SCC 1978 1 405,,,UNRESOLVED
Election_Commission_Of_India_vs_Bajrang_Bahadur_Singh_And_Ors_on_9_April_2015_1.PDF,Corruption,SCC 2004 8 747,,,UNRESOLVED
Election_Commission_Of_India_vs_Bajrang_Bahadur_Singh_And_Ors_on_9_April_2015_1.PDF,Corruption,SCC 1971 1 496,,,UNRESOLVED
Election_Commission_Of_India_vs_Bajrang_Bahadur_Singh_And_Ors_on_9_April_2015_1.PDF,Corruption,SCR 1953 4 1144,,,UNRESOLVED
Election_Commission_Of_India_vs_Bajrang_Bahadur_Singh_And_Ors_on_9_April_2015_1.PDF,Corruption,SCR 1952 3 218,,,UNRESOLVED
Election_Commission_Of_India_vs_Bajrang_Bahadur_Singh_And_Ors_on_9_April_2015_1.PDF,Corruption,SCR 1952 218,N_P_Ponnuswami_vs_Returning_Officer_on_21_January_1952_1.PDF,,OUTSIDE_DOMAINS
Krishnamoorthy_vs_Sivakumar_Ors_on_21_January_2015_1.PDF,Corruption,AIR 2014 SC 344,,,UNRESOLVED
Krishnamoorthy_vs_Sivakumar_Ors_on_21_January_2015_1.PDF,Corruption,AIR 1966 SC 824,,,UNRESOLVED
Krishnamoorthy_vs_Sivakumar_Ors_on_21_January_2015_1.PDF,Corruption,AIR 1968 SC 904,,,UNRESOLVED
Krishnamoorthy_vs_Sivakumar_Ors_on_21_January_2015_1.PDF,Corruption,AIR 1959 SC 855,,,UNRESOLVED
Krishnamoorthy_vs_Sivakumar_Ors_on_21_January_2015_1.PDF,Corruption,AIR 1945 PC 156,,,UNRESOLVED
Krishnamoorthy_vs_Sivakumar_Ors_on_21_January_2015_1.PDF,Corruption,AIR 1952 SC 64,N_P_Ponnuswami_vs_Returning_Officer_Namakkal_on_21_January_1952_1.PDF,,OUTSIDE_DOMAINS
Krishnamoorthy_vs_Sivakumar_Ors_on_21_January_2015_1.PDF,Corruption,AIR 1954 SC 210,,,UNRESOLVED
Krishnamoorthy_vs_Sivakumar_Ors_on_21_January_2015_1.PDF,Corruption,AIR 1955 SC 233,,,UNRESOLVED
Krishnamoorthy_vs_Sivakumar_Ors_on_21_January_2015_1.PDF,Corruption,SCC 2002 5 294,,,UNRESOLVED
Krishnamoorthy_vs_Sivakumar_Ors_on_21_January_2015_1.PDF,Corruption,SCC 2003 4 399,,,UNRESOLVED
Krishnamoorthy_vs_Sivakumar_Ors_on_21_January_2015_1.PDF,Corruption,SCC 1998 1 226,,,UNRESOLVED
Krishnamoorthy_vs_Sivakumar_Ors_on_21_January_2015_1.PDF,Corruption,SCC 1978 1 405,,,UNRESOLVED
Krishnamoorthy_vs_Sivakumar_Ors_on_21_January_2015_1.PDF,Corruption,SCC 1985 4 628,Kanhiya_Lal_Omar_vs_R_K_Trivedi_And_Ors_on_24_September_1985_1.PDF,,OUTSIDE_DOMAINS
Krishnamoorthy_vs_Sivakumar_Ors_on_21_January_2015_1.PDF,Corruption,SCC 1996 2 752,,,UNRESOLVED
Krishnamoorthy_vs_Sivakumar_Ors_on_21_January_2015_1.PDF,Corruption,SCC 1998 4 626,,,UNRESOLVED
Krishnamoorthy_vs_Sivakumar_Ors_on_21_January_2015_1.PDF,Corruption,SCC 2003 2 176,,,UNRESOLVED
Krishnamoorthy_vs_Sivakumar_Ors_on_21_January_2015_1.PDF,Corruption,SCC 2013 10 1,,,UNRESOLVED
Krishnamoorthy_vs_Sivakumar_Ors_on_21_January_2015_1.PDF,Corruption,SCC 1993 4 234,Lily_Thomas_Ms_Advocate_vs_Speaker_Lok_Sabha_And_Ors_on_24_August_1993_1.PDF,,OUTSIDE_DOMAINS
Krishnamoorthy_vs_Sivakumar_Ors_on_21_January_2015_1.PDF,Corruption,SCC 1997 8 522,,,UNRESOLVED
Krishnamoorthy_vs_Sivakumar_Ors_on_21_January_2015_1.PDF,Corruption,SCC 2005 5 1,,,UNRESOLVED
Krishnamoorthy_vs_Sivakumar_Ors_on_21_January_2015_1.PDF,Corruption,SCC 2010 7 1,,,UNRESOLVED
Krishnamoorthy_vs_Sivakumar_Ors_on_21_January_2015_1.PDF,Corruption,SCC 2011 8 1,,,UNRESOLVED
Krishnamoorthy_vs_Sivakumar_Ors_on_21_January_2015_1.PDF,Corruption,SCC 2012 13 192,,,UNRESOLVED
Krishnamoorthy_vs_Sivakumar_Ors_on_21_January_2015_1.PDF,Corruption,SCC 1997 4 306,,,UNRESOLVED
Krishnamoorthy_vs_Sivakumar_Ors_on_21_January_2015_1.PDF,Corruption,SCC 1997 6 1,,,UNRESOLVED
Krishnamoorthy_vs_Sivakumar_Ors_on_21_January_2015_1.PDF,Corruption,SCC 2014 9 1,,,UNRESOLVED
Krishnamoorthy_vs_Sivakumar_Ors_on_21_January_2015_1.PDF,Corruption,SCC 2013 4 642,,,UNRESOLVED
Krishnamoorthy_vs_Sivakumar_Ors_on_21_January_2015_1.PDF,Corruption,SCC 2014 8 682,,,UNRESOLVED
Krishnamoorthy_vs_Sivakumar_Ors_on_21_January_2015_1.PDF,Corruption,SCC 1999 9 386,,,UNRESOLVED
Krishnamoorthy_vs_Sivakumar_Ors_on_21_January_2015_1.PDF,Corruption,SCC 2011 2 621,,,UNRESOLVED
Krishnamoorthy_vs_Sivakumar_Ors_on_21_January_2015_1.PDF,Corruption,SCC 2012 3 314,,,UNRESOLVED
Krishnamoorthy_vs_Sivakumar_Ors_on_21_January_2015_1.PDF,Corruption,SCC 2012 11 390,,,UNRESOLVED
Krishnamoorthy_vs_Sivakumar_Ors_on_21_January_2015_1.PDF,Corruption,SCC 1970 2 567,,,UNRESOLVED
Krishnamoorthy_vs_Sivakumar_Ors_on_21_January_2015_1.PDF,Corruption,SCC 1975 1 368,,,UNRESOLVED
Krishnamoorthy_vs_Sivakumar_Ors_on_21_January_2015_1.PDF,Corruption,SCC 1976 2 17,,,UNRESOLVED
Krishnamoorthy_vs_Sivakumar_Ors_on_21_January_2015_1.PDF,Corruption,SCC 1980 2 350,Aad_Lal_vs_Kanshi_Ram_on_20_December_1979_1.PDF,,OUTSIDE_DOMAINS
Krishnamoorthy_vs_Sivakumar_Ors_on_21_January_2015_1.PDF,Corruption,SCC 1970 3 942,Om_Prakash_And_Ors_vs_Union_Of_India_Uoi_And_Ors_on_2_December_1970_1.PDF,,OUTSIDE_DOMAINS
Krishnamoorthy_vs_Sivakumar_Ors_on_21_January_2015_1.PDF,Corruption,SCC 1982 2 7,,,UNRESOLVED
Krishnamoorthy_vs_Sivakumar_Ors_on_21_January_2015_1.PDF,Corruption,SCC 2013 6 333,,,UNRESOLVED
Krishnamoorthy_vs_Sivakumar_Ors_on_21_January_2015_1.PDF,Corruption,SCC 2014 3 222,,,UNRESOLVED
Krishnamoorthy_vs_Sivakumar_Ors_on_21_January_2015_1.PDF,Corruption,SCC 2003 8 369,,,UNRESOLVED
Krishnamoorthy_vs_Sivakumar_Ors_on_21_January_2015_1.PDF,Corruption,SCC 1982 1 691,,,UNRESOLVED
Krishnamoorthy_vs_Sivakumar_Ors_on_21_January_2015_1.PDF,Corruption,SCC 1977 1 771,,,UNRESOLVED
Krishnamoorthy_vs_Sivakumar_Ors_on_21_January_2015_1.PDF,Corruption,SCC 1969 3 238,,,UNRESOLVED
Krishnamoorthy_vs_Sivakumar_Ors_on_21_January_2015_1.PDF,Corruption,SCC 1996 1 169,Manohar_Joshi_vs_Nitin_Bhaurao_Patil_Anr_on_11_December_1995_1.PDF,Violent Crime / Homicide,CROSS_DOMAIN
Krishnamoorthy_vs_Sivakumar_Ors_on_21_January_2015_1.PDF,Corruption,SCC 1984 1 390,,,UNRESOLVED
Krishnamoorthy_vs_Sivakumar_Ors_on_21_January_2015_1.PDF,Corruption,SCC 1995 4 611,T_N_Seshan_Chief_Election_vs_Union_Of_India_Ors_on_14_July_1995_1.PDF,,OUTSIDE_DOMAINS
Krishnamoorthy_vs_Sivakumar_Ors_on_21_January_2015_1.PDF,Corruption,SCC 2006 7 1,,,UNRESOLVED
Krishnamoorthy_vs_Sivakumar_Ors_on_21_January_2015_1.PDF,Corruption,SCC 2001 3 594,,,UNRESOLVED
Krishnamoorthy_vs_Sivakumar_Ors_on_21_January_2015_1.PDF,Corruption,SCC 1988 1 277,,,UNRESOLVED
Krishnamoorthy_vs_Sivakumar_Ors_on_21_January_2015_1.PDF,Corruption,SCC 1999 3 737,,,UNRESOLVED
Krishnamoorthy_vs_Sivakumar_Ors_on_21_January_2015_1.PDF,Corruption,SCC 1994 1 1,S_P_Chengalvaraya_Naidu_vs_Jagannath_on_27_October_1993_1.PDF,,OUTSIDE_DOMAINS
Krishnamoorthy_vs_Sivakumar_Ors_on_21_January_2015_1.PDF,Corruption,SCR 1959 2 748,,,UNRESOLVED
K_Anbazhagan_vs_State_Of_Karnataka_And_Others_on_15_April_2015_1.PDF,Corruption,AIR 2001 SC 3435,,,UNRESOLVED
K_Anbazhagan_vs_State_Of_Karnataka_And_Others_on_15_April_2015_1.PDF,Corruption,SCC 2004 3 767,,,UNRESOLVED
K_Anbazhagan_vs_State_Of_Karnataka_And_Others_on_15_April_2015_1.PDF,Corruption,SCC 2014 2 401,,,UNRESOLVED
K_Anbazhagan_vs_State_Of_Karnataka_And_Others_on_15_April_2015_1.PDF,Corruption,SCC 2004 3 767,,,UNRESOLVED
K_Anbazhagan_vs_State_Of_Karnataka_And_Others_on_15_April_2015_1.PDF,Corruption,SCC 2008 10 180,,,UNRESOLVED
K_Anbazhagan_vs_State_Of_Karnataka_And_Others_on_15_April_2015_1.PDF,Corruption,SCC 2004 3 767,,,UNRESOLVED
K_Anbazhagan_vs_State_Of_Karnataka_And_Others_on_15_April_2015_1.PDF,Corruption,SCC 2004 3 767,,,UNRESOLVED
K_Anbazhagan_vs_State_Of_Karnataka_And_Others_on_15_April_2015_1.PDF,Corruption,SCC 2004 3 767,,,UNRESOLVED
K_Anbazhagan_vs_State_Of_Karnataka_And_Others_on_15_April_2015_1.PDF,Corruption,SCC 2004 3 767,,,UNRESOLVED
K_Anbazhagan_vs_State_Of_Karnataka_And_Others_on_15_April_2015_1.PDF,Corruption,SCC 2014 2 401,,,UNRESOLVED
K_Anbazhagan_vs_State_Of_Karnataka_And_Others_on_15_April_2015_1.PDF,Corruption,SCC 1999 7 467,,,UNRESOLVED
K_Anbazhagan_vs_State_Of_Karnataka_And_Others_on_15_April_2015_1.PDF,Corruption,SCC 1970 1 665,,,UNRESOLVED
K_Anbazhagan_vs_State_Of_Karnataka_And_Others_on_15_April_2015_1.PDF,Corruption,SCC 2004 3 767,,,UNRESOLVED
K_Anbazhagan_vs_State_Of_Karnataka_And_Others_on_15_April_2015_1.PDF,Corruption,SCC 1999 5 138,,,UNRESOLVED
K_Anbazhagan_vs_State_Of_Karnataka_And_Others_on_15_April_2015_1.PDF,Corruption,SCC 2004 3 767,,,UNRESOLVED
K_Anbazhagan_vs_State_Of_Karnataka_And_Others_on_15_April_2015_1.PDF,Corruption,SCC 2014 2 401,,,UNRESOLVED
K_Anbazhagan_vs_State_Of_Karnataka_And_Others_on_15_April_2015_1.PDF,Corruption,SCC 2004 3 767,,,UNRESOLVED
K_Anbazhagan_vs_State_Of_Karnataka_And_Others_on_15_April_2015_1.PDF,Corruption,SCC 2008 10 180,,,UNRESOLVED
K_Anbazhagan_vs_State_Of_Karnataka_And_Others_on_15_April_2015_1.PDF,Corruption,SCC 2004 3 767,,,UNRESOLVED
K_Anbazhagan_vs_State_Of_Karnataka_And_Others_on_15_April_2015_1.PDF,Corruption,SCC 1971 2 369,,,UNRESOLVED
K_Anbazhagan_vs_State_Of_Karnataka_And_Others_on_15_April_2015_1.PDF,Corruption,SCC 1981 3 132,,,UNRESOLVED
K_Anbazhagan_vs_State_Of_Karnataka_And_Others_on_15_April_2015_1.PDF,Corruption,SCC 2014 2 401,,,UNRESOLVED
K_Anbazhagan_vs_State_Of_Karnataka_And_Others_on_15_April_2015_1.PDF,Corruption,SCR 1967 2 347,,,UNRESOLVED
K_Anbazhagan_vs_State_Of_Karnataka_And_Others_on_15_April_2015_1.PDF,Corruption,SCR 1967 2 347,,,UNRESOLVED
K_P_Singh_vs_State_N_C_T_Of_Delhi_on_28_September_2015_1.PDF,Corruption,SCC 1974 3 85,,,UNRESOLVED
K_P_Singh_vs_State_N_C_T_Of_Delhi_on_28_September_2015_1.PDF,Corruption,SCC 1979 4 557,,,UNRESOLVED
K_P_Singh_vs_State_N_C_T_Of_Delhi_on_28_September_2015_1.PDF,Corruption,SCC 1995 3 567,,,UNRESOLVED
K_P_Singh_vs_State_N_C_T_Of_Delhi_on_28_September_2015_1.PDF,Corruption,SCC 1996 9 239,,,UNRESOLVED
K_P_Singh_vs_State_N_C_T_Of_Delhi_on_28_September_2015_1.PDF,Corruption,SCC 2006 1 407,,,UNRESOLVED
K_P_Singh_vs_State_N_C_T_Of_Delhi_on_28_September_2015_1.PDF,Corruption,SCC 2008 11 163,,,UNRESOLVED
K_P_Singh_vs_State_N_C_T_Of_Delhi_on_28_September_2015_1.PDF,Corruption,SCC 2014 3 485,,,UNRESOLVED
L_Laxmikanta_vs_State_Tr_Supdt_Of_Police_Lokayukta_on_5_February_2015_1.PDF,Corruption,SCC 2010 15 1,,,UNRESOLVED
Nanjappa_vs_State_Of_Karnataka_on_24_July_2015_1.PDF,Corruption,AIR 1973 SC 2773,,,UNRESOLVED
Nanjappa_vs_State_Of_Karnataka_on_24_July_2015_1.PDF,Corruption,AIR 1957 SC 494,,,UNRESOLVED
Nanjappa_vs_State_Of_Karnataka_on_24_July_2015_1.PDF,Corruption,AIR 1949 PC 264,,,UNRESOLVED
Nanjappa_vs_State_Of_Karnataka_on_24_July_2015_1.PDF,Corruption,AIR 1945 FC 16,,,UNRESOLVED
Nanjappa_vs_State_Of_Karnataka_on_24_July_2015_1.PDF,Corruption,AIR 1966 SC 69,,,UNRESOLVED
Nanjappa_vs_State_Of_Karnataka_on_24_July_2015_1.PDF,Corruption,SCC 2005 8 130,,,UNRESOLVED
Nanjappa_vs_State_Of_Karnataka_on_24_July_2015_1.PDF,Corruption,SCC 2005 8 370,,,UNRESOLVED
Nanjappa_vs_State_Of_Karnataka_on_24_July_2015_1.PDF,Corruption,SCC 1979 4 177,,,UNRESOLVED
Nanjappa_vs_State_Of_Karnataka_on_24_July_2015_1.PDF,Corruption,SCC 2005 4 512,,,UNRESOLVED
Prof_N_K_Ganguly_vs_Cbi_New_Delhi_on_19_November_2015_1.PDF,Corruption,AIR 1951 SC 207,,,UNRESOLVED
Prof_N_K_Ganguly_vs_Cbi_New_Delhi_on_19_November_2015_1.PDF,Corruption,AIR 1950 CAL 437,,,UNRESOLVED
Prof_N_K_Ganguly_vs_Cbi_New_Delhi_on_19_November_2015_1.PDF,Corruption,AIR 1955 SC 287,,,UNRESOLVED
Prof_N_K_Ganguly_vs_Cbi_New_Delhi_on_19_November_2015_1.PDF,Corruption,AIR 1939 FC 43,,,UNRESOLVED
Prof_N_K_Ganguly_vs_Cbi_New_Delhi_on_19_November_2015_1.PDF,Corruption,AIR 1955 SC 309,,,UNRESOLVED
Prof_N_K_Ganguly_vs_Cbi_New_Delhi_on_19_November_2015_1.PDF,Corruption,AIR 1948 PC 128,,,UNRESOLVED
Prof_N_K_Ganguly_vs_Cbi_New_Delhi_on_19_November_2015_1.PDF,Corruption,AIR 1956 SC 44,,,UNRESOLVED
Prof_N_K_Ganguly_vs_Cbi_New_Delhi_on_19_November_2015_1.PDF,Corruption,AIR 1960 SC 266,,,UNRESOLVED
Prof_N_K_Ganguly_vs_Cbi_New_Delhi_on_19_November_2015_1.PDF,Corruption,AIR 1966 SC 220,,,UNRESOLVED
Prof_N_K_Ganguly_vs_Cbi_New_Delhi_on_19_November_2015_1.PDF,Corruption,SCC 1979 4 177,,,UNRESOLVED
Prof_N_K_Ganguly_vs_Cbi_New_Delhi_on_19_November_2015_1.PDF,Corruption,SCC 1984 2 183,,,UNRESOLVED
Prof_N_K_Ganguly_vs_Cbi_New_Delhi_on_19_November_2015_1.PDF,Corruption,SCC 1996 1 478,R_Balakrishna_Pillai_vs_State_Of_Kerala_Anr_on_5_December_1995_1.PDF,Corruption,INTERNAL
Prof_N_K_Ganguly_vs_Cbi_New_Delhi_on_19_November_2015_1.PDF,Corruption,SCC 2000 8 500,,,UNRESOLVED
Prof_N_K_Ganguly_vs_Cbi_New_Delhi_on_19_November_2015_1.PDF,Corruption,SCC 2006 4 584,,,UNRESOLVED
Prof_N_K_Ganguly_vs_Cbi_New_Delhi_on_19_November_2015_1.PDF,Corruption,SCC 2009 8 617,,,UNRESOLVED
Prof_N_K_Ganguly_vs_Cbi_New_Delhi_on_19_November_2015_1.PDF,Corruption,SCC 2007 1 1,,,UNRESOLVED
Prof_N_K_Ganguly_vs_Cbi_New_Delhi_on_19_November_2015_1.PDF,Corruption,SCR 1966 1 210,,,UNRESOLVED
P_Satyanarayana_Murthy_vs_Dist_Insp_Of_Police_Anr_on_14_September_2015_1.PDF,Corruption,SCC 2014 13 55,,,UNRESOLVED
P_Satyanarayana_Murthy_vs_Dist_Insp_Of_Police_Anr_on_14_September_2015_1.PDF,Corruption,SCC 2009 6 587,,,UNRESOLVED
P_Satyanarayana_Murthy_vs_Dist_Insp_Of_Police_Anr_on_14_September_2015_1.PDF,Corruption,SCC 2011 6 450,,,UNRESOLVED
P_Satyanarayana_Murthy_vs_Dist_Insp_Of_Police_Anr_on_14_September_2015_1.PDF,Corruption,SCC 2013 12 406,,,UNRESOLVED
Rajbala_Ors_vs_State_Of_Haryana_Ors_on_10_December_2015_1.PDF,Corruption,AIR 1952 SC 64,N_P_Ponnuswami_vs_Returning_Officer_Namakkal_on_21_January_1952_1.PDF,,OUTSIDE_DOMAINS
Rajbala_Ors_vs_State_Of_Haryana_Ors_on_10_December_2015_1.PDF,Corruption,AIR 1957 SC 297,,,UNRESOLVED
Rajbala_Ors_vs_State_Of_Haryana_Ors_on_10_December_2015_1.PDF,Corruption,SCC 2003 4 399,,,UNRESOLVED
Rajbala_Ors_vs_State_Of_Haryana_Ors_on_10_December_2015_1.PDF,Corruption,SCC 1982 1 691,,,UNRESOLVED
Rajbala_Ors_vs_State_Of_Haryana_Ors_on_10_December_2015_1.PDF,Corruption,SCC 2012 7 340,,,UNRESOLVED
Rajbala_Ors_vs_State_Of_Haryana_Ors_on_10_December_2015_1.PDF,Corruption,SCC 2000 8 46,,,UNRESOLVED
Rajbala_Ors_vs_State_Of_Haryana_Ors_on_10_December_2015_1.PDF,Corruption,SCC 2010 7 202,,,UNRESOLVED
Rajbala_Ors_vs_State_Of_Haryana_Ors_on_10_December_2015_1.PDF,Corruption,SCC 1992 4 80,,,UNRESOLVED
Rajbala_Ors_vs_State_Of_Haryana_Ors_on_10_December_2015_1.PDF,Corruption,SCC 2015 3 467,,,UNRESOLVED
Rajbala_Ors_vs_State_Of_Haryana_Ors_on_10_December_2015_1.PDF,Corruption,SCC 2003 8 369,,,UNRESOLVED
Rajbala_Ors_vs_State_Of_Haryana_Ors_on_10_December_2015_1.PDF,Corruption,SCC 1973 4 225,Kesavananda_Bharati_Sripadagalvaru_vs_State_Of_Kerala_And_Anr_on_24_April_1973_1.PDF,,OUTSIDE_DOMAINS
Rajbala_Ors_vs_State_Of_Haryana_Ors_on_10_December_2015_1.PDF,Corruption,SCC 2014 8 682,,,UNRESOLVED
Rajbala_Ors_vs_State_Of_Haryana_Ors_on_10_December_2015_1.PDF,Corruption,SCC 1995 1 732,Indian_Council_Of_Legal_Aid_Advice_vs_Bar_Council_Of_India_Anr_on_17_January_1995_1.PDF,,OUTSIDE_DOMAINS
Rajbala_Ors_vs_State_Of_Haryana_Ors_on_10_December_2015_1.PDF,Corruption,SCC 1983 1 305,,,UNRESOLVED
Rajbala_Ors_vs_State_Of_Haryana_Ors_on_10_December_2015_1.PDF,Corruption,SCC 1981 4 675,R_K_Garg_And_Ors_vs_Union_Of_India_Uoi_And_Ors_on_13_November_1981_1.PDF,Organized Crime / Extortion,CROSS_DOMAIN
Rajbala_Ors_vs_State_Of_Haryana_Ors_on_10_December_2015_1.PDF,Corruption,SCC 1996 3 709,State_Of_Andhra_Pradesh_And_Ors_Etc_vs_Mcdowell_Co_And_Ors_Etc_on_21_March_1996_1.PDF,Organized Crime / Extortion,CROSS_DOMAIN
Rajbala_Ors_vs_State_Of_Haryana_Ors_on_10_December_2015_1.PDF,Corruption,SCC 1995 1 732,Indian_Council_Of_Legal_Aid_Advice_vs_Bar_Council_Of_India_Anr_on_17_January_1995_1.PDF,,OUTSIDE_DOMAINS
Rajbala_Ors_vs_State_Of_Haryana_Ors_on_10_December_2015_1.PDF,Corruption,SCC 1996 3 709,State_Of_Andhra_Pradesh_And_Ors_Etc_vs_Mcdowell_Co_And_Ors_Etc_on_21_March_1996_1.PDF,Organized Crime / Extortion,CROSS_DOMAIN
Rajbala_Ors_vs_State_Of_Haryana_Ors_on_10_December_2015_1.PDF,Corruption,SCC 1995 1 519,The_State_Of_Tamil_Nadu_Ors_vs_Ananthi_Ammal_Ors_on_22_November_1994_1.PDF,,OUTSIDE_DOMAINS
Rajbala_Ors_vs_State_Of_Haryana_Ors_on_10_December_2015_1.PDF,Corruption,SCC 2003 4 399,,,UNRESOLVED
Rajbala_Ors_vs_State_Of_Haryana_Ors_on_10_December_2015_1.PDF,Corruption,SCC 2003 8 369,,,UNRESOLVED
Rajbala_Ors_vs_State_Of_Haryana_Ors_on_10_December_2015_1.PDF,Corruption,SCC 1981 1 107,Maru_Ram_And_Ors_vs_Union_Of_India_Uoi_And_Ors_on_11_November_1980_1.PDF,Violent Crime / Homicide,CROSS_DOMAIN
Rajbala_Ors_vs_State_Of_Haryana_Ors_on_10_December_2015_1.PDF,Corruption,SCC 1996 3 709,State_Of_Andhra_Pradesh_And_Ors_Etc_vs_Mcdowell_Co_And_Ors_Etc_on_21_March_1996_1.PDF,Organized Crime / Extortion,CROSS_DOMAIN
Rajbala_Ors_vs_State_Of_Haryana_Ors_on_10_December_2015_1.PDF,Corruption,SCC 1978 1 405,,,UNRESOLVED
Rajbala_Ors_vs_State_Of_Haryana_Ors_on_10_December_2015_1.PDF,Corruption,SCC 1972 3 717,,,UNRESOLVED
Rajbala_Ors_vs_State_Of_Haryana_Ors_on_10_December_2015_1.PDF,Corruption,SCC 2014 9 1,,,UNRESOLVED
Rajbala_Ors_vs_State_Of_Haryana_Ors_on_10_December_2015_1.PDF,Corruption,SCC 2010 12 1,,,UNRESOLVED
Rajbala_Ors_vs_State_Of_Haryana_Ors_on_10_December_2015_1.PDF,Corruption,SCC 1991 1 212,,,UNRESOLVED
Rajbala_Ors_vs_State_Of_Haryana_Ors_on_10_December_2015_1.PDF,Corruption,SCC 1981 1 722,,,UNRESOLVED
Rajbala_Ors_vs_State_Of_Haryana_Ors_on_10_December_2015_1.PDF,Corruption,SCC 2004 4 311,,,UNRESOLVED
Rajbala_Ors_vs_State_Of_Haryana_Ors_on_10_December_2015_1.PDF,Corruption,SCC 1998 2 1,,,UNRESOLVED
Rajbala_Ors_vs_State_Of_Haryana_Ors_on_10_December_2015_1.PDF,Corruption,SCC 1981 4 675,R_K_Garg_And_Ors_vs_Union_Of_India_Uoi_And_Ors_on_13_November_1981_1.PDF,Organized Crime / Extortion,CROSS_DOMAIN
Rajbala_Ors_vs_State_Of_Haryana_Ors_on_10_December_2015_1.PDF,Corruption,SCC 1974 4 3,,,UNRESOLVED
Rajbala_Ors_vs_State_Of_Haryana_Ors_on_10_December_2015_1.PDF,Corruption,SCC 1978 1 248,Mrs_Maneka_Gandhi_vs_Union_Of_India_Uoi_And_Anr_on_25_January_1978_1.PDF,Organized Crime / Extortion,CROSS_DOMAIN
Rajbala_Ors_vs_State_Of_Haryana_Ors_on_10_December_2015_1.PDF,Corruption,SCC 1969 1 475,,,UNRESOLVED
Rajbala_Ors_vs_State_Of_Haryana_Ors_on_10_December_2015_1.PDF,Corruption,SCC 2012 9 310,,,UNRESOLVED
Rajbala_Ors_vs_State_Of_Haryana_Ors_on_10_December_2015_1.PDF,Corruption,SCC 2009 6 398,,,UNRESOLVED
Rajbala_Ors_vs_State_Of_Haryana_Ors_on_10_December_2015_1.PDF,Corruption,SCC 2005 6 537,,,UNRESOLVED
Rajbala_Ors_vs_State_Of_Haryana_Ors_on_10_December_2015_1.PDF,Corruption,SCC 1994 6 282,T_R_Kothandaraman_vs_T_N_Water_Supply_Drainage_Bd_on_13_September_1994_1.PDF,,OUTSIDE_DOMAINS
Rajbala_Ors_vs_State_Of_Haryana_Ors_on_10_December_2015_1.PDF,Corruption,SCC 1993 1 645,,,UNRESOLVED
Rajbala_Ors_vs_State_Of_Haryana_Ors_on_10_December_2015_1.PDF,Corruption,SCC 1991 2 716,,,UNRESOLVED
Rajbala_Ors_vs_State_Of_Haryana_Ors_on_10_December_2015_1.PDF,Corruption,SCC 1974 1 19,,,UNRESOLVED
Rajbala_Ors_vs_State_Of_Haryana_Ors_on_10_December_2015_1.PDF,Corruption,SCR 1959 995,,,UNRESOLVED
Rajbala_Ors_vs_State_Of_Haryana_Ors_on_10_December_2015_1.PDF,Corruption,SCR 1967 2 703,,,UNRESOLVED
Rajinder_Singh_vs_State_Of_Punjab_on_26_February_2015_1.PDF,Corruption,SCC 2010 12 350,,,UNRESOLVED
Rajinder_Singh_vs_State_Of_Punjab_on_26_February_2015_1.PDF,Corruption,SCC 2011 4 427,,,UNRESOLVED
Rajinder_Singh_vs_State_Of_Punjab_on_26_February_2015_1.PDF,Corruption,SCC 2012 8 594,,,UNRESOLVED
Rajinder_Singh_vs_State_Of_Punjab_on_26_February_2015_1.PDF,Corruption,SCC 2013 4 177,,,UNRESOLVED
Rajinder_Singh_vs_State_Of_Punjab_on_26_February_2015_1.PDF,Corruption,SCC 2014 4 129,,,UNRESOLVED
Rajinder_Singh_vs_State_Of_Punjab_on_26_February_2015_1.PDF,Corruption,SCC 2014 12 582,,,UNRESOLVED
Rajinder_Singh_vs_State_Of_Punjab_on_26_February_2015_1.PDF,Corruption,SCC 2013 16 353,,,UNRESOLVED
Rajinder_Singh_vs_State_Of_Punjab_on_26_February_2015_1.PDF,Corruption,SCC 2007 9 721,,,UNRESOLVED
Rajinder_Singh_vs_State_Of_Punjab_on_26_February_2015_1.PDF,Corruption,SCC 2011 4 427,,,UNRESOLVED
Rajinder_Singh_vs_State_Of_Punjab_on_26_February_2015_1.PDF,Corruption,SCC 2013 4 177,,,UNRESOLVED
Rajinder_Singh_vs_State_Of_Punjab_on_26_February_2015_1.PDF,Corruption,SCC 2014 4 129,,,UNRESOLVED
Rajinder_Singh_vs_State_Of_Punjab_on_26_February_2015_1.PDF,Corruption,SCC 2014 12 582,,,UNRESOLVED
Rajinder_Singh_vs_State_Of_Punjab_on_26_February_2015_1.PDF,Corruption,SCC 2013 3 684,,,UNRESOLVED
Rajinder_Singh_vs_State_Of_Punjab_on_26_February_2015_1.PDF,Corruption,SCC 2005 4 530,,,UNRESOLVED
Rajinder_Singh_vs_State_Of_Punjab_on_26_February_2015_1.PDF,Corruption,SCC 1971 3 189,Girdhari_Lal_Gupta_vs_D_H_Mehta_And_Anr_on_18_February_1971_1.PDF,,OUTSIDE_DOMAINS
Rajinder_Singh_vs_State_Of_Punjab_on_26_February_2015_1.PDF,Corruption,SCC 1976 3 684,,,UNRESOLVED
Rajinder_Singh_vs_State_Of_Punjab_on_26_February_2015_1.PDF,Corruption,SCC 1976 3 301,,,UNRESOLVED
Rajinder_Singh_vs_State_Of_Punjab_on_26_February_2015_1.PDF,Corruption,SCC 2003 7 628,,,UNRESOLVED
Rajinder_Singh_vs_State_Of_Punjab_on_26_February_2015_1.PDF,Corruption,SCC 1997 8 72,,,UNRESOLVED
Rajinder_Singh_vs_State_Of_Punjab_on_26_February_2015_1.PDF,Corruption,SCC 2003 1 217,,,UNRESOLVED
Rajinder_Singh_vs_State_Of_Punjab_on_26_February_2015_1.PDF,Corruption,SCC 2004 3 199,,,UNRESOLVED
Rajinder_Singh_vs_State_Of_Punjab_on_26_February_2015_1.PDF,Corruption,SCC 2014 4 129,,,UNRESOLVED
Rajinder_Singh_vs_State_Of_Punjab_on_26_February_2015_1.PDF,Corruption,SCC 2000 5 207,,,UNRESOLVED
Rajinder_Singh_vs_State_Of_Punjab_on_26_February_2015_1.PDF,Corruption,SCR 1955 1 158,,,UNRESOLVED
Sanjaysinh_Ramrao_Chavan_vs_Dattatray_Gulabrao_Phalke_Anr_on_16_January_2015_1.PDF,Corruption,SCC 2012 2 731,,,UNRESOLVED
Sanjaysinh_Ramrao_Chavan_vs_Dattatray_Gulabrao_Phalke_Anr_on_16_January_2015_1.PDF,Corruption,SCC 2008 2 492,,,UNRESOLVED
Sanjaysinh_Ramrao_Chavan_vs_Dattatray_Gulabrao_Phalke_Anr_on_16_January_2015_1.PDF,Corruption,SCC 2012 5 424,,,UNRESOLVED
Sanjaysinh_Ramrao_Chavan_vs_Dattatray_Gulabrao_Phalke_Anr_on_16_January_2015_1.PDF,Corruption,SCC 1976 3 736,,,UNRESOLVED
Sanjaysinh_Ramrao_Chavan_vs_Dattatray_Gulabrao_Phalke_Anr_on_16_January_2015_1.PDF,Corruption,SCC 1998 5 749,,,UNRESOLVED
Sanjaysinh_Ramrao_Chavan_vs_Dattatray_Gulabrao_Phalke_Anr_on_16_January_2015_1.PDF,Corruption,SCC 1977 2 699,,,UNRESOLVED
Sanjaysinh_Ramrao_Chavan_vs_Dattatray_Gulabrao_Phalke_Anr_on_16_January_2015_1.PDF,Corruption,SCC 1997 7 622,,,UNRESOLVED
State_Of_A_P_vs_P_Venkateshwarlu_on_6_May_2015_1.PDF,Corruption,SCC 2012 7 80,,,UNRESOLVED
State_Of_A_P_vs_P_Venkateshwarlu_on_6_May_2015_1.PDF,Corruption,SCC 2013 14 153,,,UNRESOLVED
State_Of_A_P_vs_P_Venkateshwarlu_on_6_May_2015_1.PDF,Corruption,SCC 2009 3 779,,,UNRESOLVED
State_Of_A_P_vs_P_Venkateshwarlu_on_6_May_2015_1.PDF,Corruption,SCC 2012 6 204,,,UNRESOLVED
Sudhir_vs_The_State_Of_Maharashtra_Anr_on_1_October_2015_1.PDF,Corruption,SCC 1980 2 565,,,UNRESOLVED
Sudhir_vs_The_State_Of_Maharashtra_Anr_on_1_October_2015_1.PDF,Corruption,SCC 2010 1 684,,,UNRESOLVED
Sudhir_vs_The_State_Of_Maharashtra_Anr_on_1_October_2015_1.PDF,Corruption,SCC 1997 8 104,,,UNRESOLVED
Sudhir_vs_The_State_Of_Maharashtra_Anr_on_1_October_2015_1.PDF,Corruption,SCC 2011 1 694,,,UNRESOLVED
Sunil_Bharti_Mittal_vs_Cbi_on_9_January_2015_1.PDF,Corruption,SCC 2005 8 89,,,UNRESOLVED
Sunil_Bharti_Mittal_vs_Cbi_on_9_January_2015_1.PDF,Corruption,SCC 2006 10 581,,,UNRESOLVED
Sunil_Bharti_Mittal_vs_Cbi_on_9_January_2015_1.PDF,Corruption,SCC 1978 4 58,,,UNRESOLVED
Sunil_Bharti_Mittal_vs_Cbi_on_9_January_2015_1.PDF,Corruption,SCC 1993 2 16,Kishun_Singh_And_Ors_vs_State_Of_Bihar_on_11_January_1993_1.PDF,Financial Fraud,CROSS_DOMAIN
Sunil_Bharti_Mittal_vs_Cbi_on_9_January_2015_1.PDF,Corruption,SCC 2011 1 74,,,UNRESOLVED
Sunil_Bharti_Mittal_vs_Cbi_on_9_January_2015_1.PDF,Corruption,SCC 2009 9 682,,,UNRESOLVED
Sunil_Bharti_Mittal_vs_Cbi_on_9_January_2015_1.PDF,Corruption,SCC 2005 4 530,,,UNRESOLVED
Sunil_Bharti_Mittal_vs_Cbi_on_9_January_2015_1.PDF,Corruption,SCC 1998 5 749,,,UNRESOLVED
Sunil_Bharti_Mittal_vs_Cbi_on_9_January_2015_1.PDF,Corruption,SCC 2012 3 1,,,UNRESOLVED
Sunil_Bharti_Mittal_vs_Cbi_on_9_January_2015_1.PDF,Corruption,SCC 2011 1 74,,,UNRESOLVED
Sunil_Bharti_Mittal_vs_Cbi_on_9_January_2015_1.PDF,Corruption,SCC 2010 10 479,,,UNRESOLVED
Sunil_Bharti_Mittal_vs_Cbi_on_9_January_2015_1.PDF,Corruption,SCC 2008 5 662,,,UNRESOLVED
Sunil_Bharti_Mittal_vs_Cbi_on_9_January_2015_1.PDF,Corruption,SCC 2012 5 661,,,UNRESOLVED
Sunil_Bharti_Mittal_vs_Cbi_on_9_January_2015_1.PDF,Corruption,SCC 2007 1 110,,,UNRESOLVED
Sunil_Bharti_Mittal_vs_Cbi_on_9_January_2015_1.PDF,Corruption,SCC 1993 2 16,Kishun_Singh_And_Ors_vs_State_Of_Bihar_on_11_January_1993_1.PDF,Financial Fraud,CROSS_DOMAIN
Sunil_Bharti_Mittal_vs_Cbi_on_9_January_2015_1.PDF,Corruption,SCC 2014 3 306,,,UNRESOLVED
Sunil_Bharti_Mittal_vs_Cbi_on_9_January_2015_1.PDF,Corruption,SCC 2012 3 132,,,UNRESOLVED
Sunil_Bharti_Mittal_vs_Cbi_on_9_January_2015_1.PDF,Corruption,SCC 1996 6 129,,,UNRESOLVED
Sunil_Bharti_Mittal_vs_Cbi_on_9_January_2015_1.PDF,Corruption,SCC 2005 4 530,,,UNRESOLVED
Sunil_Bharti_Mittal_vs_Cbi_on_9_January_2015_1.PDF,Corruption,SCC 1989 4 630,,,UNRESOLVED
Sunil_Bharti_Mittal_vs_Cbi_on_9_January_2015_1.PDF,Corruption,SCC 2003 5 257,,,UNRESOLVED
Sunil_Bharti_Mittal_vs_Cbi_on_9_January_2015_1.PDF,Corruption,SCC 2008 5 668,,,UNRESOLVED
Sunil_Bharti_Mittal_vs_Cbi_on_9_January_2015_1.PDF,Corruption,SCC 2009 1 516,,,UNRESOLVED
Sunil_Bharti_Mittal_vs_Cbi_on_9_January_2015_1.PDF,Corruption,SCC 2009 3 375,,,UNRESOLVED
Sunil_Bharti_Mittal_vs_Cbi_on_9_January_2015_1.PDF,Corruption,SCC 2009 6 475,,,UNRESOLVED
Sunil_Bharti_Mittal_vs_Cbi_on_9_January_2015_1.PDF,Corruption,SCC 2013 4 505,,,UNRESOLVED
Sunil_Bharti_Mittal_vs_Cbi_on_9_January_2015_1.PDF,Corruption,SCC 2008 2 492,,,UNRESOLVED
Sunil_Bharti_Mittal_vs_Cbi_on_9_January_2015_1.PDF,Corruption,SCC 2001 6 670,,,UNRESOLVED
Sunil_Bharti_Mittal_vs_Cbi_on_9_January_2015_1.PDF,Corruption,SCC 2003 6 195,,,UNRESOLVED
Sunil_Bharti_Mittal_vs_Cbi_on_9_January_2015_1.PDF,Corruption,SCR 1967 2 423,,,UNRESOLVED
The_State_Rep_By_Inspector_Of_Police_Q_vs_Mariya_Anton_Vijay_on_1_July_2015_1.PDF,Corruption,SCC 2008 2 57,,,UNRESOLVED
The_State_Rep_By_Inspector_Of_Police_Q_vs_Mariya_Anton_Vijay_on_1_July_2015_1.PDF,Corruption,SCC 1972 2 194,Gunwantlal_vs_The_State_Of_Madhya_Pradesh_on_3_May_1972_1.PDF,,OUTSIDE_DOMAINS
The_State_Rep_By_Inspector_Of_Police_Q_vs_Mariya_Anton_Vijay_on_1_July_2015_1.PDF,Corruption,SCC 2013 4 721,,,UNRESOLVED
The_State_Rep_By_Inspector_Of_Police_Q_vs_Mariya_Anton_Vijay_on_1_July_2015_1.PDF,Corruption,SCC 2013 4 721,,,UNRESOLVED
The_State_Rep_By_Inspector_Of_Police_Q_vs_Mariya_Anton_Vijay_on_1_July_2015_1.PDF,Corruption,SCC 1990 4 76,,,UNRESOLVED
The_State_Rep_By_Inspector_Of_Police_Q_vs_Mariya_Anton_Vijay_on_1_July_2015_1.PDF,Corruption,SCC 1977 4 39,,,UNRESOLVED
The_State_Rep_By_Inspector_Of_Police_Q_vs_Mariya_Anton_Vijay_on_1_July_2015_1.PDF,Corruption,SCC 1979 3 4,Union_Of_India_Uoi_vs_Prafulla_Kumar_Samal_And_Anr_on_6_November_1978_1.PDF,,OUTSIDE_DOMAINS
The_State_Rep_By_Inspector_Of_Police_Q_vs_Mariya_Anton_Vijay_on_1_July_2015_1.PDF,Corruption,SCC 1979 4 274,,,UNRESOLVED
A_Sivaprakash_vs_State_Of_Kerala_on_10_May_2016_1.PDF,Corruption,SCC 1996 10 193,,,UNRESOLVED
A_Sivaprakash_vs_State_Of_Kerala_on_10_May_2016_1.PDF,Corruption,SCC 1980 3 110,,,UNRESOLVED
Devinder_Singh_Ors_vs_State_Of_Punjab_Through_Cbi_on_25_April_2016_1.PDF,Corruption,AIR 1939 FC 43,,,UNRESOLVED
Devinder_Singh_Ors_vs_State_Of_Punjab_Through_Cbi_on_25_April_2016_1.PDF,Corruption,AIR 1956 SC 44,,,UNRESOLVED
Devinder_Singh_Ors_vs_State_Of_Punjab_Through_Cbi_on_25_April_2016_1.PDF,Corruption,AIR 1956 SC 44,,,UNRESOLVED
Devinder_Singh_Ors_vs_State_Of_Punjab_Through_Cbi_on_25_April_2016_1.PDF,Corruption,AIR 1966 SC 1786,,,UNRESOLVED
Devinder_Singh_Ors_vs_State_Of_Punjab_Through_Cbi_on_25_April_2016_1.PDF,Corruption,AIR 1968 SC 1323,,,UNRESOLVED
Devinder_Singh_Ors_vs_State_Of_Punjab_Through_Cbi_on_25_April_2016_1.PDF,Corruption,SCC 1979 4 177,,,UNRESOLVED
Devinder_Singh_Ors_vs_State_Of_Punjab_Through_Cbi_on_25_April_2016_1.PDF,Corruption,SCC 1992 1 217,,,UNRESOLVED
Devinder_Singh_Ors_vs_State_Of_Punjab_Through_Cbi_on_25_April_2016_1.PDF,Corruption,SCC 1979 4 177,,,UNRESOLVED
Devinder_Singh_Ors_vs_State_Of_Punjab_Through_Cbi_on_25_April_2016_1.PDF,Corruption,SCC 1973 2 701,,,UNRESOLVED
Devinder_Singh_Ors_vs_State_Of_Punjab_Through_Cbi_on_25_April_2016_1.PDF,Corruption,SCC 2012 12 72,,,UNRESOLVED
Devinder_Singh_Ors_vs_State_Of_Punjab_Through_Cbi_on_25_April_2016_1.PDF,Corruption,SCC 1979 4 177,,,UNRESOLVED
Devinder_Singh_Ors_vs_State_Of_Punjab_Through_Cbi_on_25_April_2016_1.PDF,Corruption,SCC 1996 7 20,Mrs_Paramjit_Kaur_vs_State_Of_Punjab_And_Ors_on_15_November_1995_1.PDF,,OUTSIDE_DOMAINS
Devinder_Singh_Ors_vs_State_Of_Punjab_Through_Cbi_on_25_April_2016_1.PDF,Corruption,SCR 1955 1 1177,,,UNRESOLVED
Devinder_Singh_Ors_vs_State_Of_Punjab_Through_Cbi_on_25_April_2016_1.PDF,Corruption,SCR 1955 2 925,,,UNRESOLVED
Devinder_Singh_Ors_vs_State_Of_Punjab_Through_Cbi_on_25_April_2016_1.PDF,Corruption,SCR 1967 1 201,,,UNRESOLVED
Krishan_Chander_vs_State_Of_Delhi_on_6_January_2016_1.PDF,Corruption,AIR 1976 SC 294,Sat_Paul_vs_Delhi_Administration_on_30_September_1975_1.PDF,Corruption,INTERNAL
Krishan_Chander_vs_State_Of_Delhi_on_6_January_2016_1.PDF,Corruption,SCC 2014 13 55,,,UNRESOLVED
Krishan_Chander_vs_State_Of_Delhi_on_6_January_2016_1.PDF,Corruption,SCC 2009 6 587,,,UNRESOLVED
Krishan_Chander_vs_State_Of_Delhi_on_6_January_2016_1.PDF,Corruption,SCC 2011 6 450,,,UNRESOLVED
Krishan_Chander_vs_State_Of_Delhi_on_6_January_2016_1.PDF,Corruption,SCC 2015 10 152,,,UNRESOLVED
Krishan_Chander_vs_State_Of_Delhi_on_6_January_2016_1.PDF,Corruption,SCC 1976 4 233,,,UNRESOLVED
Krishan_Chander_vs_State_Of_Delhi_on_6_January_2016_1.PDF,Corruption,SCC 2015 9 588,,,UNRESOLVED
Krishan_Chander_vs_State_Of_Delhi_on_6_January_2016_1.PDF,Corruption,SCC 2014 13 143,,,UNRESOLVED
Mukhtiar_Singh_vs_State_Of_Punjab_on_5_July_2016_1.PDF,Corruption,SCC 1998 1 557,,,UNRESOLVED
Mukhtiar_Singh_vs_State_Of_Punjab_on_5_July_2016_1.PDF,Corruption,SCC 2013 14 153,,,UNRESOLVED
Mukhtiar_Singh_vs_State_Of_Punjab_on_5_July_2016_1.PDF,Corruption,SCC 2010 15 1,,,UNRESOLVED
Surinderjit_Singh_Mand_Anr_vs_State_Of_Punjab_Anr_on_5_July_2016_1.PDF,Corruption,AIR 1960 SC 266,,,UNRESOLVED
Surinderjit_Singh_Mand_Anr_vs_State_Of_Punjab_Anr_on_5_July_2016_1.PDF,Corruption,AIR 1958 SC 124,,,UNRESOLVED
Surinderjit_Singh_Mand_Anr_vs_State_Of_Punjab_Anr_on_5_July_2016_1.PDF,Corruption,SCC 2006 4 584,,,UNRESOLVED
Surinderjit_Singh_Mand_Anr_vs_State_Of_Punjab_Anr_on_5_July_2016_1.PDF,Corruption,SCC 1996 1 478,R_Balakrishna_Pillai_vs_State_Of_Kerala_Anr_on_5_December_1995_1.PDF,Corruption,INTERNAL
Surinderjit_Singh_Mand_Anr_vs_State_Of_Punjab_Anr_on_5_July_2016_1.PDF,Corruption,SCC 1972 3 89,Harihar_Prasad_Etc_vs_State_Of_Bihar_on_7_September_1971_1.PDF,Corruption; Financial Fraud,INTERNAL
Surinderjit_Singh_Mand_Anr_vs_State_Of_Punjab_Anr_on_5_July_2016_1.PDF,Corruption,SCC 1979 4 177,,,UNRESOLVED
Surinderjit_Singh_Mand_Anr_vs_State_Of_Punjab_Anr_on_5_July_2016_1.PDF,Corruption,SCC 2001 6 704,,,UNRESOLVED
Surinderjit_Singh_Mand_Anr_vs_State_Of_Punjab_Anr_on_5_July_2016_1.PDF,Corruption,SCC 2012 12 72,,,UNRESOLVED
Surinderjit_Singh_Mand_Anr_vs_State_Of_Punjab_Anr_on_5_July_2016_1.PDF,Corruption,SCC 2004 8 40,,,UNRESOLVED
Surinderjit_Singh_Mand_Anr_vs_State_Of_Punjab_Anr_on_5_July_2016_1.PDF,Corruption,SCC 2000 8 131,,,UNRESOLVED
Surinderjit_Singh_Mand_Anr_vs_State_Of_Punjab_Anr_on_5_July_2016_1.PDF,Corruption,SCC 2005 12 709,,,UNRESOLVED
Surinderjit_Singh_Mand_Anr_vs_State_Of_Punjab_Anr_on_5_July_2016_1.PDF,Corruption,SCC 1998 6 551,,,UNRESOLVED
Surinderjit_Singh_Mand_Anr_vs_State_Of_Punjab_Anr_on_5_July_2016_1.PDF,Corruption,SCC 2005 8 130,,,UNRESOLVED
Surinderjit_Singh_Mand_Anr_vs_State_Of_Punjab_Anr_on_5_July_2016_1.PDF,Corruption,SCC 2007 14 783,,,UNRESOLVED
Surinderjit_Singh_Mand_Anr_vs_State_Of_Punjab_Anr_on_5_July_2016_1.PDF,Corruption,SCC 2012 3 64,,,UNRESOLVED
Vivek_Batra_vs_U_O_I_Ors_on_18_October_2016_1.PDF,Corruption,AIR 1936 PC 253,,,UNRESOLVED
Vivek_Batra_vs_U_O_I_Ors_on_18_October_2016_1.PDF,Corruption,SCC 2010 4 192,,,UNRESOLVED
Vivek_Batra_vs_U_O_I_Ors_on_18_October_2016_1.PDF,Corruption,SCC 2009 1 180,,,UNRESOLVED
Central_Bureau_Of_Investigation_vs_M_Sivamani_on_1_August_2017_1.PDF,Corruption,AIR 1962 SC 1206,,,UNRESOLVED
Central_Bureau_Of_Investigation_vs_M_Sivamani_on_1_August_2017_1.PDF,Corruption,SCC 1994 4 95,State_Of_U_P_vs_Mata_Bhikha_And_Others_on_9_March_1994_1.PDF,,OUTSIDE_DOMAINS
Central_Bureau_Of_Investigation_vs_M_Sivamani_on_1_August_2017_1.PDF,Corruption,SCC 2005 4 370,,,UNRESOLVED
Central_Bureau_Of_Investigation_vs_M_Sivamani_on_1_August_2017_1.PDF,Corruption,SCC 2014 5 377,,,UNRESOLVED
Central_Bureau_Of_Investigation_vs_M_Sivamani_on_1_August_2017_1.PDF,Corruption,SCC 2000 1 278,,,UNRESOLVED
Girish_Kumar_Suneja_vs_Cbi_on_13_July_2017_1.PDF,Corruption,AIR 1969 SC 430,,,UNRESOLVED
Girish_Kumar_Suneja_vs_Cbi_on_13_July_2017_1.PDF,Corruption,SCC 2014 9 516,,,UNRESOLVED
Girish_Kumar_Suneja_vs_Cbi_on_13_July_2017_1.PDF,Corruption,SCC 2014 9 614,,,UNRESOLVED
Girish_Kumar_Suneja_vs_Cbi_on_13_July_2017_1.PDF,Corruption,SCC 2013 15 460,,,UNRESOLVED
Girish_Kumar_Suneja_vs_Cbi_on_13_July_2017_1.PDF,Corruption,SCC 1973 2 583,,,UNRESOLVED
Girish_Kumar_Suneja_vs_Cbi_on_13_July_2017_1.PDF,Corruption,SCC 1988 2 602,,,UNRESOLVED
Girish_Kumar_Suneja_vs_Cbi_on_13_July_2017_1.PDF,Corruption,SCC 1977 4 137,,,UNRESOLVED
Girish_Kumar_Suneja_vs_Cbi_on_13_July_2017_1.PDF,Corruption,SCC 1977 4 551,,,UNRESOLVED
Girish_Kumar_Suneja_vs_Cbi_on_13_July_2017_1.PDF,Corruption,SCC 2000 6 195,,,UNRESOLVED
Girish_Kumar_Suneja_vs_Cbi_on_13_July_2017_1.PDF,Corruption,SCC 1999 3 134,,,UNRESOLVED
Girish_Kumar_Suneja_vs_Cbi_on_13_July_2017_1.PDF,Corruption,SCC 2001 8 607,,,UNRESOLVED
Girish_Kumar_Suneja_vs_Cbi_on_13_July_2017_1.PDF,Corruption,SCC 2012 3 117,,,UNRESOLVED
Girish_Kumar_Suneja_vs_Cbi_on_13_July_2017_1.PDF,Corruption,SCC 1997 3 261,,,UNRESOLVED
Girish_Kumar_Suneja_vs_Cbi_on_13_July_2017_1.PDF,Corruption,SCC 2010 8 329,,,UNRESOLVED
Girish_Kumar_Suneja_vs_Cbi_on_13_July_2017_1.PDF,Corruption,SCC 1994 3 569,Kartar_Singh_vs_State_Of_Punjab_on_11_March_1994_1.PDF,Corruption; Organized Crime / Extortion,INTERNAL
Girish_Kumar_Suneja_vs_Cbi_on_13_July_2017_1.PDF,Corruption,SCC 1994 2 664,State_Of_Maharashtra_vs_Abdul_Hamid_Haji_Mohammad_on_21_February_1994_1.PDF,,OUTSIDE_DOMAINS
Girish_Kumar_Suneja_vs_Cbi_on_13_July_2017_1.PDF,Corruption,SCC 1998 4 409,,,UNRESOLVED
Girish_Kumar_Suneja_vs_Cbi_on_13_July_2017_1.PDF,Corruption,SCC 2014 8 883,,,UNRESOLVED
Girish_Kumar_Suneja_vs_Cbi_on_13_July_2017_1.PDF,Corruption,SCC 2012 13 614,,,UNRESOLVED
Girish_Kumar_Suneja_vs_Cbi_on_13_July_2017_1.PDF,Corruption,SCC 1998 1 226,,,UNRESOLVED
Girish_Kumar_Suneja_vs_Cbi_on_13_July_2017_1.PDF,Corruption,SCC 1999 8 501,,,UNRESOLVED
Girish_Kumar_Suneja_vs_Cbi_on_13_July_2017_1.PDF,Corruption,SCC 2001 2 577,,,UNRESOLVED
Girish_Kumar_Suneja_vs_Cbi_on_13_July_2017_1.PDF,Corruption,SCC 2001 7 679,,,UNRESOLVED
Girish_Kumar_Suneja_vs_Cbi_on_13_July_2017_1.PDF,Corruption,SCC 2012 4 516,,,UNRESOLVED
Girish_Kumar_Suneja_vs_Cbi_on_13_July_2017_1.PDF,Corruption,SCC 2001 7 679,,,UNRESOLVED
Girish_Kumar_Suneja_vs_Cbi_on_13_July_2017_1.PDF,Corruption,SCC 2012 3 117,,,UNRESOLVED
Girish_Kumar_Suneja_vs_Cbi_on_13_July_2017_1.PDF,Corruption,SCC 2014 2 687,,,UNRESOLVED
Girish_Kumar_Suneja_vs_Cbi_on_13_July_2017_1.PDF,Corruption,SCR 1952 284,The_State_Of_West_Bengal_vs_Anwar_All_Sarkarhabib_Mohamed_The_on_11_January_1952_1.PDF,Organized Crime / Extortion; Violent Crime / Homicide,CROSS_DOMAIN
Girish_Kumar_Suneja_vs_Cbi_on_13_July_2017_1.PDF,Corruption,SCR 1954 30,Kedar_Nath_Bajoria_vs_The_State_Of_West_Bengal_Hari_Ram_on_22_May_1953_1.PDF,Corruption; Organized Crime / Extortion,INTERNAL
Girish_Kumar_Suneja_vs_Cbi_on_13_July_2017_1.PDF,Corruption,SCR 1952 435,Kathi_Raning_Rawat_vs_The_State_Of_Saurashtra_on_27_February_1952_1.PDF,Violent Crime / Homicide,CROSS_DOMAIN
Girish_Kumar_Suneja_vs_Cbi_on_13_July_2017_1.PDF,Corruption,SCR 1966 3 744,,,UNRESOLVED
Jain_Cooperative_Bank_Ltd_vs_Union_Of_India_on_3_November_2017_1.PDF,Corruption,SCC 1991 3 655,K_Veeraswami_vs_Union_Of_India_And_Others_on_25_July_1991_1.PDF,Corruption,INTERNAL
Kamini_Jaiswal_vs_Union_Of_India_on_14_November_2017_1.PDF,Corruption,SCC 1998 1 1,,,UNRESOLVED
Kamini_Jaiswal_vs_Union_Of_India_on_14_November_2017_1.PDF,Corruption,SCC 2002 4 388,,,UNRESOLVED
Kamini_Jaiswal_vs_Union_Of_India_on_14_November_2017_1.PDF,Corruption,SCC 1996 5 216,,,UNRESOLVED
Kamini_Jaiswal_vs_Union_Of_India_on_14_November_2017_1.PDF,Corruption,SCC 1991 3 655,K_Veeraswami_vs_Union_Of_India_And_Others_on_25_July_1991_1.PDF,Corruption,INTERNAL
Kamini_Jaiswal_vs_Union_Of_India_on_14_November_2017_1.PDF,Corruption,SCC 1996 7 99,,,UNRESOLVED
Kamini_Jaiswal_vs_Union_Of_India_on_14_November_2017_1.PDF,Corruption,SCC 1988 3 255,,,UNRESOLVED
Kamini_Jaiswal_vs_Union_Of_India_on_14_November_2017_1.PDF,Corruption,SCC 2009 8 106,,,UNRESOLVED
Kamini_Jaiswal_vs_Union_Of_India_on_14_November_2017_1.PDF,Corruption,SCC 2009 10 337,,,UNRESOLVED
Kamini_Jaiswal_vs_Union_Of_India_on_14_November_2017_1.PDF,Corruption,SCC 1971 3 215,,,UNRESOLVED
Kamini_Jaiswal_vs_Union_Of_India_on_14_November_2017_1.PDF,Corruption,SCC 2014 7 280,,,UNRESOLVED
Kamini_Jaiswal_vs_Union_Of_India_on_14_November_2017_1.PDF,Corruption,SCC 2017 5 262,,,UNRESOLVED
Kamini_Jaiswal_vs_Union_Of_India_on_14_November_2017_1.PDF,Corruption,SCC 1987 4 611,,,UNRESOLVED
Kamini_Jaiswal_vs_Union_Of_India_on_14_November_2017_1.PDF,Corruption,SCC 2016 5 808,,,UNRESOLVED
Macquarie_Bank_Limited_vs_Shilpi_Cable_Technologies_Ltd_on_15_December_2017_1.PDF,Corruption,AIR 1916 CAL 136,,,UNRESOLVED
Macquarie_Bank_Limited_vs_Shilpi_Cable_Technologies_Ltd_on_15_December_2017_1.PDF,Corruption,AIR 1969 CAL 109,,,UNRESOLVED
Macquarie_Bank_Limited_vs_Shilpi_Cable_Technologies_Ltd_on_15_December_2017_1.PDF,Corruption,SCC 1979 4 565,,,UNRESOLVED
Macquarie_Bank_Limited_vs_Shilpi_Cable_Technologies_Ltd_on_15_December_2017_1.PDF,Corruption,SCC 1972 2 744,,,UNRESOLVED
Macquarie_Bank_Limited_vs_Shilpi_Cable_Technologies_Ltd_on_15_December_2017_1.PDF,Corruption,SCC 2000 5 451,,,UNRESOLVED
Macquarie_Bank_Limited_vs_Shilpi_Cable_Technologies_Ltd_on_15_December_2017_1.PDF,Corruption,SCC 2006 12 583,,,UNRESOLVED
Macquarie_Bank_Limited_vs_Shilpi_Cable_Technologies_Ltd_on_15_December_2017_1.PDF,Corruption,SCC 1995 1 133,State_Of_Haryana_vs_Raghubir_Dayal_on_10_November_1994_1.PDF,,OUTSIDE_DOMAINS
Macquarie_Bank_Limited_vs_Shilpi_Cable_Technologies_Ltd_on_15_December_2017_1.PDF,Corruption,SCC 2007 2 230,,,UNRESOLVED
Macquarie_Bank_Limited_vs_Shilpi_Cable_Technologies_Ltd_on_15_December_2017_1.PDF,Corruption,SCC 1989 1 264,,,UNRESOLVED
Macquarie_Bank_Limited_vs_Shilpi_Cable_Technologies_Ltd_on_15_December_2017_1.PDF,Corruption,SCC 2000 6 359,,,UNRESOLVED
Macquarie_Bank_Limited_vs_Shilpi_Cable_Technologies_Ltd_on_15_December_2017_1.PDF,Corruption,SCC 1984 4 679,,,UNRESOLVED
Macquarie_Bank_Limited_vs_Shilpi_Cable_Technologies_Ltd_on_15_December_2017_1.PDF,Corruption,SCC 2010 9 524,,,UNRESOLVED
Macquarie_Bank_Limited_vs_Shilpi_Cable_Technologies_Ltd_on_15_December_2017_1.PDF,Corruption,SCC 2003 2 45,,,UNRESOLVED
Macquarie_Bank_Limited_vs_Shilpi_Cable_Technologies_Ltd_on_15_December_2017_1.PDF,Corruption,SCC 2001 8 257,,,UNRESOLVED
Macquarie_Bank_Limited_vs_Shilpi_Cable_Technologies_Ltd_on_15_December_2017_1.PDF,Corruption,SCC 2014 8 319,,,UNRESOLVED
Macquarie_Bank_Limited_vs_Shilpi_Cable_Technologies_Ltd_on_15_December_2017_1.PDF,Corruption,SCC 2017 7 59,,,UNRESOLVED
Macquarie_Bank_Limited_vs_Shilpi_Cable_Technologies_Ltd_on_15_December_2017_1.PDF,Corruption,SCC 1976 4 572,,,UNRESOLVED
Macquarie_Bank_Limited_vs_Shilpi_Cable_Technologies_Ltd_on_15_December_2017_1.PDF,Corruption,SCC 1992 1 335,,,UNRESOLVED
Macquarie_Bank_Limited_vs_Shilpi_Cable_Technologies_Ltd_on_15_December_2017_1.PDF,Corruption,SCC 2009 4 94,,,UNRESOLVED
Macquarie_Bank_Limited_vs_Shilpi_Cable_Technologies_Ltd_on_15_December_2017_1.PDF,Corruption,SCC 1992 1 31,,,UNRESOLVED
Macquarie_Bank_Limited_vs_Shilpi_Cable_Technologies_Ltd_on_15_December_2017_1.PDF,Corruption,SCR 1961 2 679,,,UNRESOLVED
Macquarie_Bank_Limited_vs_Shilpi_Cable_Technologies_Ltd_on_15_December_2017_1.PDF,Corruption,SCR 1964 1 926,,,UNRESOLVED
Macquarie_Bank_Limited_vs_Shilpi_Cable_Technologies_Ltd_on_15_December_2017_1.PDF,Corruption,SCR 1961 3 763,,,UNRESOLVED
Ms_Eera_Through_Dr_Manjula_vs_State_Govt_Of_Nct_Of_Delhi_on_21_July_2017_1.PDF,Corruption,AIR 1965 SC 1839,,,UNRESOLVED
Ms_Eera_Through_Dr_Manjula_vs_State_Govt_Of_Nct_Of_Delhi_on_21_July_2017_1.PDF,Corruption,AIR 1960 SC 122,,,UNRESOLVED
Ms_Eera_Through_Dr_Manjula_vs_State_Govt_Of_Nct_Of_Delhi_on_21_July_2017_1.PDF,Corruption,AIR 1957 SC 628,R_M_D_Chamarbaugwalla_vs_The_Union_Of_India_Uoi_on_9_April_1957_1.PDF,,OUTSIDE_DOMAINS
Ms_Eera_Through_Dr_Manjula_vs_State_Govt_Of_Nct_Of_Delhi_on_21_July_2017_1.PDF,Corruption,AIR 1957 SC 832,,,UNRESOLVED
Ms_Eera_Through_Dr_Manjula_vs_State_Govt_Of_Nct_Of_Delhi_on_21_July_2017_1.PDF,Corruption,AIR 1966 SC 1987,,,UNRESOLVED
Ms_Eera_Through_Dr_Manjula_vs_State_Govt_Of_Nct_Of_Delhi_on_21_July_2017_1.PDF,Corruption,AIR 1953 SC 274,,,UNRESOLVED
Ms_Eera_Through_Dr_Manjula_vs_State_Govt_Of_Nct_Of_Delhi_on_21_July_2017_1.PDF,Corruption,AIR 2002 SC 1334,Padmasundara_Rao_And_Ors_vs_State_Of_Tamil_Nadu_And_Ors_on_13_March_2002_1.PDF,,OUTSIDE_DOMAINS
Ms_Eera_Through_Dr_Manjula_vs_State_Govt_Of_Nct_Of_Delhi_on_21_July_2017_1.PDF,Corruption,AIR 1953 SC 274,,,UNRESOLVED
Ms_Eera_Through_Dr_Manjula_vs_State_Govt_Of_Nct_Of_Delhi_on_21_July_2017_1.PDF,Corruption,AIR 1961 SC 1107,,,UNRESOLVED
Ms_Eera_Through_Dr_Manjula_vs_State_Govt_Of_Nct_Of_Delhi_on_21_July_2017_1.PDF,Corruption,AIR 1978 SC 548,,,UNRESOLVED
Ms_Eera_Through_Dr_Manjula_vs_State_Govt_Of_Nct_Of_Delhi_on_21_July_2017_1.PDF,Corruption,AIR 1966 SC 1987,,,UNRESOLVED
Ms_Eera_Through_Dr_Manjula_vs_State_Govt_Of_Nct_Of_Delhi_on_21_July_2017_1.PDF,Corruption,AIR 1977 SC 965,,,UNRESOLVED
Ms_Eera_Through_Dr_Manjula_vs_State_Govt_Of_Nct_Of_Delhi_on_21_July_2017_1.PDF,Corruption,AIR 1976 SC 1929,,,UNRESOLVED
Ms_Eera_Through_Dr_Manjula_vs_State_Govt_Of_Nct_Of_Delhi_on_21_July_2017_1.PDF,Corruption,AIR 1977 SC 435,,,UNRESOLVED
Ms_Eera_Through_Dr_Manjula_vs_State_Govt_Of_Nct_Of_Delhi_on_21_July_2017_1.PDF,Corruption,AIR 1979 SC 1029,,,UNRESOLVED
Ms_Eera_Through_Dr_Manjula_vs_State_Govt_Of_Nct_Of_Delhi_on_21_July_2017_1.PDF,Corruption,AIR 1980 SC 593,,,UNRESOLVED
Ms_Eera_Through_Dr_Manjula_vs_State_Govt_Of_Nct_Of_Delhi_on_21_July_2017_1.PDF,Corruption,AIR 1963 SC 1116,,,UNRESOLVED
Ms_Eera_Through_Dr_Manjula_vs_State_Govt_Of_Nct_Of_Delhi_on_21_July_2017_1.PDF,Corruption,AIR 1954 SC 496,,,UNRESOLVED
Ms_Eera_Through_Dr_Manjula_vs_State_Govt_Of_Nct_Of_Delhi_on_21_July_2017_1.PDF,Corruption,AIR 1988 SC 79,,,UNRESOLVED
Ms_Eera_Through_Dr_Manjula_vs_State_Govt_Of_Nct_Of_Delhi_on_21_July_2017_1.PDF,Corruption,SCC 2015 11 725,,,UNRESOLVED
Ms_Eera_Through_Dr_Manjula_vs_State_Govt_Of_Nct_Of_Delhi_on_21_July_2017_1.PDF,Corruption,SCC 2015 1 67,,,UNRESOLVED
Ms_Eera_Through_Dr_Manjula_vs_State_Govt_Of_Nct_Of_Delhi_on_21_July_2017_1.PDF,Corruption,SCC 2009 9 1,,,UNRESOLVED
Ms_Eera_Through_Dr_Manjula_vs_State_Govt_Of_Nct_Of_Delhi_on_21_July_2017_1.PDF,Corruption,SCC 2003 8 590,,,UNRESOLVED
Ms_Eera_Through_Dr_Manjula_vs_State_Govt_Of_Nct_Of_Delhi_on_21_July_2017_1.PDF,Corruption,SCC 1986 2 614,,,UNRESOLVED
Ms_Eera_Through_Dr_Manjula_vs_State_Govt_Of_Nct_Of_Delhi_on_21_July_2017_1.PDF,Corruption,SCC 1999 2 228,,,UNRESOLVED
Ms_Eera_Through_Dr_Manjula_vs_State_Govt_Of_Nct_Of_Delhi_on_21_July_2017_1.PDF,Corruption,SCC 2008 9 527,,,UNRESOLVED
Ms_Eera_Through_Dr_Manjula_vs_State_Govt_Of_Nct_Of_Delhi_on_21_July_2017_1.PDF,Corruption,SCC 2012 2 489,,,UNRESOLVED
Ms_Eera_Through_Dr_Manjula_vs_State_Govt_Of_Nct_Of_Delhi_on_21_July_2017_1.PDF,Corruption,SCC 2014 9 657,,,UNRESOLVED
Ms_Eera_Through_Dr_Manjula_vs_State_Govt_Of_Nct_Of_Delhi_on_21_July_2017_1.PDF,Corruption,SCC 1987 1 204,,,UNRESOLVED
Ms_Eera_Through_Dr_Manjula_vs_State_Govt_Of_Nct_Of_Delhi_on_21_July_2017_1.PDF,Corruption,SCC 2005 3 551,,,UNRESOLVED
Ms_Eera_Through_Dr_Manjula_vs_State_Govt_Of_Nct_Of_Delhi_on_21_July_2017_1.PDF,Corruption,SCC 1994 3 440,,,UNRESOLVED
Ms_Eera_Through_Dr_Manjula_vs_State_Govt_Of_Nct_Of_Delhi_on_21_July_2017_1.PDF,Corruption,SCC 1990 2 378,,,UNRESOLVED
Ms_Eera_Through_Dr_Manjula_vs_State_Govt_Of_Nct_Of_Delhi_on_21_July_2017_1.PDF,Corruption,SCC 1982 3 140,,,UNRESOLVED
Ms_Eera_Through_Dr_Manjula_vs_State_Govt_Of_Nct_Of_Delhi_on_21_July_2017_1.PDF,Corruption,SCC 2017 2 629,,,UNRESOLVED
Ms_Eera_Through_Dr_Manjula_vs_State_Govt_Of_Nct_Of_Delhi_on_21_July_2017_1.PDF,Corruption,SCC 2000 5 488,,,UNRESOLVED
Ms_Eera_Through_Dr_Manjula_vs_State_Govt_Of_Nct_Of_Delhi_on_21_July_2017_1.PDF,Corruption,SCC 1982 2 202,,,UNRESOLVED
Ms_Eera_Through_Dr_Manjula_vs_State_Govt_Of_Nct_Of_Delhi_on_21_July_2017_1.PDF,Corruption,SCC 2013 5 546,,,UNRESOLVED
Ms_Eera_Through_Dr_Manjula_vs_State_Govt_Of_Nct_Of_Delhi_on_21_July_2017_1.PDF,Corruption,SCC 1987 1 424,,,UNRESOLVED
Ms_Eera_Through_Dr_Manjula_vs_State_Govt_Of_Nct_Of_Delhi_on_21_July_2017_1.PDF,Corruption,SCC 2001 4 139,,,UNRESOLVED
Ms_Eera_Through_Dr_Manjula_vs_State_Govt_Of_Nct_Of_Delhi_on_21_July_2017_1.PDF,Corruption,SCC 1975 2 810,,,UNRESOLVED
Ms_Eera_Through_Dr_Manjula_vs_State_Govt_Of_Nct_Of_Delhi_on_21_July_2017_1.PDF,Corruption,SCC 2009 4 94,,,UNRESOLVED
Ms_Eera_Through_Dr_Manjula_vs_State_Govt_Of_Nct_Of_Delhi_on_21_July_2017_1.PDF,Corruption,SCC 1979 2 34,,,UNRESOLVED
Ms_Eera_Through_Dr_Manjula_vs_State_Govt_Of_Nct_Of_Delhi_on_21_July_2017_1.PDF,Corruption,SCC 1988 3 609,,,UNRESOLVED
Ms_Eera_Through_Dr_Manjula_vs_State_Govt_Of_Nct_Of_Delhi_on_21_July_2017_1.PDF,Corruption,SCC 2005 1 289,,,UNRESOLVED
Ms_Eera_Through_Dr_Manjula_vs_State_Govt_Of_Nct_Of_Delhi_on_21_July_2017_1.PDF,Corruption,SCC 1995 6 326,Hindustan_Lever_Ltd_vs_Ashok_Vishnu_Kate_Ors_on_15_September_1995_1.PDF,,OUTSIDE_DOMAINS
Ms_Eera_Through_Dr_Manjula_vs_State_Govt_Of_Nct_Of_Delhi_on_21_July_2017_1.PDF,Corruption,SCC 1985 4 71,,,UNRESOLVED
Ms_Eera_Through_Dr_Manjula_vs_State_Govt_Of_Nct_Of_Delhi_on_21_July_2017_1.PDF,Corruption,SCC 2017 5 465,,,UNRESOLVED
Ms_Eera_Through_Dr_Manjula_vs_State_Govt_Of_Nct_Of_Delhi_on_21_July_2017_1.PDF,Corruption,SCC 1988 4 284,,,UNRESOLVED
Ms_Eera_Through_Dr_Manjula_vs_State_Govt_Of_Nct_Of_Delhi_on_21_July_2017_1.PDF,Corruption,SCC 1996 4 596,S_Gopal_Reddy_vs_State_Of_Andhra_Pradesh_on_11_July_1996_1.PDF,Organized Crime / Extortion,CROSS_DOMAIN
Ms_Eera_Through_Dr_Manjula_vs_State_Govt_Of_Nct_Of_Delhi_on_21_July_2017_1.PDF,Corruption,SCC 2003 4 712,,,UNRESOLVED
Ms_Eera_Through_Dr_Manjula_vs_State_Govt_Of_Nct_Of_Delhi_on_21_July_2017_1.PDF,Corruption,SCC 1986 3 38,,,UNRESOLVED
Ms_Eera_Through_Dr_Manjula_vs_State_Govt_Of_Nct_Of_Delhi_on_21_July_2017_1.PDF,Corruption,SCC 1985 4 343,,,UNRESOLVED
Ms_Eera_Through_Dr_Manjula_vs_State_Govt_Of_Nct_Of_Delhi_on_21_July_2017_1.PDF,Corruption,SCC 1978 1 636,,,UNRESOLVED
Ms_Eera_Through_Dr_Manjula_vs_State_Govt_Of_Nct_Of_Delhi_on_21_July_2017_1.PDF,Corruption,SCC 2015 2 796,,,UNRESOLVED
Ms_Eera_Through_Dr_Manjula_vs_State_Govt_Of_Nct_Of_Delhi_on_21_July_2017_1.PDF,Corruption,SCC 2017 5 163,,,UNRESOLVED
Ms_Eera_Through_Dr_Manjula_vs_State_Govt_Of_Nct_Of_Delhi_on_21_July_2017_1.PDF,Corruption,SCC 2006 2 670,,,UNRESOLVED
Ms_Eera_Through_Dr_Manjula_vs_State_Govt_Of_Nct_Of_Delhi_on_21_July_2017_1.PDF,Corruption,SCC 1972 4 353,,,UNRESOLVED
Ms_Eera_Through_Dr_Manjula_vs_State_Govt_Of_Nct_Of_Delhi_on_21_July_2017_1.PDF,Corruption,SCC 1994 3 440,,,UNRESOLVED
Ms_Eera_Through_Dr_Manjula_vs_State_Govt_Of_Nct_Of_Delhi_on_21_July_2017_1.PDF,Corruption,SCC 1978 2 213,,,UNRESOLVED
Ms_Eera_Through_Dr_Manjula_vs_State_Govt_Of_Nct_Of_Delhi_on_21_July_2017_1.PDF,Corruption,SCC 1979 4 573,,,UNRESOLVED
Ms_Eera_Through_Dr_Manjula_vs_State_Govt_Of_Nct_Of_Delhi_on_21_July_2017_1.PDF,Corruption,SCC 1977 2 256,,,UNRESOLVED
Ms_Eera_Through_Dr_Manjula_vs_State_Govt_Of_Nct_Of_Delhi_on_21_July_2017_1.PDF,Corruption,SCC 1975 2 810,,,UNRESOLVED
Ms_Eera_Through_Dr_Manjula_vs_State_Govt_Of_Nct_Of_Delhi_on_21_July_2017_1.PDF,Corruption,SCC 1977 2 273,,,UNRESOLVED
Ms_Eera_Through_Dr_Manjula_vs_State_Govt_Of_Nct_Of_Delhi_on_21_July_2017_1.PDF,Corruption,SCC 1987 1 424,,,UNRESOLVED
Ms_Eera_Through_Dr_Manjula_vs_State_Govt_Of_Nct_Of_Delhi_on_21_July_2017_1.PDF,Corruption,SCC 1980 4 507,,,UNRESOLVED
Ms_Eera_Through_Dr_Manjula_vs_State_Govt_Of_Nct_Of_Delhi_on_21_July_2017_1.PDF,Corruption,SCC 2003 6 107,,,UNRESOLVED
Ms_Eera_Through_Dr_Manjula_vs_State_Govt_Of_Nct_Of_Delhi_on_21_July_2017_1.PDF,Corruption,SCC 1976 3 684,,,UNRESOLVED
Ms_Eera_Through_Dr_Manjula_vs_State_Govt_Of_Nct_Of_Delhi_on_21_July_2017_1.PDF,Corruption,SCC 1977 1 300,,,UNRESOLVED
Ms_Eera_Through_Dr_Manjula_vs_State_Govt_Of_Nct_Of_Delhi_on_21_July_2017_1.PDF,Corruption,SCC 1979 4 85,,,UNRESOLVED
Ms_Eera_Through_Dr_Manjula_vs_State_Govt_Of_Nct_Of_Delhi_on_21_July_2017_1.PDF,Corruption,SCC 1980 4 669,,,UNRESOLVED
Ms_Eera_Through_Dr_Manjula_vs_State_Govt_Of_Nct_Of_Delhi_on_21_July_2017_1.PDF,Corruption,SCC 2005 4 370,,,UNRESOLVED
Ms_Eera_Through_Dr_Manjula_vs_State_Govt_Of_Nct_Of_Delhi_on_21_July_2017_1.PDF,Corruption,SCC 1996 4 596,S_Gopal_Reddy_vs_State_Of_Andhra_Pradesh_on_11_July_1996_1.PDF,Organized Crime / Extortion,CROSS_DOMAIN
Ms_Eera_Through_Dr_Manjula_vs_State_Govt_Of_Nct_Of_Delhi_on_21_July_2017_1.PDF,Corruption,SCC 2015 6 477,,,UNRESOLVED
Ms_Eera_Through_Dr_Manjula_vs_State_Govt_Of_Nct_Of_Delhi_on_21_July_2017_1.PDF,Corruption,SCC 2005 4 530,,,UNRESOLVED
Ms_Eera_Through_Dr_Manjula_vs_State_Govt_Of_Nct_Of_Delhi_on_21_July_2017_1.PDF,Corruption,SCC 1971 3 189,Girdhari_Lal_Gupta_vs_D_H_Mehta_And_Anr_on_18_February_1971_1.PDF,,OUTSIDE_DOMAINS
Ms_Eera_Through_Dr_Manjula_vs_State_Govt_Of_Nct_Of_Delhi_on_21_July_2017_1.PDF,Corruption,SCC 2005 4 530,,,UNRESOLVED
Ms_Eera_Through_Dr_Manjula_vs_State_Govt_Of_Nct_Of_Delhi_on_21_July_2017_1.PDF,Corruption,SCC 1976 3 684,,,UNRESOLVED
Ms_Eera_Through_Dr_Manjula_vs_State_Govt_Of_Nct_Of_Delhi_on_21_July_2017_1.PDF,Corruption,SCC 1976 3 301,,,UNRESOLVED
Ms_Eera_Through_Dr_Manjula_vs_State_Govt_Of_Nct_Of_Delhi_on_21_July_2017_1.PDF,Corruption,SCC 2005 4 530,,,UNRESOLVED
Ms_Eera_Through_Dr_Manjula_vs_State_Govt_Of_Nct_Of_Delhi_on_21_July_2017_1.PDF,Corruption,SCC 2003 7 628,,,UNRESOLVED
Ms_Eera_Through_Dr_Manjula_vs_State_Govt_Of_Nct_Of_Delhi_on_21_July_2017_1.PDF,Corruption,SCC 1997 8 72,,,UNRESOLVED
Ms_Eera_Through_Dr_Manjula_vs_State_Govt_Of_Nct_Of_Delhi_on_21_July_2017_1.PDF,Corruption,SCC 2003 1 217,,,UNRESOLVED
Ms_Eera_Through_Dr_Manjula_vs_State_Govt_Of_Nct_Of_Delhi_on_21_July_2017_1.PDF,Corruption,SCC 2004 3 199,,,UNRESOLVED
Ms_Eera_Through_Dr_Manjula_vs_State_Govt_Of_Nct_Of_Delhi_on_21_July_2017_1.PDF,Corruption,SCC 2004 3 199,,,UNRESOLVED
Ms_Eera_Through_Dr_Manjula_vs_State_Govt_Of_Nct_Of_Delhi_on_21_July_2017_1.PDF,Corruption,SCC 2004 3 199,,,UNRESOLVED
Ms_Eera_Through_Dr_Manjula_vs_State_Govt_Of_Nct_Of_Delhi_on_21_July_2017_1.PDF,Corruption,SCC 2007 9 721,,,UNRESOLVED
Ms_Eera_Through_Dr_Manjula_vs_State_Govt_Of_Nct_Of_Delhi_on_21_July_2017_1.PDF,Corruption,SCC 2007 9 721,,,UNRESOLVED
Ms_Eera_Through_Dr_Manjula_vs_State_Govt_Of_Nct_Of_Delhi_on_21_July_2017_1.PDF,Corruption,SCC 2013 3 684,,,UNRESOLVED
Ms_Eera_Through_Dr_Manjula_vs_State_Govt_Of_Nct_Of_Delhi_on_21_July_2017_1.PDF,Corruption,SCC 1991 2 495,,,UNRESOLVED
Ms_Eera_Through_Dr_Manjula_vs_State_Govt_Of_Nct_Of_Delhi_on_21_July_2017_1.PDF,Corruption,SCC 1987 4 203,,,UNRESOLVED
Ms_Eera_Through_Dr_Manjula_vs_State_Govt_Of_Nct_Of_Delhi_on_21_July_2017_1.PDF,Corruption,SCR 1984 2 173,,,UNRESOLVED
Ms_Eera_Through_Dr_Manjula_vs_State_Govt_Of_Nct_Of_Delhi_on_21_July_2017_1.PDF,Corruption,SCR 1983 1 393,,,UNRESOLVED
Ms_Eera_Through_Dr_Manjula_vs_State_Govt_Of_Nct_Of_Delhi_on_21_July_2017_1.PDF,Corruption,SCR 1979 1 1054,,,UNRESOLVED
Ms_Eera_Through_Dr_Manjula_vs_State_Govt_Of_Nct_Of_Delhi_on_21_July_2017_1.PDF,Corruption,SCR 1979 3 1133,,,UNRESOLVED
Ms_Eera_Through_Dr_Manjula_vs_State_Govt_Of_Nct_Of_Delhi_on_21_July_2017_1.PDF,Corruption,SCR 1961 2 295,,,UNRESOLVED
Ms_Eera_Through_Dr_Manjula_vs_State_Govt_Of_Nct_Of_Delhi_on_21_July_2017_1.PDF,Corruption,SCR 1967 1 77,,,UNRESOLVED
Ms_Eera_Through_Dr_Manjula_vs_State_Govt_Of_Nct_Of_Delhi_on_21_July_2017_1.PDF,Corruption,SCR 1980 1 61,,,UNRESOLVED
Ms_Eera_Through_Dr_Manjula_vs_State_Govt_Of_Nct_Of_Delhi_on_21_July_2017_1.PDF,Corruption,SCR 1981 1 801,Srinivasa_Enterprises_Represented_By_vs_Union_Of_India_Uoi_Represented_By_on_24_September_1980_1.PDF,,OUTSIDE_DOMAINS
Ms_Eera_Through_Dr_Manjula_vs_State_Govt_Of_Nct_Of_Delhi_on_21_July_2017_1.PDF,Corruption,SCR 1955 1 158,,,UNRESOLVED
M_S_Innoventive_Industries_Ltd_vs_Icici_Bank_on_31_August_2017_1.PDF,Corruption,AIR 1939 CAL 628,,,UNRESOLVED
M_S_Innoventive_Industries_Ltd_vs_Icici_Bank_on_31_August_2017_1.PDF,Corruption,AIR 1955 CAL 236,,,UNRESOLVED
M_S_Innoventive_Industries_Ltd_vs_Icici_Bank_on_31_August_2017_1.PDF,Corruption,AIR 1942 FC 27,,,UNRESOLVED
M_S_Innoventive_Industries_Ltd_vs_Icici_Bank_on_31_August_2017_1.PDF,Corruption,SCC 1983 1 177,,,UNRESOLVED
M_S_Innoventive_Industries_Ltd_vs_Icici_Bank_on_31_August_2017_1.PDF,Corruption,SCC 1990 2 562,,,UNRESOLVED
M_S_Innoventive_Industries_Ltd_vs_Icici_Bank_on_31_August_2017_1.PDF,Corruption,SCC 2011 8 708,,,UNRESOLVED
M_S_Innoventive_Industries_Ltd_vs_Icici_Bank_on_31_August_2017_1.PDF,Corruption,SCC 1977 3 280,,,UNRESOLVED
M_S_Innoventive_Industries_Ltd_vs_Icici_Bank_on_31_August_2017_1.PDF,Corruption,SCR 1955 1 799,,,UNRESOLVED
M_S_Innoventive_Industries_Ltd_vs_Icici_Bank_on_31_August_2017_1.PDF,Corruption,SCR 1956 393,Ch_Tika_Ramji_Others_Etc_vs_The_State_Of_Uttar_Pradesh_Others_on_24_April_1956_1.PDF,,OUTSIDE_DOMAINS
M_S_Innoventive_Industries_Ltd_vs_Icici_Bank_on_31_August_2017_1.PDF,Corruption,SCR 1964 1 926,,,UNRESOLVED
M_S_Innoventive_Industries_Ltd_vs_Icici_Bank_on_31_August_2017_1.PDF,Corruption,SCR 1979 3 254,,,UNRESOLVED
M_S_Innoventive_Industries_Ltd_vs_Icici_Bank_on_31_August_2017_1.PDF,Corruption,SCR 1955 1 799,,,UNRESOLVED
M_S_Innoventive_Industries_Ltd_vs_Icici_Bank_on_31_August_2017_1.PDF,Corruption,SCR 1956 393,Ch_Tika_Ramji_Others_Etc_vs_The_State_Of_Uttar_Pradesh_Others_on_24_April_1956_1.PDF,,OUTSIDE_DOMAINS
M_S_Innoventive_Industries_Ltd_vs_Icici_Bank_on_31_August_2017_1.PDF,Corruption,SCR 1957 423,Om_Prakash_Gupta_vs_State_Of_U_P_With_Connected_Appeals_on_11_January_1957_1.PDF,Corruption; Financial Fraud,INTERNAL
M_S_Innoventive_Industries_Ltd_vs_Icici_Bank_on_31_August_2017_1.PDF,Corruption,SCR 1964 4 461,,,UNRESOLVED
M_S_Innoventive_Industries_Ltd_vs_Icici_Bank_on_31_August_2017_1.PDF,Corruption,SCR 1969 3 65,,,UNRESOLVED
M_S_Innoventive_Industries_Ltd_vs_Icici_Bank_on_31_August_2017_1.PDF,Corruption,SCR 1983 3 130,,,UNRESOLVED
M_S_Innoventive_Industries_Ltd_vs_Icici_Bank_on_31_August_2017_1.PDF,Corruption,SCR 1955 1 799,,,UNRESOLVED
M_S_Innoventive_Industries_Ltd_vs_Icici_Bank_on_31_August_2017_1.PDF,Corruption,SCR 1979 3 254,,,UNRESOLVED
Neera_Yadav_vs_Central_Bureau_Of_Investigation_on_2_August_2017_1.PDF,Corruption,SCC 2007 10 395,,,UNRESOLVED
Neera_Yadav_vs_Central_Bureau_Of_Investigation_on_2_August_2017_1.PDF,Corruption,SCC 2011 6 526,,,UNRESOLVED
Neera_Yadav_vs_Central_Bureau_Of_Investigation_on_2_August_2017_1.PDF,Corruption,SCC 2011 6 527,,,UNRESOLVED
Neera_Yadav_vs_Central_Bureau_Of_Investigation_on_2_August_2017_1.PDF,Corruption,SCC 2011 6 508,,,UNRESOLVED
Neera_Yadav_vs_Central_Bureau_Of_Investigation_on_2_August_2017_1.PDF,Corruption,SCC 2014 9 1,,,UNRESOLVED
Neera_Yadav_vs_Central_Bureau_Of_Investigation_on_2_August_2017_1.PDF,Corruption,SCC 2013 4 642,,,UNRESOLVED
Neera_Yadav_vs_Central_Bureau_Of_Investigation_on_2_August_2017_1.PDF,Corruption,SCC 2012 3 64,,,UNRESOLVED
Neera_Yadav_vs_Central_Bureau_Of_Investigation_on_2_August_2017_1.PDF,Corruption,SCC 2001 6 584,,,UNRESOLVED
Neera_Yadav_vs_Central_Bureau_Of_Investigation_on_2_August_2017_1.PDF,Corruption,SCC 2014 8 682,,,UNRESOLVED
Neera_Yadav_vs_Central_Bureau_Of_Investigation_on_2_August_2017_1.PDF,Corruption,SCC 2014 8 682,,,UNRESOLVED
Neera_Yadav_vs_Central_Bureau_Of_Investigation_on_2_August_2017_1.PDF,Corruption,SCC 2013 7 211,,,UNRESOLVED
Neera_Yadav_vs_Central_Bureau_Of_Investigation_on_2_August_2017_1.PDF,Corruption,SCC 2015 2 501,,,UNRESOLVED
Neera_Yadav_vs_Central_Bureau_Of_Investigation_on_2_August_2017_1.PDF,Corruption,SCC 2005 1 754,,,UNRESOLVED
Neera_Yadav_vs_Central_Bureau_Of_Investigation_on_2_August_2017_1.PDF,Corruption,SCC 1988 4 183,,,UNRESOLVED
Neera_Yadav_vs_Central_Bureau_Of_Investigation_on_2_August_2017_1.PDF,Corruption,SCC 2016 10 307,,,UNRESOLVED
Neera_Yadav_vs_Central_Bureau_Of_Investigation_on_2_August_2017_1.PDF,Corruption,SCC 2013 7 211,,,UNRESOLVED
Neera_Yadav_vs_Central_Bureau_Of_Investigation_on_2_August_2017_1.PDF,Corruption,SCC 1988 4 183,,,UNRESOLVED
Rajiv_Kumar_vs_State_Of_Uttar_Pradesh_on_2_August_2017_1.PDF,Corruption,AIR 1952 SC 16,,,UNRESOLVED
Rajiv_Kumar_vs_State_Of_Uttar_Pradesh_on_2_August_2017_1.PDF,Corruption,SCC 2011 6 508,,,UNRESOLVED
Rajiv_Kumar_vs_State_Of_Uttar_Pradesh_on_2_August_2017_1.PDF,Corruption,SCC 1973 1 409,,,UNRESOLVED
Rajiv_Kumar_vs_State_Of_Uttar_Pradesh_on_2_August_2017_1.PDF,Corruption,SCC 1980 2 471,,,UNRESOLVED
Rajiv_Kumar_vs_State_Of_Uttar_Pradesh_on_2_August_2017_1.PDF,Corruption,SCC 1985 3 1,,,UNRESOLVED
Rajiv_Kumar_vs_State_Of_Uttar_Pradesh_on_2_August_2017_1.PDF,Corruption,SCC 2002 7 222,,,UNRESOLVED
Rajiv_Kumar_vs_State_Of_Uttar_Pradesh_on_2_August_2017_1.PDF,Corruption,SCC 2004 9 362,,,UNRESOLVED
Rajiv_Kumar_vs_State_Of_Uttar_Pradesh_on_2_August_2017_1.PDF,Corruption,SCC 2011 6 508,,,UNRESOLVED
Rajiv_Kumar_vs_State_Of_Uttar_Pradesh_on_2_August_2017_1.PDF,Corruption,SCC 2004 2 65,,,UNRESOLVED
Rajiv_Kumar_vs_State_Of_Uttar_Pradesh_on_2_August_2017_1.PDF,Corruption,SCC 1981 4 716,,,UNRESOLVED
Rajiv_Kumar_vs_State_Of_Uttar_Pradesh_on_2_August_2017_1.PDF,Corruption,SCC 2004 2 65,,,UNRESOLVED
Rajiv_Kumar_vs_State_Of_Uttar_Pradesh_on_2_August_2017_1.PDF,Corruption,SCC 2009 10 388,,,UNRESOLVED
Rajiv_Kumar_vs_State_Of_Uttar_Pradesh_on_2_August_2017_1.PDF,Corruption,SCC 1977 4 540,,,UNRESOLVED
Rajiv_Kumar_vs_State_Of_Uttar_Pradesh_on_2_August_2017_1.PDF,Corruption,SCC 1993 3 609,,,UNRESOLVED
Rajiv_Kumar_vs_State_Of_Uttar_Pradesh_on_2_August_2017_1.PDF,Corruption,SCC 1996 4 659,State_Of_Maharashtra_Etc_Etc_vs_Som_Nath_Thapa_Etc_Etc_on_12_April_1996_1.PDF,Organized Crime / Extortion,CROSS_DOMAIN
Rajiv_Kumar_vs_State_Of_Uttar_Pradesh_on_2_August_2017_1.PDF,Corruption,SCC 2003 3 641,,,UNRESOLVED
Rajiv_Kumar_vs_State_Of_Uttar_Pradesh_on_2_August_2017_1.PDF,Corruption,SCC 1977 4 540,,,UNRESOLVED
Rajiv_Kumar_vs_State_Of_Uttar_Pradesh_on_2_August_2017_1.PDF,Corruption,SCC 1993 3 609,,,UNRESOLVED
Rajiv_Kumar_vs_State_Of_Uttar_Pradesh_on_2_August_2017_1.PDF,Corruption,SCC 1996 4 659,State_Of_Maharashtra_Etc_Etc_vs_Som_Nath_Thapa_Etc_Etc_on_12_April_1996_1.PDF,Organized Crime / Extortion,CROSS_DOMAIN
Rakesh_Kumar_Paul_vs_State_Of_Assam_on_16_August_2017_1.PDF,Corruption,AIR 1982 SC 1473,People_S_Union_For_Democratic_Rights_vs_Union_Of_India_Uoi_And_Ors_on_11_May_1982.PDF,,OUTSIDE_DOMAINS
Rakesh_Kumar_Paul_vs_State_Of_Assam_on_16_August_2017_1.PDF,Corruption,AIR 1952 SC 369,,,UNRESOLVED
Rakesh_Kumar_Paul_vs_State_Of_Assam_on_16_August_2017_1.PDF,Corruption,AIR 1955 SC 376,,,UNRESOLVED
Rakesh_Kumar_Paul_vs_State_Of_Assam_on_16_August_2017_1.PDF,Corruption,AIR 1957 SC 907,,,UNRESOLVED
Rakesh_Kumar_Paul_vs_State_Of_Assam_on_16_August_2017_1.PDF,Corruption,SCC 2001 5 34,,,UNRESOLVED
Rakesh_Kumar_Paul_vs_State_Of_Assam_on_16_August_2017_1.PDF,Corruption,SCC 2006 6 277,,,UNRESOLVED
Rakesh_Kumar_Paul_vs_State_Of_Assam_on_16_August_2017_1.PDF,Corruption,SCC 2006 8 1,,,UNRESOLVED
Rakesh_Kumar_Paul_vs_State_Of_Assam_on_16_August_2017_1.PDF,Corruption,SCC 1994 5 410,Sunjay_Datt_vs_State_Ii_on_9_September_1994_1.PDF,Organized Crime / Extortion,CROSS_DOMAIN
Rakesh_Kumar_Paul_vs_State_Of_Assam_on_16_August_2017_1.PDF,Corruption,SCC 1994 4 602,Hitendra_Vishnu_Thakur_vs_State_Of_Maharashtra_on_12_July_1994_1.PDF,Organized Crime / Extortion,CROSS_DOMAIN
Rakesh_Kumar_Paul_vs_State_Of_Assam_on_16_August_2017_1.PDF,Corruption,SCC 2014 9 457,,,UNRESOLVED
Rakesh_Kumar_Paul_vs_State_Of_Assam_on_16_August_2017_1.PDF,Corruption,SCC 2001 5 453,,,UNRESOLVED
Rakesh_Kumar_Paul_vs_State_Of_Assam_on_16_August_2017_1.PDF,Corruption,SCC 1996 1 722,,,UNRESOLVED
Rakesh_Kumar_Paul_vs_State_Of_Assam_on_16_August_2017_1.PDF,Corruption,SCC 1980 3 488,,,UNRESOLVED
Rakesh_Kumar_Paul_vs_State_Of_Assam_on_16_August_2017_1.PDF,Corruption,SCC 1980 1 98,,,UNRESOLVED
Rakesh_Kumar_Paul_vs_State_Of_Assam_on_16_August_2017_1.PDF,Corruption,SCC 2007 4 318,,,UNRESOLVED
Rakesh_Kumar_Paul_vs_State_Of_Assam_on_16_August_2017_1.PDF,Corruption,SCC 1981 1 503,,,UNRESOLVED
Rakesh_Kumar_Paul_vs_State_Of_Assam_on_16_August_2017_1.PDF,Corruption,SCC 1996 7 20,Mrs_Paramjit_Kaur_vs_State_Of_Punjab_And_Ors_on_15_November_1995_1.PDF,,OUTSIDE_DOMAINS
Rakesh_Kumar_Paul_vs_State_Of_Assam_on_16_August_2017_1.PDF,Corruption,SCC 1984 3 161,,,UNRESOLVED
Rakesh_Kumar_Paul_vs_State_Of_Assam_on_16_August_2017_1.PDF,Corruption,SCC 1983 2 308,Dr_Upendra_Baxi_I_vs_State_Of_Uttar_Pradesh_And_Anr_on_31_July_1981_1.PDF,,OUTSIDE_DOMAINS
Rakesh_Kumar_Paul_vs_State_Of_Assam_on_16_August_2017_1.PDF,Corruption,SCC 1983 2 96,,,UNRESOLVED
Rakesh_Kumar_Paul_vs_State_Of_Assam_on_16_August_2017_1.PDF,Corruption,SCC 1981 1 627,Khatri_And_Others_vs_State_Of_Bihar_Ors_on_19_December_1980_1.PDF,,OUTSIDE_DOMAINS
Rakesh_Kumar_Paul_vs_State_Of_Assam_on_16_August_2017_1.PDF,Corruption,SCC 1986 2 401,,,UNRESOLVED
Rakesh_Kumar_Paul_vs_State_Of_Assam_on_16_August_2017_1.PDF,Corruption,SCC 2012 8 553,,,UNRESOLVED
Rakesh_Kumar_Paul_vs_State_Of_Assam_on_16_August_2017_1.PDF,Corruption,SCC 2012 9 1,,,UNRESOLVED
Rakesh_Kumar_Paul_vs_State_Of_Assam_on_16_August_2017_1.PDF,Corruption,SCC 2001 5 34,,,UNRESOLVED
Rakesh_Kumar_Paul_vs_State_Of_Assam_on_16_August_2017_1.PDF,Corruption,SCC 2016 1 578,,,UNRESOLVED
Rakesh_Kumar_Paul_vs_State_Of_Assam_on_16_August_2017_1.PDF,Corruption,SCC 2006 6 277,,,UNRESOLVED
Rakesh_Kumar_Paul_vs_State_Of_Assam_on_16_August_2017_1.PDF,Corruption,SCC 1994 4 602,Hitendra_Vishnu_Thakur_vs_State_Of_Maharashtra_on_12_July_1994_1.PDF,Organized Crime / Extortion,CROSS_DOMAIN
Rakesh_Kumar_Paul_vs_State_Of_Assam_on_16_August_2017_1.PDF,Corruption,SCC 1994 5 410,Sunjay_Datt_vs_State_Ii_on_9_September_1994_1.PDF,Organized Crime / Extortion,CROSS_DOMAIN
Rakesh_Kumar_Paul_vs_State_Of_Assam_on_16_August_2017_1.PDF,Corruption,SCC 2001 5 453,,,UNRESOLVED
Rakesh_Kumar_Paul_vs_State_Of_Assam_on_16_August_2017_1.PDF,Corruption,SCC 1996 1 718,,,UNRESOLVED
Rakesh_Kumar_Paul_vs_State_Of_Assam_on_16_August_2017_1.PDF,Corruption,SCC 1996 1 722,,,UNRESOLVED
Rakesh_Kumar_Paul_vs_State_Of_Assam_on_16_August_2017_1.PDF,Corruption,SCC 1994 4 602,Hitendra_Vishnu_Thakur_vs_State_Of_Maharashtra_on_12_July_1994_1.PDF,Organized Crime / Extortion,CROSS_DOMAIN
Rakesh_Kumar_Paul_vs_State_Of_Assam_on_16_August_2017_1.PDF,Corruption,SCC 2001 5 34,,,UNRESOLVED
Rakesh_Kumar_Paul_vs_State_Of_Assam_on_16_August_2017_1.PDF,Corruption,SCC 2006 6 277,,,UNRESOLVED
Rakesh_Kumar_Paul_vs_State_Of_Assam_on_16_August_2017_1.PDF,Corruption,SCC 2006 8 1,,,UNRESOLVED
Rakesh_Kumar_Paul_vs_State_Of_Assam_on_16_August_2017_1.PDF,Corruption,SCC 1994 5 410,Sunjay_Datt_vs_State_Ii_on_9_September_1994_1.PDF,Organized Crime / Extortion,CROSS_DOMAIN
Rakesh_Kumar_Paul_vs_State_Of_Assam_on_16_August_2017_1.PDF,Corruption,SCC 2001 5 453,,,UNRESOLVED
Rakesh_Kumar_Paul_vs_State_Of_Assam_on_16_August_2017_1.PDF,Corruption,SCC 2014 9 457,,,UNRESOLVED
Rakesh_Kumar_Paul_vs_State_Of_Assam_on_16_August_2017_1.PDF,Corruption,SCC 1996 1 722,,,UNRESOLVED
Rakesh_Kumar_Paul_vs_State_Of_Assam_on_16_August_2017_1.PDF,Corruption,SCC 1994 5 410,Sunjay_Datt_vs_State_Ii_on_9_September_1994_1.PDF,Organized Crime / Extortion,CROSS_DOMAIN
Securities_And_Exchange_Board_Of_India_vs_Classic_Credit_Ltd_on_21_August_2017_1.PDF,Corruption,AIR 1966 SC 1206,Union_Of_India_Uoi_vs_Sukumar_Pyne_on_6_October_1965_1.PDF,,OUTSIDE_DOMAINS
Securities_And_Exchange_Board_Of_India_vs_Classic_Credit_Ltd_on_21_August_2017_1.PDF,Corruption,AIR 1953 SC 394,,,UNRESOLVED
Securities_And_Exchange_Board_Of_India_vs_Classic_Credit_Ltd_on_21_August_2017_1.PDF,Corruption,AIR 1970 SC 1636,,,UNRESOLVED
Securities_And_Exchange_Board_Of_India_vs_Classic_Credit_Ltd_on_21_August_2017_1.PDF,Corruption,AIR 1957 SC 540,,,UNRESOLVED
Securities_And_Exchange_Board_Of_India_vs_Classic_Credit_Ltd_on_21_August_2017_1.PDF,Corruption,AIR 1927 PC 242,,,UNRESOLVED
Securities_And_Exchange_Board_Of_India_vs_Classic_Credit_Ltd_on_21_August_2017_1.PDF,Corruption,AIR 1963 SC 996,,,UNRESOLVED
Securities_And_Exchange_Board_Of_India_vs_Classic_Credit_Ltd_on_21_August_2017_1.PDF,Corruption,AIR 1970 SC 1636,,,UNRESOLVED
Securities_And_Exchange_Board_Of_India_vs_Classic_Credit_Ltd_on_21_August_2017_1.PDF,Corruption,AIR 1966 SC 1206,Union_Of_India_Uoi_vs_Sukumar_Pyne_on_6_October_1965_1.PDF,,OUTSIDE_DOMAINS
Securities_And_Exchange_Board_Of_India_vs_Classic_Credit_Ltd_on_21_August_2017_1.PDF,Corruption,AIR 1964 SC 1541,,,UNRESOLVED
Securities_And_Exchange_Board_Of_India_vs_Classic_Credit_Ltd_on_21_August_2017_1.PDF,Corruption,AIR 1967 SC 1419,,,UNRESOLVED
Securities_And_Exchange_Board_Of_India_vs_Classic_Credit_Ltd_on_21_August_2017_1.PDF,Corruption,AIR 1970 SC 1636,,,UNRESOLVED
Securities_And_Exchange_Board_Of_India_vs_Classic_Credit_Ltd_on_21_August_2017_1.PDF,Corruption,AIR 1958 SC 915,,,UNRESOLVED
Securities_And_Exchange_Board_Of_India_vs_Classic_Credit_Ltd_on_21_August_2017_1.PDF,Corruption,AIR 1937 MAD 385,,,UNRESOLVED
Securities_And_Exchange_Board_Of_India_vs_Classic_Credit_Ltd_on_21_August_2017_1.PDF,Corruption,AIR 1960 SC 979,,,UNRESOLVED
Securities_And_Exchange_Board_Of_India_vs_Classic_Credit_Ltd_on_21_August_2017_1.PDF,Corruption,AIR 1959 SC 144,,,UNRESOLVED
Securities_And_Exchange_Board_Of_India_vs_Classic_Credit_Ltd_on_21_August_2017_1.PDF,Corruption,AIR 1967 SC 1419,,,UNRESOLVED
Securities_And_Exchange_Board_Of_India_vs_Classic_Credit_Ltd_on_21_August_2017_1.PDF,Corruption,AIR 1966 SC 1499,,,UNRESOLVED
Securities_And_Exchange_Board_Of_India_vs_Classic_Credit_Ltd_on_21_August_2017_1.PDF,Corruption,AIR 1970 SC 1636,,,UNRESOLVED
Securities_And_Exchange_Board_Of_India_vs_Classic_Credit_Ltd_on_21_August_2017_1.PDF,Corruption,AIR 1966 SC 1206,Union_Of_India_Uoi_vs_Sukumar_Pyne_on_6_October_1965_1.PDF,,OUTSIDE_DOMAINS
Securities_And_Exchange_Board_Of_India_vs_Classic_Credit_Ltd_on_21_August_2017_1.PDF,Corruption,AIR 1970 SC 1636,,,UNRESOLVED
Securities_And_Exchange_Board_Of_India_vs_Classic_Credit_Ltd_on_21_August_2017_1.PDF,Corruption,AIR 1952 SC 75,The_State_Of_West_Bengal_vs_Anwar_Ali_Sarkar_on_11_January_1952_1.PDF,Organized Crime / Extortion; Violent Crime / Homicide,CROSS_DOMAIN
Securities_And_Exchange_Board_Of_India_vs_Classic_Credit_Ltd_on_21_August_2017_1.PDF,Corruption,AIR 1959 SC 144,,,UNRESOLVED
Securities_And_Exchange_Board_Of_India_vs_Classic_Credit_Ltd_on_21_August_2017_1.PDF,Corruption,SCC 2013 14 696,,,UNRESOLVED
Securities_And_Exchange_Board_Of_India_vs_Classic_Credit_Ltd_on_21_August_2017_1.PDF,Corruption,SCC 1975 2 840,,,UNRESOLVED
Securities_And_Exchange_Board_Of_India_vs_Classic_Credit_Ltd_on_21_August_2017_1.PDF,Corruption,SCC 1994 4 602,Hitendra_Vishnu_Thakur_vs_State_Of_Maharashtra_on_12_July_1994_1.PDF,Organized Crime / Extortion,CROSS_DOMAIN
Securities_And_Exchange_Board_Of_India_vs_Classic_Credit_Ltd_on_21_August_2017_1.PDF,Corruption,SCC 2006 1 141,,,UNRESOLVED
Securities_And_Exchange_Board_Of_India_vs_Classic_Credit_Ltd_on_21_August_2017_1.PDF,Corruption,SCC 2013 15 460,,,UNRESOLVED
Securities_And_Exchange_Board_Of_India_vs_Classic_Credit_Ltd_on_21_August_2017_1.PDF,Corruption,SCC 1988 2 602,,,UNRESOLVED
Securities_And_Exchange_Board_Of_India_vs_Classic_Credit_Ltd_on_21_August_2017_1.PDF,Corruption,SCC 1995 4 392,Ranbir_Yadav_vs_State_Of_Bihar_on_21_March_1995_1.PDF,Financial Fraud; Violent Crime / Homicide,CROSS_DOMAIN
Securities_And_Exchange_Board_Of_India_vs_Classic_Credit_Ltd_on_21_August_2017_1.PDF,Corruption,SCC 1979 1 92,Maria_Cristina_De_Souza_Sodder_And_Ors_vs_Amria_Zurana_Pereira_Pinto_And_Ors_on_30_August_1978_1.PDF,,OUTSIDE_DOMAINS
Securities_And_Exchange_Board_Of_India_vs_Classic_Credit_Ltd_on_21_August_2017_1.PDF,Corruption,SCC 1983 1 177,,,UNRESOLVED
Securities_And_Exchange_Board_Of_India_vs_Classic_Credit_Ltd_on_21_August_2017_1.PDF,Corruption,SCC 1987 3 27,,,UNRESOLVED
Securities_And_Exchange_Board_Of_India_vs_Classic_Credit_Ltd_on_21_August_2017_1.PDF,Corruption,SCC 2000 8 99,,,UNRESOLVED
Securities_And_Exchange_Board_Of_India_vs_Classic_Credit_Ltd_on_21_August_2017_1.PDF,Corruption,SCC 1976 2 917,Jose_Da_Costa_And_Anr_vs_Bascora_Sadasiva_Sinai_Narcornim_And_on_1_August_1975_1.PDF,,OUTSIDE_DOMAINS
Securities_And_Exchange_Board_Of_India_vs_Classic_Credit_Ltd_on_21_August_2017_1.PDF,Corruption,SCC 1990 1 445,,,UNRESOLVED
Securities_And_Exchange_Board_Of_India_vs_Classic_Credit_Ltd_on_21_August_2017_1.PDF,Corruption,SCC 2013 15 460,,,UNRESOLVED
Securities_And_Exchange_Board_Of_India_vs_Classic_Credit_Ltd_on_21_August_2017_1.PDF,Corruption,SCC 1995 4 392,Ranbir_Yadav_vs_State_Of_Bihar_on_21_March_1995_1.PDF,Financial Fraud; Violent Crime / Homicide,CROSS_DOMAIN
Securities_And_Exchange_Board_Of_India_vs_Classic_Credit_Ltd_on_21_August_2017_1.PDF,Corruption,SCC 2010 3 765,,,UNRESOLVED
Securities_And_Exchange_Board_Of_India_vs_Classic_Credit_Ltd_on_21_August_2017_1.PDF,Corruption,SCC 1977 1 593,,,UNRESOLVED
Securities_And_Exchange_Board_Of_India_vs_Classic_Credit_Ltd_on_21_August_2017_1.PDF,Corruption,SCC 1988 2 602,,,UNRESOLVED
Securities_And_Exchange_Board_Of_India_vs_Classic_Credit_Ltd_on_21_August_2017_1.PDF,Corruption,SCC 2013 14 696,,,UNRESOLVED
Securities_And_Exchange_Board_Of_India_vs_Classic_Credit_Ltd_on_21_August_2017_1.PDF,Corruption,SCC 1976 3 252,,,UNRESOLVED
Securities_And_Exchange_Board_Of_India_vs_Classic_Credit_Ltd_on_21_August_2017_1.PDF,Corruption,SCC 1980 2 91,,,UNRESOLVED
Securities_And_Exchange_Board_Of_India_vs_Classic_Credit_Ltd_on_21_August_2017_1.PDF,Corruption,SCC 1975 2 840,,,UNRESOLVED
Securities_And_Exchange_Board_Of_India_vs_Classic_Credit_Ltd_on_21_August_2017_1.PDF,Corruption,SCC 1994 4 602,Hitendra_Vishnu_Thakur_vs_State_Of_Maharashtra_on_12_July_1994_1.PDF,Organized Crime / Extortion,CROSS_DOMAIN
Securities_And_Exchange_Board_Of_India_vs_Classic_Credit_Ltd_on_21_August_2017_1.PDF,Corruption,SCC 1996 8 388,,,UNRESOLVED
Securities_And_Exchange_Board_Of_India_vs_Classic_Credit_Ltd_on_21_August_2017_1.PDF,Corruption,SCC 2003 1 444,,,UNRESOLVED
Securities_And_Exchange_Board_Of_India_vs_Classic_Credit_Ltd_on_21_August_2017_1.PDF,Corruption,SCC 1979 4 214,,,UNRESOLVED
Securities_And_Exchange_Board_Of_India_vs_Classic_Credit_Ltd_on_21_August_2017_1.PDF,Corruption,SCC 1996 8 388,,,UNRESOLVED
Securities_And_Exchange_Board_Of_India_vs_Classic_Credit_Ltd_on_21_August_2017_1.PDF,Corruption,SCC 2003 1 444,,,UNRESOLVED
Securities_And_Exchange_Board_Of_India_vs_Classic_Credit_Ltd_on_21_August_2017_1.PDF,Corruption,SCC 2003 1 444,,,UNRESOLVED
Securities_And_Exchange_Board_Of_India_vs_Classic_Credit_Ltd_on_21_August_2017_1.PDF,Corruption,SCC 2015 4 33,,,UNRESOLVED
Securities_And_Exchange_Board_Of_India_vs_Classic_Credit_Ltd_on_21_August_2017_1.PDF,Corruption,SCC 2001 8 397,,,UNRESOLVED
Securities_And_Exchange_Board_Of_India_vs_Classic_Credit_Ltd_on_21_August_2017_1.PDF,Corruption,SCC 2001 8 397,,,UNRESOLVED
Securities_And_Exchange_Board_Of_India_vs_Classic_Credit_Ltd_on_21_August_2017_1.PDF,Corruption,SCC 1996 8 388,,,UNRESOLVED
Securities_And_Exchange_Board_Of_India_vs_Classic_Credit_Ltd_on_21_August_2017_1.PDF,Corruption,SCC 2003 1 444,,,UNRESOLVED
Securities_And_Exchange_Board_Of_India_vs_Classic_Credit_Ltd_on_21_August_2017_1.PDF,Corruption,SCC 2013 15 460,,,UNRESOLVED
Securities_And_Exchange_Board_Of_India_vs_Classic_Credit_Ltd_on_21_August_2017_1.PDF,Corruption,SCC 1969 2 74,Shankar_Ramchandra_Abhyankar_vs_Krishnaji_Dattatreya_Bapat_on_16_April_1969_1.PDF,,OUTSIDE_DOMAINS
Securities_And_Exchange_Board_Of_India_vs_Classic_Credit_Ltd_on_21_August_2017_1.PDF,Corruption,SCC 2005 9 15,,,UNRESOLVED
Securities_And_Exchange_Board_Of_India_vs_Classic_Credit_Ltd_on_21_August_2017_1.PDF,Corruption,SCC 2013 15 460,,,UNRESOLVED
Securities_And_Exchange_Board_Of_India_vs_Classic_Credit_Ltd_on_21_August_2017_1.PDF,Corruption,SCC 2009 10 552,,,UNRESOLVED
Securities_And_Exchange_Board_Of_India_vs_Classic_Credit_Ltd_on_21_August_2017_1.PDF,Corruption,SCC 1977 2 424,,,UNRESOLVED
Securities_And_Exchange_Board_Of_India_vs_Classic_Credit_Ltd_on_21_August_2017_1.PDF,Corruption,SCC 1975 2 840,,,UNRESOLVED
Securities_And_Exchange_Board_Of_India_vs_Classic_Credit_Ltd_on_21_August_2017_1.PDF,Corruption,SCC 2010 3 765,,,UNRESOLVED
Securities_And_Exchange_Board_Of_India_vs_Classic_Credit_Ltd_on_21_August_2017_1.PDF,Corruption,SCC 2013 4 696,,,UNRESOLVED
Securities_And_Exchange_Board_Of_India_vs_Classic_Credit_Ltd_on_21_August_2017_1.PDF,Corruption,SCC 1994 4 602,Hitendra_Vishnu_Thakur_vs_State_Of_Maharashtra_on_12_July_1994_1.PDF,Organized Crime / Extortion,CROSS_DOMAIN
Securities_And_Exchange_Board_Of_India_vs_Classic_Credit_Ltd_on_21_August_2017_1.PDF,Corruption,SCC 1995 4 392,Ranbir_Yadav_vs_State_Of_Bihar_on_21_March_1995_1.PDF,Financial Fraud; Violent Crime / Homicide,CROSS_DOMAIN
Securities_And_Exchange_Board_Of_India_vs_Classic_Credit_Ltd_on_21_August_2017_1.PDF,Corruption,SCC 2013 15 460,,,UNRESOLVED
Securities_And_Exchange_Board_Of_India_vs_Classic_Credit_Ltd_on_21_August_2017_1.PDF,Corruption,SCC 2001 8 397,,,UNRESOLVED
Securities_And_Exchange_Board_Of_India_vs_Classic_Credit_Ltd_on_21_August_2017_1.PDF,Corruption,SCC 2003 1 444,,,UNRESOLVED
Securities_And_Exchange_Board_Of_India_vs_Classic_Credit_Ltd_on_21_August_2017_1.PDF,Corruption,SCC 2013 14 696,,,UNRESOLVED
Securities_And_Exchange_Board_Of_India_vs_Classic_Credit_Ltd_on_21_August_2017_1.PDF,Corruption,SCC 2015 4 33,,,UNRESOLVED
Securities_And_Exchange_Board_Of_India_vs_Classic_Credit_Ltd_on_21_August_2017_1.PDF,Corruption,SCC 1975 2 840,,,UNRESOLVED
Securities_And_Exchange_Board_Of_India_vs_Classic_Credit_Ltd_on_21_August_2017_1.PDF,Corruption,SCC 1994 4 602,Hitendra_Vishnu_Thakur_vs_State_Of_Maharashtra_on_12_July_1994_1.PDF,Organized Crime / Extortion,CROSS_DOMAIN
Securities_And_Exchange_Board_Of_India_vs_Classic_Credit_Ltd_on_21_August_2017_1.PDF,Corruption,SCC 1995 4 392,Ranbir_Yadav_vs_State_Of_Bihar_on_21_March_1995_1.PDF,Financial Fraud; Violent Crime / Homicide,CROSS_DOMAIN
Securities_And_Exchange_Board_Of_India_vs_Classic_Credit_Ltd_on_21_August_2017_1.PDF,Corruption,SCC 2013 15 460,,,UNRESOLVED
Securities_And_Exchange_Board_Of_India_vs_Classic_Credit_Ltd_on_21_August_2017_1.PDF,Corruption,SCC 1988 2 602,,,UNRESOLVED
Securities_And_Exchange_Board_Of_India_vs_Classic_Credit_Ltd_on_21_August_2017_1.PDF,Corruption,SCC 1997 4 241,,,UNRESOLVED
Securities_And_Exchange_Board_Of_India_vs_Classic_Credit_Ltd_on_21_August_2017_1.PDF,Corruption,SCC 2013 15 460,,,UNRESOLVED
Securities_And_Exchange_Board_Of_India_vs_Classic_Credit_Ltd_on_21_August_2017_1.PDF,Corruption,SCR 1953 1188,Rao_Shiv_Bahadur_Singh_And_Another_vs_The_State_Of_Vindhya_Pradesh_on_22_May_1953_1.PDF,Organized Crime / Extortion,CROSS_DOMAIN
Securities_And_Exchange_Board_Of_India_vs_Classic_Credit_Ltd_on_21_August_2017_1.PDF,Corruption,SCR 1984 2 914,,,UNRESOLVED
Securities_And_Exchange_Board_Of_India_vs_Classic_Credit_Ltd_on_21_August_2017_1.PDF,Corruption,SCR 1984 2 495,,,UNRESOLVED
State_Of_Karnataka_vs_Selvi_J_Jayalalitha_Ors_on_14_February_2017_1.PDF,Corruption,AIR 1977 SC 769,,,UNRESOLVED
State_Of_Karnataka_vs_Selvi_J_Jayalalitha_Ors_on_14_February_2017_1.PDF,Corruption,AIR 1996 SC 1744,,,UNRESOLVED
State_Of_Karnataka_vs_Selvi_J_Jayalalitha_Ors_on_14_February_2017_1.PDF,Corruption,AIR 1963 SC 200,,,UNRESOLVED
State_Of_Karnataka_vs_Selvi_J_Jayalalitha_Ors_on_14_February_2017_1.PDF,Corruption,AIR 1963 SC 255,,,UNRESOLVED
State_Of_Karnataka_vs_Selvi_J_Jayalalitha_Ors_on_14_February_2017_1.PDF,Corruption,SCC 1977 1 816,Krishnanand_vs_The_State_Of_Madhya_Pradesh_on_17_December_1976_1.PDF,Corruption,INTERNAL
State_Of_Karnataka_vs_Selvi_J_Jayalalitha_Ors_on_14_February_2017_1.PDF,Corruption,SCC 2015 6 86,,,UNRESOLVED
State_Of_Karnataka_vs_Selvi_J_Jayalalitha_Ors_on_14_February_2017_1.PDF,Corruption,SCC 2015 6 158,,,UNRESOLVED
State_Of_Karnataka_vs_Selvi_J_Jayalalitha_Ors_on_14_February_2017_1.PDF,Corruption,SCC 2001 1 378,,,UNRESOLVED
State_Of_Karnataka_vs_Selvi_J_Jayalalitha_Ors_on_14_February_2017_1.PDF,Corruption,SCC 1996 4 659,State_Of_Maharashtra_Etc_Etc_vs_Som_Nath_Thapa_Etc_Etc_on_12_April_1996_1.PDF,Organized Crime / Extortion,CROSS_DOMAIN
State_Of_Karnataka_vs_Selvi_J_Jayalalitha_Ors_on_14_February_2017_1.PDF,Corruption,SCC 1988 3 609,,,UNRESOLVED
State_Of_Karnataka_vs_Selvi_J_Jayalalitha_Ors_on_14_February_2017_1.PDF,Corruption,SCC 2003 3 641,,,UNRESOLVED
State_Of_Karnataka_vs_Selvi_J_Jayalalitha_Ors_on_14_February_2017_1.PDF,Corruption,SCC 2001 7 596,,,UNRESOLVED
State_Of_Karnataka_vs_Selvi_J_Jayalalitha_Ors_on_14_February_2017_1.PDF,Corruption,SCC 1981 3 199,,,UNRESOLVED
State_Of_Karnataka_vs_Selvi_J_Jayalalitha_Ors_on_14_February_2017_1.PDF,Corruption,SCC 1992 4 45,,,UNRESOLVED
State_Of_Karnataka_vs_Selvi_J_Jayalalitha_Ors_on_14_February_2017_1.PDF,Corruption,SCC 1991 3 655,K_Veeraswami_vs_Union_Of_India_And_Others_on_25_July_1991_1.PDF,Corruption,INTERNAL
State_Of_Karnataka_vs_Selvi_J_Jayalalitha_Ors_on_14_February_2017_1.PDF,Corruption,SCC 2012 1 10,,,UNRESOLVED
State_Of_Karnataka_vs_Selvi_J_Jayalalitha_Ors_on_14_February_2017_1.PDF,Corruption,SCC 1974 1 3,,,UNRESOLVED
State_Of_Karnataka_vs_Selvi_J_Jayalalitha_Ors_on_14_February_2017_1.PDF,Corruption,SCC 2004 7 233,,,UNRESOLVED
State_Of_Karnataka_vs_Selvi_J_Jayalalitha_Ors_on_14_February_2017_1.PDF,Corruption,SCC 1996 4 490,,,UNRESOLVED
State_Of_Karnataka_vs_Selvi_J_Jayalalitha_Ors_on_14_February_2017_1.PDF,Corruption,SCC 1999 6 559,,,UNRESOLVED
State_Of_Karnataka_vs_Selvi_J_Jayalalitha_Ors_on_14_February_2017_1.PDF,Corruption,SCC 1987 1 279,Mohd_Mumtaz_vs_Nandini_Satpathy_And_Ors_on_20_December_1986_1.PDF,Financial Fraud,CROSS_DOMAIN
State_Of_Karnataka_vs_Selvi_J_Jayalalitha_Ors_on_14_February_2017_1.PDF,Corruption,SCC 2000 6 338,,,UNRESOLVED
State_Of_Karnataka_vs_Selvi_J_Jayalalitha_Ors_on_14_February_2017_1.PDF,Corruption,SCC 2006 1 420,,,UNRESOLVED
State_Of_Karnataka_vs_Selvi_J_Jayalalitha_Ors_on_14_February_2017_1.PDF,Corruption,SCC 2015 14 505,,,UNRESOLVED
State_Of_Karnataka_vs_Selvi_J_Jayalalitha_Ors_on_14_February_2017_1.PDF,Corruption,SCC 1999 7 280,,,UNRESOLVED
State_Of_Karnataka_vs_Selvi_J_Jayalalitha_Ors_on_14_February_2017_1.PDF,Corruption,SCC 1979 4 725,Suraj_Mal_vs_State_Delhi_Administration_on_13_February_1979_1.PDF,Corruption,INTERNAL
State_Of_Karnataka_vs_Selvi_J_Jayalalitha_Ors_on_14_February_2017_1.PDF,Corruption,SCC 1982 3 516,Mirza_Iqbal_Hussain_Through_Askari_vs_State_Of_Uttar_Pradesh_on_10_November_1982_1.PDF,Corruption,INTERNAL
State_Of_Karnataka_vs_Selvi_J_Jayalalitha_Ors_on_14_February_2017_1.PDF,Corruption,SCC 2014 11 724,,,UNRESOLVED
State_Of_Karnataka_vs_Selvi_J_Jayalalitha_Ors_on_14_February_2017_1.PDF,Corruption,SCR 1963 2 405,,,UNRESOLVED
State_Of_Karnataka_vs_Selvi_J_Jayalalitha_Ors_on_14_February_2017_1.PDF,Corruption,SCR 1966 3 736,,,UNRESOLVED
State_Of_Karnataka_vs_Selvi_J_Jayalalitha_Ors_on_14_February_2017_1.PDF,Corruption,SCR 1961 1 933,,,UNRESOLVED
State_Of_Karnataka_vs_Selvi_J_Jayalalitha_Ors_on_14_February_2017_1.PDF,Corruption,SCR 1960 1 461,,,UNRESOLVED
State_Of_Rajasthan_vs_Fatehkaran_Mehdu_on_3_February_2017_1.PDF,Corruption,SCC 2012 9 460,,,UNRESOLVED
State_Through_Central_Bureau_Of_vs_Anup_Kumr_Srivastava_on_4_August_2017_1.PDF,Corruption,SCC 2012 9 512,,,UNRESOLVED
State_Through_Central_Bureau_Of_vs_Anup_Kumr_Srivastava_on_4_August_2017_1.PDF,Corruption,SCC 2015 10 152,,,UNRESOLVED
The_State_Of_Bihar_And_Anr_vs_Amit_Kumar_Bachcha_Rai_on_20_April_2017_1.PDF,Corruption,SCC 1986 4 767,,,UNRESOLVED
The_State_Of_Bihar_And_Anr_vs_Amit_Kumar_Bachcha_Rai_on_20_April_2017_1.PDF,Corruption,SCC 2009 14 286,,,UNRESOLVED
The_State_Of_Bihar_And_Anr_vs_Amit_Kumar_Bachcha_Rai_on_20_April_2017_1.PDF,Corruption,SCC 2012 1 40,,,UNRESOLVED
The_State_Of_Bihar_And_Anr_vs_Amit_Kumar_Bachcha_Rai_on_20_April_2017_1.PDF,Corruption,SCC 2013 7 466,,,UNRESOLVED
The_State_Of_Bihar_And_Anr_vs_Amit_Kumar_Bachcha_Rai_on_20_April_2017_1.PDF,Corruption,SCC 2013 7 439,,,UNRESOLVED
Vasant_Rao_Guhe_vs_The_State_Of_Madhya_Pradesh_on_9_August_2017_1.PDF,Corruption,SCC 2009 15 200,,,UNRESOLVED
Virupakshappa_Gouda_And_Another_vs_The_State_Of_Karnataka_And_Another_on_28_March_2017_1.PDF,Corruption,SCC 2012 1 40,,,UNRESOLVED
Virupakshappa_Gouda_And_Another_vs_The_State_Of_Karnataka_And_Another_on_28_March_2017_1.PDF,Corruption,SCC 2011 1 694,,,UNRESOLVED
Virupakshappa_Gouda_And_Another_vs_The_State_Of_Karnataka_And_Another_on_28_March_2017_1.PDF,Corruption,SCC 2004 7 525,,,UNRESOLVED
Virupakshappa_Gouda_And_Another_vs_The_State_Of_Karnataka_And_Another_on_28_March_2017_1.PDF,Corruption,SCC 2010 14 496,,,UNRESOLVED
Virupakshappa_Gouda_And_Another_vs_The_State_Of_Karnataka_And_Another_on_28_March_2017_1.PDF,Corruption,SCC 2013 7 452,,,UNRESOLVED
Virupakshappa_Gouda_And_Another_vs_The_State_Of_Karnataka_And_Another_on_28_March_2017_1.PDF,Corruption,SCC 2014 16 508,,,UNRESOLVED
Virupakshappa_Gouda_And_Another_vs_The_State_Of_Karnataka_And_Another_on_28_March_2017_1.PDF,Corruption,SCC 2008 5 66,,,UNRESOLVED
Asian_Resurfacing_Of_Road_Agency_P_Ltd_vs_Central_Bureau_Of_Investigation_on_28_March_2018_1.PDF,Corruption,AIR 2009 SC 1032,,,UNRESOLVED
Asian_Resurfacing_Of_Road_Agency_P_Ltd_vs_Central_Bureau_Of_Investigation_on_28_March_2018_1.PDF,Corruption,AIR 1958 SC 398,,,UNRESOLVED
Asian_Resurfacing_Of_Road_Agency_P_Ltd_vs_Central_Bureau_Of_Investigation_on_28_March_2018_1.PDF,Corruption,AIR 1963 SC 1895,,,UNRESOLVED
Asian_Resurfacing_Of_Road_Agency_P_Ltd_vs_Central_Bureau_Of_Investigation_on_28_March_2018_1.PDF,Corruption,AIR 1968 SC 222,,,UNRESOLVED
Asian_Resurfacing_Of_Road_Agency_P_Ltd_vs_Central_Bureau_Of_Investigation_on_28_March_2018_1.PDF,Corruption,AIR 1975 SC 1297,,,UNRESOLVED
Asian_Resurfacing_Of_Road_Agency_P_Ltd_vs_Central_Bureau_Of_Investigation_on_28_March_2018_1.PDF,Corruption,AIR 1979 SC 381,Jagir_Singh_vs_Ranbir_Singh_And_Anr_on_8_November_1978_1.PDF,,OUTSIDE_DOMAINS
Asian_Resurfacing_Of_Road_Agency_P_Ltd_vs_Central_Bureau_Of_Investigation_on_28_March_2018_1.PDF,Corruption,AIR 1980 SC 892,,,UNRESOLVED
Asian_Resurfacing_Of_Road_Agency_P_Ltd_vs_Central_Bureau_Of_Investigation_on_28_March_2018_1.PDF,Corruption,AIR 1988 SC 184,,,UNRESOLVED
Asian_Resurfacing_Of_Road_Agency_P_Ltd_vs_Central_Bureau_Of_Investigation_on_28_March_2018_1.PDF,Corruption,AIR 2000 SC 1997,,,UNRESOLVED
Asian_Resurfacing_Of_Road_Agency_P_Ltd_vs_Central_Bureau_Of_Investigation_on_28_March_2018_1.PDF,Corruption,AIR 2004 SC 3892,,,UNRESOLVED
Asian_Resurfacing_Of_Road_Agency_P_Ltd_vs_Central_Bureau_Of_Investigation_on_28_March_2018_1.PDF,Corruption,AIR 1980 SC 892,,,UNRESOLVED
Asian_Resurfacing_Of_Road_Agency_P_Ltd_vs_Central_Bureau_Of_Investigation_on_28_March_2018_1.PDF,Corruption,AIR 1988 SC 184,,,UNRESOLVED
Asian_Resurfacing_Of_Road_Agency_P_Ltd_vs_Central_Bureau_Of_Investigation_on_28_March_2018_1.PDF,Corruption,AIR 2000 SC 1997,,,UNRESOLVED
Asian_Resurfacing_Of_Road_Agency_P_Ltd_vs_Central_Bureau_Of_Investigation_on_28_March_2018_1.PDF,Corruption,AIR 2004 SC 3892,,,UNRESOLVED
Asian_Resurfacing_Of_Road_Agency_P_Ltd_vs_Central_Bureau_Of_Investigation_on_28_March_2018_1.PDF,Corruption,AIR 1968 SC 733,,,UNRESOLVED
Asian_Resurfacing_Of_Road_Agency_P_Ltd_vs_Central_Bureau_Of_Investigation_on_28_March_2018_1.PDF,Corruption,AIR 1966 SC 1445,,,UNRESOLVED
Asian_Resurfacing_Of_Road_Agency_P_Ltd_vs_Central_Bureau_Of_Investigation_on_28_March_2018_1.PDF,Corruption,AIR 1957 SC 628,R_M_D_Chamarbaugwalla_vs_The_Union_Of_India_Uoi_on_9_April_1957_1.PDF,,OUTSIDE_DOMAINS
Asian_Resurfacing_Of_Road_Agency_P_Ltd_vs_Central_Bureau_Of_Investigation_on_28_March_2018_1.PDF,Corruption,SCC 2006 7 188,,,UNRESOLVED
Asian_Resurfacing_Of_Road_Agency_P_Ltd_vs_Central_Bureau_Of_Investigation_on_28_March_2018_1.PDF,Corruption,SCC 1977 4 551,,,UNRESOLVED
Asian_Resurfacing_Of_Road_Agency_P_Ltd_vs_Central_Bureau_Of_Investigation_on_28_March_2018_1.PDF,Corruption,SCC 1997 4 241,,,UNRESOLVED
Asian_Resurfacing_Of_Road_Agency_P_Ltd_vs_Central_Bureau_Of_Investigation_on_28_March_2018_1.PDF,Corruption,SCC 2003 6 641,,,UNRESOLVED
Asian_Resurfacing_Of_Road_Agency_P_Ltd_vs_Central_Bureau_Of_Investigation_on_28_March_2018_1.PDF,Corruption,SCC 1974 2 615,,,UNRESOLVED
Asian_Resurfacing_Of_Road_Agency_P_Ltd_vs_Central_Bureau_Of_Investigation_on_28_March_2018_1.PDF,Corruption,SCC 1979 3 118,,,UNRESOLVED
Asian_Resurfacing_Of_Road_Agency_P_Ltd_vs_Central_Bureau_Of_Investigation_on_28_March_2018_1.PDF,Corruption,SCC 2001 8 607,,,UNRESOLVED
Asian_Resurfacing_Of_Road_Agency_P_Ltd_vs_Central_Bureau_Of_Investigation_on_28_March_2018_1.PDF,Corruption,SCC 1997 3 261,,,UNRESOLVED
Asian_Resurfacing_Of_Road_Agency_P_Ltd_vs_Central_Bureau_Of_Investigation_on_28_March_2018_1.PDF,Corruption,SCC 1979 3 118,,,UNRESOLVED
Asian_Resurfacing_Of_Road_Agency_P_Ltd_vs_Central_Bureau_Of_Investigation_on_28_March_2018_1.PDF,Corruption,SCC 1977 4 137,,,UNRESOLVED
Asian_Resurfacing_Of_Road_Agency_P_Ltd_vs_Central_Bureau_Of_Investigation_on_28_March_2018_1.PDF,Corruption,SCC 2017 14 809,,,UNRESOLVED
Asian_Resurfacing_Of_Road_Agency_P_Ltd_vs_Central_Bureau_Of_Investigation_on_28_March_2018_1.PDF,Corruption,SCC 2014 9 516,,,UNRESOLVED
Asian_Resurfacing_Of_Road_Agency_P_Ltd_vs_Central_Bureau_Of_Investigation_on_28_March_2018_1.PDF,Corruption,SCC 2010 8 329,,,UNRESOLVED
Asian_Resurfacing_Of_Road_Agency_P_Ltd_vs_Central_Bureau_Of_Investigation_on_28_March_2018_1.PDF,Corruption,SCC 1994 2 664,State_Of_Maharashtra_vs_Abdul_Hamid_Haji_Mohammad_on_21_February_1994_1.PDF,,OUTSIDE_DOMAINS
Asian_Resurfacing_Of_Road_Agency_P_Ltd_vs_Central_Bureau_Of_Investigation_on_28_March_2018_1.PDF,Corruption,SCC 1994 3 569,Kartar_Singh_vs_State_Of_Punjab_on_11_March_1994_1.PDF,Corruption; Organized Crime / Extortion,INTERNAL
Asian_Resurfacing_Of_Road_Agency_P_Ltd_vs_Central_Bureau_Of_Investigation_on_28_March_2018_1.PDF,Corruption,SCC 1984 2 436,,,UNRESOLVED
Asian_Resurfacing_Of_Road_Agency_P_Ltd_vs_Central_Bureau_Of_Investigation_on_28_March_2018_1.PDF,Corruption,SCC 1985 1 260,,,UNRESOLVED
Asian_Resurfacing_Of_Road_Agency_P_Ltd_vs_Central_Bureau_Of_Investigation_on_28_March_2018_1.PDF,Corruption,SCC 1994 2 70,Union_Territory_Of_Pondicherry_And_vs_P_V_Suresh_And_Others_on_23_September_1993_1.PDF,,OUTSIDE_DOMAINS
Asian_Resurfacing_Of_Road_Agency_P_Ltd_vs_Central_Bureau_Of_Investigation_on_28_March_2018_1.PDF,Corruption,SCC 1986 2 203,,,UNRESOLVED
Asian_Resurfacing_Of_Road_Agency_P_Ltd_vs_Central_Bureau_Of_Investigation_on_28_March_2018_1.PDF,Corruption,SCC 1977 2 699,,,UNRESOLVED
Asian_Resurfacing_Of_Road_Agency_P_Ltd_vs_Central_Bureau_Of_Investigation_on_28_March_2018_1.PDF,Corruption,SCC 1989 4 90,,,UNRESOLVED
Asian_Resurfacing_Of_Road_Agency_P_Ltd_vs_Central_Bureau_Of_Investigation_on_28_March_2018_1.PDF,Corruption,SCC 1989 1 715,Stree_Atyachar_Virodhi_Parishad_Etc_vs_Dilip_Nathumal_Chordia_Anr_on_8_February_1989_1.PDF,Violent Crime / Homicide,CROSS_DOMAIN
Asian_Resurfacing_Of_Road_Agency_P_Ltd_vs_Central_Bureau_Of_Investigation_on_28_March_2018_1.PDF,Corruption,SCC 1996 11 439,,,UNRESOLVED
Asian_Resurfacing_Of_Road_Agency_P_Ltd_vs_Central_Bureau_Of_Investigation_on_28_March_2018_1.PDF,Corruption,SCC 2000 6 338,,,UNRESOLVED
Asian_Resurfacing_Of_Road_Agency_P_Ltd_vs_Central_Bureau_Of_Investigation_on_28_March_2018_1.PDF,Corruption,SCC 2014 3 92,,,UNRESOLVED
Asian_Resurfacing_Of_Road_Agency_P_Ltd_vs_Central_Bureau_Of_Investigation_on_28_March_2018_1.PDF,Corruption,SCC 2002 2 135,,,UNRESOLVED
Asian_Resurfacing_Of_Road_Agency_P_Ltd_vs_Central_Bureau_Of_Investigation_on_28_March_2018_1.PDF,Corruption,SCC 1979 3 4,Union_Of_India_Uoi_vs_Prafulla_Kumar_Samal_And_Anr_on_6_November_1978_1.PDF,,OUTSIDE_DOMAINS
Asian_Resurfacing_Of_Road_Agency_P_Ltd_vs_Central_Bureau_Of_Investigation_on_28_March_2018_1.PDF,Corruption,SCC 2001 3 703,,,UNRESOLVED
Asian_Resurfacing_Of_Road_Agency_P_Ltd_vs_Central_Bureau_Of_Investigation_on_28_March_2018_1.PDF,Corruption,SCC 1990 4 76,,,UNRESOLVED
Asian_Resurfacing_Of_Road_Agency_P_Ltd_vs_Central_Bureau_Of_Investigation_on_28_March_2018_1.PDF,Corruption,SCC 1997 4 393,,,UNRESOLVED
Asian_Resurfacing_Of_Road_Agency_P_Ltd_vs_Central_Bureau_Of_Investigation_on_28_March_2018_1.PDF,Corruption,SCC 1997 4 39,,,UNRESOLVED
Asian_Resurfacing_Of_Road_Agency_P_Ltd_vs_Central_Bureau_Of_Investigation_on_28_March_2018_1.PDF,Corruption,SCC 2012 2 688,,,UNRESOLVED
Asian_Resurfacing_Of_Road_Agency_P_Ltd_vs_Central_Bureau_Of_Investigation_on_28_March_2018_1.PDF,Corruption,SCC 1977 4 551,,,UNRESOLVED
Asian_Resurfacing_Of_Road_Agency_P_Ltd_vs_Central_Bureau_Of_Investigation_on_28_March_2018_1.PDF,Corruption,SCC 2017 14 809,,,UNRESOLVED
Asian_Resurfacing_Of_Road_Agency_P_Ltd_vs_Central_Bureau_Of_Investigation_on_28_March_2018_1.PDF,Corruption,SCC 2001 8 607,,,UNRESOLVED
Asian_Resurfacing_Of_Road_Agency_P_Ltd_vs_Central_Bureau_Of_Investigation_on_28_March_2018_1.PDF,Corruption,SCC 1977 4 137,,,UNRESOLVED
Asian_Resurfacing_Of_Road_Agency_P_Ltd_vs_Central_Bureau_Of_Investigation_on_28_March_2018_1.PDF,Corruption,SCC 2004 13 269,,,UNRESOLVED
Asian_Resurfacing_Of_Road_Agency_P_Ltd_vs_Central_Bureau_Of_Investigation_on_28_March_2018_1.PDF,Corruption,SCC 2017 14 809,,,UNRESOLVED
Asian_Resurfacing_Of_Road_Agency_P_Ltd_vs_Central_Bureau_Of_Investigation_on_28_March_2018_1.PDF,Corruption,SCC 1977 4 551,,,UNRESOLVED
Asian_Resurfacing_Of_Road_Agency_P_Ltd_vs_Central_Bureau_Of_Investigation_on_28_March_2018_1.PDF,Corruption,SCC 1997 3 261,,,UNRESOLVED
Asian_Resurfacing_Of_Road_Agency_P_Ltd_vs_Central_Bureau_Of_Investigation_on_28_March_2018_1.PDF,Corruption,SCC 1994 3 569,Kartar_Singh_vs_State_Of_Punjab_on_11_March_1994_1.PDF,Corruption; Organized Crime / Extortion,INTERNAL
Asian_Resurfacing_Of_Road_Agency_P_Ltd_vs_Central_Bureau_Of_Investigation_on_28_March_2018_1.PDF,Corruption,SCR 1968 2 685,,,UNRESOLVED
Asian_Resurfacing_Of_Road_Agency_P_Ltd_vs_Central_Bureau_Of_Investigation_on_28_March_2018_1.PDF,Corruption,SCR 1947 2 685,,,UNRESOLVED
Asian_Resurfacing_Of_Road_Agency_P_Ltd_vs_Central_Bureau_Of_Investigation_on_28_March_2018_1.PDF,Corruption,SCR 1968 2 685,,,UNRESOLVED
Asian_Resurfacing_Of_Road_Agency_P_Ltd_vs_Central_Bureau_Of_Investigation_on_28_March_2018_1.PDF,Corruption,SCR 1966 3 198,,,UNRESOLVED
Asian_Resurfacing_Of_Road_Agency_P_Ltd_vs_Central_Bureau_Of_Investigation_on_28_March_2018_1.PDF,Corruption,SCR 1967 3 926,,,UNRESOLVED
Asian_Resurfacing_Of_Road_Agency_P_Ltd_vs_Central_Bureau_Of_Investigation_on_28_March_2018_1.PDF,Corruption,SCR 1965 1 413,,,UNRESOLVED
Asian_Resurfacing_Of_Road_Agency_P_Ltd_vs_Central_Bureau_Of_Investigation_on_28_March_2018_1.PDF,Corruption,SCR 1950 88,A_K_Gopalan_vs_The_State_Of_Madras_Union_Of_India__on_19_May_1950_1.PDF,Organized Crime / Extortion,CROSS_DOMAIN
Canara_Bank_vs_N_G_Subbaraya_Setty_on_20_April_2018_1.PDF,Corruption,AIR 1916 PC 78,,,UNRESOLVED
Canara_Bank_vs_N_G_Subbaraya_Setty_on_20_April_2018_1.PDF,Corruption,AIR 1931 PC 263,,,UNRESOLVED
Canara_Bank_vs_N_G_Subbaraya_Setty_on_20_April_2018_1.PDF,Corruption,AIR 1963 MYSORE 120,,,UNRESOLVED
Canara_Bank_vs_N_G_Subbaraya_Setty_on_20_April_2018_1.PDF,Corruption,AIR 1917 MADRAS 597,,,UNRESOLVED
Canara_Bank_vs_N_G_Subbaraya_Setty_on_20_April_2018_1.PDF,Corruption,AIR 1933 MADRAS 511,,,UNRESOLVED
Canara_Bank_vs_N_G_Subbaraya_Setty_on_20_April_2018_1.PDF,Corruption,AIR 1968 SC 647,,,UNRESOLVED
Canara_Bank_vs_N_G_Subbaraya_Setty_on_20_April_2018_1.PDF,Corruption,SCC 1970 1 613,,,UNRESOLVED
Canara_Bank_vs_N_G_Subbaraya_Setty_on_20_April_2018_1.PDF,Corruption,SCC 2004 1 551,,,UNRESOLVED
Canara_Bank_vs_N_G_Subbaraya_Setty_on_20_April_2018_1.PDF,Corruption,SCC 1990 1 193,Sushil_Kumar_Metha_vs_Gobind_Ram_Bohra_on_10_November_1989_1.PDF,,OUTSIDE_DOMAINS
Canara_Bank_vs_N_G_Subbaraya_Setty_on_20_April_2018_1.PDF,Corruption,SCC 1991 1 494,,,UNRESOLVED
Canara_Bank_vs_N_G_Subbaraya_Setty_on_20_April_2018_1.PDF,Corruption,SCC 1995 6 614,Nand_Kishore_vs_State_Of_Punjab_on_21_September_1995_1.PDF,,OUTSIDE_DOMAINS
Canara_Bank_vs_N_G_Subbaraya_Setty_on_20_April_2018_1.PDF,Corruption,SCC 1996 6 424,,,UNRESOLVED
Canara_Bank_vs_N_G_Subbaraya_Setty_on_20_April_2018_1.PDF,Corruption,SCC 2005 5 390,,,UNRESOLVED
Canara_Bank_vs_N_G_Subbaraya_Setty_on_20_April_2018_1.PDF,Corruption,SCC 1977 3 99,,,UNRESOLVED
Canara_Bank_vs_N_G_Subbaraya_Setty_on_20_April_2018_1.PDF,Corruption,SCR 1962 1 574,,,UNRESOLVED
Canara_Bank_vs_N_G_Subbaraya_Setty_on_20_April_2018_1.PDF,Corruption,SCR 1966 3 300,,,UNRESOLVED
Canara_Bank_vs_N_G_Subbaraya_Setty_on_20_April_2018_1.PDF,Corruption,SCR 1953 377,Mohanlal_Goenka_vs_Benoy_Krishna_Mukherjeeand_Others_on_9_December_1952_1.PDF,,OUTSIDE_DOMAINS
Canara_Bank_vs_N_G_Subbaraya_Setty_on_20_April_2018_1.PDF,Corruption,SCR 1964 5 683,,,UNRESOLVED
Canara_Bank_vs_N_G_Subbaraya_Setty_on_20_April_2018_1.PDF,Corruption,SCR 1964 7 587,,,UNRESOLVED
Canara_Bank_vs_N_G_Subbaraya_Setty_on_20_April_2018_1.PDF,Corruption,SCR 1981 2 466,,,UNRESOLVED
Dashrath_Singh_Chauhan_vs_C_B_I_on_9_October_2018_1.PDF,Corruption,SCC 1972 2 466,,,UNRESOLVED
Dashrath_Singh_Chauhan_vs_C_B_I_on_9_October_2018_1.PDF,Corruption,SCC 1996 11 720,,,UNRESOLVED
Himachal_Pradesh_Cricket_Association_vs_The_State_Of_Himachal_Pradesh_on_2_November_2018_1.PDF,Corruption,AIR 1967 SC 1,,,UNRESOLVED
Himachal_Pradesh_Cricket_Association_vs_The_State_Of_Himachal_Pradesh_on_2_November_2018_1.PDF,Corruption,SCC 1997 4 770,,,UNRESOLVED
Himachal_Pradesh_Cricket_Association_vs_The_State_Of_Himachal_Pradesh_on_2_November_2018_1.PDF,Corruption,SCC 1991 4 406,,,UNRESOLVED
Himachal_Pradesh_Cricket_Association_vs_The_State_Of_Himachal_Pradesh_on_2_November_2018_1.PDF,Corruption,SCC 2008 8 781,,,UNRESOLVED
Himachal_Pradesh_Cricket_Association_vs_The_State_Of_Himachal_Pradesh_on_2_November_2018_1.PDF,Corruption,SCC 2013 1 205,,,UNRESOLVED
Himachal_Pradesh_Cricket_Association_vs_The_State_Of_Himachal_Pradesh_on_2_November_2018_1.PDF,Corruption,SCC 2003 9 700,,,UNRESOLVED
Himachal_Pradesh_Cricket_Association_vs_The_State_Of_Himachal_Pradesh_on_2_November_2018_1.PDF,Corruption,SCC 2017 13 369,,,UNRESOLVED
Himachal_Pradesh_Cricket_Association_vs_The_State_Of_Himachal_Pradesh_on_2_November_2018_1.PDF,Corruption,SCC 2014 2 1,,,UNRESOLVED
Himachal_Pradesh_Cricket_Association_vs_The_State_Of_Himachal_Pradesh_on_2_November_2018_1.PDF,Corruption,SCC 2006 6 736,,,UNRESOLVED
Himachal_Pradesh_Cricket_Association_vs_The_State_Of_Himachal_Pradesh_on_2_November_2018_1.PDF,Corruption,SCC 1988 1 692,,,UNRESOLVED
Himachal_Pradesh_Cricket_Association_vs_The_State_Of_Himachal_Pradesh_on_2_November_2018_1.PDF,Corruption,SCC 1995 6 194,Mrs_Rupan_Deol_Bajaj_Anr_vs_Kanwar_Pal_Singh_Gill_Anr_on_12_October_1995_1.PDF,Organized Crime / Extortion,CROSS_DOMAIN
Himachal_Pradesh_Cricket_Association_vs_The_State_Of_Himachal_Pradesh_on_2_November_2018_1.PDF,Corruption,SCC 1996 5 591,,,UNRESOLVED
Himachal_Pradesh_Cricket_Association_vs_The_State_Of_Himachal_Pradesh_on_2_November_2018_1.PDF,Corruption,SCC 1996 8 164,,,UNRESOLVED
Himachal_Pradesh_Cricket_Association_vs_The_State_Of_Himachal_Pradesh_on_2_November_2018_1.PDF,Corruption,SCC 2018 259,,,UNRESOLVED
Himachal_Pradesh_Cricket_Association_vs_The_State_Of_Himachal_Pradesh_on_2_November_2018_1.PDF,Corruption,SCC 2000 3 269,,,UNRESOLVED
Himachal_Pradesh_Cricket_Association_vs_The_State_Of_Himachal_Pradesh_on_2_November_2018_1.PDF,Corruption,SCC 2000 4 168,,,UNRESOLVED
Himachal_Pradesh_Cricket_Association_vs_The_State_Of_Himachal_Pradesh_on_2_November_2018_1.PDF,Corruption,SCC 2001 8 645,,,UNRESOLVED
Himachal_Pradesh_Cricket_Association_vs_The_State_Of_Himachal_Pradesh_on_2_November_2018_1.PDF,Corruption,SCC 2005 1 122,,,UNRESOLVED
Himachal_Pradesh_Cricket_Association_vs_The_State_Of_Himachal_Pradesh_on_2_November_2018_1.PDF,Corruption,SCC 2004 6 522,,,UNRESOLVED
Himachal_Pradesh_Cricket_Association_vs_The_State_Of_Himachal_Pradesh_on_2_November_2018_1.PDF,Corruption,SCC 2013 10 591,,,UNRESOLVED
Himachal_Pradesh_Cricket_Association_vs_The_State_Of_Himachal_Pradesh_on_2_November_2018_1.PDF,Corruption,SCC 2011 8 737,,,UNRESOLVED
Himachal_Pradesh_Cricket_Association_vs_The_State_Of_Himachal_Pradesh_on_2_November_2018_1.PDF,Corruption,SCC 2011 9 286,,,UNRESOLVED
Himachal_Pradesh_Cricket_Association_vs_The_State_Of_Himachal_Pradesh_on_2_November_2018_1.PDF,Corruption,SCC 2010 14 527,,,UNRESOLVED
Himachal_Pradesh_Cricket_Association_vs_The_State_Of_Himachal_Pradesh_on_2_November_2018_1.PDF,Corruption,SCC 1990 4 239,,,UNRESOLVED
Himachal_Pradesh_Cricket_Association_vs_The_State_Of_Himachal_Pradesh_on_2_November_2018_1.PDF,Corruption,SCC 2002 3 89,,,UNRESOLVED
Himachal_Pradesh_Cricket_Association_vs_The_State_Of_Himachal_Pradesh_on_2_November_2018_1.PDF,Corruption,SCC 2002 3 89,,,UNRESOLVED
Himachal_Pradesh_Cricket_Association_vs_The_State_Of_Himachal_Pradesh_on_2_November_2018_1.PDF,Corruption,SCR 1963 1 778,,,UNRESOLVED
Justice_K_S_Puttaswamy_Retd_vs_Union_Of_India_on_26_September_2018_1.PDF,Corruption,AIR 1964 SC 370,,,UNRESOLVED
Justice_K_S_Puttaswamy_Retd_vs_Union_Of_India_on_26_September_2018_1.PDF,Corruption,AIR 1950 SC 27,,,UNRESOLVED
Justice_K_S_Puttaswamy_Retd_vs_Union_Of_India_on_26_September_2018_1.PDF,Corruption,AIR 1963 SC 1295,,,UNRESOLVED
Justice_K_S_Puttaswamy_Retd_vs_Union_Of_India_on_26_September_2018_1.PDF,Corruption,AIR 1963 SC 1295,,,UNRESOLVED
Justice_K_S_Puttaswamy_Retd_vs_Union_Of_India_on_26_September_2018_1.PDF,Corruption,AIR 1983 AP 356,,,UNRESOLVED
Justice_K_S_Puttaswamy_Retd_vs_Union_Of_India_on_26_September_2018_1.PDF,Corruption,AIR 1984 SC 1562,,,UNRESOLVED
Justice_K_S_Puttaswamy_Retd_vs_Union_Of_India_on_26_September_2018_1.PDF,Corruption,AIR 1967 SC 1836,,,UNRESOLVED
Justice_K_S_Puttaswamy_Retd_vs_Union_Of_India_on_26_September_2018_1.PDF,Corruption,AIR 1974 SC 555,,,UNRESOLVED
Justice_K_S_Puttaswamy_Retd_vs_Union_Of_India_on_26_September_2018_1.PDF,Corruption,AIR 2005 SC 186,,,UNRESOLVED
Justice_K_S_Puttaswamy_Retd_vs_Union_Of_India_on_26_September_2018_1.PDF,Corruption,AIR 1963 SC 1295,,,UNRESOLVED
Justice_K_S_Puttaswamy_Retd_vs_Union_Of_India_on_26_September_2018_1.PDF,Corruption,AIR 1952 SC 196,,,UNRESOLVED
Justice_K_S_Puttaswamy_Retd_vs_Union_Of_India_on_26_September_2018_1.PDF,Corruption,AIR 1962 SC 305,,,UNRESOLVED
Justice_K_S_Puttaswamy_Retd_vs_Union_Of_India_on_26_September_2018_1.PDF,Corruption,AIR 1958 SC 731,,,UNRESOLVED
Justice_K_S_Puttaswamy_Retd_vs_Union_Of_India_on_26_September_2018_1.PDF,Corruption,AIR 1953 SC 333,,,UNRESOLVED
Justice_K_S_Puttaswamy_Retd_vs_Union_Of_India_on_26_September_2018_1.PDF,Corruption,AIR 1953 SC 244,,,UNRESOLVED
Justice_K_S_Puttaswamy_Retd_vs_Union_Of_India_on_26_September_2018_1.PDF,Corruption,AIR 1959 SC 352,,,UNRESOLVED
Justice_K_S_Puttaswamy_Retd_vs_Union_Of_India_on_26_September_2018_1.PDF,Corruption,AIR 1955 SC 661,,,UNRESOLVED
Justice_K_S_Puttaswamy_Retd_vs_Union_Of_India_on_26_September_2018_1.PDF,Corruption,AIR 1963 SC 1448,,,UNRESOLVED
Justice_K_S_Puttaswamy_Retd_vs_Union_Of_India_on_26_September_2018_1.PDF,Corruption,AIR 1966 SC 719,,,UNRESOLVED
Justice_K_S_Puttaswamy_Retd_vs_Union_Of_India_on_26_September_2018_1.PDF,Corruption,AIR 1997 SC 208,,,UNRESOLVED
Justice_K_S_Puttaswamy_Retd_vs_Union_Of_India_on_26_September_2018_1.PDF,Corruption,AIR 1966 SC 870,,,UNRESOLVED
Justice_K_S_Puttaswamy_Retd_vs_Union_Of_India_on_26_September_2018_1.PDF,Corruption,AIR 2004 SC 3666,,,UNRESOLVED
Justice_K_S_Puttaswamy_Retd_vs_Union_Of_India_on_26_September_2018_1.PDF,Corruption,AIR 2005 SC 34,,,UNRESOLVED
Justice_K_S_Puttaswamy_Retd_vs_Union_Of_India_on_26_September_2018_1.PDF,Corruption,AIR 1961 SC 838,,,UNRESOLVED
Justice_K_S_Puttaswamy_Retd_vs_Union_Of_India_on_26_September_2018_1.PDF,Corruption,AIR 1965 SC 745,In_The_Matter_Of__Under_Article_143_Of_The_vs_Unknown_on_30_September_1964_1.PDF,,OUTSIDE_DOMAINS
Justice_K_S_Puttaswamy_Retd_vs_Union_Of_India_on_26_September_2018_1.PDF,Corruption,AIR 1960 SC 1186,,,UNRESOLVED
Justice_K_S_Puttaswamy_Retd_vs_Union_Of_India_on_26_September_2018_1.PDF,Corruption,AIR 1963 PAT 16,,,UNRESOLVED
Justice_K_S_Puttaswamy_Retd_vs_Union_Of_India_on_26_September_2018_1.PDF,Corruption,AIR 1965 SC 745,In_The_Matter_Of__Under_Article_143_Of_The_vs_Unknown_on_30_September_1964_1.PDF,,OUTSIDE_DOMAINS
Justice_K_S_Puttaswamy_Retd_vs_Union_Of_India_on_26_September_2018_1.PDF,Corruption,AIR 1965 SC 745,In_The_Matter_Of__Under_Article_143_Of_The_vs_Unknown_on_30_September_1964_1.PDF,,OUTSIDE_DOMAINS
Justice_K_S_Puttaswamy_Retd_vs_Union_Of_India_on_26_September_2018_1.PDF,Corruption,AIR 1965 SC 745,In_The_Matter_Of__Under_Article_143_Of_The_vs_Unknown_on_30_September_1964_1.PDF,,OUTSIDE_DOMAINS
Justice_K_S_Puttaswamy_Retd_vs_Union_Of_India_on_26_September_2018_1.PDF,Corruption,AIR 1960 SC 1186,,,UNRESOLVED
Justice_K_S_Puttaswamy_Retd_vs_Union_Of_India_on_26_September_2018_1.PDF,Corruption,AIR 1994 SC 1998,,,UNRESOLVED
Justice_K_S_Puttaswamy_Retd_vs_Union_Of_India_on_26_September_2018_1.PDF,Corruption,AIR 1967 SC 1170,,,UNRESOLVED
Justice_K_S_Puttaswamy_Retd_vs_Union_Of_India_on_26_September_2018_1.PDF,Corruption,AIR 1963 SC 1295,,,UNRESOLVED
Justice_K_S_Puttaswamy_Retd_vs_Union_Of_India_on_26_September_2018_1.PDF,Corruption,AIR 1961 SC 1808,,,UNRESOLVED
Justice_K_S_Puttaswamy_Retd_vs_Union_Of_India_on_26_September_2018_1.PDF,Corruption,AIR 1961 SC 1808,,,UNRESOLVED
Justice_K_S_Puttaswamy_Retd_vs_Union_Of_India_on_26_September_2018_1.PDF,Corruption,AIR 1952 SC 196,,,UNRESOLVED
Justice_K_S_Puttaswamy_Retd_vs_Union_Of_India_on_26_September_2018_1.PDF,Corruption,AIR 1962 SC 1753,,,UNRESOLVED
Justice_K_S_Puttaswamy_Retd_vs_Union_Of_India_on_26_September_2018_1.PDF,Corruption,AIR 1954 SC 251,,,UNRESOLVED
Justice_K_S_Puttaswamy_Retd_vs_Union_Of_India_on_26_September_2018_1.PDF,Corruption,AIR 1959 SC 648,,,UNRESOLVED
Justice_K_S_Puttaswamy_Retd_vs_Union_Of_India_on_26_September_2018_1.PDF,Corruption,AIR 1966 SC 573,,,UNRESOLVED
Justice_K_S_Puttaswamy_Retd_vs_Union_Of_India_on_26_September_2018_1.PDF,Corruption,AIR 1961 SC 838,,,UNRESOLVED
Justice_K_S_Puttaswamy_Retd_vs_Union_Of_India_on_26_September_2018_1.PDF,Corruption,AIR 1963 SC 439,,,UNRESOLVED
Justice_K_S_Puttaswamy_Retd_vs_Union_Of_India_on_26_September_2018_1.PDF,Corruption,AIR 1954 SC 520,,,UNRESOLVED
Justice_K_S_Puttaswamy_Retd_vs_Union_Of_India_on_26_September_2018_1.PDF,Corruption,AIR 1965 SC 745,In_The_Matter_Of__Under_Article_143_Of_The_vs_Unknown_on_30_September_1964_1.PDF,,OUTSIDE_DOMAINS
Justice_K_S_Puttaswamy_Retd_vs_Union_Of_India_on_26_September_2018_1.PDF,Corruption,AIR 1965 SC 745,In_The_Matter_Of__Under_Article_143_Of_The_vs_Unknown_on_30_September_1964_1.PDF,,OUTSIDE_DOMAINS
Justice_K_S_Puttaswamy_Retd_vs_Union_Of_India_on_26_September_2018_1.PDF,Corruption,AIR 1960 SC 1186,,,UNRESOLVED
Justice_K_S_Puttaswamy_Retd_vs_Union_Of_India_on_26_September_2018_1.PDF,Corruption,AIR 1963 SC 589,,,UNRESOLVED
Justice_K_S_Puttaswamy_Retd_vs_Union_Of_India_on_26_September_2018_1.PDF,Corruption,AIR 1965 SC 745,In_The_Matter_Of__Under_Article_143_Of_The_vs_Unknown_on_30_September_1964_1.PDF,,OUTSIDE_DOMAINS
Justice_K_S_Puttaswamy_Retd_vs_Union_Of_India_on_26_September_2018_1.PDF,Corruption,AIR 1960 SC 1186,,,UNRESOLVED
Justice_K_S_Puttaswamy_Retd_vs_Union_Of_India_on_26_September_2018_1.PDF,Corruption,SCC 2011 14 331,,,UNRESOLVED
Justice_K_S_Puttaswamy_Retd_vs_Union_Of_India_on_26_September_2018_1.PDF,Corruption,SCC 2010 13 45,,,UNRESOLVED
Justice_K_S_Puttaswamy_Retd_vs_Union_Of_India_on_26_September_2018_1.PDF,Corruption,SCC 2013 2 705,,,UNRESOLVED
Justice_K_S_Puttaswamy_Retd_vs_Union_Of_India_on_26_September_2018_1.PDF,Corruption,SCC 2017 10 1,,,UNRESOLVED
Justice_K_S_Puttaswamy_Retd_vs_Union_Of_India_on_26_September_2018_1.PDF,Corruption,SCC 1977 4 471,,,UNRESOLVED
Justice_K_S_Puttaswamy_Retd_vs_Union_Of_India_on_26_September_2018_1.PDF,Corruption,SCC 1977 2 548,,,UNRESOLVED
Justice_K_S_Puttaswamy_Retd_vs_Union_Of_India_on_26_September_2018_1.PDF,Corruption,SCC 1996 1 742,,,UNRESOLVED
Justice_K_S_Puttaswamy_Retd_vs_Union_Of_India_on_26_September_2018_1.PDF,Corruption,SCC 2017 7 59,,,UNRESOLVED
Justice_K_S_Puttaswamy_Retd_vs_Union_Of_India_on_26_September_2018_1.PDF,Corruption,SCC 1980 1 223,,,UNRESOLVED
Justice_K_S_Puttaswamy_Retd_vs_Union_Of_India_on_26_September_2018_1.PDF,Corruption,SCC 1981 4 675,R_K_Garg_And_Ors_vs_Union_Of_India_Uoi_And_Ors_on_13_November_1981_1.PDF,Organized Crime / Extortion,CROSS_DOMAIN
Justice_K_S_Puttaswamy_Retd_vs_Union_Of_India_on_26_September_2018_1.PDF,Corruption,SCC 2003 5 239,,,UNRESOLVED
Justice_K_S_Puttaswamy_Retd_vs_Union_Of_India_on_26_September_2018_1.PDF,Corruption,SCC 2012 6 312,,,UNRESOLVED
Justice_K_S_Puttaswamy_Retd_vs_Union_Of_India_on_26_September_2018_1.PDF,Corruption,SCC 2008 6 1,,,UNRESOLVED
Justice_K_S_Puttaswamy_Retd_vs_Union_Of_India_on_26_September_2018_1.PDF,Corruption,SCC 1996 3 709,State_Of_Andhra_Pradesh_And_Ors_Etc_vs_Mcdowell_Co_And_Ors_Etc_on_21_March_1996_1.PDF,Organized Crime / Extortion,CROSS_DOMAIN
Justice_K_S_Puttaswamy_Retd_vs_Union_Of_India_on_26_September_2018_1.PDF,Corruption,SCC 2016 2 445,,,UNRESOLVED
Justice_K_S_Puttaswamy_Retd_vs_Union_Of_India_on_26_September_2018_1.PDF,Corruption,SCC 2017 9 1,,,UNRESOLVED
Justice_K_S_Puttaswamy_Retd_vs_Union_Of_India_on_26_September_2018_1.PDF,Corruption,SCC 1996 3 709,State_Of_Andhra_Pradesh_And_Ors_Etc_vs_Mcdowell_Co_And_Ors_Etc_on_21_March_1996_1.PDF,Organized Crime / Extortion,CROSS_DOMAIN
Justice_K_S_Puttaswamy_Retd_vs_Union_Of_India_on_26_September_2018_1.PDF,Corruption,SCC 1996 3 709,State_Of_Andhra_Pradesh_And_Ors_Etc_vs_Mcdowell_Co_And_Ors_Etc_on_21_March_1996_1.PDF,Organized Crime / Extortion,CROSS_DOMAIN
Justice_K_S_Puttaswamy_Retd_vs_Union_Of_India_on_26_September_2018_1.PDF,Corruption,SCC 1998 2 1,,,UNRESOLVED
Justice_K_S_Puttaswamy_Retd_vs_Union_Of_India_on_26_September_2018_1.PDF,Corruption,SCC 1996 2 226,Dr_K_R_Lakshmanan_vs_State_Of_Tamil_Nadu_And_Anr_on_12_January_1996_1.PDF,,OUTSIDE_DOMAINS
Justice_K_S_Puttaswamy_Retd_vs_Union_Of_India_on_26_September_2018_1.PDF,Corruption,SCC 1978 1 248,Mrs_Maneka_Gandhi_vs_Union_Of_India_Uoi_And_Anr_on_25_January_1978_1.PDF,Organized Crime / Extortion,CROSS_DOMAIN
Justice_K_S_Puttaswamy_Retd_vs_Union_Of_India_on_26_September_2018_1.PDF,Corruption,SCC 1997 2 453,,,UNRESOLVED
Justice_K_S_Puttaswamy_Retd_vs_Union_Of_India_on_26_September_2018_1.PDF,Corruption,SCC 2012 6 312,,,UNRESOLVED
Justice_K_S_Puttaswamy_Retd_vs_Union_Of_India_on_26_September_2018_1.PDF,Corruption,SCC 2016 2 445,,,UNRESOLVED
Justice_K_S_Puttaswamy_Retd_vs_Union_Of_India_on_26_September_2018_1.PDF,Corruption,SCC 2017 7 59,,,UNRESOLVED
Justice_K_S_Puttaswamy_Retd_vs_Union_Of_India_on_26_September_2018_1.PDF,Corruption,SCC 1996 3 709,State_Of_Andhra_Pradesh_And_Ors_Etc_vs_Mcdowell_Co_And_Ors_Etc_on_21_March_1996_1.PDF,Organized Crime / Extortion,CROSS_DOMAIN
Justice_K_S_Puttaswamy_Retd_vs_Union_Of_India_on_26_September_2018_1.PDF,Corruption,SCC 1996 3 709,State_Of_Andhra_Pradesh_And_Ors_Etc_vs_Mcdowell_Co_And_Ors_Etc_on_21_March_1996_1.PDF,Organized Crime / Extortion,CROSS_DOMAIN
Justice_K_S_Puttaswamy_Retd_vs_Union_Of_India_on_26_September_2018_1.PDF,Corruption,SCC 1996 3 709,State_Of_Andhra_Pradesh_And_Ors_Etc_vs_Mcdowell_Co_And_Ors_Etc_on_21_March_1996_1.PDF,Organized Crime / Extortion,CROSS_DOMAIN
Justice_K_S_Puttaswamy_Retd_vs_Union_Of_India_on_26_September_2018_1.PDF,Corruption,SCC 1975 2 148,Gobind_vs_State_Of_Madhya_Pradesh_And_Anr_on_18_March_1975_1.PDF,,OUTSIDE_DOMAINS
Justice_K_S_Puttaswamy_Retd_vs_Union_Of_India_on_26_September_2018_1.PDF,Corruption,SCC 1978 4 494,,,UNRESOLVED
Justice_K_S_Puttaswamy_Retd_vs_Union_Of_India_on_26_September_2018_1.PDF,Corruption,SCC 1978 4 494,,,UNRESOLVED
Justice_K_S_Puttaswamy_Retd_vs_Union_Of_India_on_26_September_2018_1.PDF,Corruption,SCC 1981 1 608,,,UNRESOLVED
Justice_K_S_Puttaswamy_Retd_vs_Union_Of_India_on_26_September_2018_1.PDF,Corruption,SCC 1981 1 608,,,UNRESOLVED
Justice_K_S_Puttaswamy_Retd_vs_Union_Of_India_on_26_September_2018_1.PDF,Corruption,SCC 1978 4 494,,,UNRESOLVED
Justice_K_S_Puttaswamy_Retd_vs_Union_Of_India_on_26_September_2018_1.PDF,Corruption,SCC 1980 3 526,,,UNRESOLVED
Justice_K_S_Puttaswamy_Retd_vs_Union_Of_India_on_26_September_2018_1.PDF,Corruption,SCC 1981 1 608,,,UNRESOLVED
Justice_K_S_Puttaswamy_Retd_vs_Union_Of_India_on_26_September_2018_1.PDF,Corruption,SCC 1984 3 161,,,UNRESOLVED
Justice_K_S_Puttaswamy_Retd_vs_Union_Of_India_on_26_September_2018_1.PDF,Corruption,SCC 2010 3 786,,,UNRESOLVED
Justice_K_S_Puttaswamy_Retd_vs_Union_Of_India_on_26_September_2018_1.PDF,Corruption,SCC 2015 6 702,,,UNRESOLVED
Justice_K_S_Puttaswamy_Retd_vs_Union_Of_India_on_26_September_2018_1.PDF,Corruption,SCC 2016 7 761,,,UNRESOLVED
Justice_K_S_Puttaswamy_Retd_vs_Union_Of_India_on_26_September_2018_1.PDF,Corruption,SCC 1986 3 615,,,UNRESOLVED
Justice_K_S_Puttaswamy_Retd_vs_Union_Of_India_on_26_September_2018_1.PDF,Corruption,SCC 1978 1 248,Mrs_Maneka_Gandhi_vs_Union_Of_India_Uoi_And_Anr_on_25_January_1978_1.PDF,Organized Crime / Extortion,CROSS_DOMAIN
Justice_K_S_Puttaswamy_Retd_vs_Union_Of_India_on_26_September_2018_1.PDF,Corruption,SCC 1984 4 90,,,UNRESOLVED
Justice_K_S_Puttaswamy_Retd_vs_Union_Of_India_on_26_September_2018_1.PDF,Corruption,SCC 1993 1 645,,,UNRESOLVED
Justice_K_S_Puttaswamy_Retd_vs_Union_Of_India_on_26_September_2018_1.PDF,Corruption,SCC 1993 1 645,,,UNRESOLVED
Justice_K_S_Puttaswamy_Retd_vs_Union_Of_India_on_26_September_2018_1.PDF,Corruption,SCC 1975 2 148,Gobind_vs_State_Of_Madhya_Pradesh_And_Anr_on_18_March_1975_1.PDF,,OUTSIDE_DOMAINS
Justice_K_S_Puttaswamy_Retd_vs_Union_Of_India_on_26_September_2018_1.PDF,Corruption,SCC 1978 4 494,,,UNRESOLVED
Justice_K_S_Puttaswamy_Retd_vs_Union_Of_India_on_26_September_2018_1.PDF,Corruption,SCC 1978 4 104,,,UNRESOLVED
Justice_K_S_Puttaswamy_Retd_vs_Union_Of_India_on_26_September_2018_1.PDF,Corruption,SCC 1978 3 544,,,UNRESOLVED
Justice_K_S_Puttaswamy_Retd_vs_Union_Of_India_on_26_September_2018_1.PDF,Corruption,SCC 1980 1 81,,,UNRESOLVED
Justice_K_S_Puttaswamy_Retd_vs_Union_Of_India_on_26_September_2018_1.PDF,Corruption,SCC 1980 3 526,,,UNRESOLVED
Justice_K_S_Puttaswamy_Retd_vs_Union_Of_India_on_26_September_2018_1.PDF,Corruption,SCC 1983 2 68,,,UNRESOLVED
Justice_K_S_Puttaswamy_Retd_vs_Union_Of_India_on_26_September_2018_1.PDF,Corruption,SCC 1983 2 96,,,UNRESOLVED
Justice_K_S_Puttaswamy_Retd_vs_Union_Of_India_on_26_September_2018_1.PDF,Corruption,SCC 1989 4 286,,,UNRESOLVED
Justice_K_S_Puttaswamy_Retd_vs_Union_Of_India_on_26_September_2018_1.PDF,Corruption,SCC 1990 1 520,,,UNRESOLVED
Justice_K_S_Puttaswamy_Retd_vs_Union_Of_India_on_26_September_2018_1.PDF,Corruption,SCC 1980 2 360,,,UNRESOLVED
Justice_K_S_Puttaswamy_Retd_vs_Union_Of_India_on_26_September_2018_1.PDF,Corruption,SCC 1978 4 494,,,UNRESOLVED
Justice_K_S_Puttaswamy_Retd_vs_Union_Of_India_on_26_September_2018_1.PDF,Corruption,SCC 1980 3 526,,,UNRESOLVED
Justice_K_S_Puttaswamy_Retd_vs_Union_Of_India_on_26_September_2018_1.PDF,Corruption,SCC 1978 1 248,Mrs_Maneka_Gandhi_vs_Union_Of_India_Uoi_And_Anr_on_25_January_1978_1.PDF,Organized Crime / Extortion,CROSS_DOMAIN
Justice_K_S_Puttaswamy_Retd_vs_Union_Of_India_on_26_September_2018_1.PDF,Corruption,SCC 1978 1 248,Mrs_Maneka_Gandhi_vs_Union_Of_India_Uoi_And_Anr_on_25_January_1978_1.PDF,Organized Crime / Extortion,CROSS_DOMAIN
Justice_K_S_Puttaswamy_Retd_vs_Union_Of_India_on_26_September_2018_1.PDF,Corruption,SCC 1974 4 3,,,UNRESOLVED
Justice_K_S_Puttaswamy_Retd_vs_Union_Of_India_on_26_September_2018_1.PDF,Corruption,SCC 2005 1 496,,,UNRESOLVED
Justice_K_S_Puttaswamy_Retd_vs_Union_Of_India_on_26_September_2018_1.PDF,Corruption,SCC 2008 13 5,,,UNRESOLVED
Justice_K_S_Puttaswamy_Retd_vs_Union_Of_India_on_26_September_2018_1.PDF,Corruption,SCC 1975 2 148,Gobind_vs_State_Of_Madhya_Pradesh_And_Anr_on_18_March_1975_1.PDF,,OUTSIDE_DOMAINS
Justice_K_S_Puttaswamy_Retd_vs_Union_Of_India_on_26_September_2018_1.PDF,Corruption,SCC 2018 5 1,,,UNRESOLVED
Justice_K_S_Puttaswamy_Retd_vs_Union_Of_India_on_26_September_2018_1.PDF,Corruption,SCC 2014 5 438,,,UNRESOLVED
Justice_K_S_Puttaswamy_Retd_vs_Union_Of_India_on_26_September_2018_1.PDF,Corruption,SCC 2015 6 702,,,UNRESOLVED
Justice_K_S_Puttaswamy_Retd_vs_Union_Of_India_on_26_September_2018_1.PDF,Corruption,SCC 2016 7 761,,,UNRESOLVED
Justice_K_S_Puttaswamy_Retd_vs_Union_Of_India_on_26_September_2018_1.PDF,Corruption,SCC 2018 5 1,,,UNRESOLVED
Justice_K_S_Puttaswamy_Retd_vs_Union_Of_India_on_26_September_2018_1.PDF,Corruption,SCC 2011 4 454,,,UNRESOLVED
Justice_K_S_Puttaswamy_Retd_vs_Union_Of_India_on_26_September_2018_1.PDF,Corruption,SCC 1996 2 648,Smt_Gian_Kaur_vs_The_State_Of_Punjab_on_21_March_1996_1.PDF,,OUTSIDE_DOMAINS
Justice_K_S_Puttaswamy_Retd_vs_Union_Of_India_on_26_September_2018_1.PDF,Corruption,SCC 2016 7 353,,,UNRESOLVED
Justice_K_S_Puttaswamy_Retd_vs_Union_Of_India_on_26_September_2018_1.PDF,Corruption,SCC 2010 7 263,,,UNRESOLVED
Justice_K_S_Puttaswamy_Retd_vs_Union_Of_India_on_26_September_2018_1.PDF,Corruption,SCC 2005 1 496,,,UNRESOLVED
Justice_K_S_Puttaswamy_Retd_vs_Union_Of_India_on_26_September_2018_1.PDF,Corruption,SCC 2013 6 620,,,UNRESOLVED
Justice_K_S_Puttaswamy_Retd_vs_Union_Of_India_on_26_September_2018_1.PDF,Corruption,SCC 1975 2 148,Gobind_vs_State_Of_Madhya_Pradesh_And_Anr_on_18_March_1975_1.PDF,,OUTSIDE_DOMAINS
Justice_K_S_Puttaswamy_Retd_vs_Union_Of_India_on_26_September_2018_1.PDF,Corruption,SCC 2010 6 614,,,UNRESOLVED
Justice_K_S_Puttaswamy_Retd_vs_Union_Of_India_on_26_September_2018_1.PDF,Corruption,SCC 2008 6 1,,,UNRESOLVED
Justice_K_S_Puttaswamy_Retd_vs_Union_Of_India_on_26_September_2018_1.PDF,Corruption,SCC 2011 14 331,,,UNRESOLVED
Justice_K_S_Puttaswamy_Retd_vs_Union_Of_India_on_26_September_2018_1.PDF,Corruption,SCC 2017 7 59,,,UNRESOLVED
Justice_K_S_Puttaswamy_Retd_vs_Union_Of_India_on_26_September_2018_1.PDF,Corruption,SCC 2013 6 670,,,UNRESOLVED
Justice_K_S_Puttaswamy_Retd_vs_Union_Of_India_on_26_September_2018_1.PDF,Corruption,SCC 2017 7 59,,,UNRESOLVED
Justice_K_S_Puttaswamy_Retd_vs_Union_Of_India_on_26_September_2018_1.PDF,Corruption,SCC 1973 4 225,Kesavananda_Bharati_Sripadagalvaru_vs_State_Of_Kerala_And_Anr_on_24_April_1973_1.PDF,,OUTSIDE_DOMAINS
Justice_K_S_Puttaswamy_Retd_vs_Union_Of_India_on_26_September_2018_1.PDF,Corruption,SCC 1996 4 37,Paschim_Banga_Khet_Mazdoorsamity_Of_Ors_vs_State_Of_West_Bengal_Anr_on_6_May_1996_1.PDF,,OUTSIDE_DOMAINS
Justice_K_S_Puttaswamy_Retd_vs_Union_Of_India_on_26_September_2018_1.PDF,Corruption,SCC 1992 3 666,,,UNRESOLVED
Justice_K_S_Puttaswamy_Retd_vs_Union_Of_India_on_26_September_2018_1.PDF,Corruption,SCC 1993 1 645,,,UNRESOLVED
Justice_K_S_Puttaswamy_Retd_vs_Union_Of_India_on_26_September_2018_1.PDF,Corruption,SCC 2003 4 399,,,UNRESOLVED
Justice_K_S_Puttaswamy_Retd_vs_Union_Of_India_on_26_September_2018_1.PDF,Corruption,SCC 2016 7 221,,,UNRESOLVED
Justice_K_S_Puttaswamy_Retd_vs_Union_Of_India_on_26_September_2018_1.PDF,Corruption,SCC 1975 1 11,,,UNRESOLVED
Justice_K_S_Puttaswamy_Retd_vs_Union_Of_India_on_26_September_2018_1.PDF,Corruption,SCC 1982 2 33,P_P_Enterprises_And_Ors_vs_Union_Of_India_Uoi_And_Ors_on_16_March_1982_1.PDF,,OUTSIDE_DOMAINS
Justice_K_S_Puttaswamy_Retd_vs_Union_Of_India_on_26_September_2018_1.PDF,Corruption,SCC 2007 15 49,,,UNRESOLVED
Justice_K_S_Puttaswamy_Retd_vs_Union_Of_India_on_26_September_2018_1.PDF,Corruption,SCC 2014 5 409,,,UNRESOLVED
Justice_K_S_Puttaswamy_Retd_vs_Union_Of_India_on_26_September_2018_1.PDF,Corruption,SCC 1997 1 301,,,UNRESOLVED
Justice_K_S_Puttaswamy_Retd_vs_Union_Of_India_on_26_September_2018_1.PDF,Corruption,SCC 1997 1 556,,,UNRESOLVED
Justice_K_S_Puttaswamy_Retd_vs_Union_Of_India_on_26_September_2018_1.PDF,Corruption,SCC 2014 9 772,,,UNRESOLVED
Justice_K_S_Puttaswamy_Retd_vs_Union_Of_India_on_26_September_2018_1.PDF,Corruption,SCC 2001 2 386,,,UNRESOLVED
Justice_K_S_Puttaswamy_Retd_vs_Union_Of_India_on_26_September_2018_1.PDF,Corruption,SCC 2004 2 130,,,UNRESOLVED
Justice_K_S_Puttaswamy_Retd_vs_Union_Of_India_on_26_September_2018_1.PDF,Corruption,SCC 1969 1 248,,,UNRESOLVED
Justice_K_S_Puttaswamy_Retd_vs_Union_Of_India_on_26_September_2018_1.PDF,Corruption,SCC 2017 3 362,,,UNRESOLVED
Justice_K_S_Puttaswamy_Retd_vs_Union_Of_India_on_26_September_2018_1.PDF,Corruption,SCC 1996 6 185,,,UNRESOLVED
Justice_K_S_Puttaswamy_Retd_vs_Union_Of_India_on_26_September_2018_1.PDF,Corruption,SCC 2004 6 59,,,UNRESOLVED
Justice_K_S_Puttaswamy_Retd_vs_Union_Of_India_on_26_September_2018_1.PDF,Corruption,SCC 2004 11 417,,,UNRESOLVED
Justice_K_S_Puttaswamy_Retd_vs_Union_Of_India_on_26_September_2018_1.PDF,Corruption,SCC 2012 5 661,,,UNRESOLVED
Justice_K_S_Puttaswamy_Retd_vs_Union_Of_India_on_26_September_2018_1.PDF,Corruption,SCC 1997 1 326,,,UNRESOLVED
Justice_K_S_Puttaswamy_Retd_vs_Union_Of_India_on_26_September_2018_1.PDF,Corruption,SCC 1994 2 323,,,UNRESOLVED
Justice_K_S_Puttaswamy_Retd_vs_Union_Of_India_on_26_September_2018_1.PDF,Corruption,SCC 1995 1 537,Shri_Harish_Tandon_vs_The_Addl_District_Magistrate_on_5_January_1995_1.PDF,,OUTSIDE_DOMAINS
Justice_K_S_Puttaswamy_Retd_vs_Union_Of_India_on_26_September_2018_1.PDF,Corruption,SCC 2013 4 280,,,UNRESOLVED
Justice_K_S_Puttaswamy_Retd_vs_Union_Of_India_on_26_September_2018_1.PDF,Corruption,SCC 1975 2 148,Gobind_vs_State_Of_Madhya_Pradesh_And_Anr_on_18_March_1975_1.PDF,,OUTSIDE_DOMAINS
Justice_K_S_Puttaswamy_Retd_vs_Union_Of_India_on_26_September_2018_1.PDF,Corruption,SCC 1987 1 124,,,UNRESOLVED
Justice_K_S_Puttaswamy_Retd_vs_Union_Of_India_on_26_September_2018_1.PDF,Corruption,SCC 2007 2 1,,,UNRESOLVED
Justice_K_S_Puttaswamy_Retd_vs_Union_Of_India_on_26_September_2018_1.PDF,Corruption,SCC 2011 7 547,,,UNRESOLVED
Justice_K_S_Puttaswamy_Retd_vs_Union_Of_India_on_26_September_2018_1.PDF,Corruption,SCC 1980 3 625,Minerva_Mills_Ltd_And_Ors_vs_Union_Of_India_Uoi_And_Ors_on_9_May_1980_1.PDF,,OUTSIDE_DOMAINS
Justice_K_S_Puttaswamy_Retd_vs_Union_Of_India_on_26_September_2018_1.PDF,Corruption,SCC 1973 4 225,Kesavananda_Bharati_Sripadagalvaru_vs_State_Of_Kerala_And_Anr_on_24_April_1973_1.PDF,,OUTSIDE_DOMAINS
Justice_K_S_Puttaswamy_Retd_vs_Union_Of_India_on_26_September_2018_1.PDF,Corruption,SCC 2014 9 1,,,UNRESOLVED
Justice_K_S_Puttaswamy_Retd_vs_Union_Of_India_on_26_September_2018_1.PDF,Corruption,SCC 2014 9 1,,,UNRESOLVED
Justice_K_S_Puttaswamy_Retd_vs_Union_Of_India_on_26_September_2018_1.PDF,Corruption,SCC 1990 1 109,,,UNRESOLVED
Justice_K_S_Puttaswamy_Retd_vs_Union_Of_India_on_26_September_2018_1.PDF,Corruption,SCC 1991 4 699,,,UNRESOLVED
Justice_K_S_Puttaswamy_Retd_vs_Union_Of_India_on_26_September_2018_1.PDF,Corruption,SCC 1994 3 1,,,UNRESOLVED
Justice_K_S_Puttaswamy_Retd_vs_Union_Of_India_on_26_September_2018_1.PDF,Corruption,SCC 2007 3 184,,,UNRESOLVED
Justice_K_S_Puttaswamy_Retd_vs_Union_Of_India_on_26_September_2018_1.PDF,Corruption,SCC 2010 4 1,,,UNRESOLVED
Justice_K_S_Puttaswamy_Retd_vs_Union_Of_India_on_26_September_2018_1.PDF,Corruption,SCC 2006 7 1,,,UNRESOLVED
Justice_K_S_Puttaswamy_Retd_vs_Union_Of_India_on_26_September_2018_1.PDF,Corruption,SCC 2014 11 415,,,UNRESOLVED
Justice_K_S_Puttaswamy_Retd_vs_Union_Of_India_on_26_September_2018_1.PDF,Corruption,SCC 2007 3 184,,,UNRESOLVED
Justice_K_S_Puttaswamy_Retd_vs_Union_Of_India_on_26_September_2018_1.PDF,Corruption,SCC 2014 11 415,,,UNRESOLVED
Justice_K_S_Puttaswamy_Retd_vs_Union_Of_India_on_26_September_2018_1.PDF,Corruption,SCC 2016 3 183,,,UNRESOLVED
Justice_K_S_Puttaswamy_Retd_vs_Union_Of_India_on_26_September_2018_1.PDF,Corruption,SCC 2007 3 184,,,UNRESOLVED
Justice_K_S_Puttaswamy_Retd_vs_Union_Of_India_on_26_September_2018_1.PDF,Corruption,SCC 2014 11 415,,,UNRESOLVED
Justice_K_S_Puttaswamy_Retd_vs_Union_Of_India_on_26_September_2018_1.PDF,Corruption,SCC 2014 11 415,,,UNRESOLVED
Justice_K_S_Puttaswamy_Retd_vs_Union_Of_India_on_26_September_2018_1.PDF,Corruption,SCC 2010 4 1,,,UNRESOLVED
Justice_K_S_Puttaswamy_Retd_vs_Union_Of_India_on_26_September_2018_1.PDF,Corruption,SCC 2002 8 228,,,UNRESOLVED
Justice_K_S_Puttaswamy_Retd_vs_Union_Of_India_on_26_September_2018_1.PDF,Corruption,SCC 2016 7 221,,,UNRESOLVED
Justice_K_S_Puttaswamy_Retd_vs_Union_Of_India_on_26_September_2018_1.PDF,Corruption,SCC 2011 8 1,,,UNRESOLVED
Justice_K_S_Puttaswamy_Retd_vs_Union_Of_India_on_26_September_2018_1.PDF,Corruption,SCC 1995 3 100,,,UNRESOLVED
Justice_K_S_Puttaswamy_Retd_vs_Union_Of_India_on_26_September_2018_1.PDF,Corruption,SCC 2017 7 155,,,UNRESOLVED
Justice_K_S_Puttaswamy_Retd_vs_Union_Of_India_on_26_September_2018_1.PDF,Corruption,SCC 2017 10 1,,,UNRESOLVED
Justice_K_S_Puttaswamy_Retd_vs_Union_Of_India_on_26_September_2018_1.PDF,Corruption,SCC 2017 10 1,,,UNRESOLVED
Justice_K_S_Puttaswamy_Retd_vs_Union_Of_India_on_26_September_2018_1.PDF,Corruption,SCC 2014 5 438,,,UNRESOLVED
Justice_K_S_Puttaswamy_Retd_vs_Union_Of_India_on_26_September_2018_1.PDF,Corruption,SCC 2016 7 221,,,UNRESOLVED
Justice_K_S_Puttaswamy_Retd_vs_Union_Of_India_on_26_September_2018_1.PDF,Corruption,SCC 2017 7 59,,,UNRESOLVED
Justice_K_S_Puttaswamy_Retd_vs_Union_Of_India_on_26_September_2018_1.PDF,Corruption,SCC 2017 9 1,,,UNRESOLVED
Justice_K_S_Puttaswamy_Retd_vs_Union_Of_India_on_26_September_2018_1.PDF,Corruption,SCC 2011 14 331,,,UNRESOLVED
Justice_K_S_Puttaswamy_Retd_vs_Union_Of_India_on_26_September_2018_1.PDF,Corruption,SCC 2016 7 353,,,UNRESOLVED
Justice_K_S_Puttaswamy_Retd_vs_Union_Of_India_on_26_September_2018_1.PDF,Corruption,SCC 2018 7 1,,,UNRESOLVED
Justice_K_S_Puttaswamy_Retd_vs_Union_Of_India_on_26_September_2018_1.PDF,Corruption,SCC 1971 1 396,,,UNRESOLVED
Justice_K_S_Puttaswamy_Retd_vs_Union_Of_India_on_26_September_2018_1.PDF,Corruption,SCC 1985 3 398,,,UNRESOLVED
Justice_K_S_Puttaswamy_Retd_vs_Union_Of_India_on_26_September_2018_1.PDF,Corruption,SCC 2017 3 1,,,UNRESOLVED
Justice_K_S_Puttaswamy_Retd_vs_Union_Of_India_on_26_September_2018_1.PDF,Corruption,SCC 2010 4 1,,,UNRESOLVED
Justice_K_S_Puttaswamy_Retd_vs_Union_Of_India_on_26_September_2018_1.PDF,Corruption,SCC 2007 3 184,,,UNRESOLVED
Justice_K_S_Puttaswamy_Retd_vs_Union_Of_India_on_26_September_2018_1.PDF,Corruption,SCC 2014 11 415,,,UNRESOLVED
Justice_K_S_Puttaswamy_Retd_vs_Union_Of_India_on_26_September_2018_1.PDF,Corruption,SCC 2016 3 183,,,UNRESOLVED
Justice_K_S_Puttaswamy_Retd_vs_Union_Of_India_on_26_September_2018_1.PDF,Corruption,SCC 2006 7 1,,,UNRESOLVED
Justice_K_S_Puttaswamy_Retd_vs_Union_Of_India_on_26_September_2018_1.PDF,Corruption,SCC 2017 3 1,,,UNRESOLVED
Justice_K_S_Puttaswamy_Retd_vs_Union_Of_India_on_26_September_2018_1.PDF,Corruption,SCC 2008 13 5,,,UNRESOLVED
Justice_K_S_Puttaswamy_Retd_vs_Union_Of_India_on_26_September_2018_1.PDF,Corruption,SCC 2002 8 228,,,UNRESOLVED
Justice_K_S_Puttaswamy_Retd_vs_Union_Of_India_on_26_September_2018_1.PDF,Corruption,SCC 1980 3 625,Minerva_Mills_Ltd_And_Ors_vs_Union_Of_India_Uoi_And_Ors_on_9_May_1980_1.PDF,,OUTSIDE_DOMAINS
Justice_K_S_Puttaswamy_Retd_vs_Union_Of_India_on_26_September_2018_1.PDF,Corruption,SCC 2014 5 438,,,UNRESOLVED
Justice_K_S_Puttaswamy_Retd_vs_Union_Of_India_on_26_September_2018_1.PDF,Corruption,SCC 2012 10 1,,,UNRESOLVED
Justice_K_S_Puttaswamy_Retd_vs_Union_Of_India_on_26_September_2018_1.PDF,Corruption,SCC 2012 3 1,,,UNRESOLVED
Justice_K_S_Puttaswamy_Retd_vs_Union_Of_India_on_26_September_2018_1.PDF,Corruption,SCC 2017 4 269,,,UNRESOLVED
Justice_K_S_Puttaswamy_Retd_vs_Union_Of_India_on_26_September_2018_1.PDF,Corruption,SCC 2003 4 399,,,UNRESOLVED
Justice_K_S_Puttaswamy_Retd_vs_Union_Of_India_on_26_September_2018_1.PDF,Corruption,SCC 2013 16 82,,,UNRESOLVED
Justice_K_S_Puttaswamy_Retd_vs_Union_Of_India_on_26_September_2018_1.PDF,Corruption,SCC 2013 6 620,,,UNRESOLVED
Justice_K_S_Puttaswamy_Retd_vs_Union_Of_India_on_26_September_2018_1.PDF,Corruption,SCC 2016 7 221,,,UNRESOLVED
Justice_K_S_Puttaswamy_Retd_vs_Union_Of_India_on_26_September_2018_1.PDF,Corruption,SCC 2017 4 397,,,UNRESOLVED
Justice_K_S_Puttaswamy_Retd_vs_Union_Of_India_on_26_September_2018_1.PDF,Corruption,SCC 2001 2 386,,,UNRESOLVED
Justice_K_S_Puttaswamy_Retd_vs_Union_Of_India_on_26_September_2018_1.PDF,Corruption,SCC 1969 3 337,State_Of_Bihar_vs_Kamla_Kant_Misra_And_Ors_on_29_October_1969_1.PDF,,OUTSIDE_DOMAINS
Justice_K_S_Puttaswamy_Retd_vs_Union_Of_India_on_26_September_2018_1.PDF,Corruption,SCC 1969 1 853,,,UNRESOLVED
Justice_K_S_Puttaswamy_Retd_vs_Union_Of_India_on_26_September_2018_1.PDF,Corruption,SCC 1982 1 39,,,UNRESOLVED
Justice_K_S_Puttaswamy_Retd_vs_Union_Of_India_on_26_September_2018_1.PDF,Corruption,SCC 2001 2 386,,,UNRESOLVED
Justice_K_S_Puttaswamy_Retd_vs_Union_Of_India_on_26_September_2018_1.PDF,Corruption,SCC 2004 2 130,,,UNRESOLVED
Justice_K_S_Puttaswamy_Retd_vs_Union_Of_India_on_26_September_2018_1.PDF,Corruption,SCC 2016 7 353,,,UNRESOLVED
Justice_K_S_Puttaswamy_Retd_vs_Union_Of_India_on_26_September_2018_1.PDF,Corruption,SCC 2017 10 1,,,UNRESOLVED
Justice_K_S_Puttaswamy_Retd_vs_Union_Of_India_on_26_September_2018_1.PDF,Corruption,SCC 2012 11 1,,,UNRESOLVED
Justice_K_S_Puttaswamy_Retd_vs_Union_Of_India_on_26_September_2018_1.PDF,Corruption,SCC 1978 1 248,Mrs_Maneka_Gandhi_vs_Union_Of_India_Uoi_And_Anr_on_25_January_1978_1.PDF,Organized Crime / Extortion,CROSS_DOMAIN
Justice_K_S_Puttaswamy_Retd_vs_Union_Of_India_on_26_September_2018_1.PDF,Corruption,SCC 1997 6 241,,,UNRESOLVED
Justice_K_S_Puttaswamy_Retd_vs_Union_Of_India_on_26_September_2018_1.PDF,Corruption,SCC 1999 2 228,,,UNRESOLVED
Justice_K_S_Puttaswamy_Retd_vs_Union_Of_India_on_26_September_2018_1.PDF,Corruption,SCC 2008 3 1,,,UNRESOLVED
Justice_K_S_Puttaswamy_Retd_vs_Union_Of_India_on_26_September_2018_1.PDF,Corruption,SCC 2014 5 438,,,UNRESOLVED
Justice_K_S_Puttaswamy_Retd_vs_Union_Of_India_on_26_September_2018_1.PDF,Corruption,SCC 1996 5 125,Madhu_Kishwar_Ors_vs_State_Of_Bihar_Ors_on_17_April_1996_1.PDF,,OUTSIDE_DOMAINS
Justice_K_S_Puttaswamy_Retd_vs_Union_Of_India_on_26_September_2018_1.PDF,Corruption,SCC 2011 7 547,,,UNRESOLVED
Justice_K_S_Puttaswamy_Retd_vs_Union_Of_India_on_26_September_2018_1.PDF,Corruption,SCC 2017 7 59,,,UNRESOLVED
Justice_K_S_Puttaswamy_Retd_vs_Union_Of_India_on_26_September_2018_1.PDF,Corruption,SCC 1996 3 709,State_Of_Andhra_Pradesh_And_Ors_Etc_vs_Mcdowell_Co_And_Ors_Etc_on_21_March_1996_1.PDF,Organized Crime / Extortion,CROSS_DOMAIN
Justice_K_S_Puttaswamy_Retd_vs_Union_Of_India_on_26_September_2018_1.PDF,Corruption,SCC 2012 6 312,,,UNRESOLVED
Justice_K_S_Puttaswamy_Retd_vs_Union_Of_India_on_26_September_2018_1.PDF,Corruption,SCC 2016 2 445,,,UNRESOLVED
Justice_K_S_Puttaswamy_Retd_vs_Union_Of_India_on_26_September_2018_1.PDF,Corruption,SCC 2017 9 1,,,UNRESOLVED
Justice_K_S_Puttaswamy_Retd_vs_Union_Of_India_on_26_September_2018_1.PDF,Corruption,SCC 1981 1 722,,,UNRESOLVED
Justice_K_S_Puttaswamy_Retd_vs_Union_Of_India_on_26_September_2018_1.PDF,Corruption,SCC 1996 2 226,Dr_K_R_Lakshmanan_vs_State_Of_Tamil_Nadu_And_Anr_on_12_January_1996_1.PDF,,OUTSIDE_DOMAINS
Justice_K_S_Puttaswamy_Retd_vs_Union_Of_India_on_26_September_2018_1.PDF,Corruption,SCC 1974 4 3,,,UNRESOLVED
Justice_K_S_Puttaswamy_Retd_vs_Union_Of_India_on_26_September_2018_1.PDF,Corruption,SCC 1998 2 1,,,UNRESOLVED
Justice_K_S_Puttaswamy_Retd_vs_Union_Of_India_on_26_September_2018_1.PDF,Corruption,SCC 2004 4 311,,,UNRESOLVED
Justice_K_S_Puttaswamy_Retd_vs_Union_Of_India_on_26_September_2018_1.PDF,Corruption,SCC 2011 8 737,,,UNRESOLVED
Justice_K_S_Puttaswamy_Retd_vs_Union_Of_India_on_26_September_2018_1.PDF,Corruption,SCC 2011 9 286,,,UNRESOLVED
Justice_K_S_Puttaswamy_Retd_vs_Union_Of_India_on_26_September_2018_1.PDF,Corruption,SCC 2011 9 1,,,UNRESOLVED
Justice_K_S_Puttaswamy_Retd_vs_Union_Of_India_on_26_September_2018_1.PDF,Corruption,SCC 2012 5 275,,,UNRESOLVED
Justice_K_S_Puttaswamy_Retd_vs_Union_Of_India_on_26_September_2018_1.PDF,Corruption,SCC 2017 7 155,,,UNRESOLVED
Justice_K_S_Puttaswamy_Retd_vs_Union_Of_India_on_26_September_2018_1.PDF,Corruption,SCC 2006 3 434,,,UNRESOLVED
Justice_K_S_Puttaswamy_Retd_vs_Union_Of_India_on_26_September_2018_1.PDF,Corruption,SCC 2007 13 673,,,UNRESOLVED
Justice_K_S_Puttaswamy_Retd_vs_Union_Of_India_on_26_September_2018_1.PDF,Corruption,SCC 1969 1 248,,,UNRESOLVED
Justice_K_S_Puttaswamy_Retd_vs_Union_Of_India_on_26_September_2018_1.PDF,Corruption,SCC 1972 2 239,,,UNRESOLVED
Justice_K_S_Puttaswamy_Retd_vs_Union_Of_India_on_26_September_2018_1.PDF,Corruption,SCC 2017 3 362,,,UNRESOLVED
Justice_K_S_Puttaswamy_Retd_vs_Union_Of_India_on_26_September_2018_1.PDF,Corruption,SCC 1974 4 827,,,UNRESOLVED
Justice_K_S_Puttaswamy_Retd_vs_Union_Of_India_on_26_September_2018_1.PDF,Corruption,SCC 1975 2 302,,,UNRESOLVED
Justice_K_S_Puttaswamy_Retd_vs_Union_Of_India_on_26_September_2018_1.PDF,Corruption,SCC 2017 3 362,,,UNRESOLVED
Justice_K_S_Puttaswamy_Retd_vs_Union_Of_India_on_26_September_2018_1.PDF,Corruption,SCC 2014 4 583,,,UNRESOLVED
Justice_K_S_Puttaswamy_Retd_vs_Union_Of_India_on_26_September_2018_1.PDF,Corruption,SCC 1969 2 283,,,UNRESOLVED
Justice_K_S_Puttaswamy_Retd_vs_Union_Of_India_on_26_September_2018_1.PDF,Corruption,SCC 1973 4 225,Kesavananda_Bharati_Sripadagalvaru_vs_State_Of_Kerala_And_Anr_on_24_April_1973_1.PDF,,OUTSIDE_DOMAINS
Justice_K_S_Puttaswamy_Retd_vs_Union_Of_India_on_26_September_2018_1.PDF,Corruption,SCC 2000 4 640,,,UNRESOLVED
Justice_K_S_Puttaswamy_Retd_vs_Union_Of_India_on_26_September_2018_1.PDF,Corruption,SCC 2007 2 1,,,UNRESOLVED
Justice_K_S_Puttaswamy_Retd_vs_Union_Of_India_on_26_September_2018_1.PDF,Corruption,SCC 2014 12 696,,,UNRESOLVED
Justice_K_S_Puttaswamy_Retd_vs_Union_Of_India_on_26_September_2018_1.PDF,Corruption,SCC 1976 2 521,Additional_District_Magistrate_vs_Shivakant_Shukla_on_28_April_1976_1.PDF,Organized Crime / Extortion,CROSS_DOMAIN
Justice_K_S_Puttaswamy_Retd_vs_Union_Of_India_on_26_September_2018_1.PDF,Corruption,SCC 1997 3 261,,,UNRESOLVED
Justice_K_S_Puttaswamy_Retd_vs_Union_Of_India_on_26_September_2018_1.PDF,Corruption,SCC 2007 2 1,,,UNRESOLVED
Justice_K_S_Puttaswamy_Retd_vs_Union_Of_India_on_26_September_2018_1.PDF,Corruption,SCC 2017 3 1,,,UNRESOLVED
Justice_K_S_Puttaswamy_Retd_vs_Union_Of_India_on_26_September_2018_1.PDF,Corruption,SCC 1983 2 96,,,UNRESOLVED
Justice_K_S_Puttaswamy_Retd_vs_Union_Of_India_on_26_September_2018_1.PDF,Corruption,SCC 1987 1 124,,,UNRESOLVED
Justice_K_S_Puttaswamy_Retd_vs_Union_Of_India_on_26_September_2018_1.PDF,Corruption,SCC 2007 2 1,,,UNRESOLVED
Justice_K_S_Puttaswamy_Retd_vs_Union_Of_India_on_26_September_2018_1.PDF,Corruption,SCC 2011 9 1,,,UNRESOLVED
Justice_K_S_Puttaswamy_Retd_vs_Union_Of_India_on_26_September_2018_1.PDF,Corruption,SCC 2009 5 694,,,UNRESOLVED
Justice_K_S_Puttaswamy_Retd_vs_Union_Of_India_on_26_September_2018_1.PDF,Corruption,SCC 1994 6 77,Bhubaneshwar_Singh_vs_Union_Of_India_on_14_July_1994_1.PDF,,OUTSIDE_DOMAINS
Justice_K_S_Puttaswamy_Retd_vs_Union_Of_India_on_26_September_2018_1.PDF,Corruption,SCC 1987 1 362,,,UNRESOLVED
Justice_K_S_Puttaswamy_Retd_vs_Union_Of_India_on_26_September_2018_1.PDF,Corruption,SCC 2002 3 343,,,UNRESOLVED
Justice_K_S_Puttaswamy_Retd_vs_Union_Of_India_on_26_September_2018_1.PDF,Corruption,SCC 2011 7 547,,,UNRESOLVED
Justice_K_S_Puttaswamy_Retd_vs_Union_Of_India_on_26_September_2018_1.PDF,Corruption,SCC 2014 9 1,,,UNRESOLVED
Justice_K_S_Puttaswamy_Retd_vs_Union_Of_India_on_26_September_2018_1.PDF,Corruption,SCC 2017 10 1,,,UNRESOLVED
Justice_K_S_Puttaswamy_Retd_vs_Union_Of_India_on_26_September_2018_1.PDF,Corruption,SCC 2017 7 59,,,UNRESOLVED
Justice_K_S_Puttaswamy_Retd_vs_Union_Of_India_on_26_September_2018_1.PDF,Corruption,SCC 1982 2 33,P_P_Enterprises_And_Ors_vs_Union_Of_India_Uoi_And_Ors_on_16_March_1982_1.PDF,,OUTSIDE_DOMAINS
Justice_K_S_Puttaswamy_Retd_vs_Union_Of_India_on_26_September_2018_1.PDF,Corruption,SCC 1998 8 227,,,UNRESOLVED
Justice_K_S_Puttaswamy_Retd_vs_Union_Of_India_on_26_September_2018_1.PDF,Corruption,SCC 2013 6 620,,,UNRESOLVED
Justice_K_S_Puttaswamy_Retd_vs_Union_Of_India_on_26_September_2018_1.PDF,Corruption,SCC 2011 14 331,,,UNRESOLVED
Justice_K_S_Puttaswamy_Retd_vs_Union_Of_India_on_26_September_2018_1.PDF,Corruption,SCC 2013 14 368,,,UNRESOLVED
Justice_K_S_Puttaswamy_Retd_vs_Union_Of_India_on_26_September_2018_1.PDF,Corruption,SCC 2013 11 783,,,UNRESOLVED
Justice_K_S_Puttaswamy_Retd_vs_Union_Of_India_on_26_September_2018_1.PDF,Corruption,SCC 1997 1 556,,,UNRESOLVED
Justice_K_S_Puttaswamy_Retd_vs_Union_Of_India_on_26_September_2018_1.PDF,Corruption,SCC 2014 9 772,,,UNRESOLVED
Justice_K_S_Puttaswamy_Retd_vs_Union_Of_India_on_26_September_2018_1.PDF,Corruption,SCC 2001 2 386,,,UNRESOLVED
Justice_K_S_Puttaswamy_Retd_vs_Union_Of_India_on_26_September_2018_1.PDF,Corruption,SCC 2016 7 353,,,UNRESOLVED
Justice_K_S_Puttaswamy_Retd_vs_Union_Of_India_on_26_September_2018_1.PDF,Corruption,SCC 1969 1 248,,,UNRESOLVED
Justice_K_S_Puttaswamy_Retd_vs_Union_Of_India_on_26_September_2018_1.PDF,Corruption,SCC 1998 5 39,,,UNRESOLVED
Justice_K_S_Puttaswamy_Retd_vs_Union_Of_India_on_26_September_2018_1.PDF,Corruption,SCC 2017 3 362,,,UNRESOLVED
Justice_K_S_Puttaswamy_Retd_vs_Union_Of_India_on_26_September_2018_1.PDF,Corruption,SCC 2012 5 661,,,UNRESOLVED
Justice_K_S_Puttaswamy_Retd_vs_Union_Of_India_on_26_September_2018_1.PDF,Corruption,SCC 1997 1 326,,,UNRESOLVED
Justice_K_S_Puttaswamy_Retd_vs_Union_Of_India_on_26_September_2018_1.PDF,Corruption,SCC 1994 2 323,,,UNRESOLVED
Justice_K_S_Puttaswamy_Retd_vs_Union_Of_India_on_26_September_2018_1.PDF,Corruption,SCC 1995 1 537,Shri_Harish_Tandon_vs_The_Addl_District_Magistrate_on_5_January_1995_1.PDF,,OUTSIDE_DOMAINS
Justice_K_S_Puttaswamy_Retd_vs_Union_Of_India_on_26_September_2018_1.PDF,Corruption,SCC 2017 7 155,,,UNRESOLVED
Justice_K_S_Puttaswamy_Retd_vs_Union_Of_India_on_26_September_2018_1.PDF,Corruption,SCC 2017 7 155,,,UNRESOLVED
Justice_K_S_Puttaswamy_Retd_vs_Union_Of_India_on_26_September_2018_1.PDF,Corruption,SCC 1979 2 124,,,UNRESOLVED
Justice_K_S_Puttaswamy_Retd_vs_Union_Of_India_on_26_September_2018_1.PDF,Corruption,SCC 1984 4 27,,,UNRESOLVED
Justice_K_S_Puttaswamy_Retd_vs_Union_Of_India_on_26_September_2018_1.PDF,Corruption,SCC 2003 3 321,,,UNRESOLVED
Justice_K_S_Puttaswamy_Retd_vs_Union_Of_India_on_26_September_2018_1.PDF,Corruption,SCC 2011 10 543,,,UNRESOLVED
Justice_K_S_Puttaswamy_Retd_vs_Union_Of_India_on_26_September_2018_1.PDF,Corruption,SCC 2007 3 184,,,UNRESOLVED
Justice_K_S_Puttaswamy_Retd_vs_Union_Of_India_on_26_September_2018_1.PDF,Corruption,SCC 1992 4 506,,,UNRESOLVED
Justice_K_S_Puttaswamy_Retd_vs_Union_Of_India_on_26_September_2018_1.PDF,Corruption,SCC 1991 4 699,,,UNRESOLVED
Justice_K_S_Puttaswamy_Retd_vs_Union_Of_India_on_26_September_2018_1.PDF,Corruption,SCC 2014 11 415,,,UNRESOLVED
Justice_K_S_Puttaswamy_Retd_vs_Union_Of_India_on_26_September_2018_1.PDF,Corruption,SCC 2016 3 1,,,UNRESOLVED
Justice_K_S_Puttaswamy_Retd_vs_Union_Of_India_on_26_September_2018_1.PDF,Corruption,SCC 2007 3 184,,,UNRESOLVED
Justice_K_S_Puttaswamy_Retd_vs_Union_Of_India_on_26_September_2018_1.PDF,Corruption,SCC 2014 11 415,,,UNRESOLVED
Justice_K_S_Puttaswamy_Retd_vs_Union_Of_India_on_26_September_2018_1.PDF,Corruption,SCC 2017 7 59,,,UNRESOLVED
Justice_K_S_Puttaswamy_Retd_vs_Union_Of_India_on_26_September_2018_1.PDF,Corruption,SCC 2017 9 1,,,UNRESOLVED
Justice_K_S_Puttaswamy_Retd_vs_Union_Of_India_on_26_September_2018_1.PDF,Corruption,SCC 2013 1 745,,,UNRESOLVED
Justice_K_S_Puttaswamy_Retd_vs_Union_Of_India_on_26_September_2018_1.PDF,Corruption,SCR 1954 1077,M_P_Sharma_And_Others_vs_Satish_Chandra_District_on_15_March_1954_1.PDF,Organized Crime / Extortion,CROSS_DOMAIN
Justice_K_S_Puttaswamy_Retd_vs_Union_Of_India_on_26_September_2018_1.PDF,Corruption,SCR 1950 594,Romesh_Thappar_vs_The_State_Of_Madras_on_26_May_1950_1.PDF,Violent Crime / Homicide,CROSS_DOMAIN
Justice_K_S_Puttaswamy_Retd_vs_Union_Of_India_on_26_September_2018_1.PDF,Corruption,SCR 1950 88,A_K_Gopalan_vs_The_State_Of_Madras_Union_Of_India__on_19_May_1950_1.PDF,Organized Crime / Extortion,CROSS_DOMAIN
Justice_K_S_Puttaswamy_Retd_vs_Union_Of_India_on_26_September_2018_1.PDF,Corruption,SCR 1964 1 332,,,UNRESOLVED
Justice_K_S_Puttaswamy_Retd_vs_Union_Of_India_on_26_September_2018_1.PDF,Corruption,SCR 1964 1 332,,,UNRESOLVED
Justice_K_S_Puttaswamy_Retd_vs_Union_Of_India_on_26_September_2018_1.PDF,Corruption,SCR 1964 1 332,,,UNRESOLVED
Justice_K_S_Puttaswamy_Retd_vs_Union_Of_India_on_26_September_2018_1.PDF,Corruption,SCR 1988 2 417,,,UNRESOLVED
Justice_K_S_Puttaswamy_Retd_vs_Union_Of_India_on_26_September_2018_1.PDF,Corruption,SCR 1967 3 525,,,UNRESOLVED
Justice_K_S_Puttaswamy_Retd_vs_Union_Of_India_on_26_September_2018_1.PDF,Corruption,SCR 1986 1 103,,,UNRESOLVED
Justice_K_S_Puttaswamy_Retd_vs_Union_Of_India_on_26_September_2018_1.PDF,Corruption,SCR 1986 1 103,,,UNRESOLVED
Justice_K_S_Puttaswamy_Retd_vs_Union_Of_India_on_26_September_2018_1.PDF,Corruption,SCR 1964 1 332,,,UNRESOLVED
Justice_K_S_Puttaswamy_Retd_vs_Union_Of_India_on_26_September_2018_1.PDF,Corruption,SCR 1981 2 516,,,UNRESOLVED
Justice_K_S_Puttaswamy_Retd_vs_Union_Of_India_on_26_September_2018_1.PDF,Corruption,SCR 1962 3 842,,,UNRESOLVED
Justice_K_S_Puttaswamy_Retd_vs_Union_Of_India_on_26_September_2018_1.PDF,Corruption,SCR 1986 1 103,,,UNRESOLVED
Justice_K_S_Puttaswamy_Retd_vs_Union_Of_India_on_26_September_2018_1.PDF,Corruption,SCR 1984 2 66,,,UNRESOLVED
Justice_K_S_Puttaswamy_Retd_vs_Union_Of_India_on_26_September_2018_1.PDF,Corruption,SCR 1998 1 493,,,UNRESOLVED
Justice_K_S_Puttaswamy_Retd_vs_Union_Of_India_on_26_September_2018_1.PDF,Corruption,SCR 1992 2 731,,,UNRESOLVED
Justice_K_S_Puttaswamy_Retd_vs_Union_Of_India_on_26_September_2018_1.PDF,Corruption,SCR 1985 1 295,,,UNRESOLVED
Justice_K_S_Puttaswamy_Retd_vs_Union_Of_India_on_26_September_2018_1.PDF,Corruption,SCR 1963 2 747,,,UNRESOLVED
Justice_K_S_Puttaswamy_Retd_vs_Union_Of_India_on_26_September_2018_1.PDF,Corruption,SCR 1966 2 158,,,UNRESOLVED
Justice_K_S_Puttaswamy_Retd_vs_Union_Of_India_on_26_September_2018_1.PDF,Corruption,SCR 1967 2 454,,,UNRESOLVED
Justice_K_S_Puttaswamy_Retd_vs_Union_Of_India_on_26_September_2018_1.PDF,Corruption,SCR 1967 2 454,,,UNRESOLVED
Justice_K_S_Puttaswamy_Retd_vs_Union_Of_India_on_26_September_2018_1.PDF,Corruption,SCR 1969 1 478,,,UNRESOLVED
Justice_K_S_Puttaswamy_Retd_vs_Union_Of_India_on_26_September_2018_1.PDF,Corruption,SCR 1957 399,A_S_Krishna_vs_State_Of_Madras_With_Connected_on_28_November_1956_1.PDF,,OUTSIDE_DOMAINS
Justice_K_S_Puttaswamy_Retd_vs_Union_Of_India_on_26_September_2018_1.PDF,Corruption,SCR 1952 218,N_P_Ponnuswami_vs_Returning_Officer_on_21_January_1952_1.PDF,,OUTSIDE_DOMAINS
Justice_K_S_Puttaswamy_Retd_vs_Union_Of_India_on_26_September_2018_1.PDF,Corruption,SCR 1965 1 413,,,UNRESOLVED
Justice_K_S_Puttaswamy_Retd_vs_Union_Of_India_on_26_September_2018_1.PDF,Corruption,SCR 1965 1 413,,,UNRESOLVED
Justice_K_S_Puttaswamy_Retd_vs_Union_Of_India_on_26_September_2018_1.PDF,Corruption,SCR 1957 399,A_S_Krishna_vs_State_Of_Madras_With_Connected_on_28_November_1956_1.PDF,,OUTSIDE_DOMAINS
Justice_K_S_Puttaswamy_Retd_vs_Union_Of_India_on_26_September_2018_1.PDF,Corruption,SCR 1950 759,Chintaman_Rao_vs_The_State_Of_Madhya_Pradeshram_on_8_November_1950_1.PDF,,OUTSIDE_DOMAINS
Justice_K_S_Puttaswamy_Retd_vs_Union_Of_India_on_26_September_2018_1.PDF,Corruption,SCR 1952 597,State_Of_Madras_vs_V_G_Row_Union_Of_India_State_on_31_March_1952_1.PDF,,OUTSIDE_DOMAINS
Justice_K_S_Puttaswamy_Retd_vs_Union_Of_India_on_26_September_2018_1.PDF,Corruption,SCR 1963 2 747,,,UNRESOLVED
Justice_K_S_Puttaswamy_Retd_vs_Union_Of_India_on_26_September_2018_1.PDF,Corruption,SCR 1966 1 523,,,UNRESOLVED
Justice_K_S_Puttaswamy_Retd_vs_Union_Of_India_on_26_September_2018_1.PDF,Corruption,SCR 1966 2 158,,,UNRESOLVED
Justice_K_S_Puttaswamy_Retd_vs_Union_Of_India_on_26_September_2018_1.PDF,Corruption,SCR 1955 2 225,Rai_Sahib_Ram_Jawaya_Kapur_And_Ors_vs_The_State_Of_Punjab_on_12_April_1955_1.PDF,,OUTSIDE_DOMAINS
Justice_K_S_Puttaswamy_Retd_vs_Union_Of_India_on_26_September_2018_1.PDF,Corruption,SCR 1967 2 703,,,UNRESOLVED
Justice_K_S_Puttaswamy_Retd_vs_Union_Of_India_on_26_September_2018_1.PDF,Corruption,SCR 1965 1 413,,,UNRESOLVED
Justice_K_S_Puttaswamy_Retd_vs_Union_Of_India_on_26_September_2018_1.PDF,Corruption,SCR 1967 2 454,,,UNRESOLVED
Justice_K_S_Puttaswamy_Retd_vs_Union_Of_India_on_26_September_2018_1.PDF,Corruption,SCR 1950 1077,,,UNRESOLVED
Justice_K_S_Puttaswamy_Retd_vs_Union_Of_India_on_26_September_2018_1.PDF,Corruption,SCR 1962 1 332,,,UNRESOLVED
Justice_K_S_Puttaswamy_Retd_vs_Union_Of_India_on_26_September_2018_1.PDF,Corruption,SCR 1959 629,Mohd_Hanif_Quareshi_Others_vs_The_State_Of_Bihar_And_Connected_on_23_April_1958_1.PDF,,OUTSIDE_DOMAINS
Justice_K_S_Puttaswamy_Retd_vs_Union_Of_India_on_26_September_2018_1.PDF,Corruption,SCR 1986 1 103,,,UNRESOLVED
Justice_K_S_Puttaswamy_Retd_vs_Union_Of_India_on_26_September_2018_1.PDF,Corruption,SCR 1971 3 483,,,UNRESOLVED
Justice_K_S_Puttaswamy_Retd_vs_Union_Of_India_on_26_September_2018_1.PDF,Corruption,SCR 1965 3 53,,,UNRESOLVED
Justice_K_S_Puttaswamy_Retd_vs_Union_Of_India_on_26_September_2018_1.PDF,Corruption,SCR 1971 3 483,,,UNRESOLVED
Kalpana_Mehta_And_Ors_vs_Union_Of_India_And_Ors_on_9_May_2018_1.PDF,Corruption,AIR 1973 SC 1461,,,UNRESOLVED
Kalpana_Mehta_And_Ors_vs_Union_Of_India_And_Ors_on_9_May_2018_1.PDF,Corruption,AIR 1952 SC 75,The_State_Of_West_Bengal_vs_Anwar_Ali_Sarkar_on_11_January_1952_1.PDF,Organized Crime / Extortion; Violent Crime / Homicide,CROSS_DOMAIN
Kalpana_Mehta_And_Ors_vs_Union_Of_India_And_Ors_on_9_May_2018_1.PDF,Corruption,AIR 1953 SC 375,,,UNRESOLVED
Kalpana_Mehta_And_Ors_vs_Union_Of_India_And_Ors_on_9_May_2018_1.PDF,Corruption,AIR 1959 SC 648,,,UNRESOLVED
Kalpana_Mehta_And_Ors_vs_Union_Of_India_And_Ors_on_9_May_2018_1.PDF,Corruption,AIR 1955 SC 549,Rai_Sahib_Ram_Jawaya_Kapur_And_Ors_vs_The_State_Of_Punjab_on_12_April_1955_1.PDF,,OUTSIDE_DOMAINS
Kalpana_Mehta_And_Ors_vs_Union_Of_India_And_Ors_on_9_May_2018_1.PDF,Corruption,AIR 1997 SC 3400,,,UNRESOLVED
Kalpana_Mehta_And_Ors_vs_Union_Of_India_And_Ors_on_9_May_2018_1.PDF,Corruption,AIR 2003 SC 1344,,,UNRESOLVED
Kalpana_Mehta_And_Ors_vs_Union_Of_India_And_Ors_on_9_May_2018_1.PDF,Corruption,AIR 2004 SC 4264,,,UNRESOLVED
Kalpana_Mehta_And_Ors_vs_Union_Of_India_And_Ors_on_9_May_2018_1.PDF,Corruption,AIR 1989 SC 1899,,,UNRESOLVED
Kalpana_Mehta_And_Ors_vs_Union_Of_India_And_Ors_on_9_May_2018_1.PDF,Corruption,AIR 1954 SC 447,,,UNRESOLVED
Kalpana_Mehta_And_Ors_vs_Union_Of_India_And_Ors_on_9_May_2018_1.PDF,Corruption,AIR 1958 SC 419,K_S_Srinivasan_vs_Union_Of_India_Uoi_on_18_February_1958_1.PDF,,OUTSIDE_DOMAINS
Kalpana_Mehta_And_Ors_vs_Union_Of_India_And_Ors_on_9_May_2018_1.PDF,Corruption,AIR 1950 SC 27,,,UNRESOLVED
Kalpana_Mehta_And_Ors_vs_Union_Of_India_And_Ors_on_9_May_2018_1.PDF,Corruption,AIR 1962 SC 305,,,UNRESOLVED
Kalpana_Mehta_And_Ors_vs_Union_Of_India_And_Ors_on_9_May_2018_1.PDF,Corruption,AIR 1965 SC 745,In_The_Matter_Of__Under_Article_143_Of_The_vs_Unknown_on_30_September_1964_1.PDF,,OUTSIDE_DOMAINS
Kalpana_Mehta_And_Ors_vs_Union_Of_India_And_Ors_on_9_May_2018_1.PDF,Corruption,AIR 1963 SC 1241,,,UNRESOLVED
Kalpana_Mehta_And_Ors_vs_Union_Of_India_And_Ors_on_9_May_2018_1.PDF,Corruption,AIR 1935 PC 34,,,UNRESOLVED
Kalpana_Mehta_And_Ors_vs_Union_Of_India_And_Ors_on_9_May_2018_1.PDF,Corruption,AIR 1965 SC 745,In_The_Matter_Of__Under_Article_143_Of_The_vs_Unknown_on_30_September_1964_1.PDF,,OUTSIDE_DOMAINS
Kalpana_Mehta_And_Ors_vs_Union_Of_India_And_Ors_on_9_May_2018_1.PDF,Corruption,AIR 1935 PC 34,,,UNRESOLVED
Kalpana_Mehta_And_Ors_vs_Union_Of_India_And_Ors_on_9_May_2018_1.PDF,Corruption,AIR 1958 SC 538,,,UNRESOLVED
Kalpana_Mehta_And_Ors_vs_Union_Of_India_And_Ors_on_9_May_2018_1.PDF,Corruption,AIR 1954 NAG 71,,,UNRESOLVED
Kalpana_Mehta_And_Ors_vs_Union_Of_India_And_Ors_on_9_May_2018_1.PDF,Corruption,AIR 1958 SC 538,,,UNRESOLVED
Kalpana_Mehta_And_Ors_vs_Union_Of_India_And_Ors_on_9_May_2018_1.PDF,Corruption,AIR 1955 SC 549,Rai_Sahib_Ram_Jawaya_Kapur_And_Ors_vs_The_State_Of_Punjab_on_12_April_1955_1.PDF,,OUTSIDE_DOMAINS
Kalpana_Mehta_And_Ors_vs_Union_Of_India_And_Ors_on_9_May_2018_1.PDF,Corruption,AIR 1973 SC 106,,,UNRESOLVED
Kalpana_Mehta_And_Ors_vs_Union_Of_India_And_Ors_on_9_May_2018_1.PDF,Corruption,AIR 1936 PC 141,,,UNRESOLVED
Kalpana_Mehta_And_Ors_vs_Union_Of_India_And_Ors_on_9_May_2018_1.PDF,Corruption,SCC 2017 7 307,,,UNRESOLVED
Kalpana_Mehta_And_Ors_vs_Union_Of_India_And_Ors_on_9_May_2018_1.PDF,Corruption,SCC 1973 4 225,Kesavananda_Bharati_Sripadagalvaru_vs_State_Of_Kerala_And_Anr_on_24_April_1973_1.PDF,,OUTSIDE_DOMAINS
Kalpana_Mehta_And_Ors_vs_Union_Of_India_And_Ors_on_9_May_2018_1.PDF,Corruption,SCC 1977 3 592,,,UNRESOLVED
Kalpana_Mehta_And_Ors_vs_Union_Of_India_And_Ors_on_9_May_2018_1.PDF,Corruption,SCC 2007 2 1,,,UNRESOLVED
Kalpana_Mehta_And_Ors_vs_Union_Of_India_And_Ors_on_9_May_2018_1.PDF,Corruption,SCC 2017 7 59,,,UNRESOLVED
Kalpana_Mehta_And_Ors_vs_Union_Of_India_And_Ors_on_9_May_2018_1.PDF,Corruption,SCC 1985 3 169,,,UNRESOLVED
Kalpana_Mehta_And_Ors_vs_Union_Of_India_And_Ors_on_9_May_2018_1.PDF,Corruption,SCC 2014 12 696,,,UNRESOLVED
Kalpana_Mehta_And_Ors_vs_Union_Of_India_And_Ors_on_9_May_2018_1.PDF,Corruption,SCC 2010 5 538,,,UNRESOLVED
Kalpana_Mehta_And_Ors_vs_Union_Of_India_And_Ors_on_9_May_2018_1.PDF,Corruption,SCC 1997 7 622,,,UNRESOLVED
Kalpana_Mehta_And_Ors_vs_Union_Of_India_And_Ors_on_9_May_2018_1.PDF,Corruption,SCC 2003 4 289,,,UNRESOLVED
Kalpana_Mehta_And_Ors_vs_Union_Of_India_And_Ors_on_9_May_2018_1.PDF,Corruption,SCC 2008 1 683,,,UNRESOLVED
Kalpana_Mehta_And_Ors_vs_Union_Of_India_And_Ors_on_9_May_2018_1.PDF,Corruption,SCC 1989 2 754,,,UNRESOLVED
Kalpana_Mehta_And_Ors_vs_Union_Of_India_And_Ors_on_9_May_2018_1.PDF,Corruption,SCC 2007 8 279,,,UNRESOLVED
Kalpana_Mehta_And_Ors_vs_Union_Of_India_And_Ors_on_9_May_2018_1.PDF,Corruption,SCC 2005 13 287,,,UNRESOLVED
Kalpana_Mehta_And_Ors_vs_Union_Of_India_And_Ors_on_9_May_2018_1.PDF,Corruption,SCC 1989 4 187,,,UNRESOLVED
Kalpana_Mehta_And_Ors_vs_Union_Of_India_And_Ors_on_9_May_2018_1.PDF,Corruption,SCC 2015 2 796,,,UNRESOLVED
Kalpana_Mehta_And_Ors_vs_Union_Of_India_And_Ors_on_9_May_2018_1.PDF,Corruption,SCC 1994 2 691,,,UNRESOLVED
Kalpana_Mehta_And_Ors_vs_Union_Of_India_And_Ors_on_9_May_2018_1.PDF,Corruption,SCC 1997 7 592,,,UNRESOLVED
Kalpana_Mehta_And_Ors_vs_Union_Of_India_And_Ors_on_9_May_2018_1.PDF,Corruption,SCC 2011 7 639,,,UNRESOLVED
Kalpana_Mehta_And_Ors_vs_Union_Of_India_And_Ors_on_9_May_2018_1.PDF,Corruption,SCC 1998 4 117,,,UNRESOLVED
Kalpana_Mehta_And_Ors_vs_Union_Of_India_And_Ors_on_9_May_2018_1.PDF,Corruption,SCC 1994 3 1,,,UNRESOLVED
Kalpana_Mehta_And_Ors_vs_Union_Of_India_And_Ors_on_9_May_2018_1.PDF,Corruption,SCC 2011 4 36,,,UNRESOLVED
Kalpana_Mehta_And_Ors_vs_Union_Of_India_And_Ors_on_9_May_2018_1.PDF,Corruption,SCC 2004 2 510,,,UNRESOLVED
Kalpana_Mehta_And_Ors_vs_Union_Of_India_And_Ors_on_9_May_2018_1.PDF,Corruption,SCC 2017 10 1,,,UNRESOLVED
Kalpana_Mehta_And_Ors_vs_Union_Of_India_And_Ors_on_9_May_2018_1.PDF,Corruption,SCC 1993 4 441,,,UNRESOLVED
Kalpana_Mehta_And_Ors_vs_Union_Of_India_And_Ors_on_9_May_2018_1.PDF,Corruption,SCC 1970 1 248,,,UNRESOLVED
Kalpana_Mehta_And_Ors_vs_Union_Of_India_And_Ors_on_9_May_2018_1.PDF,Corruption,SCC 1973 1 856,,,UNRESOLVED
Kalpana_Mehta_And_Ors_vs_Union_Of_India_And_Ors_on_9_May_2018_1.PDF,Corruption,SCC 1975 3 198,,,UNRESOLVED
Kalpana_Mehta_And_Ors_vs_Union_Of_India_And_Ors_on_9_May_2018_1.PDF,Corruption,SCC 1975 2 81,,,UNRESOLVED
Kalpana_Mehta_And_Ors_vs_Union_Of_India_And_Ors_on_9_May_2018_1.PDF,Corruption,SCC 1978 1 248,Mrs_Maneka_Gandhi_vs_Union_Of_India_Uoi_And_Anr_on_25_January_1978_1.PDF,Organized Crime / Extortion,CROSS_DOMAIN
Kalpana_Mehta_And_Ors_vs_Union_Of_India_And_Ors_on_9_May_2018_1.PDF,Corruption,SCC 2006 8 212,,,UNRESOLVED
Kalpana_Mehta_And_Ors_vs_Union_Of_India_And_Ors_on_9_May_2018_1.PDF,Corruption,SCC 2001 7 231,,,UNRESOLVED
Kalpana_Mehta_And_Ors_vs_Union_Of_India_And_Ors_on_9_May_2018_1.PDF,Corruption,SCC 1980 3 625,Minerva_Mills_Ltd_And_Ors_vs_Union_Of_India_Uoi_And_Ors_on_9_May_1980_1.PDF,,OUTSIDE_DOMAINS
Kalpana_Mehta_And_Ors_vs_Union_Of_India_And_Ors_on_9_May_2018_1.PDF,Corruption,SCC 2014 9 1,,,UNRESOLVED
Kalpana_Mehta_And_Ors_vs_Union_Of_India_And_Ors_on_9_May_2018_1.PDF,Corruption,SCC 2006 7 1,,,UNRESOLVED
Kalpana_Mehta_And_Ors_vs_Union_Of_India_And_Ors_on_9_May_2018_1.PDF,Corruption,SCC 1972 3 717,,,UNRESOLVED
Kalpana_Mehta_And_Ors_vs_Union_Of_India_And_Ors_on_9_May_2018_1.PDF,Corruption,SCC 1977 4 193,,,UNRESOLVED
Kalpana_Mehta_And_Ors_vs_Union_Of_India_And_Ors_on_9_May_2018_1.PDF,Corruption,SCC 2007 3 184,,,UNRESOLVED
Kalpana_Mehta_And_Ors_vs_Union_Of_India_And_Ors_on_9_May_2018_1.PDF,Corruption,SCC 1984 2 183,,,UNRESOLVED
Kalpana_Mehta_And_Ors_vs_Union_Of_India_And_Ors_on_9_May_2018_1.PDF,Corruption,SCC 1981 4 173,,,UNRESOLVED
Kalpana_Mehta_And_Ors_vs_Union_Of_India_And_Ors_on_9_May_2018_1.PDF,Corruption,SCC 1996 1 130,Dr_Ramesh_Yeshwant_Prabhoo_vs_Shri_Prabhakar_Kashinath_Kunte_Others_on_11_December_1995_1.PDF,Violent Crime / Homicide,CROSS_DOMAIN
Kalpana_Mehta_And_Ors_vs_Union_Of_India_And_Ors_on_9_May_2018_1.PDF,Corruption,SCC 2013 6 1,,,UNRESOLVED
Kalpana_Mehta_And_Ors_vs_Union_Of_India_And_Ors_on_9_May_2018_1.PDF,Corruption,SCC 1972 1 298,,,UNRESOLVED
Kalpana_Mehta_And_Ors_vs_Union_Of_India_And_Ors_on_9_May_2018_1.PDF,Corruption,SCC 1976 3 108,,,UNRESOLVED
Kalpana_Mehta_And_Ors_vs_Union_Of_India_And_Ors_on_9_May_2018_1.PDF,Corruption,SCC 1999 4 306,,,UNRESOLVED
Kalpana_Mehta_And_Ors_vs_Union_Of_India_And_Ors_on_9_May_2018_1.PDF,Corruption,SCC 2008 6 1,,,UNRESOLVED
Kalpana_Mehta_And_Ors_vs_Union_Of_India_And_Ors_on_9_May_2018_1.PDF,Corruption,SCC 1980 2 31,,,UNRESOLVED
Kalpana_Mehta_And_Ors_vs_Union_Of_India_And_Ors_on_9_May_2018_1.PDF,Corruption,SCC 2004 1 712,,,UNRESOLVED
Kalpana_Mehta_And_Ors_vs_Union_Of_India_And_Ors_on_9_May_2018_1.PDF,Corruption,SCC 1976 1 254,,,UNRESOLVED
Kalpana_Mehta_And_Ors_vs_Union_Of_India_And_Ors_on_9_May_2018_1.PDF,Corruption,SCC 1987 1 700,,,UNRESOLVED
Kalpana_Mehta_And_Ors_vs_Union_Of_India_And_Ors_on_9_May_2018_1.PDF,Corruption,SCC 2001 1 4,,,UNRESOLVED
Kalpana_Mehta_And_Ors_vs_Union_Of_India_And_Ors_on_9_May_2018_1.PDF,Corruption,SCC 2002 7 368,,,UNRESOLVED
Kalpana_Mehta_And_Ors_vs_Union_Of_India_And_Ors_on_9_May_2018_1.PDF,Corruption,SCC 2017 7 243,,,UNRESOLVED
Kalpana_Mehta_And_Ors_vs_Union_Of_India_And_Ors_on_9_May_2018_1.PDF,Corruption,SCC 2015 16 795,,,UNRESOLVED
Kalpana_Mehta_And_Ors_vs_Union_Of_India_And_Ors_on_9_May_2018_1.PDF,Corruption,SCC 1995 5 27,Gujarat_Electricity_Board_Thermal_vs_Hind_Mazdoor_Sabha_Ors_on_9_May_1995_1.PDF,,OUTSIDE_DOMAINS
Kalpana_Mehta_And_Ors_vs_Union_Of_India_And_Ors_on_9_May_2018_1.PDF,Corruption,SCC 2016 7 353,,,UNRESOLVED
Kalpana_Mehta_And_Ors_vs_Union_Of_India_And_Ors_on_9_May_2018_1.PDF,Corruption,SCC 2011 10 529,,,UNRESOLVED
Kalpana_Mehta_And_Ors_vs_Union_Of_India_And_Ors_on_9_May_2018_1.PDF,Corruption,SCC 1984 2 244,,,UNRESOLVED
Kalpana_Mehta_And_Ors_vs_Union_Of_India_And_Ors_on_9_May_2018_1.PDF,Corruption,SCC 1997 6 241,,,UNRESOLVED
Kalpana_Mehta_And_Ors_vs_Union_Of_India_And_Ors_on_9_May_2018_1.PDF,Corruption,SCC 2006 8 1,,,UNRESOLVED
Kalpana_Mehta_And_Ors_vs_Union_Of_India_And_Ors_on_9_May_2018_1.PDF,Corruption,SCC 1998 4 626,,,UNRESOLVED
Kalpana_Mehta_And_Ors_vs_Union_Of_India_And_Ors_on_9_May_2018_1.PDF,Corruption,SCC 2007 3 184,,,UNRESOLVED
Kalpana_Mehta_And_Ors_vs_Union_Of_India_And_Ors_on_9_May_2018_1.PDF,Corruption,SCC 2010 6 113,,,UNRESOLVED
Kalpana_Mehta_And_Ors_vs_Union_Of_India_And_Ors_on_9_May_2018_1.PDF,Corruption,SCC 1973 4 225,Kesavananda_Bharati_Sripadagalvaru_vs_State_Of_Kerala_And_Anr_on_24_April_1973_1.PDF,,OUTSIDE_DOMAINS
Kalpana_Mehta_And_Ors_vs_Union_Of_India_And_Ors_on_9_May_2018_1.PDF,Corruption,SCC 2007 2 1,,,UNRESOLVED
Kalpana_Mehta_And_Ors_vs_Union_Of_India_And_Ors_on_9_May_2018_1.PDF,Corruption,SCC 2014 12 696,,,UNRESOLVED
Kalpana_Mehta_And_Ors_vs_Union_Of_India_And_Ors_on_9_May_2018_1.PDF,Corruption,SCC 1976 4 750,,,UNRESOLVED
Kalpana_Mehta_And_Ors_vs_Union_Of_India_And_Ors_on_9_May_2018_1.PDF,Corruption,SCC 1996 7 637,,,UNRESOLVED
Kalpana_Mehta_And_Ors_vs_Union_Of_India_And_Ors_on_9_May_2018_1.PDF,Corruption,SCC 1997 8 522,,,UNRESOLVED
Kalpana_Mehta_And_Ors_vs_Union_Of_India_And_Ors_on_9_May_2018_1.PDF,Corruption,SCC 1969 2 283,,,UNRESOLVED
Kalpana_Mehta_And_Ors_vs_Union_Of_India_And_Ors_on_9_May_2018_1.PDF,Corruption,SCC 2016 5 1,,,UNRESOLVED
Kalpana_Mehta_And_Ors_vs_Union_Of_India_And_Ors_on_9_May_2018_1.PDF,Corruption,SCC 2007 6 586,,,UNRESOLVED
Kalpana_Mehta_And_Ors_vs_Union_Of_India_And_Ors_on_9_May_2018_1.PDF,Corruption,SCC 2010 5 538,,,UNRESOLVED
Kalpana_Mehta_And_Ors_vs_Union_Of_India_And_Ors_on_9_May_2018_1.PDF,Corruption,SCC 2016 5 1,,,UNRESOLVED
Kalpana_Mehta_And_Ors_vs_Union_Of_India_And_Ors_on_9_May_2018_1.PDF,Corruption,SCC 2010 3 571,,,UNRESOLVED
Kalpana_Mehta_And_Ors_vs_Union_Of_India_And_Ors_on_9_May_2018_1.PDF,Corruption,SCC 2017 7 158,,,UNRESOLVED
Kalpana_Mehta_And_Ors_vs_Union_Of_India_And_Ors_on_9_May_2018_1.PDF,Corruption,SCC 2009 16 659,,,UNRESOLVED
Kalpana_Mehta_And_Ors_vs_Union_Of_India_And_Ors_on_9_May_2018_1.PDF,Corruption,SCC 2013 1 745,,,UNRESOLVED
Kalpana_Mehta_And_Ors_vs_Union_Of_India_And_Ors_on_9_May_2018_1.PDF,Corruption,SCC 2009 10 564,,,UNRESOLVED
Kalpana_Mehta_And_Ors_vs_Union_Of_India_And_Ors_on_9_May_2018_1.PDF,Corruption,SCC 1976 1 254,,,UNRESOLVED
Kalpana_Mehta_And_Ors_vs_Union_Of_India_And_Ors_on_9_May_2018_1.PDF,Corruption,SCC 1977 2 611,,,UNRESOLVED
Kalpana_Mehta_And_Ors_vs_Union_Of_India_And_Ors_on_9_May_2018_1.PDF,Corruption,SCC 1998 4 626,,,UNRESOLVED
Kalpana_Mehta_And_Ors_vs_Union_Of_India_And_Ors_on_9_May_2018_1.PDF,Corruption,SCC 1987 1 700,,,UNRESOLVED
Kalpana_Mehta_And_Ors_vs_Union_Of_India_And_Ors_on_9_May_2018_1.PDF,Corruption,SCC 1995 5 27,Gujarat_Electricity_Board_Thermal_vs_Hind_Mazdoor_Sabha_Ors_on_9_May_1995_1.PDF,,OUTSIDE_DOMAINS
Kalpana_Mehta_And_Ors_vs_Union_Of_India_And_Ors_on_9_May_2018_1.PDF,Corruption,SCC 2001 1 4,,,UNRESOLVED
Kalpana_Mehta_And_Ors_vs_Union_Of_India_And_Ors_on_9_May_2018_1.PDF,Corruption,SCC 2003 4 289,,,UNRESOLVED
Kalpana_Mehta_And_Ors_vs_Union_Of_India_And_Ors_on_9_May_2018_1.PDF,Corruption,SCC 2002 7 368,,,UNRESOLVED
Kalpana_Mehta_And_Ors_vs_Union_Of_India_And_Ors_on_9_May_2018_1.PDF,Corruption,SCC 2015 16 795,,,UNRESOLVED
Kalpana_Mehta_And_Ors_vs_Union_Of_India_And_Ors_on_9_May_2018_1.PDF,Corruption,SCC 1977 4 608,,,UNRESOLVED
Kalpana_Mehta_And_Ors_vs_Union_Of_India_And_Ors_on_9_May_2018_1.PDF,Corruption,SCC 2001 6 181,,,UNRESOLVED
Kalpana_Mehta_And_Ors_vs_Union_Of_India_And_Ors_on_9_May_2018_1.PDF,Corruption,SCR 1952 284,The_State_Of_West_Bengal_vs_Anwar_All_Sarkarhabib_Mohamed_The_on_11_January_1952_1.PDF,Organized Crime / Extortion; Violent Crime / Homicide,CROSS_DOMAIN
Kalpana_Mehta_And_Ors_vs_Union_Of_India_And_Ors_on_9_May_2018_1.PDF,Corruption,SCR 1954 1,The_Supreme_Court_Reportsk_C_Gajapati_vs_The_State_Of_Orissa_on_29_May_1953_1.PDF,,OUTSIDE_DOMAINS
Kalpana_Mehta_And_Ors_vs_Union_Of_India_And_Ors_on_9_May_2018_1.PDF,Corruption,SCR 1955 2 225,Rai_Sahib_Ram_Jawaya_Kapur_And_Ors_vs_The_State_Of_Punjab_on_12_April_1955_1.PDF,,OUTSIDE_DOMAINS
Kalpana_Mehta_And_Ors_vs_Union_Of_India_And_Ors_on_9_May_2018_1.PDF,Corruption,SCR 1950 88,A_K_Gopalan_vs_The_State_Of_Madras_Union_Of_India__on_19_May_1950_1.PDF,Organized Crime / Extortion,CROSS_DOMAIN
Kalpana_Mehta_And_Ors_vs_Union_Of_India_And_Ors_on_9_May_2018_1.PDF,Corruption,SCR 1962 3 842,,,UNRESOLVED
Kalpana_Mehta_And_Ors_vs_Union_Of_India_And_Ors_on_9_May_2018_1.PDF,Corruption,SCR 1974 1 1,,,UNRESOLVED
Kalpana_Mehta_And_Ors_vs_Union_Of_India_And_Ors_on_9_May_2018_1.PDF,Corruption,SCR 1975 1 778,,,UNRESOLVED
Kalpana_Mehta_And_Ors_vs_Union_Of_India_And_Ors_on_9_May_2018_1.PDF,Corruption,SCR 1975 2 832,,,UNRESOLVED
Kalpana_Mehta_And_Ors_vs_Union_Of_India_And_Ors_on_9_May_2018_1.PDF,Corruption,SCR 1993 1 319,,,UNRESOLVED
Kalpana_Mehta_And_Ors_vs_Union_Of_India_And_Ors_on_9_May_2018_1.PDF,Corruption,SCR 1996 2 876,,,UNRESOLVED
Kalpana_Mehta_And_Ors_vs_Union_Of_India_And_Ors_on_9_May_2018_1.PDF,Corruption,SCR 1981 1 469,,,UNRESOLVED
Kalpana_Mehta_And_Ors_vs_Union_Of_India_And_Ors_on_9_May_2018_1.PDF,Corruption,SCR 1976 2 373,,,UNRESOLVED
Kalpana_Mehta_And_Ors_vs_Union_Of_India_And_Ors_on_9_May_2018_1.PDF,Corruption,SCR 1965 1 413,,,UNRESOLVED
Kalpana_Mehta_And_Ors_vs_Union_Of_India_And_Ors_on_9_May_2018_1.PDF,Corruption,SCR 1955 2 225,Rai_Sahib_Ram_Jawaya_Kapur_And_Ors_vs_The_State_Of_Punjab_on_12_April_1955_1.PDF,,OUTSIDE_DOMAINS
Kalpana_Mehta_And_Ors_vs_Union_Of_India_And_Ors_on_9_May_2018_1.PDF,Corruption,SCR 1965 1 413,,,UNRESOLVED
Kalpana_Mehta_And_Ors_vs_Union_Of_India_And_Ors_on_9_May_2018_1.PDF,Corruption,SCR 1950 594,Romesh_Thappar_vs_The_State_Of_Madras_on_26_May_1950_1.PDF,Violent Crime / Homicide,CROSS_DOMAIN
Kalpana_Mehta_And_Ors_vs_Union_Of_India_And_Ors_on_9_May_2018_1.PDF,Corruption,SCR 1965 1 413,,,UNRESOLVED
Kalpana_Mehta_And_Ors_vs_Union_Of_India_And_Ors_on_9_May_2018_1.PDF,Corruption,SCR 1965 1 413,,,UNRESOLVED
K_K_Mishra_vs_The_State_Of_Madhya_Pradesh_on_13_April_2018_1.PDF,Corruption,AIR 1961 SC 387,,,UNRESOLVED
K_K_Mishra_vs_The_State_Of_Madhya_Pradesh_on_13_April_2018_1.PDF,Corruption,SCC 2013 15 624,,,UNRESOLVED
K_K_Mishra_vs_The_State_Of_Madhya_Pradesh_on_13_April_2018_1.PDF,Corruption,SCC 2016 7 221,,,UNRESOLVED
K_K_Mishra_vs_The_State_Of_Madhya_Pradesh_on_13_April_2018_1.PDF,Corruption,SCC 2014 10 380,,,UNRESOLVED
K_K_Mishra_vs_The_State_Of_Madhya_Pradesh_on_13_April_2018_1.PDF,Corruption,SCC 2014 10 380,,,UNRESOLVED
Lok_Prahari_vs_Election_Commission_Of_India_on_26_September_2018_1.PDF,Corruption,AIR 2007 SC 1003,,,UNRESOLVED
Lok_Prahari_vs_Election_Commission_Of_India_on_26_September_2018_1.PDF,Corruption,SCC 2001 7 231,,,UNRESOLVED
Lok_Prahari_vs_Election_Commission_Of_India_on_26_September_2018_1.PDF,Corruption,SCC 2013 7 653,,,UNRESOLVED
Lok_Prahari_vs_Election_Commission_Of_India_on_26_September_2018_1.PDF,Corruption,SCC 1998 4 626,,,UNRESOLVED
Lok_Prahari_vs_Election_Commission_Of_India_on_26_September_2018_1.PDF,Corruption,SCC 1995 2 513,Rama_Narang_vs_Ramesh_Narang_Ors_on_19_January_1995_1.PDF,Organized Crime / Extortion,CROSS_DOMAIN
Lok_Prahari_vs_Election_Commission_Of_India_on_26_September_2018_1.PDF,Corruption,SCC 2007 1 673,,,UNRESOLVED
Lok_Prahari_vs_Election_Commission_Of_India_on_26_September_2018_1.PDF,Corruption,SCC 1996 5 329,,,UNRESOLVED
Lok_Prahari_vs_Election_Commission_Of_India_on_26_September_2018_1.PDF,Corruption,SCC 2001 6 584,,,UNRESOLVED
Lok_Prahari_vs_Election_Commission_Of_India_on_26_September_2018_1.PDF,Corruption,SCC 2003 12 432,,,UNRESOLVED
Manju_Surana_vs_Sunil_Arora_on_27_March_2018_1.PDF,Corruption,AIR 1943 PAT 245,,,UNRESOLVED
Manju_Surana_vs_Sunil_Arora_on_27_March_2018_1.PDF,Corruption,AIR 1950 CAL 437,,,UNRESOLVED
Manju_Surana_vs_Sunil_Arora_on_27_March_2018_1.PDF,Corruption,AIR 1961 SC 986,,,UNRESOLVED
Manju_Surana_vs_Sunil_Arora_on_27_March_2018_1.PDF,Corruption,SCC 2013 10 705,,,UNRESOLVED
Manju_Surana_vs_Sunil_Arora_on_27_March_2018_1.PDF,Corruption,SCC 1999 6 559,,,UNRESOLVED
Manju_Surana_vs_Sunil_Arora_on_27_March_2018_1.PDF,Corruption,SCC 2016 9 598,,,UNRESOLVED
Manju_Surana_vs_Sunil_Arora_on_27_March_2018_1.PDF,Corruption,SCC 1973 3 753,,,UNRESOLVED
Manju_Surana_vs_Sunil_Arora_on_27_March_2018_1.PDF,Corruption,SCC 1976 3 252,,,UNRESOLVED
Manju_Surana_vs_Sunil_Arora_on_27_March_2018_1.PDF,Corruption,SCC 1977 4 459,,,UNRESOLVED
Manju_Surana_vs_Sunil_Arora_on_27_March_2018_1.PDF,Corruption,SCC 2010 8 206,,,UNRESOLVED
Manju_Surana_vs_Sunil_Arora_on_27_March_2018_1.PDF,Corruption,SCC 2014 8 682,,,UNRESOLVED
Manju_Surana_vs_Sunil_Arora_on_27_March_2018_1.PDF,Corruption,SCC 2008 5 668,,,UNRESOLVED
Manju_Surana_vs_Sunil_Arora_on_27_March_2018_1.PDF,Corruption,SCC 2009 6 372,,,UNRESOLVED
Manju_Surana_vs_Sunil_Arora_on_27_March_2018_1.PDF,Corruption,SCC 2016 9 598,,,UNRESOLVED
Manju_Surana_vs_Sunil_Arora_on_27_March_2018_1.PDF,Corruption,SCC 2015 6 439,,,UNRESOLVED
Manju_Surana_vs_Sunil_Arora_on_27_March_2018_1.PDF,Corruption,SCC 2001 2 628,,,UNRESOLVED
Manju_Surana_vs_Sunil_Arora_on_27_March_2018_1.PDF,Corruption,SCC 2006 1 627,,,UNRESOLVED
Manju_Surana_vs_Sunil_Arora_on_27_March_2018_1.PDF,Corruption,SCR 1951 312,R_R_Chari_vs_The_State_Of_Uttar_Pradesh_on_19_March_1951_1.PDF,Organized Crime / Extortion,CROSS_DOMAIN
Manju_Surana_vs_Sunil_Arora_on_27_March_2018_1.PDF,Corruption,SCR 1964 5 37,,,UNRESOLVED
Mauvin_Godinho_vs_The_State_Of_Goa_on_17_January_2018_1.PDF,Corruption,SCC 2010 11 374,,,UNRESOLVED
Mauvin_Godinho_vs_The_State_Of_Goa_on_17_January_2018_1.PDF,Corruption,SCC 2003 5 257,,,UNRESOLVED
Mauvin_Godinho_vs_The_State_Of_Goa_on_17_January_2018_1.PDF,Corruption,SCC 2010 9 368,,,UNRESOLVED
Mauvin_Godinho_vs_The_State_Of_Goa_on_17_January_2018_1.PDF,Corruption,SCC 2015 2 417,,,UNRESOLVED
Public_Interest_Foundation_vs_Union_Of_India_on_25_September_2018_1.PDF,Corruption,AIR 2005 SC 688,,,UNRESOLVED
Public_Interest_Foundation_vs_Union_Of_India_on_25_September_2018_1.PDF,Corruption,AIR 1978 SC 851,,,UNRESOLVED
Public_Interest_Foundation_vs_Union_Of_India_on_25_September_2018_1.PDF,Corruption,AIR 1984 SC 921,,,UNRESOLVED
Public_Interest_Foundation_vs_Union_Of_India_on_25_September_2018_1.PDF,Corruption,AIR 1936 PC 253,,,UNRESOLVED
Public_Interest_Foundation_vs_Union_Of_India_on_25_September_2018_1.PDF,Corruption,AIR 1977 SC 842,,,UNRESOLVED
Public_Interest_Foundation_vs_Union_Of_India_on_25_September_2018_1.PDF,Corruption,AIR 1936 PC 253,,,UNRESOLVED
Public_Interest_Foundation_vs_Union_Of_India_on_25_September_2018_1.PDF,Corruption,AIR 2012 SC 3104,,,UNRESOLVED
Public_Interest_Foundation_vs_Union_Of_India_on_25_September_2018_1.PDF,Corruption,SCC 2016 3 183,,,UNRESOLVED
Public_Interest_Foundation_vs_Union_Of_India_on_25_September_2018_1.PDF,Corruption,SCC 2014 9 1,,,UNRESOLVED
Public_Interest_Foundation_vs_Union_Of_India_on_25_September_2018_1.PDF,Corruption,SCC 2013 7 653,,,UNRESOLVED
Public_Interest_Foundation_vs_Union_Of_India_on_25_September_2018_1.PDF,Corruption,SCC 1997 4 306,,,UNRESOLVED
Public_Interest_Foundation_vs_Union_Of_India_on_25_September_2018_1.PDF,Corruption,SCC 1997 6 1,,,UNRESOLVED
Public_Interest_Foundation_vs_Union_Of_India_on_25_September_2018_1.PDF,Corruption,SCC 2002 5 294,,,UNRESOLVED
Public_Interest_Foundation_vs_Union_Of_India_on_25_September_2018_1.PDF,Corruption,SCC 2003 4 399,,,UNRESOLVED
Public_Interest_Foundation_vs_Union_Of_India_on_25_September_2018_1.PDF,Corruption,SCC 1996 4 659,State_Of_Maharashtra_Etc_Etc_vs_Som_Nath_Thapa_Etc_Etc_on_12_April_1996_1.PDF,Organized Crime / Extortion,CROSS_DOMAIN
Public_Interest_Foundation_vs_Union_Of_India_on_25_September_2018_1.PDF,Corruption,SCC 1979 3 4,Union_Of_India_Uoi_vs_Prafulla_Kumar_Samal_And_Anr_on_6_November_1978_1.PDF,,OUTSIDE_DOMAINS
Public_Interest_Foundation_vs_Union_Of_India_on_25_September_2018_1.PDF,Corruption,SCC 1996 4 104,Election_Commission_Of_India_Another_vs_Dr_Subramanian_Swamy_Another_on_23_April_1996_1.PDF,,OUTSIDE_DOMAINS
Public_Interest_Foundation_vs_Union_Of_India_on_25_September_2018_1.PDF,Corruption,SCC 2006 7 1,,,UNRESOLVED
Public_Interest_Foundation_vs_Union_Of_India_on_25_September_2018_1.PDF,Corruption,SCC 2002 5 685,,,UNRESOLVED
Public_Interest_Foundation_vs_Union_Of_India_on_25_September_2018_1.PDF,Corruption,SCC 1979 1 560,,,UNRESOLVED
Public_Interest_Foundation_vs_Union_Of_India_on_25_September_2018_1.PDF,Corruption,SCC 2000 6 213,,,UNRESOLVED
Public_Interest_Foundation_vs_Union_Of_India_on_25_September_2018_1.PDF,Corruption,SCC 2017 11 42,,,UNRESOLVED
Public_Interest_Foundation_vs_Union_Of_India_on_25_September_2018_1.PDF,Corruption,SCC 1973 4 225,Kesavananda_Bharati_Sripadagalvaru_vs_State_Of_Kerala_And_Anr_on_24_April_1973_1.PDF,,OUTSIDE_DOMAINS
Public_Interest_Foundation_vs_Union_Of_India_on_25_September_2018_1.PDF,Corruption,SCC 2012 9 460,,,UNRESOLVED
Public_Interest_Foundation_vs_Union_Of_India_on_25_September_2018_1.PDF,Corruption,SCC 1998 4 409,,,UNRESOLVED
Public_Interest_Foundation_vs_Union_Of_India_on_25_September_2018_1.PDF,Corruption,SCC 2012 2 1,,,UNRESOLVED
Public_Interest_Foundation_vs_Union_Of_India_on_25_September_2018_1.PDF,Corruption,SCC 2012 5 690,,,UNRESOLVED
Public_Interest_Foundation_vs_Union_Of_India_on_25_September_2018_1.PDF,Corruption,SCC 2014 14 189,,,UNRESOLVED
Public_Interest_Foundation_vs_Union_Of_India_on_25_September_2018_1.PDF,Corruption,SCC 2013 10 1,,,UNRESOLVED
Public_Interest_Foundation_vs_Union_Of_India_on_25_September_2018_1.PDF,Corruption,SCR 1965 3 53,,,UNRESOLVED
Public_Interest_Foundation_vs_Union_Of_India_on_25_September_2018_1.PDF,Corruption,SCR 1979 1 2,,,UNRESOLVED
Ram_Lal_vs_The_State_Of_Himachal_Pradesh_on_3_October_2018_1.PDF,Corruption,AIR 1959 SC 902,,,UNRESOLVED
Ram_Lal_vs_The_State_Of_Himachal_Pradesh_on_3_October_2018_1.PDF,Corruption,SCC 2007 12 341,,,UNRESOLVED
Ram_Lal_vs_The_State_Of_Himachal_Pradesh_on_3_October_2018_1.PDF,Corruption,SCC 1992 3 204,Madan_Gopal_Kakkad_vs_Naval_Dubey_And_Anr_on_29_April_1992_1.PDF,Financial Fraud,CROSS_DOMAIN
Ram_Lal_vs_The_State_Of_Himachal_Pradesh_on_3_October_2018_1.PDF,Corruption,SCC 2012 6 403,,,UNRESOLVED
Ram_Lal_vs_The_State_Of_Himachal_Pradesh_on_3_October_2018_1.PDF,Corruption,SCC 2003 8 180,,,UNRESOLVED
Ram_Lal_vs_The_State_Of_Himachal_Pradesh_on_3_October_2018_1.PDF,Corruption,SCC 2010 10 604,,,UNRESOLVED
Ram_Lal_vs_The_State_Of_Himachal_Pradesh_on_3_October_2018_1.PDF,Corruption,SCC 1970 2 105,,,UNRESOLVED
Ram_Lal_vs_The_State_Of_Himachal_Pradesh_on_3_October_2018_1.PDF,Corruption,SCC 2006 1 714,,,UNRESOLVED
Ram_Lal_vs_The_State_Of_Himachal_Pradesh_on_3_October_2018_1.PDF,Corruption,SCC 2009 11 262,,,UNRESOLVED
Ram_Lal_vs_The_State_Of_Himachal_Pradesh_on_3_October_2018_1.PDF,Corruption,SCC 2008 15 449,,,UNRESOLVED
Ram_Lal_vs_The_State_Of_Himachal_Pradesh_on_3_October_2018_1.PDF,Corruption,SCC 1992 3 204,Madan_Gopal_Kakkad_vs_Naval_Dubey_And_Anr_on_29_April_1992_1.PDF,Financial Fraud,CROSS_DOMAIN
Ram_Lal_vs_The_State_Of_Himachal_Pradesh_on_3_October_2018_1.PDF,Corruption,SCC 1977 4 452,,,UNRESOLVED
Social_Action_Forum_vs_Union_Of_India_And_Ors_Minstry_Law_And_on_14_September_2018_1.PDF,Corruption,AIR 2018 SC 4273,,,UNRESOLVED
Social_Action_Forum_vs_Union_Of_India_And_Ors_Minstry_Law_And_on_14_September_2018_1.PDF,Corruption,AIR 2005 SC 3100,,,UNRESOLVED
Social_Action_Forum_vs_Union_Of_India_And_Ors_Minstry_Law_And_on_14_September_2018_1.PDF,Corruption,AIR 2003 SC 1386,,,UNRESOLVED
Social_Action_Forum_vs_Union_Of_India_And_Ors_Minstry_Law_And_on_14_September_2018_1.PDF,Corruption,AIR 2017 SC 3869,,,UNRESOLVED
Social_Action_Forum_vs_Union_Of_India_And_Ors_Minstry_Law_And_on_14_September_2018_1.PDF,Corruption,SCC 2005 6 281,,,UNRESOLVED
Social_Action_Forum_vs_Union_Of_India_And_Ors_Minstry_Law_And_on_14_September_2018_1.PDF,Corruption,SCC 2003 4 675,,,UNRESOLVED
Social_Action_Forum_vs_Union_Of_India_And_Ors_Minstry_Law_And_on_14_September_2018_1.PDF,Corruption,SCC 2014 8 273,,,UNRESOLVED
Social_Action_Forum_vs_Union_Of_India_And_Ors_Minstry_Law_And_on_14_September_2018_1.PDF,Corruption,SCC 1994 4 260,Joginder_Kumar_vs_State_Of_U_P_on_25_April_1994_1.PDF,,OUTSIDE_DOMAINS
Social_Action_Forum_vs_Union_Of_India_And_Ors_Minstry_Law_And_on_14_September_2018_1.PDF,Corruption,SCC 1997 1 416,,,UNRESOLVED
Social_Action_Forum_vs_Union_Of_India_And_Ors_Minstry_Law_And_on_14_September_2018_1.PDF,Corruption,SCC 1993 2 746,,,UNRESOLVED
Social_Action_Forum_vs_Union_Of_India_And_Ors_Minstry_Law_And_on_14_September_2018_1.PDF,Corruption,SCC 1995 4 262,,,UNRESOLVED
Social_Action_Forum_vs_Union_Of_India_And_Ors_Minstry_Law_And_on_14_September_2018_1.PDF,Corruption,SCC 2014 2 1,,,UNRESOLVED
Social_Action_Forum_vs_Union_Of_India_And_Ors_Minstry_Law_And_on_14_September_2018_1.PDF,Corruption,SCC 2012 10 603,,,UNRESOLVED
Social_Action_Forum_vs_Union_Of_India_And_Ors_Minstry_Law_And_on_14_September_2018_1.PDF,Corruption,SCC 1998 4 409,,,UNRESOLVED
Social_Action_Forum_vs_Union_Of_India_And_Ors_Minstry_Law_And_on_14_September_2018_1.PDF,Corruption,SCC 1989 2 754,,,UNRESOLVED
Social_Action_Forum_vs_Union_Of_India_And_Ors_Minstry_Law_And_on_14_September_2018_1.PDF,Corruption,SCC 2012 1 333,,,UNRESOLVED
Social_Action_Forum_vs_Union_Of_India_And_Ors_Minstry_Law_And_on_14_September_2018_1.PDF,Corruption,SCC 2012 3 346,,,UNRESOLVED
Social_Action_Forum_vs_Union_Of_India_And_Ors_Minstry_Law_And_on_14_September_2018_1.PDF,Corruption,SCC 2012 10 303,,,UNRESOLVED
Social_Action_Forum_vs_Union_Of_India_And_Ors_Minstry_Law_And_on_14_September_2018_1.PDF,Corruption,SCC 1984 2 244,,,UNRESOLVED
Social_Action_Forum_vs_Union_Of_India_And_Ors_Minstry_Law_And_on_14_September_2018_1.PDF,Corruption,SCC 1997 6 241,,,UNRESOLVED
Social_Action_Forum_vs_Union_Of_India_And_Ors_Minstry_Law_And_on_14_September_2018_1.PDF,Corruption,SCC 2018 5 1,,,UNRESOLVED
Social_Action_Forum_vs_Union_Of_India_And_Ors_Minstry_Law_And_on_14_September_2018_1.PDF,Corruption,SCC 2005 13 287,,,UNRESOLVED
Social_Action_Forum_vs_Union_Of_India_And_Ors_Minstry_Law_And_on_14_September_2018_1.PDF,Corruption,SCC 1989 4 187,,,UNRESOLVED
Social_Action_Forum_vs_Union_Of_India_And_Ors_Minstry_Law_And_on_14_September_2018_1.PDF,Corruption,SCC 2015 2 796,,,UNRESOLVED
Social_Action_Forum_vs_Union_Of_India_And_Ors_Minstry_Law_And_on_14_September_2018_1.PDF,Corruption,SCC 2004 9 362,,,UNRESOLVED
Social_Action_Forum_vs_Union_Of_India_And_Ors_Minstry_Law_And_on_14_September_2018_1.PDF,Corruption,SCC 1970 1 248,,,UNRESOLVED
Social_Action_Forum_vs_Union_Of_India_And_Ors_Minstry_Law_And_on_14_September_2018_1.PDF,Corruption,SCC 1994 2 691,,,UNRESOLVED
Social_Action_Forum_vs_Union_Of_India_And_Ors_Minstry_Law_And_on_14_September_2018_1.PDF,Corruption,SCC 1997 7 592,,,UNRESOLVED
Social_Action_Forum_vs_Union_Of_India_And_Ors_Minstry_Law_And_on_14_September_2018_1.PDF,Corruption,SCC 2011 7 639,,,UNRESOLVED
Social_Action_Forum_vs_Union_Of_India_And_Ors_Minstry_Law_And_on_14_September_2018_1.PDF,Corruption,SCC 1998 4 117,,,UNRESOLVED
Social_Action_Forum_vs_Union_Of_India_And_Ors_Minstry_Law_And_on_14_September_2018_1.PDF,Corruption,SCR 1989 2 612,,,UNRESOLVED
The_State_Of_Gujarat_vs_Navinbhai_Chandrakant_Joshi_on_17_July_2018_1.PDF,Corruption,SCC 2014 13 55,,,UNRESOLVED
The_State_Of_Gujarat_vs_Navinbhai_Chandrakant_Joshi_on_17_July_2018_1.PDF,Corruption,SCC 2010 15 1,,,UNRESOLVED
The_State_Of_Gujarat_vs_Navinbhai_Chandrakant_Joshi_on_17_July_2018_1.PDF,Corruption,SCC 2009 3 779,,,UNRESOLVED
The_State_Of_Gujarat_vs_Navinbhai_Chandrakant_Joshi_on_17_July_2018_1.PDF,Corruption,SCC 2009 3 779,,,UNRESOLVED
Karnataka_Power_Trans_Corp_Ltd_vs_Sri_C_Nagaraju_on_16_September_2019_1.PDF,Corruption,SCC 1999 3 679,,,UNRESOLVED
Karnataka_Power_Trans_Corp_Ltd_vs_Sri_C_Nagaraju_on_16_September_2019_1.PDF,Corruption,SCC 2006 5 446,,,UNRESOLVED
Karnataka_Power_Trans_Corp_Ltd_vs_Sri_C_Nagaraju_on_16_September_2019_1.PDF,Corruption,SCC 1997 2 699,,,UNRESOLVED
Karnataka_Power_Trans_Corp_Ltd_vs_Sri_C_Nagaraju_on_16_September_2019_1.PDF,Corruption,SCC 2005 7 764,,,UNRESOLVED
Karnataka_Power_Trans_Corp_Ltd_vs_Sri_C_Nagaraju_on_16_September_2019_1.PDF,Corruption,SCC 1996 6 417,,,UNRESOLVED
Karnataka_Power_Trans_Corp_Ltd_vs_Sri_C_Nagaraju_on_16_September_2019_1.PDF,Corruption,SCC 2004 8 200,,,UNRESOLVED
Manohar_Lal_Sharma_vs_Narendra_Damodardas_Modi_on_10_April_2019_1.PDF,Corruption,AIR 1950 SC 124,,,UNRESOLVED
Manohar_Lal_Sharma_vs_Narendra_Damodardas_Modi_on_10_April_2019_1.PDF,Corruption,AIR 1950 SC 129,,,UNRESOLVED
Manohar_Lal_Sharma_vs_Narendra_Damodardas_Modi_on_10_April_2019_1.PDF,Corruption,AIR 1950 SC 124,,,UNRESOLVED
Manohar_Lal_Sharma_vs_Narendra_Damodardas_Modi_on_10_April_2019_1.PDF,Corruption,AIR 1950 SC 129,,,UNRESOLVED
Manohar_Lal_Sharma_vs_Narendra_Damodardas_Modi_on_10_April_2019_1.PDF,Corruption,AIR 1974 SC 348,,,UNRESOLVED
Manohar_Lal_Sharma_vs_Narendra_Damodardas_Modi_on_10_April_2019_1.PDF,Corruption,AIR 1973 SC 1461,,,UNRESOLVED
Manohar_Lal_Sharma_vs_Narendra_Damodardas_Modi_on_10_April_2019_1.PDF,Corruption,AIR 1975 SC 865,,,UNRESOLVED
Manohar_Lal_Sharma_vs_Narendra_Damodardas_Modi_on_10_April_2019_1.PDF,Corruption,AIR 1987 SC 1554,,,UNRESOLVED
Manohar_Lal_Sharma_vs_Narendra_Damodardas_Modi_on_10_April_2019_1.PDF,Corruption,AIR 1975 SC 861,,,UNRESOLVED
Manohar_Lal_Sharma_vs_Narendra_Damodardas_Modi_on_10_April_2019_1.PDF,Corruption,AIR 1974 SC 348,,,UNRESOLVED
Nevada_Properties_Pvt_Ltd_Through_Its_vs_The_State_Of_Maharashtra_on_24_September_2019_1.PDF,Corruption,AIR 1962 SC 1821,,,UNRESOLVED
Nevada_Properties_Pvt_Ltd_Through_Its_vs_The_State_Of_Maharashtra_on_24_September_2019_1.PDF,Corruption,AIR 1960 AII 405,,,UNRESOLVED
Nevada_Properties_Pvt_Ltd_Through_Its_vs_The_State_Of_Maharashtra_on_24_September_2019_1.PDF,Corruption,SCC 1999 7 685,,,UNRESOLVED
Nevada_Properties_Pvt_Ltd_Through_Its_vs_The_State_Of_Maharashtra_on_24_September_2019_1.PDF,Corruption,SCC 2018 6 21,,,UNRESOLVED
Nevada_Properties_Pvt_Ltd_Through_Its_vs_The_State_Of_Maharashtra_on_24_September_2019_1.PDF,Corruption,SCC 2007 11 92,,,UNRESOLVED
Nevada_Properties_Pvt_Ltd_Through_Its_vs_The_State_Of_Maharashtra_on_24_September_2019_1.PDF,Corruption,SCC 1992 4 363,,,UNRESOLVED
Nevada_Properties_Pvt_Ltd_Through_Its_vs_The_State_Of_Maharashtra_on_24_September_2019_1.PDF,Corruption,SCC 1979 4 1,,,UNRESOLVED
Nevada_Properties_Pvt_Ltd_Through_Its_vs_The_State_Of_Maharashtra_on_24_September_2019_1.PDF,Corruption,SCC 2018 2 372,,,UNRESOLVED
Nevada_Properties_Pvt_Ltd_Through_Its_vs_The_State_Of_Maharashtra_on_24_September_2019_1.PDF,Corruption,SCC 2014 10 663,,,UNRESOLVED
Nevada_Properties_Pvt_Ltd_Through_Its_vs_The_State_Of_Maharashtra_on_24_September_2019_1.PDF,Corruption,SCC 1999 7 685,,,UNRESOLVED
N_Ramamurthy_vs_State_By_Central_Bureau_Of_on_26_April_2019_1.PDF,Corruption,SCC 2007 2 574,,,UNRESOLVED
N_Ramamurthy_vs_State_By_Central_Bureau_Of_on_26_April_2019_1.PDF,Corruption,SCC 2007 2 574,,,UNRESOLVED
N_Ramamurthy_vs_State_By_Central_Bureau_Of_on_26_April_2019_1.PDF,Corruption,SCC 2001 6 584,,,UNRESOLVED
P_Chidambaram_vs_Central_Bureau_Of_Investigation_on_22_October_2019_1.PDF,Corruption,AIR 1962 SC 253,,,UNRESOLVED
P_Chidambaram_vs_Central_Bureau_Of_Investigation_on_22_October_2019_1.PDF,Corruption,SCC 1980 2 559,,,UNRESOLVED
P_Chidambaram_vs_Central_Bureau_Of_Investigation_on_22_October_2019_1.PDF,Corruption,SCC 2004 7 528,,,UNRESOLVED
P_Chidambaram_vs_Central_Bureau_Of_Investigation_on_22_October_2019_1.PDF,Corruption,SCC 2001 6 338,,,UNRESOLVED
P_Chidambaram_vs_Central_Bureau_Of_Investigation_on_22_October_2019_1.PDF,Corruption,SCC 2001 4 280,,,UNRESOLVED
P_Chidambaram_vs_Central_Bureau_Of_Investigation_on_22_October_2019_1.PDF,Corruption,SCC 2004 7 528,,,UNRESOLVED
P_Chidambaram_vs_Central_Bureau_Of_Investigation_on_22_October_2019_1.PDF,Corruption,SCC 2002 3 598,,,UNRESOLVED
P_Chidambaram_vs_Central_Bureau_Of_Investigation_on_22_October_2019_1.PDF,Corruption,SCC 2001 6 338,,,UNRESOLVED
P_Chidambaram_vs_Central_Bureau_Of_Investigation_on_22_October_2019_1.PDF,Corruption,SCC 2005 2 13,,,UNRESOLVED
P_Chidambaram_vs_Central_Bureau_Of_Investigation_on_22_October_2019_1.PDF,Corruption,SCC 1978 1 118,,,UNRESOLVED
P_Chidambaram_vs_Central_Bureau_Of_Investigation_on_22_October_2019_1.PDF,Corruption,SCC 2005 8 21,,,UNRESOLVED
P_Chidambaram_vs_Central_Bureau_Of_Investigation_on_22_October_2019_1.PDF,Corruption,SCC 2001 4 280,,,UNRESOLVED
P_Chidambaram_vs_Central_Bureau_Of_Investigation_on_22_October_2019_1.PDF,Corruption,SCC 1978 1 118,,,UNRESOLVED
P_Chidambaram_vs_Directorate_Of_Enforcement_on_5_September_2019_1.PDF,Corruption,AIR 1953 SC 394,,,UNRESOLVED
P_Chidambaram_vs_Directorate_Of_Enforcement_on_5_September_2019_1.PDF,Corruption,AIR 1945 PC 18,,,UNRESOLVED
P_Chidambaram_vs_Directorate_Of_Enforcement_on_5_September_2019_1.PDF,Corruption,AIR 1968 SC 117,,,UNRESOLVED
P_Chidambaram_vs_Directorate_Of_Enforcement_on_5_September_2019_1.PDF,Corruption,AIR 1944 PC 18,,,UNRESOLVED
P_Chidambaram_vs_Directorate_Of_Enforcement_on_5_September_2019_1.PDF,Corruption,SCC 1980 2 565,,,UNRESOLVED
P_Chidambaram_vs_Directorate_Of_Enforcement_on_5_September_2019_1.PDF,Corruption,SCC 1976 2 521,Additional_District_Magistrate_vs_Shivakant_Shukla_on_28_April_1976_1.PDF,Organized Crime / Extortion,CROSS_DOMAIN
P_Chidambaram_vs_Directorate_Of_Enforcement_on_5_September_2019_1.PDF,Corruption,SCC 2017 9 714,,,UNRESOLVED
P_Chidambaram_vs_Directorate_Of_Enforcement_on_5_September_2019_1.PDF,Corruption,SCC 2018 10 753,,,UNRESOLVED
P_Chidambaram_vs_Directorate_Of_Enforcement_on_5_September_2019_1.PDF,Corruption,SCC 2012 4 379,,,UNRESOLVED
P_Chidambaram_vs_Directorate_Of_Enforcement_on_5_September_2019_1.PDF,Corruption,SCC 1997 6 647,,,UNRESOLVED
P_Chidambaram_vs_Directorate_Of_Enforcement_on_5_September_2019_1.PDF,Corruption,SCC 2018 11 1,,,UNRESOLVED
P_Chidambaram_vs_Directorate_Of_Enforcement_on_5_September_2019_1.PDF,Corruption,SCC 2017 7 668,,,UNRESOLVED
P_Chidambaram_vs_Directorate_Of_Enforcement_on_5_September_2019_1.PDF,Corruption,SCC 2005 12 545,,,UNRESOLVED
P_Chidambaram_vs_Directorate_Of_Enforcement_on_5_September_2019_1.PDF,Corruption,SCC 2008 1 632,,,UNRESOLVED
P_Chidambaram_vs_Directorate_Of_Enforcement_on_5_September_2019_1.PDF,Corruption,SCC 1991 4 341,Malkiat_Singh_And_Ors_vs_State_Of_Punjab_on_10_April_1991_1.PDF,Violent Crime / Homicide,CROSS_DOMAIN
P_Chidambaram_vs_Directorate_Of_Enforcement_on_5_September_2019_1.PDF,Corruption,SCC 1997 6 647,,,UNRESOLVED
P_Chidambaram_vs_Directorate_Of_Enforcement_on_5_September_2019_1.PDF,Corruption,SCC 1998 1 474,,,UNRESOLVED
P_Chidambaram_vs_Directorate_Of_Enforcement_on_5_September_2019_1.PDF,Corruption,SCC 2018 10 753,,,UNRESOLVED
P_Chidambaram_vs_Directorate_Of_Enforcement_on_5_September_2019_1.PDF,Corruption,SCC 1980 1 554,,,UNRESOLVED
P_Chidambaram_vs_Directorate_Of_Enforcement_on_5_September_2019_1.PDF,Corruption,SCC 1998 1 52,,,UNRESOLVED
P_Chidambaram_vs_Directorate_Of_Enforcement_on_5_September_2019_1.PDF,Corruption,SCC 2003 2 649,,,UNRESOLVED
P_Chidambaram_vs_Directorate_Of_Enforcement_on_5_September_2019_1.PDF,Corruption,SCC 2014 8 682,,,UNRESOLVED
P_Chidambaram_vs_Directorate_Of_Enforcement_on_5_September_2019_1.PDF,Corruption,SCC 2008 3 542,,,UNRESOLVED
P_Chidambaram_vs_Directorate_Of_Enforcement_on_5_September_2019_1.PDF,Corruption,SCC 1998 1 52,,,UNRESOLVED
P_Chidambaram_vs_Directorate_Of_Enforcement_on_5_September_2019_1.PDF,Corruption,SCC 1995 3 221,State_Of_M_P_Anr_vs_Ram_Krishna_Balothia_Anr_on_6_February_1995_1.PDF,,OUTSIDE_DOMAINS
P_Chidambaram_vs_Directorate_Of_Enforcement_on_5_September_2019_1.PDF,Corruption,SCC 1997 7 187,,,UNRESOLVED
P_Chidambaram_vs_Directorate_Of_Enforcement_on_5_September_2019_1.PDF,Corruption,SCC 2016 1 146,,,UNRESOLVED
P_Chidambaram_vs_Directorate_Of_Enforcement_on_5_September_2019_1.PDF,Corruption,SCC 2011 12 684,,,UNRESOLVED
P_Chidambaram_vs_Directorate_Of_Enforcement_on_5_September_2019_1.PDF,Corruption,SCC 1997 7 187,,,UNRESOLVED
P_Chidambaram_vs_Directorate_Of_Enforcement_on_5_September_2019_1.PDF,Corruption,SCC 2005 4 303,,,UNRESOLVED
P_Chidambaram_vs_Directorate_Of_Enforcement_on_5_September_2019_1.PDF,Corruption,SCC 2011 1 694,,,UNRESOLVED
P_Chidambaram_vs_Directorate_Of_Enforcement_on_5_September_2019_1.PDF,Corruption,SCC 2012 4 379,,,UNRESOLVED
P_Chidambaram_vs_Directorate_Of_Enforcement_on_5_September_2019_1.PDF,Corruption,SCC 2007 4 434,,,UNRESOLVED
P_Chidambaram_vs_Directorate_Of_Enforcement_on_5_September_2019_1.PDF,Corruption,SCC 2008 1 213,,,UNRESOLVED
P_Chidambaram_vs_Directorate_Of_Enforcement_on_5_September_2019_1.PDF,Corruption,SCC 2008 13 305,,,UNRESOLVED
P_Chidambaram_vs_Directorate_Of_Enforcement_on_5_September_2019_1.PDF,Corruption,SCC 1998 2 105,,,UNRESOLVED
P_Chidambaram_vs_Directorate_Of_Enforcement_on_5_September_2019_1.PDF,Corruption,SCC 1987 2 364,,,UNRESOLVED
P_Chidambaram_vs_Directorate_Of_Enforcement_on_5_September_2019_1.PDF,Corruption,SCC 2013 7 439,,,UNRESOLVED
P_Chidambaram_vs_Directorate_Of_Enforcement_on_5_September_2019_1.PDF,Corruption,SCC 1998 1 52,,,UNRESOLVED
P_Chidambaram_vs_Directorate_Of_Enforcement_on_5_September_2019_1.PDF,Corruption,SCC 1999 5 720,,,UNRESOLVED
State_By_Karnataka_Lokayukta_Police_vs_M_R_Hiremath_on_1_May_2019_1.PDF,Corruption,SCC 2014 2 1,,,UNRESOLVED
State_By_Karnataka_Lokayukta_Police_vs_M_R_Hiremath_on_1_May_2019_1.PDF,Corruption,SCC 2014 10 473,,,UNRESOLVED
State_By_Karnataka_Lokayukta_Police_vs_M_R_Hiremath_on_1_May_2019_1.PDF,Corruption,SCC 2018 16 272,,,UNRESOLVED
State_By_Karnataka_Lokayukta_Police_vs_M_R_Hiremath_on_1_May_2019_1.PDF,Corruption,SCC 2017 8 570,,,UNRESOLVED
State_By_Karnataka_Lokayukta_Police_vs_M_R_Hiremath_on_1_May_2019_1.PDF,Corruption,SCC 1970 1 595,,,UNRESOLVED
State_By_Karnataka_Lokayukta_Police_vs_M_R_Hiremath_on_1_May_2019_1.PDF,Corruption,SCC 2014 11 709,,,UNRESOLVED
State_Of_Madhya_Pradesh_vs_Vikram_Das_on_8_February_2019_1.PDF,Corruption,SCC 2012 7 80,,,UNRESOLVED
State_Of_Madhya_Pradesh_vs_Vikram_Das_on_8_February_2019_1.PDF,Corruption,SCC 1997 8 713,,,UNRESOLVED
State_Of_Madhya_Pradesh_vs_Vikram_Das_on_8_February_2019_1.PDF,Corruption,SCC 2004 4 590,,,UNRESOLVED
State_Of_Madhya_Pradesh_vs_Vikram_Das_on_8_February_2019_1.PDF,Corruption,SCC 1979 2 279,Superintendent_Central_Excise_vs_Bahubali_on_5_October_1978_1.PDF,Organized Crime / Extortion,CROSS_DOMAIN
State_Of_Madhya_Pradesh_vs_Vikram_Das_on_8_February_2019_1.PDF,Corruption,SCC 2017 2 198,,,UNRESOLVED
State_Of_Madhya_Pradesh_vs_Vikram_Das_on_8_February_2019_1.PDF,Corruption,SCC 1974 4 222,,,UNRESOLVED
State_Of_Madhya_Pradesh_vs_Vikram_Das_on_8_February_2019_1.PDF,Corruption,SCC 2004 4 590,,,UNRESOLVED
Station_House_Officer_vs_B_A_Srinivasan_on_5_December_2019_1.PDF,Corruption,AIR 1998 SC 2595,,,UNRESOLVED
Station_House_Officer_vs_B_A_Srinivasan_on_5_December_2019_1.PDF,Corruption,SCC 1996 1 478,R_Balakrishna_Pillai_vs_State_Of_Kerala_Anr_on_5_December_1995_1.PDF,Corruption,INTERNAL
Station_House_Officer_vs_B_A_Srinivasan_on_5_December_2019_1.PDF,Corruption,SCC 2014 16 807,,,UNRESOLVED
Station_House_Officer_vs_B_A_Srinivasan_on_5_December_2019_1.PDF,Corruption,SCC 2016 2 143,,,UNRESOLVED
Station_House_Officer_vs_B_A_Srinivasan_on_5_December_2019_1.PDF,Corruption,SCC 1970 3 537,,,UNRESOLVED
Station_House_Officer_vs_B_A_Srinivasan_on_5_December_2019_1.PDF,Corruption,SCC 1991 3 655,K_Veeraswami_vs_Union_Of_India_And_Others_on_25_July_1991_1.PDF,Corruption,INTERNAL
Station_House_Officer_vs_B_A_Srinivasan_on_5_December_2019_1.PDF,Corruption,SCC 2015 13 87,,,UNRESOLVED
Station_House_Officer_vs_B_A_Srinivasan_on_5_December_2019_1.PDF,Corruption,SCC 1997 5 326,,,UNRESOLVED
Station_House_Officer_vs_B_A_Srinivasan_on_5_December_2019_1.PDF,Corruption,SCC 2007 1 1,,,UNRESOLVED
Station_House_Officer_vs_B_A_Srinivasan_on_5_December_2019_1.PDF,Corruption,SCC 2015 1 513,,,UNRESOLVED
Station_House_Officer_vs_B_A_Srinivasan_on_5_December_2019_1.PDF,Corruption,SCC 2001 6 704,,,UNRESOLVED
Station_House_Officer_vs_B_A_Srinivasan_on_5_December_2019_1.PDF,Corruption,SCC 2014 7 215,,,UNRESOLVED
Station_House_Officer_vs_B_A_Srinivasan_on_5_December_2019_1.PDF,Corruption,SCC 1974 4 616,,,UNRESOLVED
Station_House_Officer_vs_B_A_Srinivasan_on_5_December_2019_1.PDF,Corruption,SCR 1958 1037,,,UNRESOLVED
The_State_Of_Telangana_vs_Managipet_Mangipet_Sarveshwar_Reddy_on_6_December_2019_1.PDF,Corruption,AIR 1955 SC 549,Rai_Sahib_Ram_Jawaya_Kapur_And_Ors_vs_The_State_Of_Punjab_on_12_April_1955_1.PDF,,OUTSIDE_DOMAINS
The_State_Of_Telangana_vs_Managipet_Mangipet_Sarveshwar_Reddy_on_6_December_2019_1.PDF,Corruption,AIR 1970 KER 165,,,UNRESOLVED
The_State_Of_Telangana_vs_Managipet_Mangipet_Sarveshwar_Reddy_on_6_December_2019_1.PDF,Corruption,SCC 2006 2 482,,,UNRESOLVED
The_State_Of_Telangana_vs_Managipet_Mangipet_Sarveshwar_Reddy_on_6_December_2019_1.PDF,Corruption,SCC 2011 5 214,,,UNRESOLVED
The_State_Of_Telangana_vs_Managipet_Mangipet_Sarveshwar_Reddy_on_6_December_2019_1.PDF,Corruption,SCC 1982 1 39,,,UNRESOLVED
The_State_Of_Telangana_vs_Managipet_Mangipet_Sarveshwar_Reddy_on_6_December_2019_1.PDF,Corruption,SCC 1981 3 132,,,UNRESOLVED
The_State_Of_Telangana_vs_Managipet_Mangipet_Sarveshwar_Reddy_on_6_December_2019_1.PDF,Corruption,SCC 1987 3 367,,,UNRESOLVED
The_State_Of_Telangana_vs_Managipet_Mangipet_Sarveshwar_Reddy_on_6_December_2019_1.PDF,Corruption,SCC 1981 3 132,,,UNRESOLVED
The_State_Of_Telangana_vs_Managipet_Mangipet_Sarveshwar_Reddy_on_6_December_2019_1.PDF,Corruption,SCC 1981 3 132,,,UNRESOLVED
The_State_Of_Telangana_vs_Managipet_Mangipet_Sarveshwar_Reddy_on_6_December_2019_1.PDF,Corruption,SCC 2016 14 18,,,UNRESOLVED
The_State_Of_Telangana_vs_Managipet_Mangipet_Sarveshwar_Reddy_on_6_December_2019_1.PDF,Corruption,SCC 2018 17 627,,,UNRESOLVED
The_State_Of_Telangana_vs_Managipet_Mangipet_Sarveshwar_Reddy_on_6_December_2019_1.PDF,Corruption,SCC 2014 2 1,,,UNRESOLVED
The_State_Of_Telangana_vs_Managipet_Mangipet_Sarveshwar_Reddy_on_6_December_2019_1.PDF,Corruption,SCC 2019 7 515,,,UNRESOLVED
The_State_Of_Telangana_vs_Managipet_Mangipet_Sarveshwar_Reddy_on_6_December_2019_1.PDF,Corruption,SCC 2005 4 512,,,UNRESOLVED
The_State_Of_Telangana_vs_Managipet_Mangipet_Sarveshwar_Reddy_on_6_December_2019_1.PDF,Corruption,SCR 1955 2 225,Rai_Sahib_Ram_Jawaya_Kapur_And_Ors_vs_The_State_Of_Punjab_on_12_April_1955_1.PDF,,OUTSIDE_DOMAINS
The_State_Of_Telangana_vs_Managipet_Mangipet_Sarveshwar_Reddy_on_6_December_2019_1.PDF,Corruption,SCR 1981 3 474,,,UNRESOLVED
The_State_Of_Telangana_vs_Managipet_Mangipet_Sarveshwar_Reddy_on_6_December_2019_1.PDF,Corruption,SCR 1981 3 474,,,UNRESOLVED
Yashwant_Sinha_vs_Central_Bureau_Of_Investigation_on_14_November_2019_1.PDF,Corruption,AIR 1971 SC 2162,Girdhari_Lal_Gupta_vs_D_H_Mehta_And_Anr_on_18_February_1971_1.PDF,,OUTSIDE_DOMAINS
Yashwant_Sinha_vs_Central_Bureau_Of_Investigation_on_14_November_2019_1.PDF,Corruption,AIR 1965 SC 845,,,UNRESOLVED
Yashwant_Sinha_vs_Central_Bureau_Of_Investigation_on_14_November_2019_1.PDF,Corruption,AIR 1941 FC 1,,,UNRESOLVED
Yashwant_Sinha_vs_Central_Bureau_Of_Investigation_on_14_November_2019_1.PDF,Corruption,AIR 1922 PC 112,,,UNRESOLVED
Yashwant_Sinha_vs_Central_Bureau_Of_Investigation_on_14_November_2019_1.PDF,Corruption,AIR 1954 SC 526,,,UNRESOLVED
Yashwant_Sinha_vs_Central_Bureau_Of_Investigation_on_14_November_2019_1.PDF,Corruption,AIR 1960 SC 137,Satyanarayan_Laxminarayan_Hegde_And_vs_Millikarjun_Bhavanappa_Tirumale_on_25_September_1959_1.PDF,,OUTSIDE_DOMAINS
Yashwant_Sinha_vs_Central_Bureau_Of_Investigation_on_14_November_2019_1.PDF,Corruption,AIR 1955 SC 233,,,UNRESOLVED
Yashwant_Sinha_vs_Central_Bureau_Of_Investigation_on_14_November_2019_1.PDF,Corruption,AIR 1953 BOM 133,,,UNRESOLVED
Yashwant_Sinha_vs_Central_Bureau_Of_Investigation_on_14_November_2019_1.PDF,Corruption,AIR 1969 KER 186,,,UNRESOLVED
Yashwant_Sinha_vs_Central_Bureau_Of_Investigation_on_14_November_2019_1.PDF,Corruption,AIR 1945 PC 18,,,UNRESOLVED
Yashwant_Sinha_vs_Central_Bureau_Of_Investigation_on_14_November_2019_1.PDF,Corruption,SCC 2014 2 1,,,UNRESOLVED
Yashwant_Sinha_vs_Central_Bureau_Of_Investigation_on_14_November_2019_1.PDF,Corruption,SCC 2018 8 149,,,UNRESOLVED
Yashwant_Sinha_vs_Central_Bureau_Of_Investigation_on_14_November_2019_1.PDF,Corruption,SCC 1980 4 680,,,UNRESOLVED
Yashwant_Sinha_vs_Central_Bureau_Of_Investigation_on_14_November_2019_1.PDF,Corruption,SCC 1999 9 323,,,UNRESOLVED
Yashwant_Sinha_vs_Central_Bureau_Of_Investigation_on_14_November_2019_1.PDF,Corruption,SCC 2006 4 78,,,UNRESOLVED
Yashwant_Sinha_vs_Central_Bureau_Of_Investigation_on_14_November_2019_1.PDF,Corruption,SCC 2006 5 501,,,UNRESOLVED
Yashwant_Sinha_vs_Central_Bureau_Of_Investigation_on_14_November_2019_1.PDF,Corruption,SCC 2006 2 628,,,UNRESOLVED
Yashwant_Sinha_vs_Central_Bureau_Of_Investigation_on_14_November_2019_1.PDF,Corruption,SCC 2008 8 612,,,UNRESOLVED
Yashwant_Sinha_vs_Central_Bureau_Of_Investigation_on_14_November_2019_1.PDF,Corruption,SCC 1975 1 674,,,UNRESOLVED
Yashwant_Sinha_vs_Central_Bureau_Of_Investigation_on_14_November_2019_1.PDF,Corruption,SCC 1979 4 389,Aribam_Tuleshwar_Sharma_vs_Aribam_Pishak_Sharma_And_Ors_on_25_January_1979_1.PDF,,OUTSIDE_DOMAINS
Yashwant_Sinha_vs_Central_Bureau_Of_Investigation_on_14_November_2019_1.PDF,Corruption,SCC 1971 3 189,Girdhari_Lal_Gupta_vs_D_H_Mehta_And_Anr_on_18_February_1971_1.PDF,,OUTSIDE_DOMAINS
Yashwant_Sinha_vs_Central_Bureau_Of_Investigation_on_14_November_2019_1.PDF,Corruption,SCC 1971 3 5,,,UNRESOLVED
Yashwant_Sinha_vs_Central_Bureau_Of_Investigation_on_14_November_2019_1.PDF,Corruption,SCC 1980 2 167,,,UNRESOLVED
Yashwant_Sinha_vs_Central_Bureau_Of_Investigation_on_14_November_2019_1.PDF,Corruption,SCC 1975 1 674,,,UNRESOLVED
Yashwant_Sinha_vs_Central_Bureau_Of_Investigation_on_14_November_2019_1.PDF,Corruption,SCC 2000 6 224,,,UNRESOLVED
Yashwant_Sinha_vs_Central_Bureau_Of_Investigation_on_14_November_2019_1.PDF,Corruption,SCC 2012 7 200,,,UNRESOLVED
Yashwant_Sinha_vs_Central_Bureau_Of_Investigation_on_14_November_2019_1.PDF,Corruption,SCC 2013 8 320,,,UNRESOLVED
Yashwant_Sinha_vs_Central_Bureau_Of_Investigation_on_14_November_2019_1.PDF,Corruption,SCC 2014 7 663,,,UNRESOLVED
Yashwant_Sinha_vs_Central_Bureau_Of_Investigation_on_14_November_2019_1.PDF,Corruption,SCC 2017 8 518,,,UNRESOLVED
Yashwant_Sinha_vs_Central_Bureau_Of_Investigation_on_14_November_2019_1.PDF,Corruption,SCC 2013 8 337,,,UNRESOLVED
Yashwant_Sinha_vs_Central_Bureau_Of_Investigation_on_14_November_2019_1.PDF,Corruption,SCC 2002 4 388,,,UNRESOLVED
Yashwant_Sinha_vs_Central_Bureau_Of_Investigation_on_14_November_2019_1.PDF,Corruption,SCC 1980 1 554,,,UNRESOLVED
Yashwant_Sinha_vs_Central_Bureau_Of_Investigation_on_14_November_2019_1.PDF,Corruption,SCC 2003 2 649,,,UNRESOLVED
Yashwant_Sinha_vs_Central_Bureau_Of_Investigation_on_14_November_2019_1.PDF,Corruption,SCC 2005 6 1,,,UNRESOLVED
Yashwant_Sinha_vs_Central_Bureau_Of_Investigation_on_14_November_2019_1.PDF,Corruption,SCC 1970 1 595,,,UNRESOLVED
Yashwant_Sinha_vs_Central_Bureau_Of_Investigation_on_14_November_2019_1.PDF,Corruption,SCC 2003 6 175,,,UNRESOLVED
Yashwant_Sinha_vs_Central_Bureau_Of_Investigation_on_14_November_2019_1.PDF,Corruption,SCC 2005 6 1,,,UNRESOLVED
Yashwant_Sinha_vs_Central_Bureau_Of_Investigation_on_14_November_2019_1.PDF,Corruption,SCC 1970 1 595,,,UNRESOLVED
Yashwant_Sinha_vs_Central_Bureau_Of_Investigation_on_14_November_2019_1.PDF,Corruption,SCR 1965 1 933,,,UNRESOLVED
Yashwant_Sinha_vs_Central_Bureau_Of_Investigation_on_14_November_2019_1.PDF,Corruption,SCR 1971 3 748,Girdhari_Lal_Gupta_vs_D_H_Mehta_And_Anr_on_18_February_1971_1.PDF,,OUTSIDE_DOMAINS
Yashwant_Sinha_vs_Central_Bureau_Of_Investigation_on_14_November_2019_1.PDF,Corruption,SCR 1971 2 11,,,UNRESOLVED
Yashwant_Sinha_vs_Central_Bureau_Of_Investigation_on_14_November_2019_1.PDF,Corruption,SCR 1975 3 933,,,UNRESOLVED
Yashwant_Sinha_vs_Central_Bureau_Of_Investigation_on_14_November_2019_1.PDF,Corruption,SCR 1955 1 520,,,UNRESOLVED
Benedict_Denis_Kinny_vs_Tulip_Brian_Miranda_on_19_March_2020_1.PDF,Corruption,AIR 1958 SC 956,,,UNRESOLVED
Benedict_Denis_Kinny_vs_Tulip_Brian_Miranda_on_19_March_2020_1.PDF,Corruption,AIR 1965 SC 745,In_The_Matter_Of__Under_Article_143_Of_The_vs_Unknown_on_30_September_1964_1.PDF,,OUTSIDE_DOMAINS
Benedict_Denis_Kinny_vs_Tulip_Brian_Miranda_on_19_March_2020_1.PDF,Corruption,AIR 1952 SC 12,,,UNRESOLVED
Benedict_Denis_Kinny_vs_Tulip_Brian_Miranda_on_19_March_2020_1.PDF,Corruption,SCC 2019 3 220,,,UNRESOLVED
Benedict_Denis_Kinny_vs_Tulip_Brian_Miranda_on_19_March_2020_1.PDF,Corruption,SCC 1997 3 261,,,UNRESOLVED
Benedict_Denis_Kinny_vs_Tulip_Brian_Miranda_on_19_March_2020_1.PDF,Corruption,SCC 2000 8 216,,,UNRESOLVED
Benedict_Denis_Kinny_vs_Tulip_Brian_Miranda_on_19_March_2020_1.PDF,Corruption,SCC 1978 1 405,,,UNRESOLVED
Benedict_Denis_Kinny_vs_Tulip_Brian_Miranda_on_19_March_2020_1.PDF,Corruption,SCC 2018 16 299,,,UNRESOLVED
Benedict_Denis_Kinny_vs_Tulip_Brian_Miranda_on_19_March_2020_1.PDF,Corruption,SCC 1997 5 536,,,UNRESOLVED
Benedict_Denis_Kinny_vs_Tulip_Brian_Miranda_on_19_March_2020_1.PDF,Corruption,SCC 2019 3 220,,,UNRESOLVED
Benedict_Denis_Kinny_vs_Tulip_Brian_Miranda_on_19_March_2020_1.PDF,Corruption,SCC 1996 9 309,,,UNRESOLVED
Benedict_Denis_Kinny_vs_Tulip_Brian_Miranda_on_19_March_2020_1.PDF,Corruption,SCC 2002 3 533,,,UNRESOLVED
Benedict_Denis_Kinny_vs_Tulip_Brian_Miranda_on_19_March_2020_1.PDF,Corruption,SCC 2000 5 515,,,UNRESOLVED
Benedict_Denis_Kinny_vs_Tulip_Brian_Miranda_on_19_March_2020_1.PDF,Corruption,SCC 1996 3 88,N_Narasimhaiah_Ors_Etc_vs_State_Of_Karnataka_Ors_Union_Of_India_on_17_January_1996_1.PDF,,OUTSIDE_DOMAINS
Benedict_Denis_Kinny_vs_Tulip_Brian_Miranda_on_19_March_2020_1.PDF,Corruption,SCC 1996 10 619,,,UNRESOLVED
Benedict_Denis_Kinny_vs_Tulip_Brian_Miranda_on_19_March_2020_1.PDF,Corruption,SCC 2005 1 754,,,UNRESOLVED
Benedict_Denis_Kinny_vs_Tulip_Brian_Miranda_on_19_March_2020_1.PDF,Corruption,SCR 1952 28,The_State_Of_Orissa_vs_Madan_Gopal_Rungta_The_State_Of_on_25_October_1951_1.PDF,,OUTSIDE_DOMAINS
Director_General_Of_Police_vs_Rajendra_Kumar_Dubey_on_25_November_2020_1.PDF,Corruption,AIR 1963 SC 1723,,,UNRESOLVED
Director_General_Of_Police_vs_Rajendra_Kumar_Dubey_on_25_November_2020_1.PDF,Corruption,SCC 1975 2 557,,,UNRESOLVED
Director_General_Of_Police_vs_Rajendra_Kumar_Dubey_on_25_November_2020_1.PDF,Corruption,SCC 1997 7 463,,,UNRESOLVED
Director_General_Of_Police_vs_Rajendra_Kumar_Dubey_on_25_November_2020_1.PDF,Corruption,SCC 2003 4 331,,,UNRESOLVED
Director_General_Of_Police_vs_Rajendra_Kumar_Dubey_on_25_November_2020_1.PDF,Corruption,SCC 2014 4 108,,,UNRESOLVED
Director_General_Of_Police_vs_Rajendra_Kumar_Dubey_on_25_November_2020_1.PDF,Corruption,SCC 2011 11 535,,,UNRESOLVED
Director_General_Of_Police_vs_Rajendra_Kumar_Dubey_on_25_November_2020_1.PDF,Corruption,SCC 2015 2 610,,,UNRESOLVED
Director_General_Of_Police_vs_Rajendra_Kumar_Dubey_on_25_November_2020_1.PDF,Corruption,SCC 1995 6 749,B_C_Chaturvedi_vs_Union_Of_India_And_Ors_on_1_November_1995_1.PDF,Corruption,INTERNAL
Director_General_Of_Police_vs_Rajendra_Kumar_Dubey_on_25_November_2020_1.PDF,Corruption,SCC 1997 7 463,,,UNRESOLVED
Director_General_Of_Police_vs_Rajendra_Kumar_Dubey_on_25_November_2020_1.PDF,Corruption,SCC 2001 2 386,,,UNRESOLVED
Director_General_Of_Police_vs_Rajendra_Kumar_Dubey_on_25_November_2020_1.PDF,Corruption,SCC 2007 4 669,,,UNRESOLVED
Director_General_Of_Police_vs_Rajendra_Kumar_Dubey_on_25_November_2020_1.PDF,Corruption,SCC 2009 15 620,,,UNRESOLVED
Director_General_Of_Police_vs_Rajendra_Kumar_Dubey_on_25_November_2020_1.PDF,Corruption,SCC 2014 4 108,,,UNRESOLVED
Kanwal_Tanuj_vs_The_State_Of_Bihar_on_24_April_2020_1.PDF,Corruption,SCC 2010 3 571,,,UNRESOLVED
Kanwal_Tanuj_vs_The_State_Of_Bihar_on_24_April_2020_1.PDF,Corruption,SCC 2012 8 106,,,UNRESOLVED
Kanwal_Tanuj_vs_The_State_Of_Bihar_on_24_April_2020_1.PDF,Corruption,SCC 2008 4 409,,,UNRESOLVED
Kanwal_Tanuj_vs_The_State_Of_Bihar_on_24_April_2020_1.PDF,Corruption,SCC 2014 8 682,,,UNRESOLVED
Life_Insurance_Corporation_Of_India_vs_Mukesh_Poonamchand_Shah_on_25_February_2020_1.PDF,Corruption,SCC 1995 3 377,The_Deputy_Director_Of_Collegiate_vs_S_Nagoor_Meera_on_24_February_1995_1.PDF,Organized Crime / Extortion,CROSS_DOMAIN
Life_Insurance_Corporation_Of_India_vs_Mukesh_Poonamchand_Shah_on_25_February_2020_1.PDF,Corruption,SCC 2001 6 584,,,UNRESOLVED
Life_Insurance_Corporation_Of_India_vs_Mukesh_Poonamchand_Shah_on_25_February_2020_1.PDF,Corruption,SCC 2003 3 362,,,UNRESOLVED
Life_Insurance_Corporation_Of_India_vs_Mukesh_Poonamchand_Shah_on_25_February_2020_1.PDF,Corruption,SCC 1995 3 377,The_Deputy_Director_Of_Collegiate_vs_S_Nagoor_Meera_on_24_February_1995_1.PDF,Organized Crime / Extortion,CROSS_DOMAIN
Life_Insurance_Corporation_Of_India_vs_Mukesh_Poonamchand_Shah_on_25_February_2020_1.PDF,Corruption,SCC 2001 6 584,,,UNRESOLVED
Life_Insurance_Corporation_Of_India_vs_Mukesh_Poonamchand_Shah_on_25_February_2020_1.PDF,Corruption,SCC 2003 3 362,,,UNRESOLVED
Life_Insurance_Corporation_Of_India_vs_Mukesh_Poonamchand_Shah_on_25_February_2020_1.PDF,Corruption,SCC 2004 13 342,,,UNRESOLVED
Managing_Director_Chhattisgarh_State_vs_Zila_Sahkari_Kendriya_Bank_Maryadit_on_4_March_2020_1.PDF,Corruption,AIR 1961 SC 1170,,,UNRESOLVED
Managing_Director_Chhattisgarh_State_vs_Zila_Sahkari_Kendriya_Bank_Maryadit_on_4_March_2020_1.PDF,Corruption,AIR 1964 SC 207,,,UNRESOLVED
Managing_Director_Chhattisgarh_State_vs_Zila_Sahkari_Kendriya_Bank_Maryadit_on_4_March_2020_1.PDF,Corruption,AIR 1977 SC 36,,,UNRESOLVED
Managing_Director_Chhattisgarh_State_vs_Zila_Sahkari_Kendriya_Bank_Maryadit_on_4_March_2020_1.PDF,Corruption,SCC 1984 4 27,,,UNRESOLVED
Managing_Director_Chhattisgarh_State_vs_Zila_Sahkari_Kendriya_Bank_Maryadit_on_4_March_2020_1.PDF,Corruption,SCC 1989 3 343,,,UNRESOLVED
Managing_Director_Chhattisgarh_State_vs_Zila_Sahkari_Kendriya_Bank_Maryadit_on_4_March_2020_1.PDF,Corruption,SCC 2004 11 672,,,UNRESOLVED
Managing_Director_Chhattisgarh_State_vs_Zila_Sahkari_Kendriya_Bank_Maryadit_on_4_March_2020_1.PDF,Corruption,SCC 2008 2 417,,,UNRESOLVED
Managing_Director_Chhattisgarh_State_vs_Zila_Sahkari_Kendriya_Bank_Maryadit_on_4_March_2020_1.PDF,Corruption,SCC 2016 6 157,,,UNRESOLVED
Managing_Director_Chhattisgarh_State_vs_Zila_Sahkari_Kendriya_Bank_Maryadit_on_4_March_2020_1.PDF,Corruption,SCC 1991 4 258,,,UNRESOLVED
Managing_Director_Chhattisgarh_State_vs_Zila_Sahkari_Kendriya_Bank_Maryadit_on_4_March_2020_1.PDF,Corruption,SCC 2002 2 95,,,UNRESOLVED
Mukesh_Singh_vs_State_Narcotic_Branch_Of_Delhi_on_31_August_2020_1.PDF,Corruption,AIR 1955 SC 196,,,UNRESOLVED
Mukesh_Singh_vs_State_Narcotic_Branch_Of_Delhi_on_31_August_2020_1.PDF,Corruption,AIR 1945 PC 18,,,UNRESOLVED
Mukesh_Singh_vs_State_Narcotic_Branch_Of_Delhi_on_31_August_2020_1.PDF,Corruption,AIR 1964 SC 221,,,UNRESOLVED
Mukesh_Singh_vs_State_Narcotic_Branch_Of_Delhi_on_31_August_2020_1.PDF,Corruption,AIR 2014 SC 187,,,UNRESOLVED
Mukesh_Singh_vs_State_Narcotic_Branch_Of_Delhi_on_31_August_2020_1.PDF,Corruption,SCC 2020 3 321,,,UNRESOLVED
Mukesh_Singh_vs_State_Narcotic_Branch_Of_Delhi_on_31_August_2020_1.PDF,Corruption,SCC 1976 1 15,Bhagwan_Singh_vs_The_State_Of_Rajasthan_on_14_August_1975_1.PDF,Organized Crime / Extortion,CROSS_DOMAIN
Mukesh_Singh_vs_State_Narcotic_Branch_Of_Delhi_on_31_August_2020_1.PDF,Corruption,SCC 1996 11 709,Megha_Singh_vs_State_Of_Haryana_on_9_February_1995_1.PDF,,OUTSIDE_DOMAINS
Mukesh_Singh_vs_State_Narcotic_Branch_Of_Delhi_on_31_August_2020_1.PDF,Corruption,SCC 2010 15 369,,,UNRESOLVED
Mukesh_Singh_vs_State_Narcotic_Branch_Of_Delhi_on_31_August_2020_1.PDF,Corruption,SCC 1978 1 248,Mrs_Maneka_Gandhi_vs_Union_Of_India_Uoi_And_Anr_on_25_January_1978_1.PDF,Organized Crime / Extortion,CROSS_DOMAIN
Mukesh_Singh_vs_State_Narcotic_Branch_Of_Delhi_on_31_August_2020_1.PDF,Corruption,SCC 2010 6 1,,,UNRESOLVED
Mukesh_Singh_vs_State_Narcotic_Branch_Of_Delhi_on_31_August_2020_1.PDF,Corruption,SCC 2018 10 753,,,UNRESOLVED
Mukesh_Singh_vs_State_Narcotic_Branch_Of_Delhi_on_31_August_2020_1.PDF,Corruption,SCC 2013 10 192,,,UNRESOLVED
Mukesh_Singh_vs_State_Narcotic_Branch_Of_Delhi_on_31_August_2020_1.PDF,Corruption,SCC 2010 12 254,,,UNRESOLVED
Mukesh_Singh_vs_State_Narcotic_Branch_Of_Delhi_on_31_August_2020_1.PDF,Corruption,SCC 2011 8 300,,,UNRESOLVED
Mukesh_Singh_vs_State_Narcotic_Branch_Of_Delhi_on_31_August_2020_1.PDF,Corruption,SCC 1980 3 304,,,UNRESOLVED
Mukesh_Singh_vs_State_Narcotic_Branch_Of_Delhi_on_31_August_2020_1.PDF,Corruption,SCC 2004 5 223,,,UNRESOLVED
Mukesh_Singh_vs_State_Narcotic_Branch_Of_Delhi_on_31_August_2020_1.PDF,Corruption,SCC 2004 5 230,,,UNRESOLVED
Mukesh_Singh_vs_State_Narcotic_Branch_Of_Delhi_on_31_August_2020_1.PDF,Corruption,SCC 2009 11 690,,,UNRESOLVED
Mukesh_Singh_vs_State_Narcotic_Branch_Of_Delhi_on_31_August_2020_1.PDF,Corruption,SCC 2015 3 220,,,UNRESOLVED
Mukesh_Singh_vs_State_Narcotic_Branch_Of_Delhi_on_31_August_2020_1.PDF,Corruption,SCC 2016 4 617,,,UNRESOLVED
Mukesh_Singh_vs_State_Narcotic_Branch_Of_Delhi_on_31_August_2020_1.PDF,Corruption,SCC 1974 3 774,,,UNRESOLVED
Mukesh_Singh_vs_State_Narcotic_Branch_Of_Delhi_on_31_August_2020_1.PDF,Corruption,SCC 2013 5 762,,,UNRESOLVED
Mukesh_Singh_vs_State_Narcotic_Branch_Of_Delhi_on_31_August_2020_1.PDF,Corruption,SCC 2007 13 530,,,UNRESOLVED
Mukesh_Singh_vs_State_Narcotic_Branch_Of_Delhi_on_31_August_2020_1.PDF,Corruption,SCC 2010 15 725,,,UNRESOLVED
Mukesh_Singh_vs_State_Narcotic_Branch_Of_Delhi_on_31_August_2020_1.PDF,Corruption,SCC 2014 16 285,,,UNRESOLVED
Mukesh_Singh_vs_State_Narcotic_Branch_Of_Delhi_on_31_August_2020_1.PDF,Corruption,SCC 2008 8 557,,,UNRESOLVED
Mukesh_Singh_vs_State_Narcotic_Branch_Of_Delhi_on_31_August_2020_1.PDF,Corruption,SCC 2005 5 151,,,UNRESOLVED
Mukesh_Singh_vs_State_Narcotic_Branch_Of_Delhi_on_31_August_2020_1.PDF,Corruption,SCC 2005 9 579,,,UNRESOLVED
Mukesh_Singh_vs_State_Narcotic_Branch_Of_Delhi_on_31_August_2020_1.PDF,Corruption,SCC 2008 16 417,,,UNRESOLVED
Mukesh_Singh_vs_State_Narcotic_Branch_Of_Delhi_on_31_August_2020_1.PDF,Corruption,SCC 1999 6 172,,,UNRESOLVED
Mukesh_Singh_vs_State_Narcotic_Branch_Of_Delhi_on_31_August_2020_1.PDF,Corruption,SCC 2014 2 1,,,UNRESOLVED
Mukesh_Singh_vs_State_Narcotic_Branch_Of_Delhi_on_31_August_2020_1.PDF,Corruption,SCC 2003 5 291,,,UNRESOLVED
Mukesh_Singh_vs_State_Narcotic_Branch_Of_Delhi_on_31_August_2020_1.PDF,Corruption,SCC 2002 5 234,,,UNRESOLVED
Mukesh_Singh_vs_State_Narcotic_Branch_Of_Delhi_on_31_August_2020_1.PDF,Corruption,SCC 1976 1 15,Bhagwan_Singh_vs_The_State_Of_Rajasthan_on_14_August_1975_1.PDF,Organized Crime / Extortion,CROSS_DOMAIN
Mukesh_Singh_vs_State_Narcotic_Branch_Of_Delhi_on_31_August_2020_1.PDF,Corruption,SCC 1996 11 709,Megha_Singh_vs_State_Of_Haryana_on_9_February_1995_1.PDF,,OUTSIDE_DOMAINS
Mukesh_Singh_vs_State_Narcotic_Branch_Of_Delhi_on_31_August_2020_1.PDF,Corruption,SCC 2010 15 369,,,UNRESOLVED
Mukesh_Singh_vs_State_Narcotic_Branch_Of_Delhi_on_31_August_2020_1.PDF,Corruption,SCC 2018 17 627,,,UNRESOLVED
Mukesh_Singh_vs_State_Narcotic_Branch_Of_Delhi_on_31_August_2020_1.PDF,Corruption,SCR 1955 1140,,,UNRESOLVED
Mukesh_Singh_vs_State_Narcotic_Branch_Of_Delhi_on_31_August_2020_1.PDF,Corruption,SCR 1955 1 1150,,,UNRESOLVED
Mukesh_Singh_vs_State_Narcotic_Branch_Of_Delhi_on_31_August_2020_1.PDF,Corruption,SCR 1956 734,Niranjan_Singh_vs_The_State_Of_Uttar_Pradesh_And_on_3_October_1956_1.PDF,Violent Crime / Homicide,CROSS_DOMAIN
M_S_Fertico_Marketing_And_Investment_vs_Central_Bureau_Of_Investigation_And_on_17_November_2020_1.PDF,Corruption,AIR 1944 PC 73,,,UNRESOLVED
M_S_Fertico_Marketing_And_Investment_vs_Central_Bureau_Of_Investigation_And_on_17_November_2020_1.PDF,Corruption,AIR 1950 PC 26,,,UNRESOLVED
M_S_Fertico_Marketing_And_Investment_vs_Central_Bureau_Of_Investigation_And_on_17_November_2020_1.PDF,Corruption,AIR 1944 SC 73,,,UNRESOLVED
M_S_Fertico_Marketing_And_Investment_vs_Central_Bureau_Of_Investigation_And_on_17_November_2020_1.PDF,Corruption,AIR 1950 PC 26,,,UNRESOLVED
M_S_Fertico_Marketing_And_Investment_vs_Central_Bureau_Of_Investigation_And_on_17_November_2020_1.PDF,Corruption,SCC 2012 8 106,,,UNRESOLVED
M_S_Fertico_Marketing_And_Investment_vs_Central_Bureau_Of_Investigation_And_on_17_November_2020_1.PDF,Corruption,SCC 1987 2 74,,,UNRESOLVED
M_S_Fertico_Marketing_And_Investment_vs_Central_Bureau_Of_Investigation_And_on_17_November_2020_1.PDF,Corruption,SCC 2003 6 195,,,UNRESOLVED
M_S_Fertico_Marketing_And_Investment_vs_Central_Bureau_Of_Investigation_And_on_17_November_2020_1.PDF,Corruption,SCC 2012 8 106,,,UNRESOLVED
M_S_Fertico_Marketing_And_Investment_vs_Central_Bureau_Of_Investigation_And_on_17_November_2020_1.PDF,Corruption,SCR 1955 1 1150,,,UNRESOLVED
M_S_Fertico_Marketing_And_Investment_vs_Central_Bureau_Of_Investigation_And_on_17_November_2020_1.PDF,Corruption,SCR 1955 1 1150,,,UNRESOLVED
Pravin_Kumar_vs_Union_Of_India_And_Ors_on_10_September_2020_1.PDF,Corruption,AIR 1964 SC 364,Union_Of_India_Uoi_vs_H_C_Goel_on_30_August_1963_1.PDF,,OUTSIDE_DOMAINS
Pravin_Kumar_vs_Union_Of_India_And_Ors_on_10_September_2020_1.PDF,Corruption,SCC 2019 7 797,,,UNRESOLVED
Pravin_Kumar_vs_Union_Of_India_And_Ors_on_10_September_2020_1.PDF,Corruption,SCC 2006 2 373,,,UNRESOLVED
Pravin_Kumar_vs_Union_Of_India_And_Ors_on_10_September_2020_1.PDF,Corruption,SCC 2006 2 373,,,UNRESOLVED
Pravin_Kumar_vs_Union_Of_India_And_Ors_on_10_September_2020_1.PDF,Corruption,SCC 1995 6 749,B_C_Chaturvedi_vs_Union_Of_India_And_Ors_on_1_November_1995_1.PDF,Corruption,INTERNAL
Pravin_Kumar_vs_Union_Of_India_And_Ors_on_10_September_2020_1.PDF,Corruption,SCC 1996 7 509,,,UNRESOLVED
Pravin_Kumar_vs_Union_Of_India_And_Ors_on_10_September_2020_1.PDF,Corruption,SCC 2003 3 583,,,UNRESOLVED
Pravin_Kumar_vs_Union_Of_India_And_Ors_on_10_September_2020_1.PDF,Corruption,SCC 2017 1 768,,,UNRESOLVED
Pravin_Kumar_vs_Union_Of_India_And_Ors_on_10_September_2020_1.PDF,Corruption,SCC 2012 1 442,,,UNRESOLVED
Pravin_Kumar_vs_Union_Of_India_And_Ors_on_10_September_2020_1.PDF,Corruption,SCC 2005 7 764,,,UNRESOLVED
Pravin_Kumar_vs_Union_Of_India_And_Ors_on_10_September_2020_1.PDF,Corruption,SCC 2018 1 285,,,UNRESOLVED
Pravin_Kumar_vs_Union_Of_India_And_Ors_on_10_September_2020_1.PDF,Corruption,SCC 2010 12 532,,,UNRESOLVED
Pravin_Kumar_vs_Union_Of_India_And_Ors_on_10_September_2020_1.PDF,Corruption,SCC 2012 6 369,,,UNRESOLVED
Pravin_Kumar_vs_Union_Of_India_And_Ors_on_10_September_2020_1.PDF,Corruption,SCR 1964 4 718,,,UNRESOLVED
Pravin_Kumar_vs_Union_Of_India_And_Ors_on_10_September_2020_1.PDF,Corruption,SCR 1958 499,Union_Of_India_vs_T_R_Varma_on_18_September_1957_1.PDF,,OUTSIDE_DOMAINS
Sanjai_Tiwari_vs_The_State_Of_Uttar_Pradesh_on_16_December_2020_1.PDF,Corruption,SCC 1993 1 756,,,UNRESOLVED
State_Of_Kerala_vs_Rajesh_on_24_January_2020_1.PDF,Corruption,SCC 1990 1 95,,,UNRESOLVED
The_State_Of_Gujarat_vs_Mansukhbhai_Kanjibhai_Shah_on_27_April_2020_1.PDF,Corruption,AIR 1968 SC 1495,,,UNRESOLVED
The_State_Of_Gujarat_vs_Mansukhbhai_Kanjibhai_Shah_on_27_April_2020_1.PDF,Corruption,SCC 2016 7 353,,,UNRESOLVED
The_State_Of_Gujarat_vs_Mansukhbhai_Kanjibhai_Shah_on_27_April_2020_1.PDF,Corruption,SCC 2015 16 530,,,UNRESOLVED
The_State_Of_Gujarat_vs_Mansukhbhai_Kanjibhai_Shah_on_27_April_2020_1.PDF,Corruption,SCC 1991 3 655,K_Veeraswami_vs_Union_Of_India_And_Others_on_25_July_1991_1.PDF,Corruption,INTERNAL
The_State_Of_Gujarat_vs_Mansukhbhai_Kanjibhai_Shah_on_27_April_2020_1.PDF,Corruption,SCC 1975 2 377,,,UNRESOLVED
The_State_Of_Gujarat_vs_Mansukhbhai_Kanjibhai_Shah_on_27_April_2020_1.PDF,Corruption,SCC 2018 9 1,,,UNRESOLVED
The_State_Of_Gujarat_vs_Mansukhbhai_Kanjibhai_Shah_on_27_April_2020_1.PDF,Corruption,SCC 2012 3 64,,,UNRESOLVED
The_State_Of_Gujarat_vs_Mansukhbhai_Kanjibhai_Shah_on_27_April_2020_1.PDF,Corruption,SCC 2014 9 657,,,UNRESOLVED
The_State_Of_Gujarat_vs_Mansukhbhai_Kanjibhai_Shah_on_27_April_2020_1.PDF,Corruption,SCC 2018 1 468,,,UNRESOLVED
The_State_Of_Gujarat_vs_Mansukhbhai_Kanjibhai_Shah_on_27_April_2020_1.PDF,Corruption,SCC 2016 3 788,,,UNRESOLVED
The_State_Of_Gujarat_vs_Mansukhbhai_Kanjibhai_Shah_on_27_April_2020_1.PDF,Corruption,SCC 1998 4 626,,,UNRESOLVED
The_State_Of_Gujarat_vs_Mansukhbhai_Kanjibhai_Shah_on_27_April_2020_1.PDF,Corruption,SCC 2014 14 420,,,UNRESOLVED
The_State_Of_Gujarat_vs_Mansukhbhai_Kanjibhai_Shah_on_27_April_2020_1.PDF,Corruption,SCR 1969 2 422,,,UNRESOLVED
The_State_Of_Karnataka_vs_N_Gangaraj_on_14_February_2020_1.PDF,Corruption,AIR 1963 SC 1723,,,UNRESOLVED
The_State_Of_Karnataka_vs_N_Gangaraj_on_14_February_2020_1.PDF,Corruption,SCC 1995 6 749,B_C_Chaturvedi_vs_Union_Of_India_And_Ors_on_1_November_1995_1.PDF,Corruption,INTERNAL
The_State_Of_Karnataka_vs_N_Gangaraj_on_14_February_2020_1.PDF,Corruption,SCC 2000 1 416,,,UNRESOLVED
The_State_Of_Karnataka_vs_N_Gangaraj_on_14_February_2020_1.PDF,Corruption,SCC 2011 4 584,,,UNRESOLVED
The_State_Of_Karnataka_vs_N_Gangaraj_on_14_February_2020_1.PDF,Corruption,SCC 2015 2 610,,,UNRESOLVED
The_State_Of_Karnataka_vs_N_Gangaraj_on_14_February_2020_1.PDF,Corruption,SCC 2017 2 308,,,UNRESOLVED
The_State_Of_Karnataka_vs_N_Gangaraj_on_14_February_2020_1.PDF,Corruption,SCR 1964 4 781,,,UNRESOLVED
Tofan_Singh_vs_The_State_Of_Tamil_Nadu_on_29_October_2020_1.PDF,Corruption,AIR 1950 SC 27,,,UNRESOLVED
Tofan_Singh_vs_The_State_Of_Tamil_Nadu_on_29_October_2020_1.PDF,Corruption,AIR 1960 SC 490,State_Of_Delhi_vs_Shri_Ram_Lohia_on_9_December_1959_1.PDF,,OUTSIDE_DOMAINS
Tofan_Singh_vs_The_State_Of_Tamil_Nadu_on_29_October_2020_1.PDF,Corruption,AIR 1966 SC 1022,,,UNRESOLVED
Tofan_Singh_vs_The_State_Of_Tamil_Nadu_on_29_October_2020_1.PDF,Corruption,AIR 1954 SC 322,,,UNRESOLVED
Tofan_Singh_vs_The_State_Of_Tamil_Nadu_on_29_October_2020_1.PDF,Corruption,AIR 1975 SC 1320,Maghar_Singh_vs_State_Of_Punjab_on_16_April_1975_1.PDF,,OUTSIDE_DOMAINS
Tofan_Singh_vs_The_State_Of_Tamil_Nadu_on_29_October_2020_1.PDF,Corruption,AIR 1985 SC 1678,,,UNRESOLVED
Tofan_Singh_vs_The_State_Of_Tamil_Nadu_on_29_October_2020_1.PDF,Corruption,AIR 1990 SC 2140,,,UNRESOLVED
Tofan_Singh_vs_The_State_Of_Tamil_Nadu_on_29_October_2020_1.PDF,Corruption,AIR 1991 SC 37,,,UNRESOLVED
Tofan_Singh_vs_The_State_Of_Tamil_Nadu_on_29_October_2020_1.PDF,Corruption,AIR 1977 SC 2274,,,UNRESOLVED
Tofan_Singh_vs_The_State_Of_Tamil_Nadu_on_29_October_2020_1.PDF,Corruption,AIR 1934 CAL 580,,,UNRESOLVED
Tofan_Singh_vs_The_State_Of_Tamil_Nadu_on_29_October_2020_1.PDF,Corruption,AIR 1927 BOM 4,,,UNRESOLVED
Tofan_Singh_vs_The_State_Of_Tamil_Nadu_on_29_October_2020_1.PDF,Corruption,AIR 1932 PATNA 293,,,UNRESOLVED
Tofan_Singh_vs_The_State_Of_Tamil_Nadu_on_29_October_2020_1.PDF,Corruption,AIR 1962 SC 276,,,UNRESOLVED
Tofan_Singh_vs_The_State_Of_Tamil_Nadu_on_29_October_2020_1.PDF,Corruption,AIR 1964 SC 828,,,UNRESOLVED
Tofan_Singh_vs_The_State_Of_Tamil_Nadu_on_29_October_2020_1.PDF,Corruption,AIR 1966 SC 1746,,,UNRESOLVED
Tofan_Singh_vs_The_State_Of_Tamil_Nadu_on_29_October_2020_1.PDF,Corruption,AIR 1970 SC 940,,,UNRESOLVED
Tofan_Singh_vs_The_State_Of_Tamil_Nadu_on_29_October_2020_1.PDF,Corruption,AIR 1970 SC 1065,,,UNRESOLVED
Tofan_Singh_vs_The_State_Of_Tamil_Nadu_on_29_October_2020_1.PDF,Corruption,AIR 1966 SC 1746,,,UNRESOLVED
Tofan_Singh_vs_The_State_Of_Tamil_Nadu_on_29_October_2020_1.PDF,Corruption,AIR 1962 SC 276,,,UNRESOLVED
Tofan_Singh_vs_The_State_Of_Tamil_Nadu_on_29_October_2020_1.PDF,Corruption,AIR 1964 SC 828,,,UNRESOLVED
Tofan_Singh_vs_The_State_Of_Tamil_Nadu_on_29_October_2020_1.PDF,Corruption,AIR 1966 SC 176,,,UNRESOLVED
Tofan_Singh_vs_The_State_Of_Tamil_Nadu_on_29_October_2020_1.PDF,Corruption,AIR 1970 SC 940,,,UNRESOLVED
Tofan_Singh_vs_The_State_Of_Tamil_Nadu_on_29_October_2020_1.PDF,Corruption,AIR 1966 SC 1746,,,UNRESOLVED
Tofan_Singh_vs_The_State_Of_Tamil_Nadu_on_29_October_2020_1.PDF,Corruption,AIR 1963 SC 1116,,,UNRESOLVED
Tofan_Singh_vs_The_State_Of_Tamil_Nadu_on_29_October_2020_1.PDF,Corruption,AIR 1954 SC 496,,,UNRESOLVED
Tofan_Singh_vs_The_State_Of_Tamil_Nadu_on_29_October_2020_1.PDF,Corruption,AIR 1996 SC 522,,,UNRESOLVED
Tofan_Singh_vs_The_State_Of_Tamil_Nadu_on_29_October_2020_1.PDF,Corruption,AIR 2005 SC 186,,,UNRESOLVED
Tofan_Singh_vs_The_State_Of_Tamil_Nadu_on_29_October_2020_1.PDF,Corruption,AIR 1954 SC 300,,,UNRESOLVED
Tofan_Singh_vs_The_State_Of_Tamil_Nadu_on_29_October_2020_1.PDF,Corruption,AIR 1963 SC 1295,,,UNRESOLVED
Tofan_Singh_vs_The_State_Of_Tamil_Nadu_on_29_October_2020_1.PDF,Corruption,AIR 1978 SC 597,Mrs_Maneka_Gandhi_vs_Union_Of_India_Uoi_And_Anr_on_25_January_1978_1.PDF,Organized Crime / Extortion,CROSS_DOMAIN
Tofan_Singh_vs_The_State_Of_Tamil_Nadu_on_29_October_2020_1.PDF,Corruption,AIR 1961 SC 1808,,,UNRESOLVED
Tofan_Singh_vs_The_State_Of_Tamil_Nadu_on_29_October_2020_1.PDF,Corruption,AIR 1992 SC 1795,,,UNRESOLVED
Tofan_Singh_vs_The_State_Of_Tamil_Nadu_on_29_October_2020_1.PDF,Corruption,AIR 1960 SC 756,,,UNRESOLVED
Tofan_Singh_vs_The_State_Of_Tamil_Nadu_on_29_October_2020_1.PDF,Corruption,AIR 1968 SC 102,,,UNRESOLVED
Tofan_Singh_vs_The_State_Of_Tamil_Nadu_on_29_October_2020_1.PDF,Corruption,SCC 2013 16 31,,,UNRESOLVED
Tofan_Singh_vs_The_State_Of_Tamil_Nadu_on_29_October_2020_1.PDF,Corruption,SCC 1990 2 409,,,UNRESOLVED
Tofan_Singh_vs_The_State_Of_Tamil_Nadu_on_29_October_2020_1.PDF,Corruption,SCC 2008 4 668,,,UNRESOLVED
Tofan_Singh_vs_The_State_Of_Tamil_Nadu_on_29_October_2020_1.PDF,Corruption,SCC 2001 9 578,,,UNRESOLVED
Tofan_Singh_vs_The_State_Of_Tamil_Nadu_on_29_October_2020_1.PDF,Corruption,SCC 2008 16 417,,,UNRESOLVED
Tofan_Singh_vs_The_State_Of_Tamil_Nadu_on_29_October_2020_1.PDF,Corruption,SCC 2017 10 1,,,UNRESOLVED
Tofan_Singh_vs_The_State_Of_Tamil_Nadu_on_29_October_2020_1.PDF,Corruption,SCC 1980 4 600,,,UNRESOLVED
Tofan_Singh_vs_The_State_Of_Tamil_Nadu_on_29_October_2020_1.PDF,Corruption,SCC 2011 1 609,,,UNRESOLVED
Tofan_Singh_vs_The_State_Of_Tamil_Nadu_on_29_October_2020_1.PDF,Corruption,SCC 1994 3 569,Kartar_Singh_vs_State_Of_Punjab_on_11_March_1994_1.PDF,Corruption; Organized Crime / Extortion,INTERNAL
Tofan_Singh_vs_The_State_Of_Tamil_Nadu_on_29_October_2020_1.PDF,Corruption,SCC 1997 1 416,,,UNRESOLVED
Tofan_Singh_vs_The_State_Of_Tamil_Nadu_on_29_October_2020_1.PDF,Corruption,SCC 1978 2 424,,,UNRESOLVED
Tofan_Singh_vs_The_State_Of_Tamil_Nadu_on_29_October_2020_1.PDF,Corruption,SCC 1978 2 424,,,UNRESOLVED
Tofan_Singh_vs_The_State_Of_Tamil_Nadu_on_29_October_2020_1.PDF,Corruption,SCC 1975 3 210,,,UNRESOLVED
Tofan_Singh_vs_The_State_Of_Tamil_Nadu_on_29_October_2020_1.PDF,Corruption,SCC 1980 4 600,,,UNRESOLVED
Tofan_Singh_vs_The_State_Of_Tamil_Nadu_on_29_October_2020_1.PDF,Corruption,SCC 1992 3 259,,,UNRESOLVED
Tofan_Singh_vs_The_State_Of_Tamil_Nadu_on_29_October_2020_1.PDF,Corruption,SCC 1994 3 440,,,UNRESOLVED
Tofan_Singh_vs_The_State_Of_Tamil_Nadu_on_29_October_2020_1.PDF,Corruption,SCC 2010 7 263,,,UNRESOLVED
Tofan_Singh_vs_The_State_Of_Tamil_Nadu_on_29_October_2020_1.PDF,Corruption,SCC 2008 3 222,,,UNRESOLVED
Tofan_Singh_vs_The_State_Of_Tamil_Nadu_on_29_October_2020_1.PDF,Corruption,SCC 2004 11 576,,,UNRESOLVED
Tofan_Singh_vs_The_State_Of_Tamil_Nadu_on_29_October_2020_1.PDF,Corruption,SCC 1994 3 299,State_Of_Punjab_vs_Balbir_Singh_on_1_March_1994_1.PDF,Violent Crime / Homicide,CROSS_DOMAIN
Tofan_Singh_vs_The_State_Of_Tamil_Nadu_on_29_October_2020_1.PDF,Corruption,SCC 1999 6 172,,,UNRESOLVED
Tofan_Singh_vs_The_State_Of_Tamil_Nadu_on_29_October_2020_1.PDF,Corruption,SCC 2009 8 539,,,UNRESOLVED
Tofan_Singh_vs_The_State_Of_Tamil_Nadu_on_29_October_2020_1.PDF,Corruption,SCC 1999 6 172,,,UNRESOLVED
Tofan_Singh_vs_The_State_Of_Tamil_Nadu_on_29_October_2020_1.PDF,Corruption,SCC 2000 1 707,,,UNRESOLVED
Tofan_Singh_vs_The_State_Of_Tamil_Nadu_on_29_October_2020_1.PDF,Corruption,SCC 2004 2 56,,,UNRESOLVED
Tofan_Singh_vs_The_State_Of_Tamil_Nadu_on_29_October_2020_1.PDF,Corruption,SCC 1999 6 172,,,UNRESOLVED
Tofan_Singh_vs_The_State_Of_Tamil_Nadu_on_29_October_2020_1.PDF,Corruption,SCC 2008 2 370,,,UNRESOLVED
Tofan_Singh_vs_The_State_Of_Tamil_Nadu_on_29_October_2020_1.PDF,Corruption,SCC 1994 3 299,State_Of_Punjab_vs_Balbir_Singh_on_1_March_1994_1.PDF,Violent Crime / Homicide,CROSS_DOMAIN
Tofan_Singh_vs_The_State_Of_Tamil_Nadu_on_29_October_2020_1.PDF,Corruption,SCC 1994 3 299,State_Of_Punjab_vs_Balbir_Singh_on_1_March_1994_1.PDF,Violent Crime / Homicide,CROSS_DOMAIN
Tofan_Singh_vs_The_State_Of_Tamil_Nadu_on_29_October_2020_1.PDF,Corruption,SCC 2009 12 161,,,UNRESOLVED
Tofan_Singh_vs_The_State_Of_Tamil_Nadu_on_29_October_2020_1.PDF,Corruption,SCC 1981 4 173,,,UNRESOLVED
Tofan_Singh_vs_The_State_Of_Tamil_Nadu_on_29_October_2020_1.PDF,Corruption,SCC 2018 17 627,,,UNRESOLVED
Tofan_Singh_vs_The_State_Of_Tamil_Nadu_on_29_October_2020_1.PDF,Corruption,SCC 2004 5 223,,,UNRESOLVED
Tofan_Singh_vs_The_State_Of_Tamil_Nadu_on_29_October_2020_1.PDF,Corruption,SCC 1975 3 210,,,UNRESOLVED
Tofan_Singh_vs_The_State_Of_Tamil_Nadu_on_29_October_2020_1.PDF,Corruption,SCC 1997 6 514,,,UNRESOLVED
Tofan_Singh_vs_The_State_Of_Tamil_Nadu_on_29_October_2020_1.PDF,Corruption,SCC 2001 6 30,,,UNRESOLVED
Tofan_Singh_vs_The_State_Of_Tamil_Nadu_on_29_October_2020_1.PDF,Corruption,SCC 2005 11 600,,,UNRESOLVED
Tofan_Singh_vs_The_State_Of_Tamil_Nadu_on_29_October_2020_1.PDF,Corruption,SCC 1997 1 416,,,UNRESOLVED
Tofan_Singh_vs_The_State_Of_Tamil_Nadu_on_29_October_2020_1.PDF,Corruption,SCC 2011 12 298,,,UNRESOLVED
Tofan_Singh_vs_The_State_Of_Tamil_Nadu_on_29_October_2020_1.PDF,Corruption,SCC 2008 16 417,,,UNRESOLVED
Tofan_Singh_vs_The_State_Of_Tamil_Nadu_on_29_October_2020_1.PDF,Corruption,SCC 2004 11 576,,,UNRESOLVED
Tofan_Singh_vs_The_State_Of_Tamil_Nadu_on_29_October_2020_1.PDF,Corruption,SCC 1976 3 757,,,UNRESOLVED
Tofan_Singh_vs_The_State_Of_Tamil_Nadu_on_29_October_2020_1.PDF,Corruption,SCC 1998 4 605,,,UNRESOLVED
Tofan_Singh_vs_The_State_Of_Tamil_Nadu_on_29_October_2020_1.PDF,Corruption,SCC 2002 1 351,,,UNRESOLVED
Tofan_Singh_vs_The_State_Of_Tamil_Nadu_on_29_October_2020_1.PDF,Corruption,SCC 2009 9 417,,,UNRESOLVED
Tofan_Singh_vs_The_State_Of_Tamil_Nadu_on_29_October_2020_1.PDF,Corruption,SCC 2001 1 78,,,UNRESOLVED
Tofan_Singh_vs_The_State_Of_Tamil_Nadu_on_29_October_2020_1.PDF,Corruption,SCC 2003 8 180,,,UNRESOLVED
Tofan_Singh_vs_The_State_Of_Tamil_Nadu_on_29_October_2020_1.PDF,Corruption,SCC 1975 4 234,Maghar_Singh_vs_State_Of_Punjab_on_16_April_1975_1.PDF,,OUTSIDE_DOMAINS
Tofan_Singh_vs_The_State_Of_Tamil_Nadu_on_29_October_2020_1.PDF,Corruption,SCC 1985 4 26,,,UNRESOLVED
Tofan_Singh_vs_The_State_Of_Tamil_Nadu_on_29_October_2020_1.PDF,Corruption,SCC 2001 2 205,,,UNRESOLVED
Tofan_Singh_vs_The_State_Of_Tamil_Nadu_on_29_October_2020_1.PDF,Corruption,SCC 1991 1 286,,,UNRESOLVED
Tofan_Singh_vs_The_State_Of_Tamil_Nadu_on_29_October_2020_1.PDF,Corruption,SCC 1977 4 452,,,UNRESOLVED
Tofan_Singh_vs_The_State_Of_Tamil_Nadu_on_29_October_2020_1.PDF,Corruption,SCC 1992 3 204,Madan_Gopal_Kakkad_vs_Naval_Dubey_And_Anr_on_29_April_1992_1.PDF,Financial Fraud,CROSS_DOMAIN
Tofan_Singh_vs_The_State_Of_Tamil_Nadu_on_29_October_2020_1.PDF,Corruption,SCC 1975 3 210,,,UNRESOLVED
Tofan_Singh_vs_The_State_Of_Tamil_Nadu_on_29_October_2020_1.PDF,Corruption,SCC 1980 4 600,,,UNRESOLVED
Tofan_Singh_vs_The_State_Of_Tamil_Nadu_on_29_October_2020_1.PDF,Corruption,SCC 1990 2 409,,,UNRESOLVED
Tofan_Singh_vs_The_State_Of_Tamil_Nadu_on_29_October_2020_1.PDF,Corruption,SCC 1987 1 533,,,UNRESOLVED
Tofan_Singh_vs_The_State_Of_Tamil_Nadu_on_29_October_2020_1.PDF,Corruption,SCC 1975 3 210,,,UNRESOLVED
Tofan_Singh_vs_The_State_Of_Tamil_Nadu_on_29_October_2020_1.PDF,Corruption,SCC 1980 4 600,,,UNRESOLVED
Tofan_Singh_vs_The_State_Of_Tamil_Nadu_on_29_October_2020_1.PDF,Corruption,SCC 2008 4 668,,,UNRESOLVED
Tofan_Singh_vs_The_State_Of_Tamil_Nadu_on_29_October_2020_1.PDF,Corruption,SCC 1990 2 409,,,UNRESOLVED
Tofan_Singh_vs_The_State_Of_Tamil_Nadu_on_29_October_2020_1.PDF,Corruption,SCC 2001 9 578,,,UNRESOLVED
Tofan_Singh_vs_The_State_Of_Tamil_Nadu_on_29_October_2020_1.PDF,Corruption,SCC 1999 6 1,,,UNRESOLVED
Tofan_Singh_vs_The_State_Of_Tamil_Nadu_on_29_October_2020_1.PDF,Corruption,SCC 2015 6 477,,,UNRESOLVED
Tofan_Singh_vs_The_State_Of_Tamil_Nadu_on_29_October_2020_1.PDF,Corruption,SCC 1971 3 189,Girdhari_Lal_Gupta_vs_D_H_Mehta_And_Anr_on_18_February_1971_1.PDF,,OUTSIDE_DOMAINS
Tofan_Singh_vs_The_State_Of_Tamil_Nadu_on_29_October_2020_1.PDF,Corruption,SCC 2005 4 530,,,UNRESOLVED
Tofan_Singh_vs_The_State_Of_Tamil_Nadu_on_29_October_2020_1.PDF,Corruption,SCC 2003 7 628,,,UNRESOLVED
Tofan_Singh_vs_The_State_Of_Tamil_Nadu_on_29_October_2020_1.PDF,Corruption,SCC 2004 3 199,,,UNRESOLVED
Tofan_Singh_vs_The_State_Of_Tamil_Nadu_on_29_October_2020_1.PDF,Corruption,SCC 2008 13 305,,,UNRESOLVED
Tofan_Singh_vs_The_State_Of_Tamil_Nadu_on_29_October_2020_1.PDF,Corruption,SCC 1997 3 721,,,UNRESOLVED
Tofan_Singh_vs_The_State_Of_Tamil_Nadu_on_29_October_2020_1.PDF,Corruption,SCC 2017 10 1,,,UNRESOLVED
Tofan_Singh_vs_The_State_Of_Tamil_Nadu_on_29_October_2020_1.PDF,Corruption,SCC 2005 1 496,,,UNRESOLVED
Tofan_Singh_vs_The_State_Of_Tamil_Nadu_on_29_October_2020_1.PDF,Corruption,SCC 2008 13 5,,,UNRESOLVED
Tofan_Singh_vs_The_State_Of_Tamil_Nadu_on_29_October_2020_1.PDF,Corruption,SCC 1975 2 148,Gobind_vs_State_Of_Madhya_Pradesh_And_Anr_on_18_March_1975_1.PDF,,OUTSIDE_DOMAINS
Tofan_Singh_vs_The_State_Of_Tamil_Nadu_on_29_October_2020_1.PDF,Corruption,SCC 1980 4 600,,,UNRESOLVED
Tofan_Singh_vs_The_State_Of_Tamil_Nadu_on_29_October_2020_1.PDF,Corruption,SCC 1978 2 424,,,UNRESOLVED
Tofan_Singh_vs_The_State_Of_Tamil_Nadu_on_29_October_2020_1.PDF,Corruption,SCC 1997 8 358,,,UNRESOLVED
Tofan_Singh_vs_The_State_Of_Tamil_Nadu_on_29_October_2020_1.PDF,Corruption,SCC 2008 2 370,,,UNRESOLVED
Tofan_Singh_vs_The_State_Of_Tamil_Nadu_on_29_October_2020_1.PDF,Corruption,SCC 1999 6 172,,,UNRESOLVED
Tofan_Singh_vs_The_State_Of_Tamil_Nadu_on_29_October_2020_1.PDF,Corruption,SCC 1999 6 172,,,UNRESOLVED
Tofan_Singh_vs_The_State_Of_Tamil_Nadu_on_29_October_2020_1.PDF,Corruption,SCC 2006 12 321,,,UNRESOLVED
Tofan_Singh_vs_The_State_Of_Tamil_Nadu_on_29_October_2020_1.PDF,Corruption,SCR 1962 3 338,,,UNRESOLVED
Tofan_Singh_vs_The_State_Of_Tamil_Nadu_on_29_October_2020_1.PDF,Corruption,SCR 1964 2 752,,,UNRESOLVED
Tofan_Singh_vs_The_State_Of_Tamil_Nadu_on_29_October_2020_1.PDF,Corruption,SCR 1966 3 698,,,UNRESOLVED
Tofan_Singh_vs_The_State_Of_Tamil_Nadu_on_29_October_2020_1.PDF,Corruption,SCR 1969 2 461,,,UNRESOLVED
Tofan_Singh_vs_The_State_Of_Tamil_Nadu_on_29_October_2020_1.PDF,Corruption,SCR 1969 2 613,,,UNRESOLVED
Tofan_Singh_vs_The_State_Of_Tamil_Nadu_on_29_October_2020_1.PDF,Corruption,SCR 1954 1077,M_P_Sharma_And_Others_vs_Satish_Chandra_District_on_15_March_1954_1.PDF,Organized Crime / Extortion,CROSS_DOMAIN
Tofan_Singh_vs_The_State_Of_Tamil_Nadu_on_29_October_2020_1.PDF,Corruption,SCR 1963 2 10,,,UNRESOLVED
Tofan_Singh_vs_The_State_Of_Tamil_Nadu_on_29_October_2020_1.PDF,Corruption,SCR 1961 1 14,,,UNRESOLVED
Tofan_Singh_vs_The_State_Of_Tamil_Nadu_on_29_October_2020_1.PDF,Corruption,SCR 1954 1077,M_P_Sharma_And_Others_vs_Satish_Chandra_District_on_15_March_1954_1.PDF,Organized Crime / Extortion,CROSS_DOMAIN
Tofan_Singh_vs_The_State_Of_Tamil_Nadu_on_29_October_2020_1.PDF,Corruption,SCR 1961 1 417,,,UNRESOLVED
Tofan_Singh_vs_The_State_Of_Tamil_Nadu_on_29_October_2020_1.PDF,Corruption,SCR 1962 3 10,,,UNRESOLVED
Tofan_Singh_vs_The_State_Of_Tamil_Nadu_on_29_October_2020_1.PDF,Corruption,SCR 1969 2 46,,,UNRESOLVED
Tofan_Singh_vs_The_State_Of_Tamil_Nadu_on_29_October_2020_1.PDF,Corruption,SCR 1962 3 10,,,UNRESOLVED
Tofan_Singh_vs_The_State_Of_Tamil_Nadu_on_29_October_2020_1.PDF,Corruption,SCR 1954 1077,M_P_Sharma_And_Others_vs_Satish_Chandra_District_on_15_March_1954_1.PDF,Organized Crime / Extortion,CROSS_DOMAIN
Tofan_Singh_vs_The_State_Of_Tamil_Nadu_on_29_October_2020_1.PDF,Corruption,SCR 1964 1 332,,,UNRESOLVED
Tofan_Singh_vs_The_State_Of_Tamil_Nadu_on_29_October_2020_1.PDF,Corruption,SCR 1966 1 134,,,UNRESOLVED
Tofan_Singh_vs_The_State_Of_Tamil_Nadu_on_29_October_2020_1.PDF,Corruption,SCR 1955 2 603,,,UNRESOLVED
Tofan_Singh_vs_The_State_Of_Tamil_Nadu_on_29_October_2020_1.PDF,Corruption,SCR 1965 3 86,,,UNRESOLVED
Tofan_Singh_vs_The_State_Of_Tamil_Nadu_on_29_October_2020_1.PDF,Corruption,SCR 1955 1 1150,,,UNRESOLVED
Tofan_Singh_vs_The_State_Of_Tamil_Nadu_on_29_October_2020_1.PDF,Corruption,SCR 1958 822,Leo_Roy_Frey_vs_The_Superintendent_District_on_31_October_1957_1.PDF,,OUTSIDE_DOMAINS
Tofan_Singh_vs_The_State_Of_Tamil_Nadu_on_29_October_2020_1.PDF,Corruption,SCR 1959 821,Shewpujanrai_Indrasanrai_Ltd_vs_The_Collector_Of_Customs_Others_on_9_May_1958_1.PDF,,OUTSIDE_DOMAINS
Tofan_Singh_vs_The_State_Of_Tamil_Nadu_on_29_October_2020_1.PDF,Corruption,SCR 1964 2 752,,,UNRESOLVED
Tofan_Singh_vs_The_State_Of_Tamil_Nadu_on_29_October_2020_1.PDF,Corruption,SCR 1954 1098,,,UNRESOLVED
Tofan_Singh_vs_The_State_Of_Tamil_Nadu_on_29_October_2020_1.PDF,Corruption,SCR 1964 2 752,,,UNRESOLVED
Tofan_Singh_vs_The_State_Of_Tamil_Nadu_on_29_October_2020_1.PDF,Corruption,SCR 1966 3 698,,,UNRESOLVED
Tofan_Singh_vs_The_State_Of_Tamil_Nadu_on_29_October_2020_1.PDF,Corruption,SCR 1966 3 698,,,UNRESOLVED
Tofan_Singh_vs_The_State_Of_Tamil_Nadu_on_29_October_2020_1.PDF,Corruption,SCR 1955 1 158,,,UNRESOLVED
Tofan_Singh_vs_The_State_Of_Tamil_Nadu_on_29_October_2020_1.PDF,Corruption,SCR 1954 1077,M_P_Sharma_And_Others_vs_Satish_Chandra_District_on_15_March_1954_1.PDF,Organized Crime / Extortion,CROSS_DOMAIN
Tofan_Singh_vs_The_State_Of_Tamil_Nadu_on_29_October_2020_1.PDF,Corruption,SCR 1964 1 332,,,UNRESOLVED
Union_Of_India_vs_Ashok_Kumar_Sharma_on_28_August_2020_1.PDF,Corruption,AIR 1955 SC 196,,,UNRESOLVED
Union_Of_India_vs_Ashok_Kumar_Sharma_on_28_August_2020_1.PDF,Corruption,AIR 1993 SC 2644,State_Of_Andhra_Pradesh_vs_Punati_Ramulu_And_Others_on_19_February_1993_1.PDF,,OUTSIDE_DOMAINS
Union_Of_India_vs_Ashok_Kumar_Sharma_on_28_August_2020_1.PDF,Corruption,AIR 1999 SC 3596,,,UNRESOLVED
Union_Of_India_vs_Ashok_Kumar_Sharma_on_28_August_2020_1.PDF,Corruption,AIR 1967 SC 1211,,,UNRESOLVED
Union_Of_India_vs_Ashok_Kumar_Sharma_on_28_August_2020_1.PDF,Corruption,AIR 1961 SC 1107,,,UNRESOLVED
Union_Of_India_vs_Ashok_Kumar_Sharma_on_28_August_2020_1.PDF,Corruption,AIR 1974 SC 960,Gammon_India_Ltd_And_Ors_vs_Union_Of_India_Uoi_And_Ors_on_20_March_1974_1.PDF,,OUTSIDE_DOMAINS
Union_Of_India_vs_Ashok_Kumar_Sharma_on_28_August_2020_1.PDF,Corruption,AIR 1977 SC 747,,,UNRESOLVED
Union_Of_India_vs_Ashok_Kumar_Sharma_on_28_August_2020_1.PDF,Corruption,AIR 1977 SC 1944,,,UNRESOLVED
Union_Of_India_vs_Ashok_Kumar_Sharma_on_28_August_2020_1.PDF,Corruption,AIR 1978 SC 995,,,UNRESOLVED
Union_Of_India_vs_Ashok_Kumar_Sharma_on_28_August_2020_1.PDF,Corruption,AIR 1980 SC 485,,,UNRESOLVED
Union_Of_India_vs_Ashok_Kumar_Sharma_on_28_August_2020_1.PDF,Corruption,AIR 1961 SC 1170,,,UNRESOLVED
Union_Of_India_vs_Ashok_Kumar_Sharma_on_28_August_2020_1.PDF,Corruption,SCC 2009 7 526,,,UNRESOLVED
Union_Of_India_vs_Ashok_Kumar_Sharma_on_28_August_2020_1.PDF,Corruption,SCC 2014 9 772,,,UNRESOLVED
Union_Of_India_vs_Ashok_Kumar_Sharma_on_28_August_2020_1.PDF,Corruption,SCC 2009 7 526,,,UNRESOLVED
Union_Of_India_vs_Ashok_Kumar_Sharma_on_28_August_2020_1.PDF,Corruption,SCC 2009 6 316,,,UNRESOLVED
Union_Of_India_vs_Ashok_Kumar_Sharma_on_28_August_2020_1.PDF,Corruption,SCC 2011 1 534,,,UNRESOLVED
Union_Of_India_vs_Ashok_Kumar_Sharma_on_28_August_2020_1.PDF,Corruption,SCC 2014 9 772,,,UNRESOLVED
Union_Of_India_vs_Ashok_Kumar_Sharma_on_28_August_2020_1.PDF,Corruption,SCC 2014 2 1,,,UNRESOLVED
Union_Of_India_vs_Ashok_Kumar_Sharma_on_28_August_2020_1.PDF,Corruption,SCC 1997 1 416,,,UNRESOLVED
Union_Of_India_vs_Ashok_Kumar_Sharma_on_28_August_2020_1.PDF,Corruption,SCC 2014 8 273,,,UNRESOLVED
Union_Of_India_vs_Ashok_Kumar_Sharma_on_28_August_2020_1.PDF,Corruption,SCC 2016 11 703,,,UNRESOLVED
Union_Of_India_vs_Ashok_Kumar_Sharma_on_28_August_2020_1.PDF,Corruption,SCC 1990 2 409,,,UNRESOLVED
Union_Of_India_vs_Ashok_Kumar_Sharma_on_28_August_2020_1.PDF,Corruption,SCC 1975 3 210,,,UNRESOLVED
Union_Of_India_vs_Ashok_Kumar_Sharma_on_28_August_2020_1.PDF,Corruption,SCC 1980 4 600,,,UNRESOLVED
Union_Of_India_vs_Ashok_Kumar_Sharma_on_28_August_2020_1.PDF,Corruption,SCC 1974 1 596,,,UNRESOLVED
Union_Of_India_vs_Ashok_Kumar_Sharma_on_28_August_2020_1.PDF,Corruption,SCC 1977 2 457,,,UNRESOLVED
Union_Of_India_vs_Ashok_Kumar_Sharma_on_28_August_2020_1.PDF,Corruption,SCC 1977 3 99,,,UNRESOLVED
Union_Of_India_vs_Ashok_Kumar_Sharma_on_28_August_2020_1.PDF,Corruption,SCC 1978 2 144,,,UNRESOLVED
Union_Of_India_vs_Ashok_Kumar_Sharma_on_28_August_2020_1.PDF,Corruption,SCC 1980 1 370,,,UNRESOLVED
Union_Of_India_vs_Ashok_Kumar_Sharma_on_28_August_2020_1.PDF,Corruption,SCC 1997 1 373,,,UNRESOLVED
Union_Of_India_vs_Ashok_Kumar_Sharma_on_28_August_2020_1.PDF,Corruption,SCC 1994 3 440,,,UNRESOLVED
Union_Of_India_vs_Ashok_Kumar_Sharma_on_28_August_2020_1.PDF,Corruption,SCC 2011 14 1,,,UNRESOLVED
Union_Of_India_vs_Ashok_Kumar_Sharma_on_28_August_2020_1.PDF,Corruption,SCR 1966 3 698,,,UNRESOLVED
Union_Of_India_vs_Ashok_Kumar_Sharma_on_28_August_2020_1.PDF,Corruption,SCR 1969 2 461,,,UNRESOLVED
Union_Of_India_vs_Ashok_Kumar_Sharma_on_28_August_2020_1.PDF,Corruption,SCR 1969 2 613,,,UNRESOLVED
Union_Of_India_vs_Ashok_Kumar_Sharma_on_28_August_2020_1.PDF,Corruption,SCR 1961 2 295,,,UNRESOLVED
Central_Bureau_Of_Investigation_Cbi_vs_Thommandru_Hannah_Vijayalakshmi_T_H_on_8_October_2021_1.PDF,Corruption,SCC 2014 2 1,,,UNRESOLVED
Central_Bureau_Of_Investigation_Cbi_vs_Thommandru_Hannah_Vijayalakshmi_T_H_on_8_October_2021_1.PDF,Corruption,SCC 2019 19 87,,,UNRESOLVED
Central_Bureau_Of_Investigation_Cbi_vs_Thommandru_Hannah_Vijayalakshmi_T_H_on_8_October_2021_1.PDF,Corruption,SCC 1991 3 655,K_Veeraswami_vs_Union_Of_India_And_Others_on_25_July_1991_1.PDF,Corruption,INTERNAL
Central_Bureau_Of_Investigation_Cbi_vs_Thommandru_Hannah_Vijayalakshmi_T_H_on_8_October_2021_1.PDF,Corruption,SCC 1996 1 542,State_Of_Maharashtra_Ors_vs_Ishwar_Piraji_Kalpatri_on_30_November_1995_1.PDF,Corruption,INTERNAL
Central_Bureau_Of_Investigation_Cbi_vs_Thommandru_Hannah_Vijayalakshmi_T_H_on_8_October_2021_1.PDF,Corruption,SCC 2009 6 65,,,UNRESOLVED
Central_Bureau_Of_Investigation_Cbi_vs_Thommandru_Hannah_Vijayalakshmi_T_H_on_8_October_2021_1.PDF,Corruption,SCC 2012 7 407,,,UNRESOLVED
Central_Bureau_Of_Investigation_Cbi_vs_Thommandru_Hannah_Vijayalakshmi_T_H_on_8_October_2021_1.PDF,Corruption,SCC 2017 6 263,,,UNRESOLVED
Central_Bureau_Of_Investigation_Cbi_vs_Thommandru_Hannah_Vijayalakshmi_T_H_on_8_October_2021_1.PDF,Corruption,SCC 2020 10 766,,,UNRESOLVED
Central_Bureau_Of_Investigation_Cbi_vs_Thommandru_Hannah_Vijayalakshmi_T_H_on_8_October_2021_1.PDF,Corruption,SCC 2000 7 640,,,UNRESOLVED
Central_Bureau_Of_Investigation_Cbi_vs_Thommandru_Hannah_Vijayalakshmi_T_H_on_8_October_2021_1.PDF,Corruption,SCC 1998 5 749,,,UNRESOLVED
Central_Bureau_Of_Investigation_Cbi_vs_Thommandru_Hannah_Vijayalakshmi_T_H_on_8_October_2021_1.PDF,Corruption,SCC 2021 5 524,,,UNRESOLVED
Central_Bureau_Of_Investigation_Cbi_vs_Thommandru_Hannah_Vijayalakshmi_T_H_on_8_October_2021_1.PDF,Corruption,SCC 1998 1 226,,,UNRESOLVED
Central_Bureau_Of_Investigation_Cbi_vs_Thommandru_Hannah_Vijayalakshmi_T_H_on_8_October_2021_1.PDF,Corruption,SCC 2007 1 630,,,UNRESOLVED
Central_Bureau_Of_Investigation_Cbi_vs_Thommandru_Hannah_Vijayalakshmi_T_H_on_8_October_2021_1.PDF,Corruption,SCC 2014 14 295,,,UNRESOLVED
Central_Bureau_Of_Investigation_Cbi_vs_Thommandru_Hannah_Vijayalakshmi_T_H_on_8_October_2021_1.PDF,Corruption,SCC 2017 8 1,,,UNRESOLVED
Central_Bureau_Of_Investigation_Cbi_vs_Thommandru_Hannah_Vijayalakshmi_T_H_on_8_October_2021_1.PDF,Corruption,SCC 2009 1 441,,,UNRESOLVED
Central_Bureau_Of_Investigation_Cbi_vs_Thommandru_Hannah_Vijayalakshmi_T_H_on_8_October_2021_1.PDF,Corruption,SCC 2020 2 338,,,UNRESOLVED
Central_Bureau_Of_Investigation_Cbi_vs_Thommandru_Hannah_Vijayalakshmi_T_H_on_8_October_2021_1.PDF,Corruption,SCC 2021 5 469,,,UNRESOLVED
Central_Bureau_Of_Investigation_Cbi_vs_Thommandru_Hannah_Vijayalakshmi_T_H_on_8_October_2021_1.PDF,Corruption,SCC 1970 1 595,,,UNRESOLVED
Central_Bureau_Of_Investigation_Cbi_vs_Thommandru_Hannah_Vijayalakshmi_T_H_on_8_October_2021_1.PDF,Corruption,SCC 2009 1 441,,,UNRESOLVED
Central_Bureau_Of_Investigation_Cbi_vs_Thommandru_Hannah_Vijayalakshmi_T_H_on_8_October_2021_1.PDF,Corruption,SCC 1998 4 626,,,UNRESOLVED
Central_Bureau_Of_Investigation_Cbi_vs_Thommandru_Hannah_Vijayalakshmi_T_H_on_8_October_2021_1.PDF,Corruption,SCC 2010 3 571,,,UNRESOLVED
Central_Bureau_Of_Investigation_Cbi_vs_Thommandru_Hannah_Vijayalakshmi_T_H_on_8_October_2021_1.PDF,Corruption,SCC 2012 8 106,,,UNRESOLVED
Central_Bureau_Of_Investigation_Cbi_vs_Thommandru_Hannah_Vijayalakshmi_T_H_on_8_October_2021_1.PDF,Corruption,SCC 2008 4 409,,,UNRESOLVED
Central_Bureau_Of_Investigation_Cbi_vs_Thommandru_Hannah_Vijayalakshmi_T_H_on_8_October_2021_1.PDF,Corruption,SCC 1996 9 735,,,UNRESOLVED
Central_Bureau_Of_Investigation_Cbi_vs_Thommandru_Hannah_Vijayalakshmi_T_H_on_8_October_2021_1.PDF,Corruption,SCC 2011 3 351,,,UNRESOLVED
Central_Bureau_Of_Investigation_Cbi_vs_Thommandru_Hannah_Vijayalakshmi_T_H_on_8_October_2021_1.PDF,Corruption,SCC 2019 14 318,,,UNRESOLVED
Central_Bureau_Of_Investigation_Cbi_vs_Thommandru_Hannah_Vijayalakshmi_T_H_on_8_October_2021_1.PDF,Corruption,SCC 2014 16 1,,,UNRESOLVED
Central_Bureau_Of_Investigation_Cbi_vs_Thommandru_Hannah_Vijayalakshmi_T_H_on_8_October_2021_1.PDF,Corruption,SCC 2015 14 505,,,UNRESOLVED
Central_Bureau_Of_Investigation_Cbi_vs_Thommandru_Hannah_Vijayalakshmi_T_H_on_8_October_2021_1.PDF,Corruption,SCC 2000 6 338,,,UNRESOLVED
Central_Bureau_Of_Investigation_Cbi_vs_Thommandru_Hannah_Vijayalakshmi_T_H_on_8_October_2021_1.PDF,Corruption,SCC 2021 335,,,UNRESOLVED
Central_Bureau_Of_Investigation_Cbi_vs_Thommandru_Hannah_Vijayalakshmi_T_H_on_8_October_2021_1.PDF,Corruption,SCC 1970 1 595,,,UNRESOLVED
Central_Bureau_Of_Investigation_Cbi_vs_Thommandru_Hannah_Vijayalakshmi_T_H_on_8_October_2021_1.PDF,Corruption,SCC 2014 2 1,,,UNRESOLVED
Central_Bureau_Of_Investigation_Cbi_vs_Thommandru_Hannah_Vijayalakshmi_T_H_on_8_October_2021_1.PDF,Corruption,SCC 1970 1 595,,,UNRESOLVED
Central_Bureau_Of_Investigation_Cbi_vs_Thommandru_Hannah_Vijayalakshmi_T_H_on_8_October_2021_1.PDF,Corruption,SCC 2014 2 1,,,UNRESOLVED
Central_Bureau_Of_Investigation_Cbi_vs_Thommandru_Hannah_Vijayalakshmi_T_H_on_8_October_2021_1.PDF,Corruption,SCC 2014 2 1,,,UNRESOLVED
Central_Bureau_Of_Investigation_Cbi_vs_Thommandru_Hannah_Vijayalakshmi_T_H_on_8_October_2021_1.PDF,Corruption,SCC 1970 1 595,,,UNRESOLVED
Central_Bureau_Of_Investigation_Cbi_vs_Thommandru_Hannah_Vijayalakshmi_T_H_on_8_October_2021_1.PDF,Corruption,SCC 2014 2 1,,,UNRESOLVED
Central_Bureau_Of_Investigation_Cbi_vs_Thommandru_Hannah_Vijayalakshmi_T_H_on_8_October_2021_1.PDF,Corruption,SCC 2014 2 1,,,UNRESOLVED
Central_Bureau_Of_Investigation_Cbi_vs_Thommandru_Hannah_Vijayalakshmi_T_H_on_8_October_2021_1.PDF,Corruption,SCC 2014 2 1,,,UNRESOLVED
Central_Bureau_Of_Investigation_Cbi_vs_Thommandru_Hannah_Vijayalakshmi_T_H_on_8_October_2021_1.PDF,Corruption,SCC 2014 2 1,,,UNRESOLVED
Central_Bureau_Of_Investigation_Cbi_vs_Thommandru_Hannah_Vijayalakshmi_T_H_on_8_October_2021_1.PDF,Corruption,SCC 2014 2 1,,,UNRESOLVED
Central_Bureau_Of_Investigation_Cbi_vs_Thommandru_Hannah_Vijayalakshmi_T_H_on_8_October_2021_1.PDF,Corruption,SCC 2014 2 1,,,UNRESOLVED
Central_Bureau_Of_Investigation_Cbi_vs_Thommandru_Hannah_Vijayalakshmi_T_H_on_8_October_2021_1.PDF,Corruption,SCC 2014 2 1,,,UNRESOLVED
Central_Bureau_Of_Investigation_Cbi_vs_Thommandru_Hannah_Vijayalakshmi_T_H_on_8_October_2021_1.PDF,Corruption,SCC 1970 1 595,,,UNRESOLVED
Central_Bureau_Of_Investigation_Cbi_vs_Thommandru_Hannah_Vijayalakshmi_T_H_on_8_October_2021_1.PDF,Corruption,SCC 2003 6 175,,,UNRESOLVED
Central_Bureau_Of_Investigation_Cbi_vs_Thommandru_Hannah_Vijayalakshmi_T_H_on_8_October_2021_1.PDF,Corruption,SCC 1970 1 595,,,UNRESOLVED
Central_Bureau_Of_Investigation_Cbi_vs_Thommandru_Hannah_Vijayalakshmi_T_H_on_8_October_2021_1.PDF,Corruption,SCC 2014 2 1,,,UNRESOLVED
Central_Bureau_Of_Investigation_Cbi_vs_Thommandru_Hannah_Vijayalakshmi_T_H_on_8_October_2021_1.PDF,Corruption,SCC 1998 9 268,State_Of_T_N_vs_M_M_Rajendran_on_5_February_1997_1.PDF,,OUTSIDE_DOMAINS
Central_Bureau_Of_Investigation_Cbi_vs_Thommandru_Hannah_Vijayalakshmi_T_H_on_8_October_2021_1.PDF,Corruption,SCC 2020 4 761,,,UNRESOLVED
Central_Bureau_Of_Investigation_Cbi_vs_Thommandru_Hannah_Vijayalakshmi_T_H_on_8_October_2021_1.PDF,Corruption,SCC 2018 6 454,,,UNRESOLVED
Central_Bureau_Of_Investigation_Cbi_vs_Thommandru_Hannah_Vijayalakshmi_T_H_on_8_October_2021_1.PDF,Corruption,SCC 2014 2 1,,,UNRESOLVED
Central_Bureau_Of_Investigation_Cbi_vs_Thommandru_Hannah_Vijayalakshmi_T_H_on_8_October_2021_1.PDF,Corruption,SCC 2015 1 103,,,UNRESOLVED
Central_Bureau_Of_Investigation_Cbi_vs_Thommandru_Hannah_Vijayalakshmi_T_H_on_8_October_2021_1.PDF,Corruption,SCC 2005 1 568,,,UNRESOLVED
Central_Bureau_Of_Investigation_Cbi_vs_Thommandru_Hannah_Vijayalakshmi_T_H_on_8_October_2021_1.PDF,Corruption,SCC 2008 10 109,,,UNRESOLVED
Central_Bureau_Of_Investigation_Cbi_vs_Thommandru_Hannah_Vijayalakshmi_T_H_on_8_October_2021_1.PDF,Corruption,SCC 2008 15 341,,,UNRESOLVED
Central_Bureau_Of_Investigation_Cbi_vs_Thommandru_Hannah_Vijayalakshmi_T_H_on_8_October_2021_1.PDF,Corruption,SCC 2018 16 299,,,UNRESOLVED
Central_Bureau_Of_Investigation_Cbi_vs_Thommandru_Hannah_Vijayalakshmi_T_H_on_8_October_2021_1.PDF,Corruption,SCC 2008 17 83,,,UNRESOLVED
Central_Bureau_Of_Investigation_Cbi_vs_Thommandru_Hannah_Vijayalakshmi_T_H_on_8_October_2021_1.PDF,Corruption,SCC 2004 1 691,,,UNRESOLVED
Central_Bureau_Of_Investigation_Cbi_vs_Thommandru_Hannah_Vijayalakshmi_T_H_on_8_October_2021_1.PDF,Corruption,SCC 1992 4 45,,,UNRESOLVED
Central_Bureau_Of_Investigation_Cbi_vs_Thommandru_Hannah_Vijayalakshmi_T_H_on_8_October_2021_1.PDF,Corruption,SCC 1977 1 816,Krishnanand_vs_The_State_Of_Madhya_Pradesh_on_17_December_1976_1.PDF,Corruption,INTERNAL
Central_Bureau_Of_Investigation_Cbi_vs_Thommandru_Hannah_Vijayalakshmi_T_H_on_8_October_2021_1.PDF,Corruption,SCC 1992 4 45,,,UNRESOLVED
Central_Bureau_Of_Investigation_Cbi_vs_Thommandru_Hannah_Vijayalakshmi_T_H_on_8_October_2021_1.PDF,Corruption,SCC 2007 4 380,,,UNRESOLVED
Charansingh_vs_The_State_Of_Maharashtra_on_24_March_2021_1.PDF,Corruption,SCC 2014 2 1,,,UNRESOLVED
Charansingh_vs_The_State_Of_Maharashtra_on_24_March_2021_1.PDF,Corruption,SCC 1970 1 595,,,UNRESOLVED
Charansingh_vs_The_State_Of_Maharashtra_on_24_March_2021_1.PDF,Corruption,SCC 2003 6 175,,,UNRESOLVED
Deputy_General_Manager_Appellate_vs_Ajai_Kumar_Srivastava_on_5_January_2021_1.PDF,Corruption,AIR 1963 SC 779,,,UNRESOLVED
Deputy_General_Manager_Appellate_vs_Ajai_Kumar_Srivastava_on_5_January_2021_1.PDF,Corruption,AIR 1963 SC 779,,,UNRESOLVED
Deputy_General_Manager_Appellate_vs_Ajai_Kumar_Srivastava_on_5_January_2021_1.PDF,Corruption,AIR 1963 SC 779,,,UNRESOLVED
Deputy_General_Manager_Appellate_vs_Ajai_Kumar_Srivastava_on_5_January_2021_1.PDF,Corruption,AIR 1976 SC 232,Sawarn_Singh_And_Anr_vs_State_Of_Punjab_And_Ors_on_19_November_1975_1.PDF,,OUTSIDE_DOMAINS
Deputy_General_Manager_Appellate_vs_Ajai_Kumar_Srivastava_on_5_January_2021_1.PDF,Corruption,SCR 1964 4 718,,,UNRESOLVED
National_Confederation_Of_Officers_vs_Union_Of_India_on_18_November_2021_1.PDF,Corruption,SCC 2003 7 532,,,UNRESOLVED
National_Confederation_Of_Officers_vs_Union_Of_India_on_18_November_2021_1.PDF,Corruption,SCC 2014 2 1,,,UNRESOLVED
National_Confederation_Of_Officers_vs_Union_Of_India_on_18_November_2021_1.PDF,Corruption,SCC 2003 7 532,,,UNRESOLVED
National_Confederation_Of_Officers_vs_Union_Of_India_on_18_November_2021_1.PDF,Corruption,SCC 2020 2 1,,,UNRESOLVED
National_Confederation_Of_Officers_vs_Union_Of_India_on_18_November_2021_1.PDF,Corruption,SCC 1977 2 806,,,UNRESOLVED
National_Confederation_Of_Officers_vs_Union_Of_India_on_18_November_2021_1.PDF,Corruption,SCC 1987 1 5,,,UNRESOLVED
National_Confederation_Of_Officers_vs_Union_Of_India_on_18_November_2021_1.PDF,Corruption,SCC 1986 1 100,,,UNRESOLVED
National_Confederation_Of_Officers_vs_Union_Of_India_on_18_November_2021_1.PDF,Corruption,SCC 2006 4 683,,,UNRESOLVED
National_Confederation_Of_Officers_vs_Union_Of_India_on_18_November_2021_1.PDF,Corruption,SCC 2002 2 333,,,UNRESOLVED
National_Confederation_Of_Officers_vs_Union_Of_India_on_18_November_2021_1.PDF,Corruption,SCC 1986 1 264,,,UNRESOLVED
National_Confederation_Of_Officers_vs_Union_Of_India_on_18_November_2021_1.PDF,Corruption,SCC 2004 3 553,,,UNRESOLVED
National_Confederation_Of_Officers_vs_Union_Of_India_on_18_November_2021_1.PDF,Corruption,SCC 1986 3 156,,,UNRESOLVED
National_Confederation_Of_Officers_vs_Union_Of_India_on_18_November_2021_1.PDF,Corruption,SCC 2014 2 532,,,UNRESOLVED
National_Confederation_Of_Officers_vs_Union_Of_India_on_18_November_2021_1.PDF,Corruption,SCC 2007 1 630,,,UNRESOLVED
National_Confederation_Of_Officers_vs_Union_Of_India_on_18_November_2021_1.PDF,Corruption,SCR 1967 1 255,,,UNRESOLVED
National_Confederation_Of_Officers_vs_Union_Of_India_on_18_November_2021_1.PDF,Corruption,SCR 1962 1 574,,,UNRESOLVED
N_Vijayakumar_vs_State_Of_Tamil_Nadu_on_3_February_2021_1.PDF,Corruption,SCC 2012 10 383,,,UNRESOLVED
N_Vijayakumar_vs_State_Of_Tamil_Nadu_on_3_February_2021_1.PDF,Corruption,SCC 2001 7 318,,,UNRESOLVED
N_Vijayakumar_vs_State_Of_Tamil_Nadu_on_3_February_2021_1.PDF,Corruption,SCC 2007 4 415,,,UNRESOLVED
N_Vijayakumar_vs_State_Of_Tamil_Nadu_on_3_February_2021_1.PDF,Corruption,SCC 2017 5 719,,,UNRESOLVED
N_Vijayakumar_vs_State_Of_Tamil_Nadu_on_3_February_2021_1.PDF,Corruption,SCC 2009 3 779,,,UNRESOLVED
N_Vijayakumar_vs_State_Of_Tamil_Nadu_on_3_February_2021_1.PDF,Corruption,SCC 2014 13 55,,,UNRESOLVED
N_Vijayakumar_vs_State_Of_Tamil_Nadu_on_3_February_2021_1.PDF,Corruption,SCC 2010 15 1,,,UNRESOLVED
N_Vijayakumar_vs_State_Of_Tamil_Nadu_on_3_February_2021_1.PDF,Corruption,SCC 2009 3 779,,,UNRESOLVED
Phoenix_Arc_Private_Limited_vs_Spade_Financial_Services_Limited_on_1_February_2021_1.PDF,Corruption,SCC 2019 4 17,,,UNRESOLVED
Phoenix_Arc_Private_Limited_vs_Spade_Financial_Services_Limited_on_1_February_2021_1.PDF,Corruption,SCC 2019 8 416,,,UNRESOLVED
Phoenix_Arc_Private_Limited_vs_Spade_Financial_Services_Limited_on_1_February_2021_1.PDF,Corruption,SCC 1973 2 366,,,UNRESOLVED
Phoenix_Arc_Private_Limited_vs_Spade_Financial_Services_Limited_on_1_February_2021_1.PDF,Corruption,SCC 2019 2 1,,,UNRESOLVED
Phoenix_Arc_Private_Limited_vs_Spade_Financial_Services_Limited_on_1_February_2021_1.PDF,Corruption,SCC 2011 7 141,,,UNRESOLVED
Phoenix_Arc_Private_Limited_vs_Spade_Financial_Services_Limited_on_1_February_2021_1.PDF,Corruption,SCC 2017 15 133,,,UNRESOLVED
Phoenix_Arc_Private_Limited_vs_Spade_Financial_Services_Limited_on_1_February_2021_1.PDF,Corruption,SCC 1977 2 273,,,UNRESOLVED
Ramesh_Bhavan_Rathod_vs_Vishanbhai_Hirabhai_Makwana_Makwana_on_20_April_2021_1.PDF,Corruption,SCC 2002 3 598,,,UNRESOLVED
Ramesh_Bhavan_Rathod_vs_Vishanbhai_Hirabhai_Makwana_Makwana_on_20_April_2021_1.PDF,Corruption,SCC 2010 14 496,,,UNRESOLVED
Ramesh_Bhavan_Rathod_vs_Vishanbhai_Hirabhai_Makwana_Makwana_on_20_April_2021_1.PDF,Corruption,SCC 2014 16 508,,,UNRESOLVED
Ramesh_Bhavan_Rathod_vs_Vishanbhai_Hirabhai_Makwana_Makwana_on_20_April_2021_1.PDF,Corruption,SCC 2012 9 446,,,UNRESOLVED
Ramesh_Bhavan_Rathod_vs_Vishanbhai_Hirabhai_Makwana_Makwana_on_20_April_2021_1.PDF,Corruption,SCC 2004 7 525,,,UNRESOLVED
Ramesh_Bhavan_Rathod_vs_Vishanbhai_Hirabhai_Makwana_Makwana_on_20_April_2021_1.PDF,Corruption,SCC 2014 16 508,,,UNRESOLVED
Ramesh_Bhavan_Rathod_vs_Vishanbhai_Hirabhai_Makwana_Makwana_on_20_April_2021_1.PDF,Corruption,SCC 2014 16 508,,,UNRESOLVED
Ramesh_Bhavan_Rathod_vs_Vishanbhai_Hirabhai_Makwana_Makwana_on_20_April_2021_1.PDF,Corruption,SCC 2020 2 118,,,UNRESOLVED
Ramesh_Bhavan_Rathod_vs_Vishanbhai_Hirabhai_Makwana_Makwana_on_20_April_2021_1.PDF,Corruption,SCC 2020 11 648,,,UNRESOLVED
Ramesh_Bhavan_Rathod_vs_Vishanbhai_Hirabhai_Makwana_Makwana_on_20_April_2021_1.PDF,Corruption,SCC 2002 3 598,,,UNRESOLVED
Ramesh_Bhavan_Rathod_vs_Vishanbhai_Hirabhai_Makwana_Makwana_on_20_April_2021_1.PDF,Corruption,SCC 2010 14 496,,,UNRESOLVED
Ramgopal_vs_The_State_Of_Madhya_Pradesh_on_29_September_2021_1.PDF,Corruption,AIR 1963 SC 996,,,UNRESOLVED
Ramgopal_vs_The_State_Of_Madhya_Pradesh_on_29_September_2021_1.PDF,Corruption,AIR 1963 SC 996,,,UNRESOLVED
Ramgopal_vs_The_State_Of_Madhya_Pradesh_on_29_September_2021_1.PDF,Corruption,SCC 2012 10 303,,,UNRESOLVED
Ramgopal_vs_The_State_Of_Madhya_Pradesh_on_29_September_2021_1.PDF,Corruption,SCC 2019 5 688,,,UNRESOLVED
Ramgopal_vs_The_State_Of_Madhya_Pradesh_on_29_September_2021_1.PDF,Corruption,SCC 2014 6 466,,,UNRESOLVED
Ramgopal_vs_The_State_Of_Madhya_Pradesh_on_29_September_2021_1.PDF,Corruption,SCC 1991 4 584,,,UNRESOLVED
Ramgopal_vs_The_State_Of_Madhya_Pradesh_on_29_September_2021_1.PDF,Corruption,SCC 1988 2 602,,,UNRESOLVED
Ramgopal_vs_The_State_Of_Madhya_Pradesh_on_29_September_2021_1.PDF,Corruption,SCC 2008 8 781,,,UNRESOLVED
Ramgopal_vs_The_State_Of_Madhya_Pradesh_on_29_September_2021_1.PDF,Corruption,SCC 2014 2 532,,,UNRESOLVED
Ramgopal_vs_The_State_Of_Madhya_Pradesh_on_29_September_2021_1.PDF,Corruption,SCC 1998 4 409,,,UNRESOLVED
The_State_Of_Gujarat_vs_Bhalchandra_Laxmishankar_Dave_on_2_February_2021_1.PDF,Corruption,SCC 1978 1 228,,,UNRESOLVED
The_State_Of_Kerala_vs_K_Ajith_on_28_July_2021_1.PDF,Corruption,AIR 1998 SC 2120,,,UNRESOLVED
The_State_Of_Kerala_vs_K_Ajith_on_28_July_2021_1.PDF,Corruption,AIR 1957 SC 389,The_State_Of_Bihar_vs_Ram_Naresh_Pandey_on_31_January_1957_1.PDF,Violent Crime / Homicide,CROSS_DOMAIN
The_State_Of_Kerala_vs_K_Ajith_on_28_July_2021_1.PDF,Corruption,SCC 1987 1 288,,,UNRESOLVED
The_State_Of_Kerala_vs_K_Ajith_on_28_July_2021_1.PDF,Corruption,SCC 1980 3 435,,,UNRESOLVED
The_State_Of_Kerala_vs_K_Ajith_on_28_July_2021_1.PDF,Corruption,SCC 2014 4 473,,,UNRESOLVED
The_State_Of_Kerala_vs_K_Ajith_on_28_July_2021_1.PDF,Corruption,SCC 1972 1 318,,,UNRESOLVED
The_State_Of_Kerala_vs_K_Ajith_on_28_July_2021_1.PDF,Corruption,SCC 1980 3 435,,,UNRESOLVED
The_State_Of_Kerala_vs_K_Ajith_on_28_July_2021_1.PDF,Corruption,SCC 2009 15 604,,,UNRESOLVED
The_State_Of_Kerala_vs_K_Ajith_on_28_July_2021_1.PDF,Corruption,SCC 2014 10 380,,,UNRESOLVED
The_State_Of_Kerala_vs_K_Ajith_on_28_July_2021_1.PDF,Corruption,SCC 2007 3 184,,,UNRESOLVED
The_State_Of_Kerala_vs_K_Ajith_on_28_July_2021_1.PDF,Corruption,SCC 2009 5 212,,,UNRESOLVED
The_State_Of_Kerala_vs_K_Ajith_on_28_July_2021_1.PDF,Corruption,SCC 2018 10 713,,,UNRESOLVED
The_State_Of_Kerala_vs_K_Ajith_on_28_July_2021_1.PDF,Corruption,SCC 1991 3 655,K_Veeraswami_vs_Union_Of_India_And_Others_on_25_July_1991_1.PDF,Corruption,INTERNAL
The_State_Of_Kerala_vs_K_Ajith_on_28_July_2021_1.PDF,Corruption,SCC 1991 3 655,K_Veeraswami_vs_Union_Of_India_And_Others_on_25_July_1991_1.PDF,Corruption,INTERNAL
The_State_Of_Kerala_vs_K_Ajith_on_28_July_2021_1.PDF,Corruption,SCC 2014 2 178,,,UNRESOLVED
The_State_Of_Kerala_vs_K_Ajith_on_28_July_2021_1.PDF,Corruption,SCC 2010 4 1,,,UNRESOLVED
The_State_Of_Kerala_vs_K_Ajith_on_28_July_2021_1.PDF,Corruption,SCR 1991 3 189,,,UNRESOLVED
The_State_Of_Odisha_vs_Pratima_Mohanty_on_11_December_2021_1.PDF,Corruption,AIR 1992 SC 604,,,UNRESOLVED
The_State_Of_Odisha_vs_Pratima_Mohanty_on_11_December_2021_1.PDF,Corruption,AIR 1979 SC 1628,,,UNRESOLVED
The_State_Of_Odisha_vs_Pratima_Mohanty_on_11_December_2021_1.PDF,Corruption,SCC 1996 6 530,,,UNRESOLVED
The_State_Of_Odisha_vs_Pratima_Mohanty_on_11_December_2021_1.PDF,Corruption,SCC 2003 2 673,,,UNRESOLVED
The_State_Of_Odisha_vs_Pratima_Mohanty_on_11_December_2021_1.PDF,Corruption,SCC 2011 9 354,,,UNRESOLVED
The_State_Of_Odisha_vs_Pratima_Mohanty_on_11_December_2021_1.PDF,Corruption,SCC 2010 11 314,,,UNRESOLVED
The_State_Of_Odisha_vs_Pratima_Mohanty_on_11_December_2021_1.PDF,Corruption,SCC 2002 7 564,,,UNRESOLVED
The_State_Of_Odisha_vs_Pratima_Mohanty_on_11_December_2021_1.PDF,Corruption,SCC 1991 1 212,,,UNRESOLVED
The_State_Of_Odisha_vs_Pratima_Mohanty_on_11_December_2021_1.PDF,Corruption,SCC 2011 8 781,,,UNRESOLVED
The_State_Of_Rajasthan_vs_Ashok_Kumar_Kashyap_on_13_April_2021_1.PDF,Corruption,AIR 2010 SC 1446,,,UNRESOLVED
The_State_Of_Rajasthan_vs_Ashok_Kumar_Kashyap_on_13_April_2021_1.PDF,Corruption,SCC 2010 2 398,,,UNRESOLVED
The_State_Of_Rajasthan_vs_Ashok_Kumar_Kashyap_on_13_April_2021_1.PDF,Corruption,SCC 2019 7 82,,,UNRESOLVED
The_State_Of_Rajasthan_vs_Ashok_Kumar_Kashyap_on_13_April_2021_1.PDF,Corruption,SCC 2019 7 148,,,UNRESOLVED
The_State_Of_Rajasthan_vs_Ashok_Kumar_Kashyap_on_13_April_2021_1.PDF,Corruption,SCC 2019 7 515,,,UNRESOLVED
The_State_Of_Rajasthan_vs_Ashok_Kumar_Kashyap_on_13_April_2021_1.PDF,Corruption,SCC 2002 2 135,,,UNRESOLVED
The_State_Of_Rajasthan_vs_Ashok_Kumar_Kashyap_on_13_April_2021_1.PDF,Corruption,SCC 2014 11 709,,,UNRESOLVED
Union_Of_India_vs_Dalbir_Singh_on_21_September_2021_1.PDF,Corruption,AIR 1964 SC 364,Union_Of_India_Uoi_vs_H_C_Goel_on_30_August_1963_1.PDF,,OUTSIDE_DOMAINS
Union_Of_India_vs_Dalbir_Singh_on_21_September_2021_1.PDF,Corruption,SCC 1977 2 491,,,UNRESOLVED
Union_Of_India_vs_Dalbir_Singh_on_21_September_2021_1.PDF,Corruption,SCC 2015 2 610,,,UNRESOLVED
Union_Of_India_vs_Dalbir_Singh_on_21_September_2021_1.PDF,Corruption,SCC 1995 6 749,B_C_Chaturvedi_vs_Union_Of_India_And_Ors_on_1_November_1995_1.PDF,Corruption,INTERNAL
Union_Of_India_vs_Dalbir_Singh_on_21_September_2021_1.PDF,Corruption,SCC 2016 16 16,,,UNRESOLVED
Union_Of_India_vs_Dalbir_Singh_on_21_September_2021_1.PDF,Corruption,SCC 2005 7 764,,,UNRESOLVED
Union_Of_India_vs_Dalbir_Singh_on_21_September_2021_1.PDF,Corruption,SCC 2007 10 385,,,UNRESOLVED
Union_Of_India_vs_Dalbir_Singh_on_21_September_2021_1.PDF,Corruption,SCC 1994 6 651,Tata_Cellular_vs_Union_Of_India_on_26_July_1994_1.PDF,,OUTSIDE_DOMAINS
Union_Of_India_vs_Dalbir_Singh_on_21_September_2021_1.PDF,Corruption,SCC 2004 2 130,,,UNRESOLVED
Union_Of_India_vs_Dalbir_Singh_on_21_September_2021_1.PDF,Corruption,SCC 2004 7 442,,,UNRESOLVED
Union_Of_India_vs_Dalbir_Singh_on_21_September_2021_1.PDF,Corruption,SCC 2005 10 471,,,UNRESOLVED
Union_Of_India_vs_Dalbir_Singh_on_21_September_2021_1.PDF,Corruption,SCC 2006 6 366,,,UNRESOLVED
Union_Of_India_vs_Dalbir_Singh_on_21_September_2021_1.PDF,Corruption,SCC 1997 2 699,,,UNRESOLVED
Vinod_Dua_vs_Union_Of_India_on_3_June_2021_1.PDF,Corruption,AIR 1950 SC 129,,,UNRESOLVED
Vinod_Dua_vs_Union_Of_India_on_3_June_2021_1.PDF,Corruption,AIR 1958 SC 578,Express_Newspapers_Private_Ltd_And_vs_The_Union_Of_India_Uoi_And_Ors_on_19_March_1958_1.PDF,,OUTSIDE_DOMAINS
Vinod_Dua_vs_Union_Of_India_on_3_June_2021_1.PDF,Corruption,AIR 1962 SC 305,,,UNRESOLVED
Vinod_Dua_vs_Union_Of_India_on_3_June_2021_1.PDF,Corruption,AIR 1973 SC 106,,,UNRESOLVED
Vinod_Dua_vs_Union_Of_India_on_3_June_2021_1.PDF,Corruption,AIR 1960 SC 633,,,UNRESOLVED
Vinod_Dua_vs_Union_Of_India_on_3_June_2021_1.PDF,Corruption,AIR 1947 NAG 1,,,UNRESOLVED
Vinod_Dua_vs_Union_Of_India_on_3_June_2021_1.PDF,Corruption,AIR 1962 SC 1206,,,UNRESOLVED
Vinod_Dua_vs_Union_Of_India_on_3_June_2021_1.PDF,Corruption,SCC 2005 6 1,,,UNRESOLVED
Vinod_Dua_vs_Union_Of_India_on_3_June_2021_1.PDF,Corruption,SCC 2014 2 1,,,UNRESOLVED
Vinod_Dua_vs_Union_Of_India_on_3_June_2021_1.PDF,Corruption,SCC 2005 6 1,,,UNRESOLVED
Vinod_Dua_vs_Union_Of_India_on_3_June_2021_1.PDF,Corruption,SCC 2014 2 1,,,UNRESOLVED
Vinod_Dua_vs_Union_Of_India_on_3_June_2021_1.PDF,Corruption,SCC 2005 6 1,,,UNRESOLVED
Vinod_Dua_vs_Union_Of_India_on_3_June_2021_1.PDF,Corruption,SCC 2020 14 12,,,UNRESOLVED
Vinod_Dua_vs_Union_Of_India_on_3_June_2021_1.PDF,Corruption,SCC 2020 14 51,,,UNRESOLVED
Vinod_Dua_vs_Union_Of_India_on_3_June_2021_1.PDF,Corruption,SCC 2021 1 1,,,UNRESOLVED
Vinod_Dua_vs_Union_Of_India_on_3_June_2021_1.PDF,Corruption,SCC 1996 2 37,,,UNRESOLVED
Vinod_Dua_vs_Union_Of_India_on_3_June_2021_1.PDF,Corruption,SCC 1996 7 705,,,UNRESOLVED
Vinod_Dua_vs_Union_Of_India_on_3_June_2021_1.PDF,Corruption,SCC 2004 4 666,,,UNRESOLVED
Vinod_Dua_vs_Union_Of_India_on_3_June_2021_1.PDF,Corruption,SCC 2016 11 703,,,UNRESOLVED
Vinod_Dua_vs_Union_Of_India_on_3_June_2021_1.PDF,Corruption,SCC 2017 16 169,,,UNRESOLVED
Vinod_Dua_vs_Union_Of_India_on_3_June_2021_1.PDF,Corruption,SCC 2019 12 432,,,UNRESOLVED
Vinod_Dua_vs_Union_Of_India_on_3_June_2021_1.PDF,Corruption,SCC 2021 3 360,,,UNRESOLVED
Vinod_Dua_vs_Union_Of_India_on_3_June_2021_1.PDF,Corruption,SCC 2017 7 760,,,UNRESOLVED
Vinod_Dua_vs_Union_Of_India_on_3_June_2021_1.PDF,Corruption,SCC 2019 6 619,,,UNRESOLVED
Vinod_Dua_vs_Union_Of_India_on_3_June_2021_1.PDF,Corruption,SCC 2018 9 745,,,UNRESOLVED
Vinod_Dua_vs_Union_Of_India_on_3_June_2021_1.PDF,Corruption,SCC 2003 8 342,,,UNRESOLVED
Vinod_Dua_vs_Union_Of_India_on_3_June_2021_1.PDF,Corruption,SCC 1985 1 641,,,UNRESOLVED
Vinod_Dua_vs_Union_Of_India_on_3_June_2021_1.PDF,Corruption,SCC 1972 2 788,,,UNRESOLVED
Vinod_Dua_vs_Union_Of_India_on_3_June_2021_1.PDF,Corruption,SCC 2007 5 1,,,UNRESOLVED
Vinod_Dua_vs_Union_Of_India_on_3_June_2021_1.PDF,Corruption,SCC 1988 1 668,,,UNRESOLVED
Vinod_Dua_vs_Union_Of_India_on_3_June_2021_1.PDF,Corruption,SCC 1998 4 112,,,UNRESOLVED
Vinod_Dua_vs_Union_Of_India_on_3_June_2021_1.PDF,Corruption,SCC 1999 3 134,,,UNRESOLVED
Vinod_Dua_vs_Union_Of_India_on_3_June_2021_1.PDF,Corruption,SCC 2000 9 87,,,UNRESOLVED
Vinod_Dua_vs_Union_Of_India_on_3_June_2021_1.PDF,Corruption,SCC 2010 5 600,,,UNRESOLVED
Vinod_Dua_vs_Union_Of_India_on_3_June_2021_1.PDF,Corruption,SCC 2010 9 567,,,UNRESOLVED
Vinod_Dua_vs_Union_Of_India_on_3_June_2021_1.PDF,Corruption,SCC 1970 1 595,,,UNRESOLVED
Vinod_Dua_vs_Union_Of_India_on_3_June_2021_1.PDF,Corruption,SCC 2003 6 175,,,UNRESOLVED
Vinod_Dua_vs_Union_Of_India_on_3_June_2021_1.PDF,Corruption,SCC 1970 1 595,,,UNRESOLVED
Vinod_Dua_vs_Union_Of_India_on_3_June_2021_1.PDF,Corruption,SCC 2020 4 761,,,UNRESOLVED
Vinod_Dua_vs_Union_Of_India_on_3_June_2021_1.PDF,Corruption,SCC 2018 10 443,,,UNRESOLVED
Vinod_Dua_vs_Union_Of_India_on_3_June_2021_1.PDF,Corruption,SCC 2018 10 472,,,UNRESOLVED
Vinod_Dua_vs_Union_Of_India_on_3_June_2021_1.PDF,Corruption,SCC 2014 8 273,,,UNRESOLVED
Vinod_Dua_vs_Union_Of_India_on_3_June_2021_1.PDF,Corruption,SCC 2018 10 443,,,UNRESOLVED
Vinod_Dua_vs_Union_Of_India_on_3_June_2021_1.PDF,Corruption,SCC 1994 4 260,Joginder_Kumar_vs_State_Of_U_P_on_25_April_1994_1.PDF,,OUTSIDE_DOMAINS
Vinod_Dua_vs_Union_Of_India_on_3_June_2021_1.PDF,Corruption,SCC 1997 1 416,,,UNRESOLVED
Vinod_Dua_vs_Union_Of_India_on_3_June_2021_1.PDF,Corruption,SCC 2012 10 303,,,UNRESOLVED
Vinod_Dua_vs_Union_Of_India_on_3_June_2021_1.PDF,Corruption,SCC 1984 2 244,,,UNRESOLVED
Vinod_Dua_vs_Union_Of_India_on_3_June_2021_1.PDF,Corruption,SCC 1997 6 241,,,UNRESOLVED
Vinod_Dua_vs_Union_Of_India_on_3_June_2021_1.PDF,Corruption,SCC 2018 5 1,,,UNRESOLVED
Vinod_Dua_vs_Union_Of_India_on_3_June_2021_1.PDF,Corruption,SCC 2018 6 454,,,UNRESOLVED
Vinod_Dua_vs_Union_Of_India_on_3_June_2021_1.PDF,Corruption,SCC 1995 3 221,State_Of_M_P_Anr_vs_Ram_Krishna_Balothia_Anr_on_6_February_1995_1.PDF,,OUTSIDE_DOMAINS
Vinod_Dua_vs_Union_Of_India_on_3_June_2021_1.PDF,Corruption,SCC 2017 13 439,,,UNRESOLVED
Vinod_Dua_vs_Union_Of_India_on_3_June_2021_1.PDF,Corruption,SCC 2005 1 568,,,UNRESOLVED
Vinod_Dua_vs_Union_Of_India_on_3_June_2021_1.PDF,Corruption,SCR 1950 594,Romesh_Thappar_vs_The_State_Of_Madras_on_26_May_1950_1.PDF,Violent Crime / Homicide,CROSS_DOMAIN
Vinod_Dua_vs_Union_Of_India_on_3_June_2021_1.PDF,Corruption,SCR 1962 1 574,,,UNRESOLVED
Vinod_Dua_vs_Union_Of_India_on_3_June_2021_1.PDF,Corruption,SCR 1958 308,Virendra_vs_The_State_Of_Punjab_And_Another_And_on_6_September_1957_1.PDF,,OUTSIDE_DOMAINS
Vinod_Dua_vs_Union_Of_India_on_3_June_2021_1.PDF,Corruption,SCR 1955 2 603,,,UNRESOLVED
Vinod_Dua_vs_Union_Of_India_on_3_June_2021_1.PDF,Corruption,SCR 1957 930,R_M_D_Chamarbaugwalla_vs_The_Union_Of_India_With_Connected_on_9_April_1957_1.PDF,,OUTSIDE_DOMAINS
Vinod_Dua_vs_Union_Of_India_on_3_June_2021_1.PDF,Corruption,SCR 1950 605,Brij_Bhushan_And_Another_vs_The_State_Of_Delhi_on_26_May_1950_1.PDF,,OUTSIDE_DOMAINS
Vinod_Dua_vs_Union_Of_India_on_3_June_2021_1.PDF,Corruption,SCR 1959 12,,,UNRESOLVED
Vinod_Dua_vs_Union_Of_India_on_3_June_2021_1.PDF,Corruption,SCR 1962 3 842,,,UNRESOLVED
Vinod_Dua_vs_Union_Of_India_on_3_June_2021_1.PDF,Corruption,SCR 1973 2 757,,,UNRESOLVED
Vinod_Dua_vs_Union_Of_India_on_3_June_2021_1.PDF,Corruption,SCR 1952 654,The_State_Of_Bihar_vs_Shailabala_Devi_on_26_May_1952_1.PDF,,OUTSIDE_DOMAINS
Abhay_Jain_vs_High_Court_Of_Judicature_For_Rajasthan_on_15_March_2022_1.PDF,Corruption,AIR 1960 SC 689,,,UNRESOLVED
Abhay_Jain_vs_High_Court_Of_Judicature_For_Rajasthan_on_15_March_2022_1.PDF,Corruption,AIR 1968 SC 1089,,,UNRESOLVED
Abhay_Jain_vs_High_Court_Of_Judicature_For_Rajasthan_on_15_March_2022_1.PDF,Corruption,AIR 1961 SC 177,,,UNRESOLVED
Abhay_Jain_vs_High_Court_Of_Judicature_For_Rajasthan_on_15_March_2022_1.PDF,Corruption,AIR 1963 SC 531,,,UNRESOLVED
Abhay_Jain_vs_High_Court_Of_Judicature_For_Rajasthan_on_15_March_2022_1.PDF,Corruption,SCC 2018 15 73,,,UNRESOLVED
Abhay_Jain_vs_High_Court_Of_Judicature_For_Rajasthan_on_15_March_2022_1.PDF,Corruption,SCC 1988 3 370,,,UNRESOLVED
Abhay_Jain_vs_High_Court_Of_Judicature_For_Rajasthan_on_15_March_2022_1.PDF,Corruption,SCC 2012 13 182,,,UNRESOLVED
Abhay_Jain_vs_High_Court_Of_Judicature_For_Rajasthan_on_15_March_2022_1.PDF,Corruption,SCC 1999 2 21,,,UNRESOLVED
Abhay_Jain_vs_High_Court_Of_Judicature_For_Rajasthan_on_15_March_2022_1.PDF,Corruption,SCC 1980 2 593,,,UNRESOLVED
Abhay_Jain_vs_High_Court_Of_Judicature_For_Rajasthan_on_15_March_2022_1.PDF,Corruption,SCC 2002 1 520,,,UNRESOLVED
Abhay_Jain_vs_High_Court_Of_Judicature_For_Rajasthan_on_15_March_2022_1.PDF,Corruption,SCC 2020 11 760,,,UNRESOLVED
Abhay_Jain_vs_High_Court_Of_Judicature_For_Rajasthan_on_15_March_2022_1.PDF,Corruption,SCC 2013 9 566,,,UNRESOLVED
Abhay_Jain_vs_High_Court_Of_Judicature_For_Rajasthan_on_15_March_2022_1.PDF,Corruption,SCC 1978 1 248,Mrs_Maneka_Gandhi_vs_Union_Of_India_Uoi_And_Anr_on_25_January_1978_1.PDF,Organized Crime / Extortion,CROSS_DOMAIN
Abhay_Jain_vs_High_Court_Of_Judicature_For_Rajasthan_on_15_March_2022_1.PDF,Corruption,SCC 1974 2 831,,,UNRESOLVED
Abhay_Jain_vs_High_Court_Of_Judicature_For_Rajasthan_on_15_March_2022_1.PDF,Corruption,SCC 1971 1 790,,,UNRESOLVED
Abhay_Jain_vs_High_Court_Of_Judicature_For_Rajasthan_on_15_March_2022_1.PDF,Corruption,SCC 1994 2 8,,,UNRESOLVED
Abhay_Jain_vs_High_Court_Of_Judicature_For_Rajasthan_on_15_March_2022_1.PDF,Corruption,SCC 2007 4 247,,,UNRESOLVED
Abhay_Jain_vs_High_Court_Of_Judicature_For_Rajasthan_on_15_March_2022_1.PDF,Corruption,SCC 2001 6 491,,,UNRESOLVED
Abhay_Jain_vs_High_Court_Of_Judicature_For_Rajasthan_on_15_March_2022_1.PDF,Corruption,SCC 1993 2 56,,,UNRESOLVED
Abhay_Jain_vs_High_Court_Of_Judicature_For_Rajasthan_on_15_March_2022_1.PDF,Corruption,SCC 1992 3 124,,,UNRESOLVED
Abhay_Jain_vs_High_Court_Of_Judicature_For_Rajasthan_on_15_March_2022_1.PDF,Corruption,SCC 2019 10 640,,,UNRESOLVED
Abhay_Jain_vs_High_Court_Of_Judicature_For_Rajasthan_on_15_March_2022_1.PDF,Corruption,SCR 1961 1 606,,,UNRESOLVED
Abhay_Jain_vs_High_Court_Of_Judicature_For_Rajasthan_on_15_March_2022_1.PDF,Corruption,SCR 1963 3 716,,,UNRESOLVED
Asset_Reconstruction_Company_India_vs_S_P_Velayutham_on_4_May_2022_1.PDF,Corruption,SCC 2009 14 782,,,UNRESOLVED
Asset_Reconstruction_Company_India_vs_S_P_Velayutham_on_4_May_2022_1.PDF,Corruption,SCC 2019 4 500,,,UNRESOLVED
Asset_Reconstruction_Company_India_vs_S_P_Velayutham_on_4_May_2022_1.PDF,Corruption,SCC 2016 10 767,,,UNRESOLVED
Asset_Reconstruction_Company_India_vs_S_P_Velayutham_on_4_May_2022_1.PDF,Corruption,SCC 2010 15 206,,,UNRESOLVED
Asset_Reconstruction_Company_India_vs_S_P_Velayutham_on_4_May_2022_1.PDF,Corruption,SCC 2007 10 635,,,UNRESOLVED
Asset_Reconstruction_Company_India_vs_S_P_Velayutham_on_4_May_2022_1.PDF,Corruption,SCR 1964 6 654,Thansingh_Nathmal_And_Ors_vs_A_Mazid_Superintendent_Of_Taxes_on_4_February_1964_1.PDF,,OUTSIDE_DOMAINS
Daxaben_vs_The_State_Of_Gujarat_on_29_July_2022_1.PDF,Corruption,AIR 1990 SC 494,,,UNRESOLVED
Daxaben_vs_The_State_Of_Gujarat_on_29_July_2022_1.PDF,Corruption,SCC 2019 3 315,,,UNRESOLVED
Daxaben_vs_The_State_Of_Gujarat_on_29_July_2022_1.PDF,Corruption,SCC 2019 17 301,,,UNRESOLVED
Daxaben_vs_The_State_Of_Gujarat_on_29_July_2022_1.PDF,Corruption,SCC 2001 9 618,,,UNRESOLVED
Daxaben_vs_The_State_Of_Gujarat_on_29_July_2022_1.PDF,Corruption,SCC 2010 12 190,,,UNRESOLVED
Daxaben_vs_The_State_Of_Gujarat_on_29_July_2022_1.PDF,Corruption,SCC 2011 14 770,,,UNRESOLVED
Daxaben_vs_The_State_Of_Gujarat_on_29_July_2022_1.PDF,Corruption,SCC 2008 8 781,,,UNRESOLVED
Daxaben_vs_The_State_Of_Gujarat_on_29_July_2022_1.PDF,Corruption,SCC 1983 1 1,,,UNRESOLVED
Daxaben_vs_The_State_Of_Gujarat_on_29_July_2022_1.PDF,Corruption,SCC 1980 1 43,,,UNRESOLVED
Daxaben_vs_The_State_Of_Gujarat_on_29_July_2022_1.PDF,Corruption,SCC 1976 3 736,,,UNRESOLVED
Daxaben_vs_The_State_Of_Gujarat_on_29_July_2022_1.PDF,Corruption,SCC 1977 1 505,,,UNRESOLVED
Daxaben_vs_The_State_Of_Gujarat_on_29_July_2022_1.PDF,Corruption,SCC 2010 11 226,,,UNRESOLVED
Daxaben_vs_The_State_Of_Gujarat_on_29_July_2022_1.PDF,Corruption,SCC 2013 11 673,,,UNRESOLVED
Daxaben_vs_The_State_Of_Gujarat_on_29_July_2022_1.PDF,Corruption,SCC 1988 1 692,,,UNRESOLVED
Daxaben_vs_The_State_Of_Gujarat_on_29_July_2022_1.PDF,Corruption,SCC 2007 12 1,,,UNRESOLVED
Daxaben_vs_The_State_Of_Gujarat_on_29_July_2022_1.PDF,Corruption,SCC 1980 2 471,,,UNRESOLVED
Daxaben_vs_The_State_Of_Gujarat_on_29_July_2022_1.PDF,Corruption,SCC 2021 5 524,,,UNRESOLVED
Daxaben_vs_The_State_Of_Gujarat_on_29_July_2022_1.PDF,Corruption,SCC 2012 10 303,,,UNRESOLVED
Daxaben_vs_The_State_Of_Gujarat_on_29_July_2022_1.PDF,Corruption,SCC 2014 9 466,,,UNRESOLVED
Daxaben_vs_The_State_Of_Gujarat_on_29_July_2022_1.PDF,Corruption,SCC 2016 1 389,,,UNRESOLVED
Daxaben_vs_The_State_Of_Gujarat_on_29_July_2022_1.PDF,Corruption,SCC 2016 1 376,,,UNRESOLVED
Daxaben_vs_The_State_Of_Gujarat_on_29_July_2022_1.PDF,Corruption,SCC 2017 9 641,,,UNRESOLVED
Daxaben_vs_The_State_Of_Gujarat_on_29_July_2022_1.PDF,Corruption,SCC 2019 5 688,,,UNRESOLVED
Daxaben_vs_The_State_Of_Gujarat_on_29_July_2022_1.PDF,Corruption,SCC 2014 6 466,,,UNRESOLVED
Daxaben_vs_The_State_Of_Gujarat_on_29_July_2022_1.PDF,Corruption,SCC 2014 6 466,,,UNRESOLVED
Daxaben_vs_The_State_Of_Gujarat_on_29_July_2022_1.PDF,Corruption,SCC 2020 3 736,,,UNRESOLVED
Daxaben_vs_The_State_Of_Gujarat_on_29_July_2022_1.PDF,Corruption,SCR 1977 2 357,,,UNRESOLVED
Eastern_Coalfields_Limited_vs_Rabindra_Kumar_Bharti_on_7_April_2022_1.PDF,Corruption,AIR 1997 SC 2232,,,UNRESOLVED
Eastern_Coalfields_Limited_vs_Rabindra_Kumar_Bharti_on_7_April_2022_1.PDF,Corruption,SCC 1999 3 679,,,UNRESOLVED
Eastern_Coalfields_Limited_vs_Rabindra_Kumar_Bharti_on_7_April_2022_1.PDF,Corruption,SCC 1997 2 699,,,UNRESOLVED
Eastern_Coalfields_Limited_vs_Rabindra_Kumar_Bharti_on_7_April_2022_1.PDF,Corruption,SCC 1996 6 417,,,UNRESOLVED
Eastern_Coalfields_Limited_vs_Rabindra_Kumar_Bharti_on_7_April_2022_1.PDF,Corruption,SCC 1999 3 679,,,UNRESOLVED
Eastern_Coalfields_Limited_vs_Rabindra_Kumar_Bharti_on_7_April_2022_1.PDF,Corruption,SCC 2006 5 446,,,UNRESOLVED
Eastern_Coalfields_Limited_vs_Rabindra_Kumar_Bharti_on_7_April_2022_1.PDF,Corruption,SCC 2006 4 265,,,UNRESOLVED
Eastern_Coalfields_Limited_vs_Rabindra_Kumar_Bharti_on_7_April_2022_1.PDF,Corruption,SCC 2006 5 446,,,UNRESOLVED
Eastern_Coalfields_Limited_vs_Rabindra_Kumar_Bharti_on_7_April_2022_1.PDF,Corruption,SCC 2007 1 566,,,UNRESOLVED
Eastern_Coalfields_Limited_vs_Rabindra_Kumar_Bharti_on_7_April_2022_1.PDF,Corruption,SCC 2007 9 755,,,UNRESOLVED
Eastern_Coalfields_Limited_vs_Rabindra_Kumar_Bharti_on_7_April_2022_1.PDF,Corruption,SCC 2007 10 385,,,UNRESOLVED
Eastern_Coalfields_Limited_vs_Rabindra_Kumar_Bharti_on_7_April_2022_1.PDF,Corruption,SCC 2005 7 764,,,UNRESOLVED
Eastern_Coalfields_Limited_vs_Rabindra_Kumar_Bharti_on_7_April_2022_1.PDF,Corruption,SCC 1996 6 417,,,UNRESOLVED
Eastern_Coalfields_Limited_vs_Rabindra_Kumar_Bharti_on_7_April_2022_1.PDF,Corruption,SCC 2019 10 367,,,UNRESOLVED
K_Shanthamma_vs_The_State_Of_Telangana_on_21_February_2022_1.PDF,Corruption,SCC 2015 10 152,,,UNRESOLVED
M_S_Apex_Laboratories_P_Ltd_vs_The_Deputy_Commissioner_Of_Income_Tax_on_22_February_2022_1.PDF,Corruption,SCC 2004 12 42,,,UNRESOLVED
M_S_Apex_Laboratories_P_Ltd_vs_The_Deputy_Commissioner_Of_Income_Tax_on_22_February_2022_1.PDF,Corruption,SCC 2007 2 759,,,UNRESOLVED
M_S_Apex_Laboratories_P_Ltd_vs_The_Deputy_Commissioner_Of_Income_Tax_on_22_February_2022_1.PDF,Corruption,SCC 2018 13 239,,,UNRESOLVED
M_S_Apex_Laboratories_P_Ltd_vs_The_Deputy_Commissioner_Of_Income_Tax_on_22_February_2022_1.PDF,Corruption,SCC 2011 13 158,,,UNRESOLVED
M_S_Apex_Laboratories_P_Ltd_vs_The_Deputy_Commissioner_Of_Income_Tax_on_22_February_2022_1.PDF,Corruption,SCC 1998 4 626,,,UNRESOLVED
M_S_Apex_Laboratories_P_Ltd_vs_The_Deputy_Commissioner_Of_Income_Tax_on_22_February_2022_1.PDF,Corruption,SCC 2003 4 257,,,UNRESOLVED
M_S_Apex_Laboratories_P_Ltd_vs_The_Deputy_Commissioner_Of_Income_Tax_on_22_February_2022_1.PDF,Corruption,SCC 2002 6 16,,,UNRESOLVED
M_S_Apex_Laboratories_P_Ltd_vs_The_Deputy_Commissioner_Of_Income_Tax_on_22_February_2022_1.PDF,Corruption,SCC 1996 1 443,Biharilal_Jaiswal_Etc_vs_The_Commissioner_Of_Income_Tax_Etc_on_16_November_1995_1.PDF,,OUTSIDE_DOMAINS
M_S_Apex_Laboratories_P_Ltd_vs_The_Deputy_Commissioner_Of_Income_Tax_on_22_February_2022_1.PDF,Corruption,SCC 1998 2 95,,,UNRESOLVED
M_S_Apex_Laboratories_P_Ltd_vs_The_Deputy_Commissioner_Of_Income_Tax_on_22_February_2022_1.PDF,Corruption,SCR 1979 2 282,,,UNRESOLVED
Neeraj_Dutta_vs_State_Govt_Of_N_C_T_Of_Delhi_on_15_December_2022_1.PDF,Corruption,AIR 1956 SC 476,,,UNRESOLVED
Neeraj_Dutta_vs_State_Govt_Of_N_C_T_Of_Delhi_on_15_December_2022_1.PDF,Corruption,AIR 1958 SC 61,,,UNRESOLVED
Neeraj_Dutta_vs_State_Govt_Of_N_C_T_Of_Delhi_on_15_December_2022_1.PDF,Corruption,AIR 1964 SC 575,,,UNRESOLVED
Neeraj_Dutta_vs_State_Govt_Of_N_C_T_Of_Delhi_on_15_December_2022_1.PDF,Corruption,AIR 2018 SC 2027,,,UNRESOLVED
Neeraj_Dutta_vs_State_Govt_Of_N_C_T_Of_Delhi_on_15_December_2022_1.PDF,Corruption,AIR 1961 SC 1316,,,UNRESOLVED
Neeraj_Dutta_vs_State_Govt_Of_N_C_T_Of_Delhi_on_15_December_2022_1.PDF,Corruption,AIR 1922 PC 409,,,UNRESOLVED
Neeraj_Dutta_vs_State_Govt_Of_N_C_T_Of_Delhi_on_15_December_2022_1.PDF,Corruption,SCC 2015 10 152,,,UNRESOLVED
Neeraj_Dutta_vs_State_Govt_Of_N_C_T_Of_Delhi_on_15_December_2022_1.PDF,Corruption,SCC 1982 3 466,,,UNRESOLVED
Neeraj_Dutta_vs_State_Govt_Of_N_C_T_Of_Delhi_on_15_December_2022_1.PDF,Corruption,SCC 1980 2 390,,,UNRESOLVED
Neeraj_Dutta_vs_State_Govt_Of_N_C_T_Of_Delhi_on_15_December_2022_1.PDF,Corruption,SCC 2001 1 691,,,UNRESOLVED
Neeraj_Dutta_vs_State_Govt_Of_N_C_T_Of_Delhi_on_15_December_2022_1.PDF,Corruption,SCC 2014 13 55,,,UNRESOLVED
Neeraj_Dutta_vs_State_Govt_Of_N_C_T_Of_Delhi_on_15_December_2022_1.PDF,Corruption,SCC 2015 10 152,,,UNRESOLVED
Neeraj_Dutta_vs_State_Govt_Of_N_C_T_Of_Delhi_on_15_December_2022_1.PDF,Corruption,SCC 2001 1 691,,,UNRESOLVED
Neeraj_Dutta_vs_State_Govt_Of_N_C_T_Of_Delhi_on_15_December_2022_1.PDF,Corruption,SCC 2002 5 86,,,UNRESOLVED
Neeraj_Dutta_vs_State_Govt_Of_N_C_T_Of_Delhi_on_15_December_2022_1.PDF,Corruption,SCC 1997 9 477,,,UNRESOLVED
Neeraj_Dutta_vs_State_Govt_Of_N_C_T_Of_Delhi_on_15_December_2022_1.PDF,Corruption,SCC 2014 13 55,,,UNRESOLVED
Neeraj_Dutta_vs_State_Govt_Of_N_C_T_Of_Delhi_on_15_December_2022_1.PDF,Corruption,SCC 2015 10 152,,,UNRESOLVED
Neeraj_Dutta_vs_State_Govt_Of_N_C_T_Of_Delhi_on_15_December_2022_1.PDF,Corruption,SCC 2001 1 691,,,UNRESOLVED
Neeraj_Dutta_vs_State_Govt_Of_N_C_T_Of_Delhi_on_15_December_2022_1.PDF,Corruption,SCC 2009 6 587,,,UNRESOLVED
Neeraj_Dutta_vs_State_Govt_Of_N_C_T_Of_Delhi_on_15_December_2022_1.PDF,Corruption,SCC 2011 6 450,,,UNRESOLVED
Neeraj_Dutta_vs_State_Govt_Of_N_C_T_Of_Delhi_on_15_December_2022_1.PDF,Corruption,SCC 1998 7 337,,,UNRESOLVED
Neeraj_Dutta_vs_State_Govt_Of_N_C_T_Of_Delhi_on_15_December_2022_1.PDF,Corruption,SCC 1980 2 390,,,UNRESOLVED
Neeraj_Dutta_vs_State_Govt_Of_N_C_T_Of_Delhi_on_15_December_2022_1.PDF,Corruption,SCC 1982 3 466,,,UNRESOLVED
Neeraj_Dutta_vs_State_Govt_Of_N_C_T_Of_Delhi_on_15_December_2022_1.PDF,Corruption,SCC 2022 4 574,,,UNRESOLVED
Neeraj_Dutta_vs_State_Govt_Of_N_C_T_Of_Delhi_on_15_December_2022_1.PDF,Corruption,SCC 2017 8 136,,,UNRESOLVED
Neeraj_Dutta_vs_State_Govt_Of_N_C_T_Of_Delhi_on_15_December_2022_1.PDF,Corruption,SCC 2015 3 247,,,UNRESOLVED
Neeraj_Dutta_vs_State_Govt_Of_N_C_T_Of_Delhi_on_15_December_2022_1.PDF,Corruption,SCC 2010 15 1,,,UNRESOLVED
Neeraj_Dutta_vs_State_Govt_Of_N_C_T_Of_Delhi_on_15_December_2022_1.PDF,Corruption,SCC 2009 15 200,,,UNRESOLVED
Neeraj_Dutta_vs_State_Govt_Of_N_C_T_Of_Delhi_on_15_December_2022_1.PDF,Corruption,SCC 2015 11 314,,,UNRESOLVED
Neeraj_Dutta_vs_State_Govt_Of_N_C_T_Of_Delhi_on_15_December_2022_1.PDF,Corruption,SCC 2016 1 713,,,UNRESOLVED
Neeraj_Dutta_vs_State_Govt_Of_N_C_T_Of_Delhi_on_15_December_2022_1.PDF,Corruption,SCC 2000 5 88,,,UNRESOLVED
Neeraj_Dutta_vs_State_Govt_Of_N_C_T_Of_Delhi_on_15_December_2022_1.PDF,Corruption,SCC 2013 4 206,,,UNRESOLVED
Neeraj_Dutta_vs_State_Govt_Of_N_C_T_Of_Delhi_on_15_December_2022_1.PDF,Corruption,SCC 2009 2 513,,,UNRESOLVED
Neeraj_Dutta_vs_State_Govt_Of_N_C_T_Of_Delhi_on_15_December_2022_1.PDF,Corruption,SCC 2008 4 54,,,UNRESOLVED
Neeraj_Dutta_vs_State_Govt_Of_N_C_T_Of_Delhi_on_15_December_2022_1.PDF,Corruption,SCC 1984 4 116,,,UNRESOLVED
Neeraj_Dutta_vs_State_Govt_Of_N_C_T_Of_Delhi_on_15_December_2022_1.PDF,Corruption,SCC 2013 4 668,,,UNRESOLVED
Neeraj_Dutta_vs_State_Govt_Of_N_C_T_Of_Delhi_on_15_December_2022_1.PDF,Corruption,SCC 2000 8 571,,,UNRESOLVED
Neeraj_Dutta_vs_State_Govt_Of_N_C_T_Of_Delhi_on_15_December_2022_1.PDF,Corruption,SCC 2017 15 560,,,UNRESOLVED
Neeraj_Dutta_vs_State_Govt_Of_N_C_T_Of_Delhi_on_15_December_2022_1.PDF,Corruption,SCC 2004 9 319,,,UNRESOLVED
Neeraj_Dutta_vs_State_Govt_Of_N_C_T_Of_Delhi_on_15_December_2022_1.PDF,Corruption,SCC 2015 7 283,,,UNRESOLVED
Neeraj_Dutta_vs_State_Govt_Of_N_C_T_Of_Delhi_on_15_December_2022_1.PDF,Corruption,SCC 2015 10 230,,,UNRESOLVED
Neeraj_Dutta_vs_State_Govt_Of_N_C_T_Of_Delhi_on_15_December_2022_1.PDF,Corruption,SCC 2015 11 213,,,UNRESOLVED
Neeraj_Dutta_vs_State_Govt_Of_N_C_T_Of_Delhi_on_15_December_2022_1.PDF,Corruption,SCC 1979 3 90,,,UNRESOLVED
Neeraj_Dutta_vs_State_Govt_Of_N_C_T_Of_Delhi_on_15_December_2022_1.PDF,Corruption,SCC 1976 1 727,,,UNRESOLVED
Neeraj_Dutta_vs_State_Govt_Of_N_C_T_Of_Delhi_on_15_December_2022_1.PDF,Corruption,SCC 1997 4 14,,,UNRESOLVED
Neeraj_Dutta_vs_State_Govt_Of_N_C_T_Of_Delhi_on_15_December_2022_1.PDF,Corruption,SCC 2011 10 259,,,UNRESOLVED
Neeraj_Dutta_vs_State_Govt_Of_N_C_T_Of_Delhi_on_15_December_2022_1.PDF,Corruption,SCC 2006 8 693,,,UNRESOLVED
Nkgsb_Cooperative_Bank_Limited_vs_Subir_Chakravarty_on_25_February_2022_1.PDF,Corruption,AIR 2009 KERALA 14,,,UNRESOLVED
Nkgsb_Cooperative_Bank_Limited_vs_Subir_Chakravarty_on_25_February_2022_1.PDF,Corruption,AIR 2014 KERALA 7,,,UNRESOLVED
Nkgsb_Cooperative_Bank_Limited_vs_Subir_Chakravarty_on_25_February_2022_1.PDF,Corruption,AIR 1952 SC 181,,,UNRESOLVED
Nkgsb_Cooperative_Bank_Limited_vs_Subir_Chakravarty_on_25_February_2022_1.PDF,Corruption,AIR 1955 SC 425,,,UNRESOLVED
Nkgsb_Cooperative_Bank_Limited_vs_Subir_Chakravarty_on_25_February_2022_1.PDF,Corruption,AIR 1957 MAD 599,,,UNRESOLVED
Nkgsb_Cooperative_Bank_Limited_vs_Subir_Chakravarty_on_25_February_2022_1.PDF,Corruption,AIR 1959 AP 413,,,UNRESOLVED
Nkgsb_Cooperative_Bank_Limited_vs_Subir_Chakravarty_on_25_February_2022_1.PDF,Corruption,AIR 1963 SC 550,,,UNRESOLVED
Nkgsb_Cooperative_Bank_Limited_vs_Subir_Chakravarty_on_25_February_2022_1.PDF,Corruption,AIR 1962 ALL 620,,,UNRESOLVED
Nkgsb_Cooperative_Bank_Limited_vs_Subir_Chakravarty_on_25_February_2022_1.PDF,Corruption,AIR 1965 ALL 172,,,UNRESOLVED
Nkgsb_Cooperative_Bank_Limited_vs_Subir_Chakravarty_on_25_February_2022_1.PDF,Corruption,AIR 1957 MAD 599,,,UNRESOLVED
Nkgsb_Cooperative_Bank_Limited_vs_Subir_Chakravarty_on_25_February_2022_1.PDF,Corruption,AIR 1963 ORISSA 8,,,UNRESOLVED
Nkgsb_Cooperative_Bank_Limited_vs_Subir_Chakravarty_on_25_February_2022_1.PDF,Corruption,AIR 1954 PAT 285,,,UNRESOLVED
Nkgsb_Cooperative_Bank_Limited_vs_Subir_Chakravarty_on_25_February_2022_1.PDF,Corruption,AIR 1953 SC 394,,,UNRESOLVED
Nkgsb_Cooperative_Bank_Limited_vs_Subir_Chakravarty_on_25_February_2022_1.PDF,Corruption,AIR 1957 SC 250,,,UNRESOLVED
Nkgsb_Cooperative_Bank_Limited_vs_Subir_Chakravarty_on_25_February_2022_1.PDF,Corruption,SCC 2008 2 409,,,UNRESOLVED
Nkgsb_Cooperative_Bank_Limited_vs_Subir_Chakravarty_on_25_February_2022_1.PDF,Corruption,SCC 2011 6 321,,,UNRESOLVED
Nkgsb_Cooperative_Bank_Limited_vs_Subir_Chakravarty_on_25_February_2022_1.PDF,Corruption,SCC 2009 7 165,,,UNRESOLVED
Nkgsb_Cooperative_Bank_Limited_vs_Subir_Chakravarty_on_25_February_2022_1.PDF,Corruption,SCC 2011 6 86,,,UNRESOLVED
Nkgsb_Cooperative_Bank_Limited_vs_Subir_Chakravarty_on_25_February_2022_1.PDF,Corruption,SCC 2010 5 622,,,UNRESOLVED
Nkgsb_Cooperative_Bank_Limited_vs_Subir_Chakravarty_on_25_February_2022_1.PDF,Corruption,SCC 1973 1 216,Hiralal_Rattanlal_Etc_Etc_vs_State_Of_U_P_And_Anr_Etc_Etc_on_3_October_1972_1.PDF,,OUTSIDE_DOMAINS
Nkgsb_Cooperative_Bank_Limited_vs_Subir_Chakravarty_on_25_February_2022_1.PDF,Corruption,SCC 2014 3 502,,,UNRESOLVED
Nkgsb_Cooperative_Bank_Limited_vs_Subir_Chakravarty_on_25_February_2022_1.PDF,Corruption,SCC 2019 20 47,,,UNRESOLVED
Oil_And_Natural_Gas_Corporation_Ltd_vs_Afcons_Gunanusa_Jv_on_30_August_2022_1.PDF,Corruption,AIR 2010 CAL 52,,,UNRESOLVED
Oil_And_Natural_Gas_Corporation_Ltd_vs_Afcons_Gunanusa_Jv_on_30_August_2022_1.PDF,Corruption,SCC 2020 17 626,,,UNRESOLVED
Oil_And_Natural_Gas_Corporation_Ltd_vs_Afcons_Gunanusa_Jv_on_30_August_2022_1.PDF,Corruption,SCC 2009 4 523,,,UNRESOLVED
Oil_And_Natural_Gas_Corporation_Ltd_vs_Afcons_Gunanusa_Jv_on_30_August_2022_1.PDF,Corruption,SCC 2012 1 455,,,UNRESOLVED
Oil_And_Natural_Gas_Corporation_Ltd_vs_Afcons_Gunanusa_Jv_on_30_August_2022_1.PDF,Corruption,SCC 1977 2 54,,,UNRESOLVED
Oil_And_Natural_Gas_Corporation_Ltd_vs_Afcons_Gunanusa_Jv_on_30_August_2022_1.PDF,Corruption,SCC 2016 4 126,,,UNRESOLVED
Oil_And_Natural_Gas_Corporation_Ltd_vs_Afcons_Gunanusa_Jv_on_30_August_2022_1.PDF,Corruption,SCC 2017 2 228,,,UNRESOLVED
Oil_And_Natural_Gas_Corporation_Ltd_vs_Afcons_Gunanusa_Jv_on_30_August_2022_1.PDF,Corruption,SCC 2012 1 455,,,UNRESOLVED
Oil_And_Natural_Gas_Corporation_Ltd_vs_Afcons_Gunanusa_Jv_on_30_August_2022_1.PDF,Corruption,SCC 2009 4 523,,,UNRESOLVED
Oil_And_Natural_Gas_Corporation_Ltd_vs_Afcons_Gunanusa_Jv_on_30_August_2022_1.PDF,Corruption,SCC 2017 4 665,,,UNRESOLVED
Oil_And_Natural_Gas_Corporation_Ltd_vs_Afcons_Gunanusa_Jv_on_30_August_2022_1.PDF,Corruption,SCC 2005 6 344,,,UNRESOLVED
Oil_And_Natural_Gas_Corporation_Ltd_vs_Afcons_Gunanusa_Jv_on_30_August_2022_1.PDF,Corruption,SCC 1991 1 533,Indian_Oil_Corporation_Ltd_vs_Amritsar_Gas_Service_And_Ors_on_19_November_1990_1.PDF,,OUTSIDE_DOMAINS
Oil_And_Natural_Gas_Corporation_Ltd_vs_Afcons_Gunanusa_Jv_on_30_August_2022_1.PDF,Corruption,SCC 2012 12 581,,,UNRESOLVED
Oil_And_Natural_Gas_Corporation_Ltd_vs_Afcons_Gunanusa_Jv_on_30_August_2022_1.PDF,Corruption,SCC 2014 4 516,,,UNRESOLVED
Oil_And_Natural_Gas_Corporation_Ltd_vs_Afcons_Gunanusa_Jv_on_30_August_2022_1.PDF,Corruption,SCC 1996 4 699,,,UNRESOLVED
Oil_And_Natural_Gas_Corporation_Ltd_vs_Afcons_Gunanusa_Jv_on_30_August_2022_1.PDF,Corruption,SCC 2015 2 682,,,UNRESOLVED
Oil_And_Natural_Gas_Corporation_Ltd_vs_Afcons_Gunanusa_Jv_on_30_August_2022_1.PDF,Corruption,SCC 2018 12 560,,,UNRESOLVED
Oil_And_Natural_Gas_Corporation_Ltd_vs_Afcons_Gunanusa_Jv_on_30_August_2022_1.PDF,Corruption,SCC 1989 4 378,,,UNRESOLVED
Oil_And_Natural_Gas_Corporation_Ltd_vs_Afcons_Gunanusa_Jv_on_30_August_2022_1.PDF,Corruption,SCC 1996 3 576,Nityanand_Sharma_Anr_vs_State_Of_Bihar_Ors_on_2_February_1996_1.PDF,,OUTSIDE_DOMAINS
Oil_And_Natural_Gas_Corporation_Ltd_vs_Afcons_Gunanusa_Jv_on_30_August_2022_1.PDF,Corruption,SCC 2020 8 129,,,UNRESOLVED
Oil_And_Natural_Gas_Corporation_Ltd_vs_Afcons_Gunanusa_Jv_on_30_August_2022_1.PDF,Corruption,SCC 1979 1 568,,,UNRESOLVED
Oil_And_Natural_Gas_Corporation_Ltd_vs_Afcons_Gunanusa_Jv_on_30_August_2022_1.PDF,Corruption,SCC 1989 2 95,,,UNRESOLVED
Oil_And_Natural_Gas_Corporation_Ltd_vs_Afcons_Gunanusa_Jv_on_30_August_2022_1.PDF,Corruption,SCC 2009 4 523,,,UNRESOLVED
Oil_And_Natural_Gas_Corporation_Ltd_vs_Afcons_Gunanusa_Jv_on_30_August_2022_1.PDF,Corruption,SCC 2012 1 455,,,UNRESOLVED
Oil_And_Natural_Gas_Corporation_Ltd_vs_Afcons_Gunanusa_Jv_on_30_August_2022_1.PDF,Corruption,SCC 2020 17 626,,,UNRESOLVED
Oil_And_Natural_Gas_Corporation_Ltd_vs_Afcons_Gunanusa_Jv_on_30_August_2022_1.PDF,Corruption,SCC 1997 3 535,,,UNRESOLVED
Oil_And_Natural_Gas_Corporation_Ltd_vs_Afcons_Gunanusa_Jv_on_30_August_2022_1.PDF,Corruption,SCC 1989 4 378,,,UNRESOLVED
Oil_And_Natural_Gas_Corporation_Ltd_vs_Afcons_Gunanusa_Jv_on_30_August_2022_1.PDF,Corruption,SCR 1953 1,The_Supreme_Court_Reportsaswini_Kumar_vs_Arabinda_Bose_And_Another_on_27_October_1952_1.PDF,,OUTSIDE_DOMAINS
P_Dharamaraj_vs_Shanmugam_on_8_September_2022_1.PDF,Corruption,SCC 2017 9 641,,,UNRESOLVED
P_Dharamaraj_vs_Shanmugam_on_8_September_2022_1.PDF,Corruption,SCC 1991 3 756,The_Janata_Dal_Ors_Etc_vs_H_S_Chowdhary_Ors_Etc_on_27_August_1991_1.PDF,Corruption; Financial Fraud,INTERNAL
P_Dharamaraj_vs_Shanmugam_on_8_September_2022_1.PDF,Corruption,SCC 1991 3 756,The_Janata_Dal_Ors_Etc_vs_H_S_Chowdhary_Ors_Etc_on_27_August_1991_1.PDF,Corruption; Financial Fraud,INTERNAL
P_Dharamaraj_vs_Shanmugam_on_8_September_2022_1.PDF,Corruption,SCC 1980 3 141,,,UNRESOLVED
P_Dharamaraj_vs_Shanmugam_on_8_September_2022_1.PDF,Corruption,SCC 2014 2 1,,,UNRESOLVED
P_Dharamaraj_vs_Shanmugam_on_8_September_2022_1.PDF,Corruption,SCC 2012 10 303,,,UNRESOLVED
P_Dharamaraj_vs_Shanmugam_on_8_September_2022_1.PDF,Corruption,SCC 2003 4 675,,,UNRESOLVED
P_Dharamaraj_vs_Shanmugam_on_8_September_2022_1.PDF,Corruption,SCC 2008 9 677,,,UNRESOLVED
P_Dharamaraj_vs_Shanmugam_on_8_September_2022_1.PDF,Corruption,SCC 2008 16 1,,,UNRESOLVED
P_Dharamaraj_vs_Shanmugam_on_8_September_2022_1.PDF,Corruption,SCC 2014 6 466,,,UNRESOLVED
P_Dharamaraj_vs_Shanmugam_on_8_September_2022_1.PDF,Corruption,SCC 2014 15 29,,,UNRESOLVED
P_Dharamaraj_vs_Shanmugam_on_8_September_2022_1.PDF,Corruption,SCC 2008 4 582,,,UNRESOLVED
P_Dharamaraj_vs_Shanmugam_on_8_September_2022_1.PDF,Corruption,SCC 2009 6 351,,,UNRESOLVED
State_By_Deputy_Superintendent_Of_vs_R_Soundirarasu_Etc_on_5_September_2022_1.PDF,Corruption,AIR 1981 SC 1186,,,UNRESOLVED
State_By_Deputy_Superintendent_Of_vs_R_Soundirarasu_Etc_on_5_September_2022_1.PDF,Corruption,AIR 2000 SC 665,,,UNRESOLVED
State_By_Deputy_Superintendent_Of_vs_R_Soundirarasu_Etc_on_5_September_2022_1.PDF,Corruption,AIR 1964 SC 464,,,UNRESOLVED
State_By_Deputy_Superintendent_Of_vs_R_Soundirarasu_Etc_on_5_September_2022_1.PDF,Corruption,AIR 1960 SC 7,,,UNRESOLVED
State_By_Deputy_Superintendent_Of_vs_R_Soundirarasu_Etc_on_5_September_2022_1.PDF,Corruption,AIR 1980 SC 962,,,UNRESOLVED
State_By_Deputy_Superintendent_Of_vs_R_Soundirarasu_Etc_on_5_September_2022_1.PDF,Corruption,AIR 1972 SC 545,Century_Spinning_And_Manufacturing_Co_vs_State_Of_Maharashtra_on_13_October_1971_1.PDF,Organized Crime / Extortion,CROSS_DOMAIN
State_By_Deputy_Superintendent_Of_vs_R_Soundirarasu_Etc_on_5_September_2022_1.PDF,Corruption,AIR 1980 SC 52,,,UNRESOLVED
State_By_Deputy_Superintendent_Of_vs_R_Soundirarasu_Etc_on_5_September_2022_1.PDF,Corruption,SCC 2005 1 568,,,UNRESOLVED
State_By_Deputy_Superintendent_Of_vs_R_Soundirarasu_Etc_on_5_September_2022_1.PDF,Corruption,SCC 2014 11 709,,,UNRESOLVED
State_By_Deputy_Superintendent_Of_vs_R_Soundirarasu_Etc_on_5_September_2022_1.PDF,Corruption,SCC 1981 3 199,,,UNRESOLVED
State_By_Deputy_Superintendent_Of_vs_R_Soundirarasu_Etc_on_5_September_2022_1.PDF,Corruption,SCC 2008 3 542,,,UNRESOLVED
State_By_Deputy_Superintendent_Of_vs_R_Soundirarasu_Etc_on_5_September_2022_1.PDF,Corruption,SCC 2002 9 639,,,UNRESOLVED
State_By_Deputy_Superintendent_Of_vs_R_Soundirarasu_Etc_on_5_September_2022_1.PDF,Corruption,SCC 1991 3 655,K_Veeraswami_vs_Union_Of_India_And_Others_on_25_July_1991_1.PDF,Corruption,INTERNAL
State_By_Deputy_Superintendent_Of_vs_R_Soundirarasu_Etc_on_5_September_2022_1.PDF,Corruption,SCC 2007 4 380,,,UNRESOLVED
State_By_Deputy_Superintendent_Of_vs_R_Soundirarasu_Etc_on_5_September_2022_1.PDF,Corruption,SCC 2008 2 561,,,UNRESOLVED
State_By_Deputy_Superintendent_Of_vs_R_Soundirarasu_Etc_on_5_September_2022_1.PDF,Corruption,SCC 1996 4 659,State_Of_Maharashtra_Etc_Etc_vs_Som_Nath_Thapa_Etc_Etc_on_12_April_1996_1.PDF,Organized Crime / Extortion,CROSS_DOMAIN
State_By_Deputy_Superintendent_Of_vs_R_Soundirarasu_Etc_on_5_September_2022_1.PDF,Corruption,SCC 2000 6 338,,,UNRESOLVED
State_By_Deputy_Superintendent_Of_vs_R_Soundirarasu_Etc_on_5_September_2022_1.PDF,Corruption,SCC 2013 11 476,,,UNRESOLVED
State_By_Deputy_Superintendent_Of_vs_R_Soundirarasu_Etc_on_5_September_2022_1.PDF,Corruption,SCC 2000 8 547,,,UNRESOLVED
State_By_Deputy_Superintendent_Of_vs_R_Soundirarasu_Etc_on_5_September_2022_1.PDF,Corruption,SCC 2019 7 515,,,UNRESOLVED
State_By_Deputy_Superintendent_Of_vs_R_Soundirarasu_Etc_on_5_September_2022_1.PDF,Corruption,SCC 2014 11 709,,,UNRESOLVED
State_By_Deputy_Superintendent_Of_vs_R_Soundirarasu_Etc_on_5_September_2022_1.PDF,Corruption,SCC 2001 9 631,,,UNRESOLVED
State_By_Deputy_Superintendent_Of_vs_R_Soundirarasu_Etc_on_5_September_2022_1.PDF,Corruption,SCC 2018 16 299,,,UNRESOLVED
The_State_Of_Jharkhand_vs_Shiv_Shankar_Sharma_on_7_November_2022_1.PDF,Corruption,AIR 2004 SC 280,,,UNRESOLVED
The_State_Of_Jharkhand_vs_Shiv_Shankar_Sharma_on_7_November_2022_1.PDF,Corruption,AIR 1993 SC 852,,,UNRESOLVED
The_State_Of_Jharkhand_vs_Shiv_Shankar_Sharma_on_7_November_2022_1.PDF,Corruption,AIR 1999 SC 114,,,UNRESOLVED
The_State_Of_Jharkhand_vs_Shiv_Shankar_Sharma_on_7_November_2022_1.PDF,Corruption,SCC 2010 4 513,,,UNRESOLVED
The_State_Of_Jharkhand_vs_Shiv_Shankar_Sharma_on_7_November_2022_1.PDF,Corruption,SCC 2010 3 402,,,UNRESOLVED
The_State_Of_Jharkhand_vs_Shiv_Shankar_Sharma_on_7_November_2022_1.PDF,Corruption,SCC 1987 1 395,,,UNRESOLVED
The_State_Of_Jharkhand_vs_Shiv_Shankar_Sharma_on_7_November_2022_1.PDF,Corruption,SCC 2002 2 333,,,UNRESOLVED
The_State_Of_Jharkhand_vs_Shiv_Shankar_Sharma_on_7_November_2022_1.PDF,Corruption,SCC 2007 10 614,,,UNRESOLVED
The_State_Of_Jharkhand_vs_Shiv_Shankar_Sharma_on_7_November_2022_1.PDF,Corruption,SCC 2004 3 349,,,UNRESOLVED
The_State_Of_Jharkhand_vs_Shiv_Shankar_Sharma_on_7_November_2022_1.PDF,Corruption,SCC 2007 14 281,,,UNRESOLVED
The_State_Of_Jharkhand_vs_Shiv_Shankar_Sharma_on_7_November_2022_1.PDF,Corruption,SCC 1992 4 305,,,UNRESOLVED
The_State_Of_Karnataka_vs_Umesh_on_22_March_2022_1.PDF,Corruption,AIR 2006 SC 1800,,,UNRESOLVED
The_State_Of_Karnataka_vs_Umesh_on_22_March_2022_1.PDF,Corruption,SCC 2013 14 153,,,UNRESOLVED
The_State_Of_Karnataka_vs_Umesh_on_22_March_2022_1.PDF,Corruption,SCC 1977 2 491,,,UNRESOLVED
The_State_Of_Karnataka_vs_Umesh_on_22_March_2022_1.PDF,Corruption,SCC 1966 6 417,,,UNRESOLVED
The_State_Of_Karnataka_vs_Umesh_on_22_March_2022_1.PDF,Corruption,SCC 2004 8 200,,,UNRESOLVED
The_State_Of_Karnataka_vs_Umesh_on_22_March_2022_1.PDF,Corruption,SCC 2005 7 764,,,UNRESOLVED
The_State_Of_Karnataka_vs_Umesh_on_22_March_2022_1.PDF,Corruption,SCC 2017 4 507,,,UNRESOLVED
The_State_Of_Karnataka_vs_Umesh_on_22_March_2022_1.PDF,Corruption,SCC 2009 12 78,,,UNRESOLVED
The_State_Of_Karnataka_vs_Umesh_on_22_March_2022_1.PDF,Corruption,SCC 2020 3 423,,,UNRESOLVED
The_State_Of_Karnataka_vs_Umesh_on_22_March_2022_1.PDF,Corruption,SCC 1997 7 463,,,UNRESOLVED
The_State_Of_Karnataka_vs_Umesh_on_22_March_2022_1.PDF,Corruption,SCC 1995 6 749,B_C_Chaturvedi_vs_Union_Of_India_And_Ors_on_1_November_1995_1.PDF,Corruption,INTERNAL
The_State_Of_Karnataka_vs_Umesh_on_22_March_2022_1.PDF,Corruption,SCC 1999 8 90,,,UNRESOLVED
The_State_Of_Karnataka_vs_Umesh_on_22_March_2022_1.PDF,Corruption,SCC 2017 4 507,,,UNRESOLVED
The_State_Of_Karnataka_vs_Umesh_on_22_March_2022_1.PDF,Corruption,SCR 1977 1 750,,,UNRESOLVED
T_P_Gopalakrishnan_vs_The_State_Of_Kerala_on_8_December_2022_1.PDF,Corruption,AIR 1966 SC 911,,,UNRESOLVED
T_P_Gopalakrishnan_vs_The_State_Of_Kerala_on_8_December_2022_1.PDF,Corruption,AIR 1954 SC 375,,,UNRESOLVED
T_P_Gopalakrishnan_vs_The_State_Of_Kerala_on_8_December_2022_1.PDF,Corruption,AIR 1953 SC 325,,,UNRESOLVED
T_P_Gopalakrishnan_vs_The_State_Of_Kerala_on_8_December_2022_1.PDF,Corruption,SCC 1994 4 656,,,UNRESOLVED
T_P_Gopalakrishnan_vs_The_State_Of_Kerala_on_8_December_2022_1.PDF,Corruption,SCC 2005 11 600,,,UNRESOLVED
A_Sreenivasa_Reddy_vs_Rakesh_Sharma_on_8_August_2023_1.PDF,Corruption,AIR 2019 SC 847,,,UNRESOLVED
A_Sreenivasa_Reddy_vs_Rakesh_Sharma_on_8_August_2023_1.PDF,Corruption,AIR 1948 PC 82,,,UNRESOLVED
A_Sreenivasa_Reddy_vs_Rakesh_Sharma_on_8_August_2023_1.PDF,Corruption,SCC 2007 1 1,,,UNRESOLVED
A_Sreenivasa_Reddy_vs_Rakesh_Sharma_on_8_August_2023_1.PDF,Corruption,SCC 2020 2 153,,,UNRESOLVED
A_Sreenivasa_Reddy_vs_Rakesh_Sharma_on_8_August_2023_1.PDF,Corruption,SCC 2019 6 111,,,UNRESOLVED
A_Sreenivasa_Reddy_vs_Rakesh_Sharma_on_8_August_2023_1.PDF,Corruption,SCC 1987 2 52,,,UNRESOLVED
A_Sreenivasa_Reddy_vs_Rakesh_Sharma_on_8_August_2023_1.PDF,Corruption,SCC 2007 1 1,,,UNRESOLVED
A_Sreenivasa_Reddy_vs_Rakesh_Sharma_on_8_August_2023_1.PDF,Corruption,SCC 1998 6 411,,,UNRESOLVED
A_Sreenivasa_Reddy_vs_Rakesh_Sharma_on_8_August_2023_1.PDF,Corruption,SCC 2007 1 4,,,UNRESOLVED
Central_Bureau_Of_Investigation_vs_Santosh_Karnani_on_17_April_2023_1.PDF,Corruption,AIR 1997 SC 610,,,UNRESOLVED
Central_Bureau_Of_Investigation_vs_Santosh_Karnani_on_17_April_2023_1.PDF,Corruption,SCC 1997 7 187,,,UNRESOLVED
Central_Bureau_Of_Investigation_vs_Santosh_Karnani_on_17_April_2023_1.PDF,Corruption,SCC 2014 2 171,,,UNRESOLVED
Central_Bureau_Of_Investigation_vs_Santosh_Karnani_on_17_April_2023_1.PDF,Corruption,SCC 2012 8 730,,,UNRESOLVED
Central_Bureau_Of_Investigation_vs_Santosh_Karnani_on_17_April_2023_1.PDF,Corruption,SCC 2014 8 273,,,UNRESOLVED
Central_Bureau_Of_Investigation_vs_Santosh_Karnani_on_17_April_2023_1.PDF,Corruption,SCC 1995 1 349,Dolat_Ram_vs_State_Of_Haryana_on_24_November_1994_1.PDF,,OUTSIDE_DOMAINS
Central_Bureau_Of_Investigation_vs_Santosh_Karnani_on_17_April_2023_1.PDF,Corruption,SCC 2011 1 694,,,UNRESOLVED
Central_Bureau_Of_Investigation_vs_Santosh_Karnani_on_17_April_2023_1.PDF,Corruption,SCC 1980 2 565,,,UNRESOLVED
Central_Bureau_Of_Investigation_vs_Santosh_Karnani_on_17_April_2023_1.PDF,Corruption,SCC 2020 5 1,,,UNRESOLVED
C_B_I_vs_Dr_R_R_Kishore_on_11_September_2023_1.PDF,Corruption,AIR 1963 SC 1019,,,UNRESOLVED
C_B_I_vs_Dr_R_R_Kishore_on_11_September_2023_1.PDF,Corruption,AIR 1987 SC 1354,,,UNRESOLVED
C_B_I_vs_Dr_R_R_Kishore_on_11_September_2023_1.PDF,Corruption,SCC 2014 8 682,,,UNRESOLVED
C_B_I_vs_Dr_R_R_Kishore_on_11_September_2023_1.PDF,Corruption,SCC 2014 8 682,,,UNRESOLVED
C_B_I_vs_Dr_R_R_Kishore_on_11_September_2023_1.PDF,Corruption,SCC 2004 5 551,,,UNRESOLVED
C_B_I_vs_Dr_R_R_Kishore_on_11_September_2023_1.PDF,Corruption,SCC 2010 15 200,,,UNRESOLVED
C_B_I_vs_Dr_R_R_Kishore_on_11_September_2023_1.PDF,Corruption,SCC 2004 5 551,,,UNRESOLVED
C_B_I_vs_Dr_R_R_Kishore_on_11_September_2023_1.PDF,Corruption,SCC 1979 2 593,,,UNRESOLVED
C_B_I_vs_Dr_R_R_Kishore_on_11_September_2023_1.PDF,Corruption,SCC 1991 4 298,,,UNRESOLVED
C_B_I_vs_Dr_R_R_Kishore_on_11_September_2023_1.PDF,Corruption,SCC 2010 3 765,,,UNRESOLVED
C_B_I_vs_Dr_R_R_Kishore_on_11_September_2023_1.PDF,Corruption,SCC 1998 1 226,,,UNRESOLVED
C_B_I_vs_Dr_R_R_Kishore_on_11_September_2023_1.PDF,Corruption,SCC 1969 1 475,,,UNRESOLVED
C_B_I_vs_Dr_R_R_Kishore_on_11_September_2023_1.PDF,Corruption,SCC 1993 4 727,,,UNRESOLVED
C_B_I_vs_Dr_R_R_Kishore_on_11_September_2023_1.PDF,Corruption,SCC 2003 7 517,,,UNRESOLVED
C_B_I_vs_Dr_R_R_Kishore_on_11_September_2023_1.PDF,Corruption,SCC 2004 5 551,,,UNRESOLVED
C_B_I_vs_Dr_R_R_Kishore_on_11_September_2023_1.PDF,Corruption,SCC 2014 3 92,,,UNRESOLVED
C_B_I_vs_Dr_R_R_Kishore_on_11_September_2023_1.PDF,Corruption,SCC 2021 2 525,,,UNRESOLVED
C_B_I_vs_Dr_R_R_Kishore_on_11_September_2023_1.PDF,Corruption,SCC 2013 12 316,,,UNRESOLVED
C_B_I_vs_Dr_R_R_Kishore_on_11_September_2023_1.PDF,Corruption,SCC 1973 1 726,,,UNRESOLVED
C_B_I_vs_Dr_R_R_Kishore_on_11_September_2023_1.PDF,Corruption,SCC 1997 5 201,,,UNRESOLVED
C_B_I_vs_Dr_R_R_Kishore_on_11_September_2023_1.PDF,Corruption,SCC 1994 1 103,,,UNRESOLVED
C_B_I_vs_Dr_R_R_Kishore_on_11_September_2023_1.PDF,Corruption,SCC 2018 17 627,,,UNRESOLVED
C_B_I_vs_Dr_R_R_Kishore_on_11_September_2023_1.PDF,Corruption,SCC 2020 3 321,,,UNRESOLVED
C_B_I_vs_Dr_R_R_Kishore_on_11_September_2023_1.PDF,Corruption,SCC 1953 2 111,,,UNRESOLVED
C_B_I_vs_Dr_R_R_Kishore_on_11_September_2023_1.PDF,Corruption,SCC 1983 1 177,,,UNRESOLVED
C_B_I_vs_Dr_R_R_Kishore_on_11_September_2023_1.PDF,Corruption,SCC 2005 3 551,,,UNRESOLVED
C_B_I_vs_Dr_R_R_Kishore_on_11_September_2023_1.PDF,Corruption,SCR 1953 1188,Rao_Shiv_Bahadur_Singh_And_Another_vs_The_State_Of_Vindhya_Pradesh_on_22_May_1953_1.PDF,Organized Crime / Extortion,CROSS_DOMAIN
C_B_I_vs_Dr_R_R_Kishore_on_11_September_2023_1.PDF,Corruption,SCR 1963 2 111,,,UNRESOLVED
C_B_I_vs_Dr_R_R_Kishore_on_11_September_2023_1.PDF,Corruption,SCR 1964 4 630,,,UNRESOLVED
C_B_I_vs_Dr_R_R_Kishore_on_11_September_2023_1.PDF,Corruption,SCR 1964 7 676,,,UNRESOLVED
C_B_I_vs_Dr_R_R_Kishore_on_11_September_2023_1.PDF,Corruption,SCR 1966 2 34,Union_Of_India_Uoi_vs_Sukumar_Pyne_on_6_October_1965_1.PDF,,OUTSIDE_DOMAINS
C_B_I_vs_Dr_R_R_Kishore_on_11_September_2023_1.PDF,Corruption,SCR 1951 228,Keshavan_Madhava_Menon_vs_The_State_Of_Bombay_on_22_January_1951_1.PDF,,OUTSIDE_DOMAINS
C_B_I_vs_Dr_R_R_Kishore_on_11_September_2023_1.PDF,Corruption,SCR 1955 1 613,,,UNRESOLVED
C_B_I_vs_Dr_R_R_Kishore_on_11_September_2023_1.PDF,Corruption,SCR 1958 1422,M_P_V_Sundararamier_Co_vs_The_State_Of_Andhra_Pradesh_on_11_March_1958_1.PDF,,OUTSIDE_DOMAINS
C_B_I_vs_Dr_R_R_Kishore_on_11_September_2023_1.PDF,Corruption,SCR 1967 2 762,I_C_Golak_Nath_And_Ors_vs_State_Of_Punjab_And_Anr_on_27_February_1967_1.PDF,,OUTSIDE_DOMAINS
C_B_I_vs_Dr_R_R_Kishore_on_11_September_2023_1.PDF,Corruption,SCR 1955 1 1150,,,UNRESOLVED
C_B_I_vs_Dr_R_R_Kishore_on_11_September_2023_1.PDF,Corruption,SCR 1951 1 682,,,UNRESOLVED
Jitendra_Kumar_Rode_vs_Union_Of_India_on_24_April_2023_1.PDF,Corruption,AIR 1935 PC 89,,,UNRESOLVED
Jitendra_Kumar_Rode_vs_Union_Of_India_on_24_April_2023_1.PDF,Corruption,AIR 1943 MAD 391,,,UNRESOLVED
Jitendra_Kumar_Rode_vs_Union_Of_India_on_24_April_2023_1.PDF,Corruption,SCC 2014 3 485,,,UNRESOLVED
Jitendra_Kumar_Rode_vs_Union_Of_India_on_24_April_2023_1.PDF,Corruption,SCC 1971 1 855,,,UNRESOLVED
Jitendra_Kumar_Rode_vs_Union_Of_India_on_24_April_2023_1.PDF,Corruption,SCC 2004 4 6,,,UNRESOLVED
Jitendra_Kumar_Rode_vs_Union_Of_India_on_24_April_2023_1.PDF,Corruption,SCC 1978 3 544,,,UNRESOLVED
Jitendra_Kumar_Rode_vs_Union_Of_India_on_24_April_2023_1.PDF,Corruption,SCC 2010 6 1,,,UNRESOLVED
Jitendra_Kumar_Rode_vs_Union_Of_India_on_24_April_2023_1.PDF,Corruption,SCC 1987 2 55,,,UNRESOLVED
Jitendra_Kumar_Rode_vs_Union_Of_India_on_24_April_2023_1.PDF,Corruption,SCC 1971 1 855,,,UNRESOLVED
Jitendra_Kumar_Rode_vs_Union_Of_India_on_24_April_2023_1.PDF,Corruption,SCC 1996 4 720,Bani_Singh_Ors_vs_State_Of_U_P_on_9_July_1996_1.PDF,Organized Crime / Extortion,CROSS_DOMAIN
Judgebir_Singh_Jasbir_Singh_Samra_vs_National_Investigation_Agency_on_1_May_2023_1.PDF,Corruption,AIR 1957 SC 737,,,UNRESOLVED
Judgebir_Singh_Jasbir_Singh_Samra_vs_National_Investigation_Agency_on_1_May_2023_1.PDF,Corruption,SCC 2014 16 543,,,UNRESOLVED
Judgebir_Singh_Jasbir_Singh_Samra_vs_National_Investigation_Agency_on_1_May_2023_1.PDF,Corruption,SCC 1997 7 744,,,UNRESOLVED
Judgebir_Singh_Jasbir_Singh_Samra_vs_National_Investigation_Agency_on_1_May_2023_1.PDF,Corruption,SCC 2012 11 606,,,UNRESOLVED
Judgebir_Singh_Jasbir_Singh_Samra_vs_National_Investigation_Agency_on_1_May_2023_1.PDF,Corruption,SCC 2020 10 616,,,UNRESOLVED
Judgebir_Singh_Jasbir_Singh_Samra_vs_National_Investigation_Agency_on_1_May_2023_1.PDF,Corruption,SCC 1994 5 410,Sunjay_Datt_vs_State_Ii_on_9_September_1994_1.PDF,Organized Crime / Extortion,CROSS_DOMAIN
Judgebir_Singh_Jasbir_Singh_Samra_vs_National_Investigation_Agency_on_1_May_2023_1.PDF,Corruption,SCC 2013 3 77,,,UNRESOLVED
Judgebir_Singh_Jasbir_Singh_Samra_vs_National_Investigation_Agency_on_1_May_2023_1.PDF,Corruption,SCC 2001 5 453,,,UNRESOLVED
Judgebir_Singh_Jasbir_Singh_Samra_vs_National_Investigation_Agency_on_1_May_2023_1.PDF,Corruption,SCC 2017 15 67,,,UNRESOLVED
Judgebir_Singh_Jasbir_Singh_Samra_vs_National_Investigation_Agency_on_1_May_2023_1.PDF,Corruption,SCC 2014 9 457,,,UNRESOLVED
Judgebir_Singh_Jasbir_Singh_Samra_vs_National_Investigation_Agency_on_1_May_2023_1.PDF,Corruption,SCC 2001 5 453,,,UNRESOLVED
Judgebir_Singh_Jasbir_Singh_Samra_vs_National_Investigation_Agency_on_1_May_2023_1.PDF,Corruption,SCC 2001 5 453,,,UNRESOLVED
Judgebir_Singh_Jasbir_Singh_Samra_vs_National_Investigation_Agency_on_1_May_2023_1.PDF,Corruption,SCC 1994 5 410,Sunjay_Datt_vs_State_Ii_on_9_September_1994_1.PDF,Organized Crime / Extortion,CROSS_DOMAIN
Judgebir_Singh_Jasbir_Singh_Samra_vs_National_Investigation_Agency_on_1_May_2023_1.PDF,Corruption,SCC 1996 1 722,,,UNRESOLVED
Judgebir_Singh_Jasbir_Singh_Samra_vs_National_Investigation_Agency_on_1_May_2023_1.PDF,Corruption,SCC 2019 14 599,,,UNRESOLVED
Judgebir_Singh_Jasbir_Singh_Samra_vs_National_Investigation_Agency_on_1_May_2023_1.PDF,Corruption,SCC 2007 8 770,,,UNRESOLVED
Judgebir_Singh_Jasbir_Singh_Samra_vs_National_Investigation_Agency_on_1_May_2023_1.PDF,Corruption,SCC 2002 5 82,,,UNRESOLVED
Judgebir_Singh_Jasbir_Singh_Samra_vs_National_Investigation_Agency_on_1_May_2023_1.PDF,Corruption,SCC 1980 3 152,Satya_Narain_Musadi_And_Ors_vs_State_Of_Bihar_on_17_September_1979_1.PDF,Financial Fraud,CROSS_DOMAIN
Judgebir_Singh_Jasbir_Singh_Samra_vs_National_Investigation_Agency_on_1_May_2023_1.PDF,Corruption,SCC 2014 14 295,,,UNRESOLVED
Judgebir_Singh_Jasbir_Singh_Samra_vs_National_Investigation_Agency_on_1_May_2023_1.PDF,Corruption,SCC 1975 2 220,,,UNRESOLVED
Judgebir_Singh_Jasbir_Singh_Samra_vs_National_Investigation_Agency_on_1_May_2023_1.PDF,Corruption,SCC 1994 5 410,Sunjay_Datt_vs_State_Ii_on_9_September_1994_1.PDF,Organized Crime / Extortion,CROSS_DOMAIN
Judgebir_Singh_Jasbir_Singh_Samra_vs_National_Investigation_Agency_on_1_May_2023_1.PDF,Corruption,SCC 1996 1 722,,,UNRESOLVED
Judgebir_Singh_Jasbir_Singh_Samra_vs_National_Investigation_Agency_on_1_May_2023_1.PDF,Corruption,SCC 2021 2 485,,,UNRESOLVED
Judgebir_Singh_Jasbir_Singh_Samra_vs_National_Investigation_Agency_on_1_May_2023_1.PDF,Corruption,SCC 1995 4 190,,,UNRESOLVED
Judgebir_Singh_Jasbir_Singh_Samra_vs_National_Investigation_Agency_on_1_May_2023_1.PDF,Corruption,SCC 2012 12 1,,,UNRESOLVED
Judgebir_Singh_Jasbir_Singh_Samra_vs_National_Investigation_Agency_on_1_May_2023_1.PDF,Corruption,SCC 1994 5 410,Sunjay_Datt_vs_State_Ii_on_9_September_1994_1.PDF,Organized Crime / Extortion,CROSS_DOMAIN
Judgebir_Singh_Jasbir_Singh_Samra_vs_National_Investigation_Agency_on_1_May_2023_1.PDF,Corruption,SCR 1958 283,,,UNRESOLVED
Manish_Sisodia_vs_Central_Bureau_Of_Investigation_on_30_October_2023_1.PDF,Corruption,SCC 1975 3 742,,,UNRESOLVED
Manish_Sisodia_vs_Central_Bureau_Of_Investigation_on_30_October_2023_1.PDF,Corruption,SCC 2012 5 661,,,UNRESOLVED
Manish_Sisodia_vs_Central_Bureau_Of_Investigation_on_30_October_2023_1.PDF,Corruption,SCC 2015 12 781,,,UNRESOLVED
Manish_Sisodia_vs_Central_Bureau_Of_Investigation_on_30_October_2023_1.PDF,Corruption,SCC 2015 6 222,,,UNRESOLVED
Manish_Sisodia_vs_Central_Bureau_Of_Investigation_on_30_October_2023_1.PDF,Corruption,SCC 2019 6 1,,,UNRESOLVED
Manish_Sisodia_vs_Central_Bureau_Of_Investigation_on_30_October_2023_1.PDF,Corruption,SCC 1975 4 428,,,UNRESOLVED
Manish_Sisodia_vs_Central_Bureau_Of_Investigation_on_30_October_2023_1.PDF,Corruption,SCC 1988 2 299,,,UNRESOLVED
Manish_Sisodia_vs_Central_Bureau_Of_Investigation_on_30_October_2023_1.PDF,Corruption,SCC 2020 13 791,,,UNRESOLVED
Manish_Sisodia_vs_Central_Bureau_Of_Investigation_on_30_October_2023_1.PDF,Corruption,SCC 2020 13 337,,,UNRESOLVED
Manish_Sisodia_vs_Central_Bureau_Of_Investigation_on_30_October_2023_1.PDF,Corruption,SCC 1980 2 565,,,UNRESOLVED
Manish_Sisodia_vs_Central_Bureau_Of_Investigation_on_30_October_2023_1.PDF,Corruption,SCC 2012 1 40,,,UNRESOLVED
Manish_Sisodia_vs_Central_Bureau_Of_Investigation_on_30_October_2023_1.PDF,Corruption,SCC 2022 10 51,,,UNRESOLVED
Manish_Sisodia_vs_Central_Bureau_Of_Investigation_on_30_October_2023_1.PDF,Corruption,SCC 2005 7 387,,,UNRESOLVED
Manish_Sisodia_vs_Central_Bureau_Of_Investigation_on_30_October_2023_1.PDF,Corruption,SCC 1977 4 291,,,UNRESOLVED
Manish_Sisodia_vs_Central_Bureau_Of_Investigation_on_30_October_2023_1.PDF,Corruption,SCC 2021 2 427,,,UNRESOLVED
Office_Of_The_Odisha_Lokayukta_vs_Pradeep_Kumar_Panigrahi_on_23_February_2023_1.PDF,Corruption,SCC 1969 2 262,,,UNRESOLVED
Office_Of_The_Odisha_Lokayukta_vs_Pradeep_Kumar_Panigrahi_on_23_February_2023_1.PDF,Corruption,SCC 1976 1 15,Bhagwan_Singh_vs_The_State_Of_Rajasthan_on_14_August_1975_1.PDF,Organized Crime / Extortion,CROSS_DOMAIN
Office_Of_The_Odisha_Lokayukta_vs_Pradeep_Kumar_Panigrahi_on_23_February_2023_1.PDF,Corruption,SCC 1996 11 709,Megha_Singh_vs_State_Of_Haryana_on_9_February_1995_1.PDF,,OUTSIDE_DOMAINS
Office_Of_The_Odisha_Lokayukta_vs_Pradeep_Kumar_Panigrahi_on_23_February_2023_1.PDF,Corruption,SCC 2010 15 369,,,UNRESOLVED
Office_Of_The_Odisha_Lokayukta_vs_Pradeep_Kumar_Panigrahi_on_23_February_2023_1.PDF,Corruption,SCC 2018 17 627,,,UNRESOLVED
State_Of_Karnataka_Lokayukta_Police_vs_S_Subbegowda_on_3_August_2023_1.PDF,Corruption,SCC 2015 14 186,,,UNRESOLVED
State_Of_Karnataka_Lokayukta_Police_vs_S_Subbegowda_on_3_August_2023_1.PDF,Corruption,SCC 2001 7 679,,,UNRESOLVED
State_Of_Karnataka_Lokayukta_Police_vs_S_Subbegowda_on_3_August_2023_1.PDF,Corruption,SCC 2001 2 577,,,UNRESOLVED
State_Through_Central_Bureau_Of_vs_Hemendhra_Reddy_Etc_Etc_on_28_April_2023_1.PDF,Corruption,AIR 1919 MAD 751,,,UNRESOLVED
State_Through_Central_Bureau_Of_vs_Hemendhra_Reddy_Etc_Etc_on_28_April_2023_1.PDF,Corruption,AIR 1955 SC 196,,,UNRESOLVED
State_Through_Central_Bureau_Of_vs_Hemendhra_Reddy_Etc_Etc_on_28_April_2023_1.PDF,Corruption,AIR 1979 SC 1791,,,UNRESOLVED
State_Through_Central_Bureau_Of_vs_Hemendhra_Reddy_Etc_Etc_on_28_April_2023_1.PDF,Corruption,AIR 1979 SC 1791,,,UNRESOLVED
State_Through_Central_Bureau_Of_vs_Hemendhra_Reddy_Etc_Etc_on_28_April_2023_1.PDF,Corruption,AIR 1962 SC 876,,,UNRESOLVED
State_Through_Central_Bureau_Of_vs_Hemendhra_Reddy_Etc_Etc_on_28_April_2023_1.PDF,Corruption,AIR 2015 SC 3566,,,UNRESOLVED
State_Through_Central_Bureau_Of_vs_Hemendhra_Reddy_Etc_Etc_on_28_April_2023_1.PDF,Corruption,AIR 1960 SC 936,,,UNRESOLVED
State_Through_Central_Bureau_Of_vs_Hemendhra_Reddy_Etc_Etc_on_28_April_2023_1.PDF,Corruption,AIR 1965 SC 1767,,,UNRESOLVED
State_Through_Central_Bureau_Of_vs_Hemendhra_Reddy_Etc_Etc_on_28_April_2023_1.PDF,Corruption,SCC 2013 5 762,,,UNRESOLVED
State_Through_Central_Bureau_Of_vs_Hemendhra_Reddy_Etc_Etc_on_28_April_2023_1.PDF,Corruption,SCC 2013 5 762,,,UNRESOLVED
State_Through_Central_Bureau_Of_vs_Hemendhra_Reddy_Etc_Etc_on_28_April_2023_1.PDF,Corruption,SCC 2019 17 1,,,UNRESOLVED
State_Through_Central_Bureau_Of_vs_Hemendhra_Reddy_Etc_Etc_on_28_April_2023_1.PDF,Corruption,SCC 2009 6 346,,,UNRESOLVED
State_Through_Central_Bureau_Of_vs_Hemendhra_Reddy_Etc_Etc_on_28_April_2023_1.PDF,Corruption,SCC 2004 5 347,,,UNRESOLVED
State_Through_Central_Bureau_Of_vs_Hemendhra_Reddy_Etc_Etc_on_28_April_2023_1.PDF,Corruption,SCC 2008 5 413,,,UNRESOLVED
State_Through_Central_Bureau_Of_vs_Hemendhra_Reddy_Etc_Etc_on_28_April_2023_1.PDF,Corruption,SCC 1998 5 223,,,UNRESOLVED
State_Through_Central_Bureau_Of_vs_Hemendhra_Reddy_Etc_Etc_on_28_April_2023_1.PDF,Corruption,SCC 1998 5 223,,,UNRESOLVED
State_Through_Central_Bureau_Of_vs_Hemendhra_Reddy_Etc_Etc_on_28_April_2023_1.PDF,Corruption,SCC 1999 5 740,,,UNRESOLVED
State_Through_Central_Bureau_Of_vs_Hemendhra_Reddy_Etc_Etc_on_28_April_2023_1.PDF,Corruption,SCC 1979 2 322,Ram_Lal_Narang_Etc_Etc_vs_State_Of_Delhi_Admn_on_10_January_1979_1.PDF,Financial Fraud,CROSS_DOMAIN
State_Through_Central_Bureau_Of_vs_Hemendhra_Reddy_Etc_Etc_on_28_April_2023_1.PDF,Corruption,SCC 2001 7 536,,,UNRESOLVED
State_Through_Central_Bureau_Of_vs_Hemendhra_Reddy_Etc_Etc_on_28_April_2023_1.PDF,Corruption,SCC 1997 7 614,,,UNRESOLVED
State_Through_Central_Bureau_Of_vs_Hemendhra_Reddy_Etc_Etc_on_28_April_2023_1.PDF,Corruption,SCC 1979 2 322,Ram_Lal_Narang_Etc_Etc_vs_State_Of_Delhi_Admn_on_10_January_1979_1.PDF,Financial Fraud,CROSS_DOMAIN
State_Through_Central_Bureau_Of_vs_Hemendhra_Reddy_Etc_Etc_on_28_April_2023_1.PDF,Corruption,SCC 1979 2 322,Ram_Lal_Narang_Etc_Etc_vs_State_Of_Delhi_Admn_on_10_January_1979_1.PDF,Financial Fraud,CROSS_DOMAIN
State_Through_Central_Bureau_Of_vs_Hemendhra_Reddy_Etc_Etc_on_28_April_2023_1.PDF,Corruption,SCC 2008 2 383,,,UNRESOLVED
State_Through_Central_Bureau_Of_vs_Hemendhra_Reddy_Etc_Etc_on_28_April_2023_1.PDF,Corruption,SCC 2009 1 441,,,UNRESOLVED
State_Through_Central_Bureau_Of_vs_Hemendhra_Reddy_Etc_Etc_on_28_April_2023_1.PDF,Corruption,SCC 2008 2 409,,,UNRESOLVED
State_Through_Central_Bureau_Of_vs_Hemendhra_Reddy_Etc_Etc_on_28_April_2023_1.PDF,Corruption,SCC 1995 1 1,State_Of_Rajasthan_vs_Aruna_Devi_And_Others_on_8_November_1994_1.PDF,,OUTSIDE_DOMAINS
State_Through_Central_Bureau_Of_vs_Hemendhra_Reddy_Etc_Etc_on_28_April_2023_1.PDF,Corruption,SCC 2007 7 358,,,UNRESOLVED
State_Through_Central_Bureau_Of_vs_Hemendhra_Reddy_Etc_Etc_on_28_April_2023_1.PDF,Corruption,SCC 2002 1 714,,,UNRESOLVED
State_Through_Central_Bureau_Of_vs_Hemendhra_Reddy_Etc_Etc_on_28_April_2023_1.PDF,Corruption,SCC 2008 10 1,,,UNRESOLVED
State_Through_Central_Bureau_Of_vs_Hemendhra_Reddy_Etc_Etc_on_28_April_2023_1.PDF,Corruption,SCC 2001 2 247,,,UNRESOLVED
State_Through_Central_Bureau_Of_vs_Hemendhra_Reddy_Etc_Etc_on_28_April_2023_1.PDF,Corruption,SCC 2007 7 394,,,UNRESOLVED
State_Through_Central_Bureau_Of_vs_Hemendhra_Reddy_Etc_Etc_on_28_April_2023_1.PDF,Corruption,SCC 1996 6 323,,,UNRESOLVED
State_Through_Central_Bureau_Of_vs_Hemendhra_Reddy_Etc_Etc_on_28_April_2023_1.PDF,Corruption,SCC 2016 3 135,,,UNRESOLVED
State_Through_Central_Bureau_Of_vs_Hemendhra_Reddy_Etc_Etc_on_28_April_2023_1.PDF,Corruption,SCR 1960 3 578,,,UNRESOLVED
The_Animal_Welfare_Board_Of_India_vs_Union_Of_India_on_18_May_2023_1.PDF,Corruption,AIR 1961 SC 751,,,UNRESOLVED
The_Animal_Welfare_Board_Of_India_vs_Union_Of_India_on_18_May_2023_1.PDF,Corruption,AIR 1984 AP 75,,,UNRESOLVED
The_Animal_Welfare_Board_Of_India_vs_Union_Of_India_on_18_May_2023_1.PDF,Corruption,SCC 2014 7 547,,,UNRESOLVED
The_Animal_Welfare_Board_Of_India_vs_Union_Of_India_on_18_May_2023_1.PDF,Corruption,SCC 1985 3 661,,,UNRESOLVED
The_Animal_Welfare_Board_Of_India_vs_Union_Of_India_on_18_May_2023_1.PDF,Corruption,SCC 1983 4 45,,,UNRESOLVED
The_Animal_Welfare_Board_Of_India_vs_Union_Of_India_on_18_May_2023_1.PDF,Corruption,SCC 2002 8 106,,,UNRESOLVED
The_Animal_Welfare_Board_Of_India_vs_Union_Of_India_on_18_May_2023_1.PDF,Corruption,SCC 2002 8 106,,,UNRESOLVED
The_Animal_Welfare_Board_Of_India_vs_Union_Of_India_on_18_May_2023_1.PDF,Corruption,SCC 1969 2 283,,,UNRESOLVED
The_Animal_Welfare_Board_Of_India_vs_Union_Of_India_on_18_May_2023_1.PDF,Corruption,SCC 1994 6 77,Bhubaneshwar_Singh_vs_Union_Of_India_on_14_July_1994_1.PDF,,OUTSIDE_DOMAINS
The_Animal_Welfare_Board_Of_India_vs_Union_Of_India_on_18_May_2023_1.PDF,Corruption,SCC 2000 1 168,,,UNRESOLVED
The_Animal_Welfare_Board_Of_India_vs_Union_Of_India_on_18_May_2023_1.PDF,Corruption,SCC 2014 4 583,,,UNRESOLVED
The_Animal_Welfare_Board_Of_India_vs_Union_Of_India_on_18_May_2023_1.PDF,Corruption,SCC 1987 1 378,,,UNRESOLVED
The_Animal_Welfare_Board_Of_India_vs_Union_Of_India_on_18_May_2023_1.PDF,Corruption,SCC 1997 8 522,,,UNRESOLVED
The_Animal_Welfare_Board_Of_India_vs_Union_Of_India_on_18_May_2023_1.PDF,Corruption,SCC 2014 12 696,,,UNRESOLVED
The_Animal_Welfare_Board_Of_India_vs_Union_Of_India_on_18_May_2023_1.PDF,Corruption,SCC 1978 2 50,,,UNRESOLVED
The_Animal_Welfare_Board_Of_India_vs_Union_Of_India_on_18_May_2023_1.PDF,Corruption,SCC 2003 5 23,,,UNRESOLVED
The_Animal_Welfare_Board_Of_India_vs_Union_Of_India_on_18_May_2023_1.PDF,Corruption,SCC 2017 1 121,,,UNRESOLVED
The_Animal_Welfare_Board_Of_India_vs_Union_Of_India_on_18_May_2023_1.PDF,Corruption,SCC 1997 5 536,,,UNRESOLVED
The_Animal_Welfare_Board_Of_India_vs_Union_Of_India_on_18_May_2023_1.PDF,Corruption,SCC 2015 4 400,,,UNRESOLVED
The_Animal_Welfare_Board_Of_India_vs_Union_Of_India_on_18_May_2023_1.PDF,Corruption,SCC 1988 2 602,,,UNRESOLVED
The_Animal_Welfare_Board_Of_India_vs_Union_Of_India_on_18_May_2023_1.PDF,Corruption,SCC 1978 1 248,Mrs_Maneka_Gandhi_vs_Union_Of_India_Uoi_And_Anr_on_25_January_1978_1.PDF,Organized Crime / Extortion,CROSS_DOMAIN
The_Animal_Welfare_Board_Of_India_vs_Union_Of_India_on_18_May_2023_1.PDF,Corruption,SCC 2017 2 144,,,UNRESOLVED
The_Animal_Welfare_Board_Of_India_vs_Union_Of_India_on_18_May_2023_1.PDF,Corruption,SCC 2002 4 388,,,UNRESOLVED
The_Animal_Welfare_Board_Of_India_vs_Union_Of_India_on_18_May_2023_1.PDF,Corruption,SCC 1997 8 360,,,UNRESOLVED
The_Animal_Welfare_Board_Of_India_vs_Union_Of_India_on_18_May_2023_1.PDF,Corruption,SCC 1979 3 431,,,UNRESOLVED
The_Animal_Welfare_Board_Of_India_vs_Union_Of_India_on_18_May_2023_1.PDF,Corruption,SCC 2011 9 1,,,UNRESOLVED
The_Animal_Welfare_Board_Of_India_vs_Union_Of_India_on_18_May_2023_1.PDF,Corruption,SCC 1998 5 192,,,UNRESOLVED
The_Animal_Welfare_Board_Of_India_vs_Union_Of_India_on_18_May_2023_1.PDF,Corruption,SCC 1996 1 1,Harbilas_Rai_Bansal_vs_The_State_Of_Punjab_Anr_on_5_December_1995_1.PDF,,OUTSIDE_DOMAINS
The_Animal_Welfare_Board_Of_India_vs_Union_Of_India_on_18_May_2023_1.PDF,Corruption,SCC 1983 2 33,,,UNRESOLVED
The_Animal_Welfare_Board_Of_India_vs_Union_Of_India_on_18_May_2023_1.PDF,Corruption,SCC 2017 9 1,,,UNRESOLVED
The_Animal_Welfare_Board_Of_India_vs_Union_Of_India_on_18_May_2023_1.PDF,Corruption,SCC 2003 11 146,,,UNRESOLVED
The_Animal_Welfare_Board_Of_India_vs_Union_Of_India_on_18_May_2023_1.PDF,Corruption,SCC 1979 2 34,,,UNRESOLVED
The_Animal_Welfare_Board_Of_India_vs_Union_Of_India_on_18_May_2023_1.PDF,Corruption,SCC 1990 3 87,,,UNRESOLVED
The_Animal_Welfare_Board_Of_India_vs_Union_Of_India_on_18_May_2023_1.PDF,Corruption,SCC 1997 5 201,,,UNRESOLVED
The_Animal_Welfare_Board_Of_India_vs_Union_Of_India_on_18_May_2023_1.PDF,Corruption,SCC 1992 2 343,,,UNRESOLVED
The_Animal_Welfare_Board_Of_India_vs_Union_Of_India_on_18_May_2023_1.PDF,Corruption,SCC 1980 4 136,,,UNRESOLVED
The_Animal_Welfare_Board_Of_India_vs_Union_Of_India_on_18_May_2023_1.PDF,Corruption,SCC 1989 3 634,,,UNRESOLVED
The_Animal_Welfare_Board_Of_India_vs_Union_Of_India_on_18_May_2023_1.PDF,Corruption,SCC 1996 3 709,State_Of_Andhra_Pradesh_And_Ors_Etc_vs_Mcdowell_Co_And_Ors_Etc_on_21_March_1996_1.PDF,Organized Crime / Extortion,CROSS_DOMAIN
The_Animal_Welfare_Board_Of_India_vs_Union_Of_India_on_18_May_2023_1.PDF,Corruption,SCC 2004 10 201,,,UNRESOLVED
The_Animal_Welfare_Board_Of_India_vs_Union_Of_India_on_18_May_2023_1.PDF,Corruption,SCC 1976 4 750,,,UNRESOLVED
The_Animal_Welfare_Board_Of_India_vs_Union_Of_India_on_18_May_2023_1.PDF,Corruption,SCC 2012 4 362,,,UNRESOLVED
The_Animal_Welfare_Board_Of_India_vs_Union_Of_India_on_18_May_2023_1.PDF,Corruption,SCC 2013 8 234,,,UNRESOLVED
The_Animal_Welfare_Board_Of_India_vs_Union_Of_India_on_18_May_2023_1.PDF,Corruption,SCC 2001 6 84,,,UNRESOLVED
The_Animal_Welfare_Board_Of_India_vs_Union_Of_India_on_18_May_2023_1.PDF,Corruption,SCC 1974 4 3,,,UNRESOLVED
The_Animal_Welfare_Board_Of_India_vs_Union_Of_India_on_18_May_2023_1.PDF,Corruption,SCC 1981 1 722,,,UNRESOLVED
The_Animal_Welfare_Board_Of_India_vs_Union_Of_India_on_18_May_2023_1.PDF,Corruption,SCC 2018 2 189,,,UNRESOLVED
The_Animal_Welfare_Board_Of_India_vs_Union_Of_India_on_18_May_2023_1.PDF,Corruption,SCR 1954 1,The_Supreme_Court_Reportsk_C_Gajapati_vs_The_State_Of_Orissa_on_29_May_1953_1.PDF,,OUTSIDE_DOMAINS
The_Animal_Welfare_Board_Of_India_vs_Union_Of_India_on_18_May_2023_1.PDF,Corruption,SCR 1961 2 679,,,UNRESOLVED
The_Animal_Welfare_Board_Of_India_vs_Union_Of_India_on_18_May_2023_1.PDF,Corruption,SCR 1961 2 679,,,UNRESOLVED
The_State_Of_Chhattisgarh_vs_Aman_Kumar_Singh_on_1_March_2023_1.PDF,Corruption,SCC 2003 6 175,,,UNRESOLVED
The_State_Of_Chhattisgarh_vs_Aman_Kumar_Singh_on_1_March_2023_1.PDF,Corruption,SCC 2011 4 324,,,UNRESOLVED
The_State_Of_Chhattisgarh_vs_Aman_Kumar_Singh_on_1_March_2023_1.PDF,Corruption,SCC 1999 3 259,,,UNRESOLVED
The_State_Of_Chhattisgarh_vs_Aman_Kumar_Singh_on_1_March_2023_1.PDF,Corruption,SCC 2014 2 1,,,UNRESOLVED
The_State_Of_Chhattisgarh_vs_Aman_Kumar_Singh_on_1_March_2023_1.PDF,Corruption,SCC 1996 1 542,State_Of_Maharashtra_Ors_vs_Ishwar_Piraji_Kalpatri_on_30_November_1995_1.PDF,Corruption,INTERNAL
The_State_Of_Chhattisgarh_vs_Aman_Kumar_Singh_on_1_March_2023_1.PDF,Corruption,SCR 1960 3 388,,,UNRESOLVED
Arvind_Kejriwal_vs_Central_Bureau_Of_Investigation_on_13_September_2024_1.PDF,Corruption,AIR 2021 SC 712,,,UNRESOLVED
Arvind_Kejriwal_vs_Central_Bureau_Of_Investigation_on_13_September_2024_1.PDF,Corruption,SCC 2014 8 273,,,UNRESOLVED
Arvind_Kejriwal_vs_Central_Bureau_Of_Investigation_on_13_September_2024_1.PDF,Corruption,SCC 1992 3 141,,,UNRESOLVED
Arvind_Kejriwal_vs_Central_Bureau_Of_Investigation_on_13_September_2024_1.PDF,Corruption,SCC 1978 1 240,,,UNRESOLVED
Arvind_Kejriwal_vs_Central_Bureau_Of_Investigation_on_13_September_2024_1.PDF,Corruption,SCC 1994 4 260,Joginder_Kumar_vs_State_Of_U_P_on_25_April_1994_1.PDF,,OUTSIDE_DOMAINS
Arvind_Kejriwal_vs_Central_Bureau_Of_Investigation_on_13_September_2024_1.PDF,Corruption,SCC 2010 6 1,,,UNRESOLVED
Arvind_Kejriwal_vs_Central_Bureau_Of_Investigation_on_13_September_2024_1.PDF,Corruption,SCC 2014 8 273,,,UNRESOLVED
Arvind_Kejriwal_vs_Central_Bureau_Of_Investigation_on_13_September_2024_1.PDF,Corruption,SCC 2020 14 12,,,UNRESOLVED
Arvind_Kejriwal_vs_Central_Bureau_Of_Investigation_on_13_September_2024_1.PDF,Corruption,SCC 2021 13 822,,,UNRESOLVED
Arvind_Kejriwal_vs_Central_Bureau_Of_Investigation_on_13_September_2024_1.PDF,Corruption,SCC 1978 1 240,,,UNRESOLVED
Arvind_Kejriwal_vs_Directorate_Of_Enforcement_on_12_July_2024_1.PDF,Corruption,AIR 1967 SC 295,,,UNRESOLVED
Arvind_Kejriwal_vs_Directorate_Of_Enforcement_on_12_July_2024_1.PDF,Corruption,AIR 1962 SC 1371,,,UNRESOLVED
Arvind_Kejriwal_vs_Directorate_Of_Enforcement_on_12_July_2024_1.PDF,Corruption,AIR 1945 PC 18,,,UNRESOLVED
Arvind_Kejriwal_vs_Directorate_Of_Enforcement_on_12_July_2024_1.PDF,Corruption,AIR 1966 SC 740,,,UNRESOLVED
Arvind_Kejriwal_vs_Directorate_Of_Enforcement_on_12_July_2024_1.PDF,Corruption,AIR 1968 SC 1509,,,UNRESOLVED
Arvind_Kejriwal_vs_Directorate_Of_Enforcement_on_12_July_2024_1.PDF,Corruption,SCC 2024 3 51,,,UNRESOLVED
Arvind_Kejriwal_vs_Directorate_Of_Enforcement_on_12_July_2024_1.PDF,Corruption,SCC 1969 1 292,In_The_Matter_Of_Madhu_Limaye_And_Ors_vs_Unknown_on_18_December_1968_1.PDF,,OUTSIDE_DOMAINS
Arvind_Kejriwal_vs_Directorate_Of_Enforcement_on_12_July_2024_1.PDF,Corruption,SCC 2000 8 590,,,UNRESOLVED
Arvind_Kejriwal_vs_Directorate_Of_Enforcement_on_12_July_2024_1.PDF,Corruption,SCC 2008 13 305,,,UNRESOLVED
Arvind_Kejriwal_vs_Directorate_Of_Enforcement_on_12_July_2024_1.PDF,Corruption,SCC 1985 3 72,,,UNRESOLVED
Arvind_Kejriwal_vs_Directorate_Of_Enforcement_on_12_July_2024_1.PDF,Corruption,SCC 2004 11 576,,,UNRESOLVED
Arvind_Kejriwal_vs_Directorate_Of_Enforcement_on_12_July_2024_1.PDF,Corruption,SCC 1998 1 52,,,UNRESOLVED
Arvind_Kejriwal_vs_Directorate_Of_Enforcement_on_12_July_2024_1.PDF,Corruption,SCC 1980 1 554,,,UNRESOLVED
Arvind_Kejriwal_vs_Directorate_Of_Enforcement_on_12_July_2024_1.PDF,Corruption,SCC 2003 2 649,,,UNRESOLVED
Arvind_Kejriwal_vs_Directorate_Of_Enforcement_on_12_July_2024_1.PDF,Corruption,SCC 1978 1 118,,,UNRESOLVED
Arvind_Kejriwal_vs_Directorate_Of_Enforcement_on_12_July_2024_1.PDF,Corruption,SCC 2005 5 294,,,UNRESOLVED
Arvind_Kejriwal_vs_Directorate_Of_Enforcement_on_12_July_2024_1.PDF,Corruption,SCC 2005 1 568,,,UNRESOLVED
Arvind_Kejriwal_vs_Directorate_Of_Enforcement_on_12_July_2024_1.PDF,Corruption,SCC 2021 2 485,,,UNRESOLVED
Arvind_Kejriwal_vs_Directorate_Of_Enforcement_on_12_July_2024_1.PDF,Corruption,SCC 2011 4 1,,,UNRESOLVED
Arvind_Kejriwal_vs_Directorate_Of_Enforcement_on_12_July_2024_1.PDF,Corruption,SCC 2009 13 131,,,UNRESOLVED
Arvind_Kejriwal_vs_Directorate_Of_Enforcement_on_12_July_2024_1.PDF,Corruption,SCC 2014 8 273,,,UNRESOLVED
Arvind_Kejriwal_vs_Directorate_Of_Enforcement_on_12_July_2024_1.PDF,Corruption,SCC 1994 4 260,Joginder_Kumar_vs_State_Of_U_P_on_25_April_1994_1.PDF,,OUTSIDE_DOMAINS
Arvind_Kejriwal_vs_Directorate_Of_Enforcement_on_12_July_2024_1.PDF,Corruption,SCC 1994 4 260,Joginder_Kumar_vs_State_Of_U_P_on_25_April_1994_1.PDF,,OUTSIDE_DOMAINS
Arvind_Kejriwal_vs_Directorate_Of_Enforcement_on_12_July_2024_1.PDF,Corruption,SCC 2022 1 676,,,UNRESOLVED
Arvind_Kejriwal_vs_Directorate_Of_Enforcement_on_12_July_2024_1.PDF,Corruption,SCC 2019 9 24,,,UNRESOLVED
Arvind_Kejriwal_vs_Directorate_Of_Enforcement_on_12_July_2024_1.PDF,Corruption,SCC 2010 6 614,,,UNRESOLVED
Arvind_Kejriwal_vs_Directorate_Of_Enforcement_on_12_July_2024_1.PDF,Corruption,SCC 2006 3 276,,,UNRESOLVED
Arvind_Kejriwal_vs_Directorate_Of_Enforcement_on_12_July_2024_1.PDF,Corruption,SCC 2016 4 346,,,UNRESOLVED
Arvind_Kejriwal_vs_Directorate_Of_Enforcement_on_12_July_2024_1.PDF,Corruption,SCC 2019 1 1,,,UNRESOLVED
Arvind_Kejriwal_vs_Directorate_Of_Enforcement_on_12_July_2024_1.PDF,Corruption,SCC 2020 3 637,,,UNRESOLVED
Arvind_Kejriwal_vs_Directorate_Of_Enforcement_on_12_July_2024_1.PDF,Corruption,SCC 2024 5 1,,,UNRESOLVED
Arvind_Kejriwal_vs_Directorate_Of_Enforcement_on_12_July_2024_1.PDF,Corruption,SCR 1969 2 461,,,UNRESOLVED
Association_For_Democratics_Reforms_vs_Union_Of_India_on_15_February_2024_1.PDF,Corruption,AIR 2004 SC 1295,,,UNRESOLVED
Association_For_Democratics_Reforms_vs_Union_Of_India_on_15_February_2024_1.PDF,Corruption,AIR 1986 SC 515,,,UNRESOLVED
Association_For_Democratics_Reforms_vs_Union_Of_India_on_15_February_2024_1.PDF,Corruption,AIR 1950 SC 124,,,UNRESOLVED
Association_For_Democratics_Reforms_vs_Union_Of_India_on_15_February_2024_1.PDF,Corruption,AIR 1994 SC 1558,Ravi_S_Naik_And_Sanjay_Bandekar_vs_Union_Of_India_And_Others_on_9_February_1994_1.PDF,,OUTSIDE_DOMAINS
Association_For_Democratics_Reforms_vs_Union_Of_India_on_15_February_2024_1.PDF,Corruption,AIR 1962 SC 305,,,UNRESOLVED
Association_For_Democratics_Reforms_vs_Union_Of_India_on_15_February_2024_1.PDF,Corruption,AIR 1958 SC 578,Express_Newspapers_Private_Ltd_And_vs_The_Union_Of_India_Uoi_And_Ors_on_19_March_1958_1.PDF,,OUTSIDE_DOMAINS
Association_For_Democratics_Reforms_vs_Union_Of_India_on_15_February_2024_1.PDF,Corruption,AIR 1986 SC 515,,,UNRESOLVED
Association_For_Democratics_Reforms_vs_Union_Of_India_on_15_February_2024_1.PDF,Corruption,AIR 1954 SC 276,Sodhi_Shamsher_Singh_And_Ors_vs_The_State_Of_Pepsu_And_Ors_on_1_October_1953_1.PDF,,OUTSIDE_DOMAINS
Association_For_Democratics_Reforms_vs_Union_Of_India_on_15_February_2024_1.PDF,Corruption,AIR 1960 SC 633,,,UNRESOLVED
Association_For_Democratics_Reforms_vs_Union_Of_India_on_15_February_2024_1.PDF,Corruption,AIR 1958 BOM 155,,,UNRESOLVED
Association_For_Democratics_Reforms_vs_Union_Of_India_on_15_February_2024_1.PDF,Corruption,AIR 1958 SC 731,,,UNRESOLVED
Association_For_Democratics_Reforms_vs_Union_Of_India_on_15_February_2024_1.PDF,Corruption,SCC 2003 4 399,,,UNRESOLVED
Association_For_Democratics_Reforms_vs_Union_Of_India_on_15_February_2024_1.PDF,Corruption,SCC 2002 5 294,,,UNRESOLVED
Association_For_Democratics_Reforms_vs_Union_Of_India_on_15_February_2024_1.PDF,Corruption,SCC 2019 18 246,,,UNRESOLVED
Association_For_Democratics_Reforms_vs_Union_Of_India_on_15_February_2024_1.PDF,Corruption,SCC 1975 3 646,,,UNRESOLVED
Association_For_Democratics_Reforms_vs_Union_Of_India_on_15_February_2024_1.PDF,Corruption,SCC 2009 15 458,,,UNRESOLVED
Association_For_Democratics_Reforms_vs_Union_Of_India_on_15_February_2024_1.PDF,Corruption,SCC 2020 10 459,,,UNRESOLVED
Association_For_Democratics_Reforms_vs_Union_Of_India_on_15_February_2024_1.PDF,Corruption,SCC 2017 9 1,,,UNRESOLVED
Association_For_Democratics_Reforms_vs_Union_Of_India_on_15_February_2024_1.PDF,Corruption,SCC 1970 1 248,,,UNRESOLVED
Association_For_Democratics_Reforms_vs_Union_Of_India_on_15_February_2024_1.PDF,Corruption,SCC 1981 4 675,R_K_Garg_And_Ors_vs_Union_Of_India_Uoi_And_Ors_on_13_November_1981_1.PDF,Organized Crime / Extortion,CROSS_DOMAIN
Association_For_Democratics_Reforms_vs_Union_Of_India_on_15_February_2024_1.PDF,Corruption,SCC 1994 2 691,,,UNRESOLVED
Association_For_Democratics_Reforms_vs_Union_Of_India_on_15_February_2024_1.PDF,Corruption,SCC 1992 2 343,,,UNRESOLVED
Association_For_Democratics_Reforms_vs_Union_Of_India_on_15_February_2024_1.PDF,Corruption,SCC 2002 2 333,,,UNRESOLVED
Association_For_Democratics_Reforms_vs_Union_Of_India_on_15_February_2024_1.PDF,Corruption,SCC 1981 4 675,R_K_Garg_And_Ors_vs_Union_Of_India_Uoi_And_Ors_on_13_November_1981_1.PDF,Organized Crime / Extortion,CROSS_DOMAIN
Association_For_Democratics_Reforms_vs_Union_Of_India_on_15_February_2024_1.PDF,Corruption,SCC 2002 2 333,,,UNRESOLVED
Association_For_Democratics_Reforms_vs_Union_Of_India_on_15_February_2024_1.PDF,Corruption,SCC 2016 2 226,,,UNRESOLVED
Association_For_Democratics_Reforms_vs_Union_Of_India_on_15_February_2024_1.PDF,Corruption,SCC 2019 4 17,,,UNRESOLVED
Association_For_Democratics_Reforms_vs_Union_Of_India_on_15_February_2024_1.PDF,Corruption,SCC 2019 8 416,,,UNRESOLVED
Association_For_Democratics_Reforms_vs_Union_Of_India_on_15_February_2024_1.PDF,Corruption,SCC 2009 15 458,,,UNRESOLVED
Association_For_Democratics_Reforms_vs_Union_Of_India_on_15_February_2024_1.PDF,Corruption,SCC 2012 5 1,,,UNRESOLVED
Association_For_Democratics_Reforms_vs_Union_Of_India_on_15_February_2024_1.PDF,Corruption,SCC 1952 2 697,,,UNRESOLVED
Association_For_Democratics_Reforms_vs_Union_Of_India_on_15_February_2024_1.PDF,Corruption,SCC 1975 3 646,,,UNRESOLVED
Association_For_Democratics_Reforms_vs_Union_Of_India_on_15_February_2024_1.PDF,Corruption,SCC 1975 4 127,,,UNRESOLVED
Association_For_Democratics_Reforms_vs_Union_Of_India_on_15_February_2024_1.PDF,Corruption,SCC 1996 2 752,,,UNRESOLVED
Association_For_Democratics_Reforms_vs_Union_Of_India_on_15_February_2024_1.PDF,Corruption,SCC 1975 4 428,,,UNRESOLVED
Association_For_Democratics_Reforms_vs_Union_Of_India_on_15_February_2024_1.PDF,Corruption,SCC 1997 4 306,,,UNRESOLVED
Association_For_Democratics_Reforms_vs_Union_Of_India_on_15_February_2024_1.PDF,Corruption,SCC 1995 2 161,The_Secretary_Ministry_Of_Information_vs_Cricket_Association_Of_Bengal_Anr_on_9_February_1995_1.PDF,,OUTSIDE_DOMAINS
Association_For_Democratics_Reforms_vs_Union_Of_India_on_15_February_2024_1.PDF,Corruption,SCC 1996 5 216,,,UNRESOLVED
Association_For_Democratics_Reforms_vs_Union_Of_India_on_15_February_2024_1.PDF,Corruption,SCC 2002 5 294,,,UNRESOLVED
Association_For_Democratics_Reforms_vs_Union_Of_India_on_15_February_2024_1.PDF,Corruption,SCC 2003 4 399,,,UNRESOLVED
Association_For_Democratics_Reforms_vs_Union_Of_India_on_15_February_2024_1.PDF,Corruption,SCC 2003 4 399,,,UNRESOLVED
Association_For_Democratics_Reforms_vs_Union_Of_India_on_15_February_2024_1.PDF,Corruption,SCC 2003 4 399,,,UNRESOLVED
Association_For_Democratics_Reforms_vs_Union_Of_India_on_15_February_2024_1.PDF,Corruption,SCC 2003 4 399,,,UNRESOLVED
Association_For_Democratics_Reforms_vs_Union_Of_India_on_15_February_2024_1.PDF,Corruption,SCC 2006 2 1,,,UNRESOLVED
Association_For_Democratics_Reforms_vs_Union_Of_India_on_15_February_2024_1.PDF,Corruption,SCC 2016 4 346,,,UNRESOLVED
Association_For_Democratics_Reforms_vs_Union_Of_India_on_15_February_2024_1.PDF,Corruption,SCC 1975 4 428,,,UNRESOLVED
Association_For_Democratics_Reforms_vs_Union_Of_India_on_15_February_2024_1.PDF,Corruption,SCC 2017 10 1,,,UNRESOLVED
Association_For_Democratics_Reforms_vs_Union_Of_India_on_15_February_2024_1.PDF,Corruption,SCC 2005 5 733,,,UNRESOLVED
Association_For_Democratics_Reforms_vs_Union_Of_India_on_15_February_2024_1.PDF,Corruption,SCC 2016 7 221,,,UNRESOLVED
Association_For_Democratics_Reforms_vs_Union_Of_India_on_15_February_2024_1.PDF,Corruption,SCC 2017 4 397,,,UNRESOLVED
Association_For_Democratics_Reforms_vs_Union_Of_India_on_15_February_2024_1.PDF,Corruption,SCC 2018 17 324,,,UNRESOLVED
Association_For_Democratics_Reforms_vs_Union_Of_India_on_15_February_2024_1.PDF,Corruption,SCC 2018 17 324,,,UNRESOLVED
Association_For_Democratics_Reforms_vs_Union_Of_India_on_15_February_2024_1.PDF,Corruption,SCC 2012 10 603,,,UNRESOLVED
Association_For_Democratics_Reforms_vs_Union_Of_India_on_15_February_2024_1.PDF,Corruption,SCC 2019 1 1,,,UNRESOLVED
Association_For_Democratics_Reforms_vs_Union_Of_India_on_15_February_2024_1.PDF,Corruption,SCC 2012 10 603,,,UNRESOLVED
Association_For_Democratics_Reforms_vs_Union_Of_India_on_15_February_2024_1.PDF,Corruption,SCC 2019 1 1,,,UNRESOLVED
Association_For_Democratics_Reforms_vs_Union_Of_India_on_15_February_2024_1.PDF,Corruption,SCC 2023 2 1,,,UNRESOLVED
Association_For_Democratics_Reforms_vs_Union_Of_India_on_15_February_2024_1.PDF,Corruption,SCC 2017 10 1,,,UNRESOLVED
Association_For_Democratics_Reforms_vs_Union_Of_India_on_15_February_2024_1.PDF,Corruption,SCC 1951 1 1,,,UNRESOLVED
Association_For_Democratics_Reforms_vs_Union_Of_India_on_15_February_2024_1.PDF,Corruption,SCC 1952 1 215,,,UNRESOLVED
Association_For_Democratics_Reforms_vs_Union_Of_India_on_15_February_2024_1.PDF,Corruption,SCC 1974 4 3,,,UNRESOLVED
Association_For_Democratics_Reforms_vs_Union_Of_India_on_15_February_2024_1.PDF,Corruption,SCC 1981 1 722,,,UNRESOLVED
Association_For_Democratics_Reforms_vs_Union_Of_India_on_15_February_2024_1.PDF,Corruption,SCC 1985 1 641,,,UNRESOLVED
Association_For_Democratics_Reforms_vs_Union_Of_India_on_15_February_2024_1.PDF,Corruption,SCC 2002 2 188,,,UNRESOLVED
Association_For_Democratics_Reforms_vs_Union_Of_India_on_15_February_2024_1.PDF,Corruption,SCC 1995 1 519,The_State_Of_Tamil_Nadu_Ors_vs_Ananthi_Ammal_Ors_on_22_November_1994_1.PDF,,OUTSIDE_DOMAINS
Association_For_Democratics_Reforms_vs_Union_Of_India_on_15_February_2024_1.PDF,Corruption,SCC 1996 2 226,Dr_K_R_Lakshmanan_vs_State_Of_Tamil_Nadu_And_Anr_on_12_January_1996_1.PDF,,OUTSIDE_DOMAINS
Association_For_Democratics_Reforms_vs_Union_Of_India_on_15_February_2024_1.PDF,Corruption,SCC 1996 3 709,State_Of_Andhra_Pradesh_And_Ors_Etc_vs_Mcdowell_Co_And_Ors_Etc_on_21_March_1996_1.PDF,Organized Crime / Extortion,CROSS_DOMAIN
Association_For_Democratics_Reforms_vs_Union_Of_India_on_15_February_2024_1.PDF,Corruption,SCC 1998 2 1,,,UNRESOLVED
Association_For_Democratics_Reforms_vs_Union_Of_India_on_15_February_2024_1.PDF,Corruption,SCC 2004 4 311,,,UNRESOLVED
Association_For_Democratics_Reforms_vs_Union_Of_India_on_15_February_2024_1.PDF,Corruption,SCC 2012 10 1,,,UNRESOLVED
Association_For_Democratics_Reforms_vs_Union_Of_India_on_15_February_2024_1.PDF,Corruption,SCC 2017 9 1,,,UNRESOLVED
Association_For_Democratics_Reforms_vs_Union_Of_India_on_15_February_2024_1.PDF,Corruption,SCC 1978 1 248,Mrs_Maneka_Gandhi_vs_Union_Of_India_Uoi_And_Anr_on_25_January_1978_1.PDF,Organized Crime / Extortion,CROSS_DOMAIN
Association_For_Democratics_Reforms_vs_Union_Of_India_on_15_February_2024_1.PDF,Corruption,SCC 2018 10 1,,,UNRESOLVED
Association_For_Democratics_Reforms_vs_Union_Of_India_on_15_February_2024_1.PDF,Corruption,SCC 2019 3 39,,,UNRESOLVED
Association_For_Democratics_Reforms_vs_Union_Of_India_on_15_February_2024_1.PDF,Corruption,SCC 2019 3 39,,,UNRESOLVED
Association_For_Democratics_Reforms_vs_Union_Of_India_on_15_February_2024_1.PDF,Corruption,SCC 2017 7 59,,,UNRESOLVED
Association_For_Democratics_Reforms_vs_Union_Of_India_on_15_February_2024_1.PDF,Corruption,SCC 1950 833,,,UNRESOLVED
Association_For_Democratics_Reforms_vs_Union_Of_India_on_15_February_2024_1.PDF,Corruption,SCC 1951 568,,,UNRESOLVED
Association_For_Democratics_Reforms_vs_Union_Of_India_on_15_February_2024_1.PDF,Corruption,SCC 1974 4 98,,,UNRESOLVED
Association_For_Democratics_Reforms_vs_Union_Of_India_on_15_February_2024_1.PDF,Corruption,SCC 1990 3 223,,,UNRESOLVED
Association_For_Democratics_Reforms_vs_Union_Of_India_on_15_February_2024_1.PDF,Corruption,SCC 1996 10 304,,,UNRESOLVED
Association_For_Democratics_Reforms_vs_Union_Of_India_on_15_February_2024_1.PDF,Corruption,SCC 2006 4 517,,,UNRESOLVED
Association_For_Democratics_Reforms_vs_Union_Of_India_on_15_February_2024_1.PDF,Corruption,SCC 1985 1 641,,,UNRESOLVED
Association_For_Democratics_Reforms_vs_Union_Of_India_on_15_February_2024_1.PDF,Corruption,SCC 1973 4 225,Kesavananda_Bharati_Sripadagalvaru_vs_State_Of_Kerala_And_Anr_on_24_April_1973_1.PDF,,OUTSIDE_DOMAINS
Association_For_Democratics_Reforms_vs_Union_Of_India_on_15_February_2024_1.PDF,Corruption,SCC 1993 4 175,Digvijay_Mote_vs_Union_Of_India_Uoi_And_Ors_on_16_August_1993_1.PDF,,OUTSIDE_DOMAINS
Association_For_Democratics_Reforms_vs_Union_Of_India_on_15_February_2024_1.PDF,Corruption,SCC 2002 5 294,,,UNRESOLVED
Association_For_Democratics_Reforms_vs_Union_Of_India_on_15_February_2024_1.PDF,Corruption,SCC 2006 7 1,,,UNRESOLVED
Association_For_Democratics_Reforms_vs_Union_Of_India_on_15_February_2024_1.PDF,Corruption,SCC 2013 10 1,,,UNRESOLVED
Association_For_Democratics_Reforms_vs_Union_Of_India_on_15_February_2024_1.PDF,Corruption,SCC 1978 1 405,,,UNRESOLVED
Association_For_Democratics_Reforms_vs_Union_Of_India_on_15_February_2024_1.PDF,Corruption,SCC 2019 4 17,,,UNRESOLVED
Association_For_Democratics_Reforms_vs_Union_Of_India_on_15_February_2024_1.PDF,Corruption,SCC 2019 8 416,,,UNRESOLVED
Association_For_Democratics_Reforms_vs_Union_Of_India_on_15_February_2024_1.PDF,Corruption,SCC 1981 4 675,R_K_Garg_And_Ors_vs_Union_Of_India_Uoi_And_Ors_on_13_November_1981_1.PDF,Organized Crime / Extortion,CROSS_DOMAIN
Association_For_Democratics_Reforms_vs_Union_Of_India_on_15_February_2024_1.PDF,Corruption,SCC 2000 5 471,,,UNRESOLVED
Association_For_Democratics_Reforms_vs_Union_Of_India_on_15_February_2024_1.PDF,Corruption,SCC 2016 2 226,,,UNRESOLVED
Association_For_Democratics_Reforms_vs_Union_Of_India_on_15_February_2024_1.PDF,Corruption,SCC 2002 5 294,,,UNRESOLVED
Association_For_Democratics_Reforms_vs_Union_Of_India_on_15_February_2024_1.PDF,Corruption,SCC 1975 3 646,,,UNRESOLVED
Association_For_Democratics_Reforms_vs_Union_Of_India_on_15_February_2024_1.PDF,Corruption,SCC 2017 10 1,,,UNRESOLVED
Association_For_Democratics_Reforms_vs_Union_Of_India_on_15_February_2024_1.PDF,Corruption,SCC 2016 7 353,,,UNRESOLVED
Association_For_Democratics_Reforms_vs_Union_Of_India_on_15_February_2024_1.PDF,Corruption,SCC 2020 10 459,,,UNRESOLVED
Association_For_Democratics_Reforms_vs_Union_Of_India_on_15_February_2024_1.PDF,Corruption,SCC 2019 1 1,,,UNRESOLVED
Association_For_Democratics_Reforms_vs_Union_Of_India_on_15_February_2024_1.PDF,Corruption,SCC 2020 3 637,,,UNRESOLVED
Association_For_Democratics_Reforms_vs_Union_Of_India_on_15_February_2024_1.PDF,Corruption,SCC 1970 1 248,,,UNRESOLVED
Association_For_Democratics_Reforms_vs_Union_Of_India_on_15_February_2024_1.PDF,Corruption,SCC 1978 1 248,Mrs_Maneka_Gandhi_vs_Union_Of_India_Uoi_And_Anr_on_25_January_1978_1.PDF,Organized Crime / Extortion,CROSS_DOMAIN
Association_For_Democratics_Reforms_vs_Union_Of_India_on_15_February_2024_1.PDF,Corruption,SCC 2023 6 161,,,UNRESOLVED
Association_For_Democratics_Reforms_vs_Union_Of_India_on_15_February_2024_1.PDF,Corruption,SCC 2017 9 1,,,UNRESOLVED
Association_For_Democratics_Reforms_vs_Union_Of_India_on_15_February_2024_1.PDF,Corruption,SCR 1951 682,The_State_Of_Bombay_And_Another_vs_F_N_Balsara_on_25_May_1951_1.PDF,,OUTSIDE_DOMAINS
Association_For_Democratics_Reforms_vs_Union_Of_India_on_15_February_2024_1.PDF,Corruption,SCR 1951 682,The_State_Of_Bombay_And_Another_vs_F_N_Balsara_on_25_May_1951_1.PDF,,OUTSIDE_DOMAINS
Association_For_Democratics_Reforms_vs_Union_Of_India_on_15_February_2024_1.PDF,Corruption,SCR 1961 2 371,,,UNRESOLVED
Association_For_Democratics_Reforms_vs_Union_Of_India_on_15_February_2024_1.PDF,Corruption,SCR 1961 2 371,,,UNRESOLVED
Association_For_Democratics_Reforms_vs_Union_Of_India_on_15_February_2024_1.PDF,Corruption,SCR 1950 594,Romesh_Thappar_vs_The_State_Of_Madras_on_26_May_1950_1.PDF,Violent Crime / Homicide,CROSS_DOMAIN
Association_For_Democratics_Reforms_vs_Union_Of_India_on_15_February_2024_1.PDF,Corruption,SCR 1950 594,Romesh_Thappar_vs_The_State_Of_Madras_on_26_May_1950_1.PDF,Violent Crime / Homicide,CROSS_DOMAIN
Association_For_Democratics_Reforms_vs_Union_Of_India_on_15_February_2024_1.PDF,Corruption,SCR 1951 682,The_State_Of_Bombay_And_Another_vs_F_N_Balsara_on_25_May_1951_1.PDF,,OUTSIDE_DOMAINS
Association_For_Democratics_Reforms_vs_Union_Of_India_on_15_February_2024_1.PDF,Corruption,SCR 1955 1 1045,,,UNRESOLVED
Association_For_Democratics_Reforms_vs_Union_Of_India_on_15_February_2024_1.PDF,Corruption,SCR 1959 279,Shri_Ram_Krishna_Dalmia_vs_Shri_Justice_S_R_Tendolkar_on_28_March_1958_1.PDF,,OUTSIDE_DOMAINS
Association_For_Democratics_Reforms_vs_Union_Of_India_on_15_February_2024_1.PDF,Corruption,SCR 2004 1 827,,,UNRESOLVED
Baccarose_Perfumes_And_Beauty_Products_vs_Central_Bureau_Of_Investigation_on_6_September_2024_1.PDF,Corruption,SCC 2012 6 228,,,UNRESOLVED
Baccarose_Perfumes_And_Beauty_Products_vs_Central_Bureau_Of_Investigation_on_6_September_2024_1.PDF,Corruption,SCC 1976 3 252,,,UNRESOLVED
Baccarose_Perfumes_And_Beauty_Products_vs_Central_Bureau_Of_Investigation_on_6_September_2024_1.PDF,Corruption,SCC 1954 2 934,,,UNRESOLVED
Baccarose_Perfumes_And_Beauty_Products_vs_Central_Bureau_Of_Investigation_on_6_September_2024_1.PDF,Corruption,SCC 2003 5 257,,,UNRESOLVED
Central_Bureau_Of_Investigation_vs_Jagat_Ram_on_3_December_2024_1.PDF,Corruption,AIR 1973 SC 165,,,UNRESOLVED
Central_Bureau_Of_Investigation_vs_Jagat_Ram_on_3_December_2024_1.PDF,Corruption,AIR 2013 SC 840,,,UNRESOLVED
Central_Bureau_Of_Investigation_vs_Jagat_Ram_on_3_December_2024_1.PDF,Corruption,SCC 2014 14 295,,,UNRESOLVED
Central_Bureau_Of_Investigation_vs_Jagat_Ram_on_3_December_2024_1.PDF,Corruption,SCC 1973 4 23,,,UNRESOLVED
Central_Bureau_Of_Investigation_vs_Jagat_Ram_on_3_December_2024_1.PDF,Corruption,SCC 2001 2 577,,,UNRESOLVED
Central_Bureau_Of_Investigation_vs_Jagat_Ram_on_3_December_2024_1.PDF,Corruption,SCC 2004 7 763,,,UNRESOLVED
Central_Bureau_Of_Investigation_vs_Jagat_Ram_on_3_December_2024_1.PDF,Corruption,SCC 2011 8 300,,,UNRESOLVED
Central_Bureau_Of_Investigation_vs_Jagat_Ram_on_3_December_2024_1.PDF,Corruption,SCC 2012 4 516,,,UNRESOLVED
Central_Bureau_Of_Investigation_vs_Jagat_Ram_on_3_December_2024_1.PDF,Corruption,SCC 2012 9 650,,,UNRESOLVED
Central_Bureau_Of_Investigation_vs_Jagat_Ram_on_3_December_2024_1.PDF,Corruption,SCC 2012 10 476,,,UNRESOLVED
Central_Bureau_Of_Investigation_vs_Jagat_Ram_on_3_December_2024_1.PDF,Corruption,SCC 2013 4 186,,,UNRESOLVED
Central_Bureau_Of_Investigation_vs_Jagat_Ram_on_3_December_2024_1.PDF,Corruption,SCC 2005 8 130,,,UNRESOLVED
Central_Bureau_Of_Investigation_vs_Jagat_Ram_on_3_December_2024_1.PDF,Corruption,SCC 2009 15 533,,,UNRESOLVED
Central_Bureau_Of_Investigation_vs_Jagat_Ram_on_3_December_2024_1.PDF,Corruption,SCC 2011 4 402,,,UNRESOLVED
Central_Bureau_Of_Investigation_vs_Jagat_Ram_on_3_December_2024_1.PDF,Corruption,SCC 2004 7 763,,,UNRESOLVED
Central_Bureau_Of_Investigation_vs_Jagat_Ram_on_3_December_2024_1.PDF,Corruption,SCC 2007 1 1,,,UNRESOLVED
Central_Bureau_Of_Investigation_vs_Jagat_Ram_on_3_December_2024_1.PDF,Corruption,SCC 2007 1 1,,,UNRESOLVED
Central_Bureau_Of_Investigation_vs_Jagat_Ram_on_3_December_2024_1.PDF,Corruption,SCC 2009 11 737,,,UNRESOLVED
Central_Bureau_Of_Investigation_vs_Jagat_Ram_on_3_December_2024_1.PDF,Corruption,SCC 2009 15 533,,,UNRESOLVED
Central_Bureau_Of_Investigation_vs_Jagat_Ram_on_3_December_2024_1.PDF,Corruption,SCC 2005 8 130,,,UNRESOLVED
Central_Bureau_Of_Investigation_vs_Jagat_Ram_on_3_December_2024_1.PDF,Corruption,SCC 2005 8 130,,,UNRESOLVED
Central_Bureau_Of_Investigation_vs_Jagat_Ram_on_3_December_2024_1.PDF,Corruption,SCC 2009 15 533,,,UNRESOLVED
Fuleshwar_Gope_vs_Union_Of_India_on_23_September_2024_1.PDF,Corruption,AIR 1963 SC 1850,,,UNRESOLVED
Fuleshwar_Gope_vs_Union_Of_India_on_23_September_2024_1.PDF,Corruption,AIR 1963 SC 1850,,,UNRESOLVED
Fuleshwar_Gope_vs_Union_Of_India_on_23_September_2024_1.PDF,Corruption,SCC 2019 17 326,,,UNRESOLVED
Fuleshwar_Gope_vs_Union_Of_India_on_23_September_2024_1.PDF,Corruption,SCC 2012 5 424,,,UNRESOLVED
Fuleshwar_Gope_vs_Union_Of_India_on_23_September_2024_1.PDF,Corruption,SCC 2019 20 539,,,UNRESOLVED
Fuleshwar_Gope_vs_Union_Of_India_on_23_September_2024_1.PDF,Corruption,SCC 2012 11 606,,,UNRESOLVED
Fuleshwar_Gope_vs_Union_Of_India_on_23_September_2024_1.PDF,Corruption,SCC 2019 18 524,,,UNRESOLVED
Fuleshwar_Gope_vs_Union_Of_India_on_23_September_2024_1.PDF,Corruption,SCC 1995 5 302,,,UNRESOLVED
Fuleshwar_Gope_vs_Union_Of_India_on_23_September_2024_1.PDF,Corruption,SCC 1997 7 744,,,UNRESOLVED
Fuleshwar_Gope_vs_Union_Of_India_on_23_September_2024_1.PDF,Corruption,SCC 2017 13 685,,,UNRESOLVED
Fuleshwar_Gope_vs_Union_Of_India_on_23_September_2024_1.PDF,Corruption,SCC 2009 6 316,,,UNRESOLVED
Fuleshwar_Gope_vs_Union_Of_India_on_23_September_2024_1.PDF,Corruption,SCC 2004 9 580,,,UNRESOLVED
Fuleshwar_Gope_vs_Union_Of_India_on_23_September_2024_1.PDF,Corruption,SCC 1994 5 410,Sunjay_Datt_vs_State_Ii_on_9_September_1994_1.PDF,Organized Crime / Extortion,CROSS_DOMAIN
Fuleshwar_Gope_vs_Union_Of_India_on_23_September_2024_1.PDF,Corruption,SCC 2023 8 745,,,UNRESOLVED
Fuleshwar_Gope_vs_Union_Of_India_on_23_September_2024_1.PDF,Corruption,SCC 2014 14 295,,,UNRESOLVED
Fuleshwar_Gope_vs_Union_Of_India_on_23_September_2024_1.PDF,Corruption,SCC 2007 1 1,,,UNRESOLVED
Fuleshwar_Gope_vs_Union_Of_India_on_23_September_2024_1.PDF,Corruption,SCC 2012 1 532,,,UNRESOLVED
Fuleshwar_Gope_vs_Union_Of_India_on_23_September_2024_1.PDF,Corruption,SCC 2007 1 1,,,UNRESOLVED
Fuleshwar_Gope_vs_Union_Of_India_on_23_September_2024_1.PDF,Corruption,SCC 2020 17 664,,,UNRESOLVED
Fuleshwar_Gope_vs_Union_Of_India_on_23_September_2024_1.PDF,Corruption,SCC 2001 6 704,,,UNRESOLVED
Fuleshwar_Gope_vs_Union_Of_India_on_23_September_2024_1.PDF,Corruption,SCC 2011 6 358,,,UNRESOLVED
Fuleshwar_Gope_vs_Union_Of_India_on_23_September_2024_1.PDF,Corruption,SCC 2014 8 425,,,UNRESOLVED
Fuleshwar_Gope_vs_Union_Of_India_on_23_September_2024_1.PDF,Corruption,SCC 2016 12 608,,,UNRESOLVED
Fuleshwar_Gope_vs_Union_Of_India_on_23_September_2024_1.PDF,Corruption,SCC 2023 1 329,,,UNRESOLVED
Fuleshwar_Gope_vs_Union_Of_India_on_23_September_2024_1.PDF,Corruption,SCC 2012 3 64,,,UNRESOLVED
Fuleshwar_Gope_vs_Union_Of_India_on_23_September_2024_1.PDF,Corruption,SCC 2012 3 64,,,UNRESOLVED
Fuleshwar_Gope_vs_Union_Of_India_on_23_September_2024_1.PDF,Corruption,SCC 1997 1 682,,,UNRESOLVED
Fuleshwar_Gope_vs_Union_Of_India_on_23_September_2024_1.PDF,Corruption,SCC 1976 3 684,,,UNRESOLVED
Fuleshwar_Gope_vs_Union_Of_India_on_23_September_2024_1.PDF,Corruption,SCC 1976 3 301,,,UNRESOLVED
Fuleshwar_Gope_vs_Union_Of_India_on_23_September_2024_1.PDF,Corruption,SCC 2005 4 530,,,UNRESOLVED
Fuleshwar_Gope_vs_Union_Of_India_on_23_September_2024_1.PDF,Corruption,SCC 2005 1 368,,,UNRESOLVED
Fuleshwar_Gope_vs_Union_Of_India_on_23_September_2024_1.PDF,Corruption,SCC 2011 11 578,,,UNRESOLVED
Fuleshwar_Gope_vs_Union_Of_India_on_23_September_2024_1.PDF,Corruption,SCC 2024 4 749,,,UNRESOLVED
Fuleshwar_Gope_vs_Union_Of_India_on_23_September_2024_1.PDF,Corruption,SCC 2008 12 372,,,UNRESOLVED
Fuleshwar_Gope_vs_Union_Of_India_on_23_September_2024_1.PDF,Corruption,SCC 2014 14 638,,,UNRESOLVED
Fuleshwar_Gope_vs_Union_Of_India_on_23_September_2024_1.PDF,Corruption,SCC 2009 10 552,,,UNRESOLVED
Fuleshwar_Gope_vs_Union_Of_India_on_23_September_2024_1.PDF,Corruption,SCC 1984 2 500,,,UNRESOLVED
Fuleshwar_Gope_vs_Union_Of_India_on_23_September_2024_1.PDF,Corruption,SCC 1997 6 312,,,UNRESOLVED
Fuleshwar_Gope_vs_Union_Of_India_on_23_September_2024_1.PDF,Corruption,SCC 2003 6 659,,,UNRESOLVED
Fuleshwar_Gope_vs_Union_Of_India_on_23_September_2024_1.PDF,Corruption,SCC 2005 4 81,,,UNRESOLVED
Fuleshwar_Gope_vs_Union_Of_India_on_23_September_2024_1.PDF,Corruption,SCC 2010 8 655,,,UNRESOLVED
Fuleshwar_Gope_vs_Union_Of_India_on_23_September_2024_1.PDF,Corruption,SCC 2013 8 119,,,UNRESOLVED
Fuleshwar_Gope_vs_Union_Of_India_on_23_September_2024_1.PDF,Corruption,SCC 2009 17 92,,,UNRESOLVED
Fuleshwar_Gope_vs_Union_Of_India_on_23_September_2024_1.PDF,Corruption,SCC 2005 11 600,,,UNRESOLVED
Fuleshwar_Gope_vs_Union_Of_India_on_23_September_2024_1.PDF,Corruption,SCC 1995 6 225,Superintendent_Of_Police_C_B_I_vs_Deepak_Chowdhary_Ors_on_17_August_1995_1.PDF,,OUTSIDE_DOMAINS
Fuleshwar_Gope_vs_Union_Of_India_on_23_September_2024_1.PDF,Corruption,SCC 1998 4 494,,,UNRESOLVED
Fuleshwar_Gope_vs_Union_Of_India_on_23_September_2024_1.PDF,Corruption,SCC 2000 1 285,,,UNRESOLVED
Fuleshwar_Gope_vs_Union_Of_India_on_23_September_2024_1.PDF,Corruption,SCC 2015 7 497,,,UNRESOLVED
Fuleshwar_Gope_vs_Union_Of_India_on_23_September_2024_1.PDF,Corruption,SCC 2022 2 89,,,UNRESOLVED
Fuleshwar_Gope_vs_Union_Of_India_on_23_September_2024_1.PDF,Corruption,SCC 2009 6 372,,,UNRESOLVED
Fuleshwar_Gope_vs_Union_Of_India_on_23_September_2024_1.PDF,Corruption,SCC 2005 8 89,,,UNRESOLVED
Fuleshwar_Gope_vs_Union_Of_India_on_23_September_2024_1.PDF,Corruption,SCC 2007 5 108,,,UNRESOLVED
Fuleshwar_Gope_vs_Union_Of_India_on_23_September_2024_1.PDF,Corruption,SCC 2010 11 203,,,UNRESOLVED
Fuleshwar_Gope_vs_Union_Of_India_on_23_September_2024_1.PDF,Corruption,SCC 2015 1 103,,,UNRESOLVED
Fuleshwar_Gope_vs_Union_Of_India_on_23_September_2024_1.PDF,Corruption,SCC 2024 4 305,,,UNRESOLVED
Fuleshwar_Gope_vs_Union_Of_India_on_23_September_2024_1.PDF,Corruption,SCR 1964 3 297,,,UNRESOLVED
High_Court_Bar_Association_Allahabad_vs_The_State_Of_Uttar_Pradesh_on_29_February_2024_1.PDF,Corruption,AIR 1968 SC 733,,,UNRESOLVED
High_Court_Bar_Association_Allahabad_vs_The_State_Of_Uttar_Pradesh_on_29_February_2024_1.PDF,Corruption,AIR 1965 SC 895,,,UNRESOLVED
High_Court_Bar_Association_Allahabad_vs_The_State_Of_Uttar_Pradesh_on_29_February_2024_1.PDF,Corruption,SCC 2018 16 299,,,UNRESOLVED
High_Court_Bar_Association_Allahabad_vs_The_State_Of_Uttar_Pradesh_on_29_February_2024_1.PDF,Corruption,SCC 1984 2 436,,,UNRESOLVED
High_Court_Bar_Association_Allahabad_vs_The_State_Of_Uttar_Pradesh_on_29_February_2024_1.PDF,Corruption,SCC 1985 1 260,,,UNRESOLVED
High_Court_Bar_Association_Allahabad_vs_The_State_Of_Uttar_Pradesh_on_29_February_2024_1.PDF,Corruption,SCC 1994 2 70,Union_Territory_Of_Pondicherry_And_vs_P_V_Suresh_And_Others_on_23_September_1993_1.PDF,,OUTSIDE_DOMAINS
High_Court_Bar_Association_Allahabad_vs_The_State_Of_Uttar_Pradesh_on_29_February_2024_1.PDF,Corruption,SCC 1986 2 203,,,UNRESOLVED
High_Court_Bar_Association_Allahabad_vs_The_State_Of_Uttar_Pradesh_on_29_February_2024_1.PDF,Corruption,SCC 1992 1 225,,,UNRESOLVED
High_Court_Bar_Association_Allahabad_vs_The_State_Of_Uttar_Pradesh_on_29_February_2024_1.PDF,Corruption,SCC 2002 4 578,,,UNRESOLVED
High_Court_Bar_Association_Allahabad_vs_The_State_Of_Uttar_Pradesh_on_29_February_2024_1.PDF,Corruption,SCC 2021 7 413,,,UNRESOLVED
High_Court_Bar_Association_Allahabad_vs_The_State_Of_Uttar_Pradesh_on_29_February_2024_1.PDF,Corruption,SCC 2005 4 480,,,UNRESOLVED
High_Court_Bar_Association_Allahabad_vs_The_State_Of_Uttar_Pradesh_on_29_February_2024_1.PDF,Corruption,SCC 1983 1 147,,,UNRESOLVED
High_Court_Bar_Association_Allahabad_vs_The_State_Of_Uttar_Pradesh_on_29_February_2024_1.PDF,Corruption,SCC 2004 4 697,,,UNRESOLVED
High_Court_Bar_Association_Allahabad_vs_The_State_Of_Uttar_Pradesh_on_29_February_2024_1.PDF,Corruption,SCC 1998 4 409,,,UNRESOLVED
High_Court_Bar_Association_Allahabad_vs_The_State_Of_Uttar_Pradesh_on_29_February_2024_1.PDF,Corruption,SCC 1991 3 655,K_Veeraswami_vs_Union_Of_India_And_Others_on_25_July_1991_1.PDF,Corruption,INTERNAL
High_Court_Bar_Association_Allahabad_vs_The_State_Of_Uttar_Pradesh_on_29_February_2024_1.PDF,Corruption,SCC 2004 5 1,,,UNRESOLVED
High_Court_Bar_Association_Allahabad_vs_The_State_Of_Uttar_Pradesh_on_29_February_2024_1.PDF,Corruption,SCC 1997 3 261,,,UNRESOLVED
High_Court_Bar_Association_Allahabad_vs_The_State_Of_Uttar_Pradesh_on_29_February_2024_1.PDF,Corruption,SCC 2002 4 247,,,UNRESOLVED
High_Court_Bar_Association_Allahabad_vs_The_State_Of_Uttar_Pradesh_on_29_February_2024_1.PDF,Corruption,SCC 2017 3 658,,,UNRESOLVED
High_Court_Bar_Association_Allahabad_vs_The_State_Of_Uttar_Pradesh_on_29_February_2024_1.PDF,Corruption,SCC 2018 16 299,,,UNRESOLVED
High_Court_Bar_Association_Allahabad_vs_The_State_Of_Uttar_Pradesh_on_29_February_2024_1.PDF,Corruption,SCR 1959 1 806,,,UNRESOLVED
Just_Rights_For_Children_Alliance_vs_S_Harish_on_23_September_2024_1.PDF,Corruption,AIR 1965 SC 585,Chandi_Kumar_Das_Karmarkar_And_Anr_vs_Abanidhar_Roy_on_9_October_1963_1.PDF,,OUTSIDE_DOMAINS
Just_Rights_For_Children_Alliance_vs_S_Harish_on_23_September_2024_1.PDF,Corruption,AIR 2002 SC 1661,Devender_Pal_Singh_vs_State_National_Capital_Territory_Of_on_22_March_2002_1.PDF,Violent Crime / Homicide,CROSS_DOMAIN
Just_Rights_For_Children_Alliance_vs_S_Harish_on_23_September_2024_1.PDF,Corruption,AIR 1960 SC 866,,,UNRESOLVED
Just_Rights_For_Children_Alliance_vs_S_Harish_on_23_September_2024_1.PDF,Corruption,AIR 1963 SC 1633,,,UNRESOLVED
Just_Rights_For_Children_Alliance_vs_S_Harish_on_23_September_2024_1.PDF,Corruption,SCC 1979 2 409,,,UNRESOLVED
Just_Rights_For_Children_Alliance_vs_S_Harish_on_23_September_2024_1.PDF,Corruption,SCC 2017 2 18,,,UNRESOLVED
Just_Rights_For_Children_Alliance_vs_S_Harish_on_23_September_2024_1.PDF,Corruption,SCC 2004 5 518,,,UNRESOLVED
Just_Rights_For_Children_Alliance_vs_S_Harish_on_23_September_2024_1.PDF,Corruption,SCC 2009 1 516,,,UNRESOLVED
Just_Rights_For_Children_Alliance_vs_S_Harish_on_23_September_2024_1.PDF,Corruption,SCC 2014 9 632,,,UNRESOLVED
Just_Rights_For_Children_Alliance_vs_S_Harish_on_23_September_2024_1.PDF,Corruption,SCC 1996 6 255,,,UNRESOLVED
Just_Rights_For_Children_Alliance_vs_S_Harish_on_23_September_2024_1.PDF,Corruption,SCC 1999 6 172,,,UNRESOLVED
Just_Rights_For_Children_Alliance_vs_S_Harish_on_23_September_2024_1.PDF,Corruption,SCC 2008 5 580,,,UNRESOLVED
Just_Rights_For_Children_Alliance_vs_S_Harish_on_23_September_2024_1.PDF,Corruption,SCC 2008 16 417,,,UNRESOLVED
Just_Rights_For_Children_Alliance_vs_S_Harish_on_23_September_2024_1.PDF,Corruption,SCC 2011 11 653,,,UNRESOLVED
Just_Rights_For_Children_Alliance_vs_S_Harish_on_23_September_2024_1.PDF,Corruption,SCC 2015 7 554,,,UNRESOLVED
Just_Rights_For_Children_Alliance_vs_S_Harish_on_23_September_2024_1.PDF,Corruption,SCC 1998 8 630,,,UNRESOLVED
Just_Rights_For_Children_Alliance_vs_S_Harish_on_23_September_2024_1.PDF,Corruption,SCC 2004 9 686,,,UNRESOLVED
Just_Rights_For_Children_Alliance_vs_S_Harish_on_23_September_2024_1.PDF,Corruption,SCC 2009 1 516,,,UNRESOLVED
Just_Rights_For_Children_Alliance_vs_S_Harish_on_23_September_2024_1.PDF,Corruption,SCC 2001 7 659,,,UNRESOLVED
Just_Rights_For_Children_Alliance_vs_S_Harish_on_23_September_2024_1.PDF,Corruption,SCC 2022 11 761,,,UNRESOLVED
Just_Rights_For_Children_Alliance_vs_S_Harish_on_23_September_2024_1.PDF,Corruption,SCC 2011 14 739,,,UNRESOLVED
Just_Rights_For_Children_Alliance_vs_S_Harish_on_23_September_2024_1.PDF,Corruption,SCC 2007 2 230,,,UNRESOLVED
Just_Rights_For_Children_Alliance_vs_S_Harish_on_23_September_2024_1.PDF,Corruption,SCC 2000 7 521,Council_For_Indian_School_Certificate_vs_Isha_Mittal_And_Anr_on_5_May_2000_1.PDF,,OUTSIDE_DOMAINS
Just_Rights_For_Children_Alliance_vs_S_Harish_on_23_September_2024_1.PDF,Corruption,SCC 2003 3 541,,,UNRESOLVED
Just_Rights_For_Children_Alliance_vs_S_Harish_on_23_September_2024_1.PDF,Corruption,SCC 2003 5 413,,,UNRESOLVED
Just_Rights_For_Children_Alliance_vs_S_Harish_on_23_September_2024_1.PDF,Corruption,SCC 2003 2 577,,,UNRESOLVED
Just_Rights_For_Children_Alliance_vs_S_Harish_on_23_September_2024_1.PDF,Corruption,SCC 2003 1 123,,,UNRESOLVED
Just_Rights_For_Children_Alliance_vs_S_Harish_on_23_September_2024_1.PDF,Corruption,SCC 2003 9 393,,,UNRESOLVED
Just_Rights_For_Children_Alliance_vs_S_Harish_on_23_September_2024_1.PDF,Corruption,SCC 2020 1 1,,,UNRESOLVED
Just_Rights_For_Children_Alliance_vs_S_Harish_on_23_September_2024_1.PDF,Corruption,SCC 2013 5 546,,,UNRESOLVED
Just_Rights_For_Children_Alliance_vs_S_Harish_on_23_September_2024_1.PDF,Corruption,SCC 2023 4 298,,,UNRESOLVED
Manish_Sisodia_vs_Directorate_Of_Enforcement_on_9_August_2024_1.PDF,Corruption,SCC 2000 6 359,,,UNRESOLVED
Manish_Sisodia_vs_Directorate_Of_Enforcement_on_9_August_2024_1.PDF,Corruption,SCC 2020 13 791,,,UNRESOLVED
Manish_Sisodia_vs_Directorate_Of_Enforcement_on_9_August_2024_1.PDF,Corruption,SCC 2020 13 337,,,UNRESOLVED
Manish_Sisodia_vs_Directorate_Of_Enforcement_on_9_August_2024_1.PDF,Corruption,SCC 1980 2 565,,,UNRESOLVED
Manish_Sisodia_vs_Directorate_Of_Enforcement_on_9_August_2024_1.PDF,Corruption,SCC 2012 1 40,,,UNRESOLVED
Manish_Sisodia_vs_Directorate_Of_Enforcement_on_9_August_2024_1.PDF,Corruption,SCC 2022 10 51,,,UNRESOLVED
Manish_Sisodia_vs_Directorate_Of_Enforcement_on_9_August_2024_1.PDF,Corruption,SCC 2005 7 387,,,UNRESOLVED
Manish_Sisodia_vs_Directorate_Of_Enforcement_on_9_August_2024_1.PDF,Corruption,SCC 2024 291,,,UNRESOLVED
Manish_Sisodia_vs_Directorate_Of_Enforcement_on_9_August_2024_1.PDF,Corruption,SCC 2021 2 427,,,UNRESOLVED
Manish_Sisodia_vs_Directorate_Of_Enforcement_on_9_August_2024_1.PDF,Corruption,SCC 1978 1 240,,,UNRESOLVED
Manish_Sisodia_vs_Directorate_Of_Enforcement_on_9_August_2024_1.PDF,Corruption,SCC 1980 2 565,,,UNRESOLVED
Manish_Sisodia_vs_Directorate_Of_Enforcement_on_9_August_2024_1.PDF,Corruption,SCC 1980 1 81,,,UNRESOLVED
Manish_Sisodia_vs_Directorate_Of_Enforcement_on_9_August_2024_1.PDF,Corruption,SCC 2021 3 713,,,UNRESOLVED
Manish_Sisodia_vs_Directorate_Of_Enforcement_on_9_August_2024_1.PDF,Corruption,SCC 2022 10 51,,,UNRESOLVED
Manish_Sisodia_vs_Directorate_Of_Enforcement_on_9_August_2024_1.PDF,Corruption,SCC 1978 1 240,,,UNRESOLVED
Md_Rahim_Ali_Abdur_Rahim_vs_The_State_Of_Assam_on_11_July_2024_1.PDF,Corruption,AIR 1967 SC 973,,,UNRESOLVED
Md_Rahim_Ali_Abdur_Rahim_vs_The_State_Of_Assam_on_11_July_2024_1.PDF,Corruption,SCC 2019 6 604,,,UNRESOLVED
Md_Rahim_Ali_Abdur_Rahim_vs_The_State_Of_Assam_on_11_July_2024_1.PDF,Corruption,SCC 2005 5 665,,,UNRESOLVED
Md_Rahim_Ali_Abdur_Rahim_vs_The_State_Of_Assam_on_11_July_2024_1.PDF,Corruption,SCC 2004 2 447,,,UNRESOLVED
Md_Rahim_Ali_Abdur_Rahim_vs_The_State_Of_Assam_on_11_July_2024_1.PDF,Corruption,SCC 2004 1 391,,,UNRESOLVED
Md_Rahim_Ali_Abdur_Rahim_vs_The_State_Of_Assam_on_11_July_2024_1.PDF,Corruption,SCC 2011 1 529,,,UNRESOLVED
Md_Rahim_Ali_Abdur_Rahim_vs_The_State_Of_Assam_on_11_July_2024_1.PDF,Corruption,SCC 2018 9 1,,,UNRESOLVED
Md_Rahim_Ali_Abdur_Rahim_vs_The_State_Of_Assam_on_11_July_2024_1.PDF,Corruption,SCC 2008 5 176,,,UNRESOLVED
Md_Rahim_Ali_Abdur_Rahim_vs_The_State_Of_Assam_on_11_July_2024_1.PDF,Corruption,SCC 2020 10 120,,,UNRESOLVED
Md_Rahim_Ali_Abdur_Rahim_vs_The_State_Of_Assam_on_11_July_2024_1.PDF,Corruption,SCC 2018 17 627,,,UNRESOLVED
Md_Rahim_Ali_Abdur_Rahim_vs_The_State_Of_Assam_on_11_July_2024_1.PDF,Corruption,SCC 2008 16 417,,,UNRESOLVED
Md_Rahim_Ali_Abdur_Rahim_vs_The_State_Of_Assam_on_11_July_2024_1.PDF,Corruption,SCC 1999 6 172,,,UNRESOLVED
Md_Rahim_Ali_Abdur_Rahim_vs_The_State_Of_Assam_on_11_July_2024_1.PDF,Corruption,SCC 2006 12 321,,,UNRESOLVED
Md_Rahim_Ali_Abdur_Rahim_vs_The_State_Of_Assam_on_11_July_2024_1.PDF,Corruption,SCC 2007 1 174,,,UNRESOLVED
Md_Rahim_Ali_Abdur_Rahim_vs_The_State_Of_Assam_on_11_July_2024_1.PDF,Corruption,SCC 2001 6 16,,,UNRESOLVED
Md_Rahim_Ali_Abdur_Rahim_vs_The_State_Of_Assam_on_11_July_2024_1.PDF,Corruption,SCC 2005 5 665,,,UNRESOLVED
Md_Rahim_Ali_Abdur_Rahim_vs_The_State_Of_Assam_on_11_July_2024_1.PDF,Corruption,SCC 1974 3 469,,,UNRESOLVED
Md_Rahim_Ali_Abdur_Rahim_vs_The_State_Of_Assam_on_11_July_2024_1.PDF,Corruption,SCR 1955 1 158,,,UNRESOLVED
Mir_Mustafa_Ali_Hasmi_vs_The_State_Of_A_P_on_10_July_2024_1.PDF,Corruption,SCC 2023 4 731,,,UNRESOLVED
M_S_Karnataka_Emta_Coal_Mines_Ltd_vs_Central_Bureau_Of_Investigation_on_23_August_2024_1.PDF,Corruption,AIR 1970 SC 962,,,UNRESOLVED
M_S_Karnataka_Emta_Coal_Mines_Ltd_vs_Central_Bureau_Of_Investigation_on_23_August_2024_1.PDF,Corruption,AIR 1958 SC 61,,,UNRESOLVED
M_S_Karnataka_Emta_Coal_Mines_Ltd_vs_Central_Bureau_Of_Investigation_on_23_August_2024_1.PDF,Corruption,AIR 1954 SC 520,,,UNRESOLVED
M_S_Karnataka_Emta_Coal_Mines_Ltd_vs_Central_Bureau_Of_Investigation_on_23_August_2024_1.PDF,Corruption,AIR 1950 SC 188,,,UNRESOLVED
M_S_Karnataka_Emta_Coal_Mines_Ltd_vs_Central_Bureau_Of_Investigation_on_23_August_2024_1.PDF,Corruption,AIR 1954 SC 520,,,UNRESOLVED
M_S_Karnataka_Emta_Coal_Mines_Ltd_vs_Central_Bureau_Of_Investigation_on_23_August_2024_1.PDF,Corruption,SCC 2014 9 614,,,UNRESOLVED
M_S_Karnataka_Emta_Coal_Mines_Ltd_vs_Central_Bureau_Of_Investigation_on_23_August_2024_1.PDF,Corruption,SCC 2017 14 809,,,UNRESOLVED
M_S_Karnataka_Emta_Coal_Mines_Ltd_vs_Central_Bureau_Of_Investigation_on_23_August_2024_1.PDF,Corruption,SCC 2012 3 1,,,UNRESOLVED
M_S_Karnataka_Emta_Coal_Mines_Ltd_vs_Central_Bureau_Of_Investigation_on_23_August_2024_1.PDF,Corruption,SCC 2013 7 1,,,UNRESOLVED
M_S_Karnataka_Emta_Coal_Mines_Ltd_vs_Central_Bureau_Of_Investigation_on_23_August_2024_1.PDF,Corruption,SCC 2014 4 156,,,UNRESOLVED
M_S_Karnataka_Emta_Coal_Mines_Ltd_vs_Central_Bureau_Of_Investigation_on_23_August_2024_1.PDF,Corruption,SCC 2011 3 581,,,UNRESOLVED
M_S_Karnataka_Emta_Coal_Mines_Ltd_vs_Central_Bureau_Of_Investigation_on_23_August_2024_1.PDF,Corruption,SCC 2020 9 636,,,UNRESOLVED
M_S_Karnataka_Emta_Coal_Mines_Ltd_vs_Central_Bureau_Of_Investigation_on_23_August_2024_1.PDF,Corruption,SCC 2022 7 370,,,UNRESOLVED
M_S_Karnataka_Emta_Coal_Mines_Ltd_vs_Central_Bureau_Of_Investigation_on_23_August_2024_1.PDF,Corruption,SCC 2023 4 731,,,UNRESOLVED
M_S_Karnataka_Emta_Coal_Mines_Ltd_vs_Central_Bureau_Of_Investigation_on_23_August_2024_1.PDF,Corruption,SCC 2014 13 55,,,UNRESOLVED
M_S_Karnataka_Emta_Coal_Mines_Ltd_vs_Central_Bureau_Of_Investigation_on_23_August_2024_1.PDF,Corruption,SCC 2015 10 152,,,UNRESOLVED
M_S_Karnataka_Emta_Coal_Mines_Ltd_vs_Central_Bureau_Of_Investigation_on_23_August_2024_1.PDF,Corruption,SCC 2022 4 574,,,UNRESOLVED
M_S_Karnataka_Emta_Coal_Mines_Ltd_vs_Central_Bureau_Of_Investigation_on_23_August_2024_1.PDF,Corruption,SCC 2017 15 560,,,UNRESOLVED
M_S_Karnataka_Emta_Coal_Mines_Ltd_vs_Central_Bureau_Of_Investigation_on_23_August_2024_1.PDF,Corruption,SCC 2014 9 516,,,UNRESOLVED
M_S_Karnataka_Emta_Coal_Mines_Ltd_vs_Central_Bureau_Of_Investigation_on_23_August_2024_1.PDF,Corruption,SCC 2014 9 614,,,UNRESOLVED
M_S_Karnataka_Emta_Coal_Mines_Ltd_vs_Central_Bureau_Of_Investigation_on_23_August_2024_1.PDF,Corruption,SCC 2017 14 809,,,UNRESOLVED
M_S_Karnataka_Emta_Coal_Mines_Ltd_vs_Central_Bureau_Of_Investigation_on_23_August_2024_1.PDF,Corruption,SCC 2012 3 1,,,UNRESOLVED
M_S_Karnataka_Emta_Coal_Mines_Ltd_vs_Central_Bureau_Of_Investigation_on_23_August_2024_1.PDF,Corruption,SCC 2013 7 1,,,UNRESOLVED
M_S_Karnataka_Emta_Coal_Mines_Ltd_vs_Central_Bureau_Of_Investigation_on_23_August_2024_1.PDF,Corruption,SCC 2014 4 156,,,UNRESOLVED
M_S_Karnataka_Emta_Coal_Mines_Ltd_vs_Central_Bureau_Of_Investigation_on_23_August_2024_1.PDF,Corruption,SCC 2011 3 581,,,UNRESOLVED
M_S_Karnataka_Emta_Coal_Mines_Ltd_vs_Central_Bureau_Of_Investigation_on_23_August_2024_1.PDF,Corruption,SCC 2020 9 636,,,UNRESOLVED
M_S_Karnataka_Emta_Coal_Mines_Ltd_vs_Central_Bureau_Of_Investigation_on_23_August_2024_1.PDF,Corruption,SCC 2022 7 370,,,UNRESOLVED
M_S_Karnataka_Emta_Coal_Mines_Ltd_vs_Central_Bureau_Of_Investigation_on_23_August_2024_1.PDF,Corruption,SCC 2014 13 55,,,UNRESOLVED
M_S_Karnataka_Emta_Coal_Mines_Ltd_vs_Central_Bureau_Of_Investigation_on_23_August_2024_1.PDF,Corruption,SCC 2015 10 152,,,UNRESOLVED
M_S_Karnataka_Emta_Coal_Mines_Ltd_vs_Central_Bureau_Of_Investigation_on_23_August_2024_1.PDF,Corruption,SCC 2017 15 560,,,UNRESOLVED
M_S_Karnataka_Emta_Coal_Mines_Ltd_vs_Central_Bureau_Of_Investigation_on_23_August_2024_1.PDF,Corruption,SCC 2022 4 574,,,UNRESOLVED
M_S_Karnataka_Emta_Coal_Mines_Ltd_vs_Central_Bureau_Of_Investigation_on_23_August_2024_1.PDF,Corruption,SCC 2023 4 731,,,UNRESOLVED
M_S_Karnataka_Emta_Coal_Mines_Ltd_vs_Central_Bureau_Of_Investigation_on_23_August_2024_1.PDF,Corruption,SCC 1979 3 4,Union_Of_India_Uoi_vs_Prafulla_Kumar_Samal_And_Anr_on_6_November_1978_1.PDF,,OUTSIDE_DOMAINS
M_S_Karnataka_Emta_Coal_Mines_Ltd_vs_Central_Bureau_Of_Investigation_on_23_August_2024_1.PDF,Corruption,SCC 1990 4 76,,,UNRESOLVED
M_S_Karnataka_Emta_Coal_Mines_Ltd_vs_Central_Bureau_Of_Investigation_on_23_August_2024_1.PDF,Corruption,SCC 1996 4 659,State_Of_Maharashtra_Etc_Etc_vs_Som_Nath_Thapa_Etc_Etc_on_12_April_1996_1.PDF,Organized Crime / Extortion,CROSS_DOMAIN
M_S_Karnataka_Emta_Coal_Mines_Ltd_vs_Central_Bureau_Of_Investigation_on_23_August_2024_1.PDF,Corruption,SCC 2014 11 709,,,UNRESOLVED
M_S_Karnataka_Emta_Coal_Mines_Ltd_vs_Central_Bureau_Of_Investigation_on_23_August_2024_1.PDF,Corruption,SCC 1977 4 39,,,UNRESOLVED
M_S_Karnataka_Emta_Coal_Mines_Ltd_vs_Central_Bureau_Of_Investigation_on_23_August_2024_1.PDF,Corruption,SCC 2002 8 87,,,UNRESOLVED
M_S_Karnataka_Emta_Coal_Mines_Ltd_vs_Central_Bureau_Of_Investigation_on_23_August_2024_1.PDF,Corruption,SCC 2014 9 516,,,UNRESOLVED
M_S_Karnataka_Emta_Coal_Mines_Ltd_vs_Central_Bureau_Of_Investigation_on_23_August_2024_1.PDF,Corruption,SCC 2006 4 278,,,UNRESOLVED
M_S_Karnataka_Emta_Coal_Mines_Ltd_vs_Central_Bureau_Of_Investigation_on_23_August_2024_1.PDF,Corruption,SCC 1982 2 543,Uttam_Chand_And_Ors_vs_Income_Tax_Officer_Central_Circle_on_5_March_1979_1.PDF,,OUTSIDE_DOMAINS
M_S_Karnataka_Emta_Coal_Mines_Ltd_vs_Central_Bureau_Of_Investigation_on_23_August_2024_1.PDF,Corruption,SCC 2004 2 731,,,UNRESOLVED
M_S_Karnataka_Emta_Coal_Mines_Ltd_vs_Central_Bureau_Of_Investigation_on_23_August_2024_1.PDF,Corruption,SCC 2013 3 330,,,UNRESOLVED
M_S_Karnataka_Emta_Coal_Mines_Ltd_vs_Central_Bureau_Of_Investigation_on_23_August_2024_1.PDF,Corruption,SCC 2005 1 568,,,UNRESOLVED
M_S_Karnataka_Emta_Coal_Mines_Ltd_vs_Central_Bureau_Of_Investigation_on_23_August_2024_1.PDF,Corruption,SCC 2000 2 636,,,UNRESOLVED
M_S_Karnataka_Emta_Coal_Mines_Ltd_vs_Central_Bureau_Of_Investigation_on_23_August_2024_1.PDF,Corruption,SCC 2013 10 591,,,UNRESOLVED
M_S_Karnataka_Emta_Coal_Mines_Ltd_vs_Central_Bureau_Of_Investigation_on_23_August_2024_1.PDF,Corruption,SCC 2008 14 1,,,UNRESOLVED
M_S_Karnataka_Emta_Coal_Mines_Ltd_vs_Central_Bureau_Of_Investigation_on_23_August_2024_1.PDF,Corruption,SCC 2019 11 706,,,UNRESOLVED
M_S_Karnataka_Emta_Coal_Mines_Ltd_vs_Central_Bureau_Of_Investigation_on_23_August_2024_1.PDF,Corruption,SCC 1977 2 699,,,UNRESOLVED
M_S_Karnataka_Emta_Coal_Mines_Ltd_vs_Central_Bureau_Of_Investigation_on_23_August_2024_1.PDF,Corruption,SCC 1972 1 249,,,UNRESOLVED
M_S_Karnataka_Emta_Coal_Mines_Ltd_vs_Central_Bureau_Of_Investigation_on_23_August_2024_1.PDF,Corruption,SCC 1979 2 297,,,UNRESOLVED
M_S_Karnataka_Emta_Coal_Mines_Ltd_vs_Central_Bureau_Of_Investigation_on_23_August_2024_1.PDF,Corruption,SCC 1980 3 141,,,UNRESOLVED
M_S_Karnataka_Emta_Coal_Mines_Ltd_vs_Central_Bureau_Of_Investigation_on_23_August_2024_1.PDF,Corruption,SCC 1950 470,,,UNRESOLVED
M_S_Karnataka_Emta_Coal_Mines_Ltd_vs_Central_Bureau_Of_Investigation_on_23_August_2024_1.PDF,Corruption,SCC 2012 12 291,,,UNRESOLVED
M_S_Karnataka_Emta_Coal_Mines_Ltd_vs_Central_Bureau_Of_Investigation_on_23_August_2024_1.PDF,Corruption,SCC 2022 8 253,,,UNRESOLVED
M_S_Karnataka_Emta_Coal_Mines_Ltd_vs_Central_Bureau_Of_Investigation_on_23_August_2024_1.PDF,Corruption,SCR 1958 580,The_State_Of_Madras_vs_A_Vaidyanatha_Iyer_on_26_September_1957_1.PDF,Corruption,INTERNAL
M_S_Karnataka_Emta_Coal_Mines_Ltd_vs_Central_Bureau_Of_Investigation_on_23_August_2024_1.PDF,Corruption,SCR 1972 2 765,,,UNRESOLVED
M_S_Karnataka_Emta_Coal_Mines_Ltd_vs_Central_Bureau_Of_Investigation_on_23_August_2024_1.PDF,Corruption,SCR 1955 1 267,,,UNRESOLVED
M_S_Karnataka_Emta_Coal_Mines_Ltd_vs_Central_Bureau_Of_Investigation_on_23_August_2024_1.PDF,Corruption,SCR 1950 459,The_Bharat_Bank_Ltd_Delhi_vs_Employees_Of_The_Bharat_Bank_on_26_May_1950_1.PDF,Organized Crime / Extortion,CROSS_DOMAIN
M_S_Karnataka_Emta_Coal_Mines_Ltd_vs_Central_Bureau_Of_Investigation_on_23_August_2024_1.PDF,Corruption,SCR 1955 1 267,,,UNRESOLVED
Nara_Chandrababu_Naidu_vs_The_State_Of_Andhra_Pradesh_on_16_January_2024_1.PDF,Corruption,AIR 1956 SC 44,,,UNRESOLVED
Nara_Chandrababu_Naidu_vs_The_State_Of_Andhra_Pradesh_on_16_January_2024_1.PDF,Corruption,AIR 1958 SC 915,,,UNRESOLVED
Nara_Chandrababu_Naidu_vs_The_State_Of_Andhra_Pradesh_on_16_January_2024_1.PDF,Corruption,AIR 1965 SC 444,,,UNRESOLVED
Nara_Chandrababu_Naidu_vs_The_State_Of_Andhra_Pradesh_on_16_January_2024_1.PDF,Corruption,AIR 2021 SC 315,,,UNRESOLVED
Nara_Chandrababu_Naidu_vs_The_State_Of_Andhra_Pradesh_on_16_January_2024_1.PDF,Corruption,AIR 1960 SC 866,,,UNRESOLVED
Nara_Chandrababu_Naidu_vs_The_State_Of_Andhra_Pradesh_on_16_January_2024_1.PDF,Corruption,AIR 1958 SC 915,,,UNRESOLVED
Nara_Chandrababu_Naidu_vs_The_State_Of_Andhra_Pradesh_on_16_January_2024_1.PDF,Corruption,AIR 1965 SC 444,,,UNRESOLVED
Nara_Chandrababu_Naidu_vs_The_State_Of_Andhra_Pradesh_on_16_January_2024_1.PDF,Corruption,AIR 1960 SC 866,,,UNRESOLVED
Nara_Chandrababu_Naidu_vs_The_State_Of_Andhra_Pradesh_on_16_January_2024_1.PDF,Corruption,AIR 1957 SC 628,R_M_D_Chamarbaugwalla_vs_The_Union_Of_India_Uoi_on_9_April_1957_1.PDF,,OUTSIDE_DOMAINS
Nara_Chandrababu_Naidu_vs_The_State_Of_Andhra_Pradesh_on_16_January_2024_1.PDF,Corruption,AIR 1952 SC 231,,,UNRESOLVED
Nara_Chandrababu_Naidu_vs_The_State_Of_Andhra_Pradesh_on_16_January_2024_1.PDF,Corruption,AIR 1957 SC 540,,,UNRESOLVED
Nara_Chandrababu_Naidu_vs_The_State_Of_Andhra_Pradesh_on_16_January_2024_1.PDF,Corruption,AIR 1941 FC 16,,,UNRESOLVED
Nara_Chandrababu_Naidu_vs_The_State_Of_Andhra_Pradesh_on_16_January_2024_1.PDF,Corruption,SCC 1997 5 326,,,UNRESOLVED
Nara_Chandrababu_Naidu_vs_The_State_Of_Andhra_Pradesh_on_16_January_2024_1.PDF,Corruption,SCC 2009 6 372,,,UNRESOLVED
Nara_Chandrababu_Naidu_vs_The_State_Of_Andhra_Pradesh_on_16_January_2024_1.PDF,Corruption,SCC 2023 6 156,,,UNRESOLVED
Nara_Chandrababu_Naidu_vs_The_State_Of_Andhra_Pradesh_on_16_January_2024_1.PDF,Corruption,SCC 2019 19 87,,,UNRESOLVED
Nara_Chandrababu_Naidu_vs_The_State_Of_Andhra_Pradesh_on_16_January_2024_1.PDF,Corruption,SCC 2005 4 512,,,UNRESOLVED
Nara_Chandrababu_Naidu_vs_The_State_Of_Andhra_Pradesh_on_16_January_2024_1.PDF,Corruption,SCC 2020 2 88,,,UNRESOLVED
Nara_Chandrababu_Naidu_vs_The_State_Of_Andhra_Pradesh_on_16_January_2024_1.PDF,Corruption,SCC 2019 19 87,,,UNRESOLVED
Nara_Chandrababu_Naidu_vs_The_State_Of_Andhra_Pradesh_on_16_January_2024_1.PDF,Corruption,SCC 2020 2 338,,,UNRESOLVED
Nara_Chandrababu_Naidu_vs_The_State_Of_Andhra_Pradesh_on_16_January_2024_1.PDF,Corruption,SCC 2012 3 400,,,UNRESOLVED
Nara_Chandrababu_Naidu_vs_The_State_Of_Andhra_Pradesh_on_16_January_2024_1.PDF,Corruption,SCC 2023 4 338,,,UNRESOLVED
Nara_Chandrababu_Naidu_vs_The_State_Of_Andhra_Pradesh_on_16_January_2024_1.PDF,Corruption,SCC 2019 9 789,,,UNRESOLVED
Nara_Chandrababu_Naidu_vs_The_State_Of_Andhra_Pradesh_on_16_January_2024_1.PDF,Corruption,SCC 2014 11 724,,,UNRESOLVED
Nara_Chandrababu_Naidu_vs_The_State_Of_Andhra_Pradesh_on_16_January_2024_1.PDF,Corruption,SCC 1993 2 507,Chiranjilal_Shrilal_Goenka_Deceased_vs_Jasjit_Singh_And_Ors_on_18_March_1993_1.PDF,,OUTSIDE_DOMAINS
Nara_Chandrababu_Naidu_vs_The_State_Of_Andhra_Pradesh_on_16_January_2024_1.PDF,Corruption,SCC 2002 1 15,,,UNRESOLVED
Nara_Chandrababu_Naidu_vs_The_State_Of_Andhra_Pradesh_on_16_January_2024_1.PDF,Corruption,SCC 2011 14 427,,,UNRESOLVED
Nara_Chandrababu_Naidu_vs_The_State_Of_Andhra_Pradesh_on_16_January_2024_1.PDF,Corruption,SCC 2020 10 92,,,UNRESOLVED
Nara_Chandrababu_Naidu_vs_The_State_Of_Andhra_Pradesh_on_16_January_2024_1.PDF,Corruption,SCC 2003 8 628,,,UNRESOLVED
Nara_Chandrababu_Naidu_vs_The_State_Of_Andhra_Pradesh_on_16_January_2024_1.PDF,Corruption,SCC 2020 2 338,,,UNRESOLVED
Nara_Chandrababu_Naidu_vs_The_State_Of_Andhra_Pradesh_on_16_January_2024_1.PDF,Corruption,SCC 2011 14 770,,,UNRESOLVED
Nara_Chandrababu_Naidu_vs_The_State_Of_Andhra_Pradesh_on_16_January_2024_1.PDF,Corruption,SCC 2019 9 469,,,UNRESOLVED
Nara_Chandrababu_Naidu_vs_The_State_Of_Andhra_Pradesh_on_16_January_2024_1.PDF,Corruption,SCC 1952 1 713,,,UNRESOLVED
Nara_Chandrababu_Naidu_vs_The_State_Of_Andhra_Pradesh_on_16_January_2024_1.PDF,Corruption,SCC 1976 2 917,Jose_Da_Costa_And_Anr_vs_Bascora_Sadasiva_Sinai_Narcornim_And_on_1_August_1975_1.PDF,,OUTSIDE_DOMAINS
Nara_Chandrababu_Naidu_vs_The_State_Of_Andhra_Pradesh_on_16_January_2024_1.PDF,Corruption,SCC 1976 1 906,Govind_Das_And_Ors_vs_The_Income_Tax_Officer_And_Anr_on_18_December_1975_1.PDF,,OUTSIDE_DOMAINS
Nara_Chandrababu_Naidu_vs_The_State_Of_Andhra_Pradesh_on_16_January_2024_1.PDF,Corruption,SCC 1994 4 602,Hitendra_Vishnu_Thakur_vs_State_Of_Maharashtra_on_12_July_1994_1.PDF,Organized Crime / Extortion,CROSS_DOMAIN
Nara_Chandrababu_Naidu_vs_The_State_Of_Andhra_Pradesh_on_16_January_2024_1.PDF,Corruption,SCC 2019 19 469,,,UNRESOLVED
Nara_Chandrababu_Naidu_vs_The_State_Of_Andhra_Pradesh_on_16_January_2024_1.PDF,Corruption,SCC 2019 19 87,,,UNRESOLVED
Nara_Chandrababu_Naidu_vs_The_State_Of_Andhra_Pradesh_on_16_January_2024_1.PDF,Corruption,SCC 2012 3 64,,,UNRESOLVED
Nara_Chandrababu_Naidu_vs_The_State_Of_Andhra_Pradesh_on_16_January_2024_1.PDF,Corruption,SCC 2014 8 682,,,UNRESOLVED
Nara_Chandrababu_Naidu_vs_The_State_Of_Andhra_Pradesh_on_16_January_2024_1.PDF,Corruption,SCC 2012 8 669,,,UNRESOLVED
Nara_Chandrababu_Naidu_vs_The_State_Of_Andhra_Pradesh_on_16_January_2024_1.PDF,Corruption,SCC 1989 2 557,,,UNRESOLVED
Noida_Toll_Bridge_Company_Ltd_vs_Federation_Of_Noida_Residents_Welfare_on_20_December_2024_1.PDF,Corruption,AIR 1964 SC 1006,,,UNRESOLVED
Noida_Toll_Bridge_Company_Ltd_vs_Federation_Of_Noida_Residents_Welfare_on_20_December_2024_1.PDF,Corruption,SCC 2002 2 333,,,UNRESOLVED
Noida_Toll_Bridge_Company_Ltd_vs_Federation_Of_Noida_Residents_Welfare_on_20_December_2024_1.PDF,Corruption,SCC 2005 1 590,,,UNRESOLVED
Noida_Toll_Bridge_Company_Ltd_vs_Federation_Of_Noida_Residents_Welfare_on_20_December_2024_1.PDF,Corruption,SCC 1992 4 305,,,UNRESOLVED
Noida_Toll_Bridge_Company_Ltd_vs_Federation_Of_Noida_Residents_Welfare_on_20_December_2024_1.PDF,Corruption,SCC 2009 7 561,,,UNRESOLVED
Noida_Toll_Bridge_Company_Ltd_vs_Federation_Of_Noida_Residents_Welfare_on_20_December_2024_1.PDF,Corruption,SCC 2005 3 91,,,UNRESOLVED
Noida_Toll_Bridge_Company_Ltd_vs_Federation_Of_Noida_Residents_Welfare_on_20_December_2024_1.PDF,Corruption,SCC 2008 8 648,,,UNRESOLVED
Noida_Toll_Bridge_Company_Ltd_vs_Federation_Of_Noida_Residents_Welfare_on_20_December_2024_1.PDF,Corruption,SCC 2015 7 728,,,UNRESOLVED
Noida_Toll_Bridge_Company_Ltd_vs_Federation_Of_Noida_Residents_Welfare_on_20_December_2024_1.PDF,Corruption,SCC 2020 16 489,,,UNRESOLVED
Noida_Toll_Bridge_Company_Ltd_vs_Federation_Of_Noida_Residents_Welfare_on_20_December_2024_1.PDF,Corruption,SCC 2015 1 558,,,UNRESOLVED
Noida_Toll_Bridge_Company_Ltd_vs_Federation_Of_Noida_Residents_Welfare_on_20_December_2024_1.PDF,Corruption,SCC 2009 7 561,,,UNRESOLVED
Noida_Toll_Bridge_Company_Ltd_vs_Federation_Of_Noida_Residents_Welfare_on_20_December_2024_1.PDF,Corruption,SCC 1994 6 651,Tata_Cellular_vs_Union_Of_India_on_26_July_1994_1.PDF,,OUTSIDE_DOMAINS
Noida_Toll_Bridge_Company_Ltd_vs_Federation_Of_Noida_Residents_Welfare_on_20_December_2024_1.PDF,Corruption,SCC 2022 16 527,,,UNRESOLVED
Noida_Toll_Bridge_Company_Ltd_vs_Federation_Of_Noida_Residents_Welfare_on_20_December_2024_1.PDF,Corruption,SCC 2009 6 171,,,UNRESOLVED
Noida_Toll_Bridge_Company_Ltd_vs_Federation_Of_Noida_Residents_Welfare_on_20_December_2024_1.PDF,Corruption,SCC 1986 3 156,,,UNRESOLVED
Noida_Toll_Bridge_Company_Ltd_vs_Federation_Of_Noida_Residents_Welfare_on_20_December_2024_1.PDF,Corruption,SCC 1991 3 67,Rattan_Chand_Hira_Chand_vs_Askar_Nawaz_Jung_Dead_By_L_Rs_And_Ors_on_12_February_1991_1.PDF,,OUTSIDE_DOMAINS
Noida_Toll_Bridge_Company_Ltd_vs_Federation_Of_Noida_Residents_Welfare_on_20_December_2024_1.PDF,Corruption,SCC 2006 8 514,,,UNRESOLVED
Noida_Toll_Bridge_Company_Ltd_vs_Federation_Of_Noida_Residents_Welfare_on_20_December_2024_1.PDF,Corruption,SCC 2015 1 720,,,UNRESOLVED
Noida_Toll_Bridge_Company_Ltd_vs_Federation_Of_Noida_Residents_Welfare_on_20_December_2024_1.PDF,Corruption,SCC 2001 9 328,,,UNRESOLVED
Noida_Toll_Bridge_Company_Ltd_vs_Federation_Of_Noida_Residents_Welfare_on_20_December_2024_1.PDF,Corruption,SCC 2011 10 573,,,UNRESOLVED
Om_Prakash_Yadav_vs_Niranjan_Kumar_Upadhyay_on_13_December_2024_1.PDF,Corruption,AIR 1939 FC 43,,,UNRESOLVED
Om_Prakash_Yadav_vs_Niranjan_Kumar_Upadhyay_on_13_December_2024_1.PDF,Corruption,AIR 1948 PC 128,,,UNRESOLVED
Om_Prakash_Yadav_vs_Niranjan_Kumar_Upadhyay_on_13_December_2024_1.PDF,Corruption,AIR 1948 PC 156,,,UNRESOLVED
Om_Prakash_Yadav_vs_Niranjan_Kumar_Upadhyay_on_13_December_2024_1.PDF,Corruption,AIR 1955 SC 309,,,UNRESOLVED
Om_Prakash_Yadav_vs_Niranjan_Kumar_Upadhyay_on_13_December_2024_1.PDF,Corruption,AIR 1956 SC 44,,,UNRESOLVED
Om_Prakash_Yadav_vs_Niranjan_Kumar_Upadhyay_on_13_December_2024_1.PDF,Corruption,AIR 1960 SC 745,Dhannjay_Ram_Sharma_vs_M_S_Uppadaya_And_Ors_on_11_March_1960_1.PDF,,OUTSIDE_DOMAINS
Om_Prakash_Yadav_vs_Niranjan_Kumar_Upadhyay_on_13_December_2024_1.PDF,Corruption,AIR 1955 SC 287,,,UNRESOLVED
Om_Prakash_Yadav_vs_Niranjan_Kumar_Upadhyay_on_13_December_2024_1.PDF,Corruption,AIR 1955 SC 309,,,UNRESOLVED
Om_Prakash_Yadav_vs_Niranjan_Kumar_Upadhyay_on_13_December_2024_1.PDF,Corruption,AIR 1966 SC 220,,,UNRESOLVED
Om_Prakash_Yadav_vs_Niranjan_Kumar_Upadhyay_on_13_December_2024_1.PDF,Corruption,AIR 1955 SC 287,,,UNRESOLVED
Om_Prakash_Yadav_vs_Niranjan_Kumar_Upadhyay_on_13_December_2024_1.PDF,Corruption,AIR 1955 SC 309,,,UNRESOLVED
Om_Prakash_Yadav_vs_Niranjan_Kumar_Upadhyay_on_13_December_2024_1.PDF,Corruption,AIR 1955 SC 309,,,UNRESOLVED
Om_Prakash_Yadav_vs_Niranjan_Kumar_Upadhyay_on_13_December_2024_1.PDF,Corruption,AIR 1997 SC 2102,,,UNRESOLVED
Om_Prakash_Yadav_vs_Niranjan_Kumar_Upadhyay_on_13_December_2024_1.PDF,Corruption,AIR 1946 FC 25,,,UNRESOLVED
Om_Prakash_Yadav_vs_Niranjan_Kumar_Upadhyay_on_13_December_2024_1.PDF,Corruption,SCC 1954 2 992,,,UNRESOLVED
Om_Prakash_Yadav_vs_Niranjan_Kumar_Upadhyay_on_13_December_2024_1.PDF,Corruption,SCC 1972 3 89,Harihar_Prasad_Etc_vs_State_Of_Bihar_on_7_September_1971_1.PDF,Corruption; Financial Fraud,INTERNAL
Om_Prakash_Yadav_vs_Niranjan_Kumar_Upadhyay_on_13_December_2024_1.PDF,Corruption,SCC 1979 4 177,,,UNRESOLVED
Om_Prakash_Yadav_vs_Niranjan_Kumar_Upadhyay_on_13_December_2024_1.PDF,Corruption,SCC 1993 3 339,,,UNRESOLVED
Om_Prakash_Yadav_vs_Niranjan_Kumar_Upadhyay_on_13_December_2024_1.PDF,Corruption,SCC 1996 1 478,R_Balakrishna_Pillai_vs_State_Of_Kerala_Anr_on_5_December_1995_1.PDF,Corruption,INTERNAL
Om_Prakash_Yadav_vs_Niranjan_Kumar_Upadhyay_on_13_December_2024_1.PDF,Corruption,SCC 1997 5 326,,,UNRESOLVED
Om_Prakash_Yadav_vs_Niranjan_Kumar_Upadhyay_on_13_December_2024_1.PDF,Corruption,SCC 2004 8 40,,,UNRESOLVED
Om_Prakash_Yadav_vs_Niranjan_Kumar_Upadhyay_on_13_December_2024_1.PDF,Corruption,SCC 2004 8 31,,,UNRESOLVED
Om_Prakash_Yadav_vs_Niranjan_Kumar_Upadhyay_on_13_December_2024_1.PDF,Corruption,SCC 2005 4 512,,,UNRESOLVED
Om_Prakash_Yadav_vs_Niranjan_Kumar_Upadhyay_on_13_December_2024_1.PDF,Corruption,SCC 2006 4 584,,,UNRESOLVED
Om_Prakash_Yadav_vs_Niranjan_Kumar_Upadhyay_on_13_December_2024_1.PDF,Corruption,SCC 2009 3 398,,,UNRESOLVED
Om_Prakash_Yadav_vs_Niranjan_Kumar_Upadhyay_on_13_December_2024_1.PDF,Corruption,SCC 1970 2 56,,,UNRESOLVED
Om_Prakash_Yadav_vs_Niranjan_Kumar_Upadhyay_on_13_December_2024_1.PDF,Corruption,SCC 1970 2 56,,,UNRESOLVED
Om_Prakash_Yadav_vs_Niranjan_Kumar_Upadhyay_on_13_December_2024_1.PDF,Corruption,SCC 2013 15 624,,,UNRESOLVED
Om_Prakash_Yadav_vs_Niranjan_Kumar_Upadhyay_on_13_December_2024_1.PDF,Corruption,SCC 2015 1 513,,,UNRESOLVED
Om_Prakash_Yadav_vs_Niranjan_Kumar_Upadhyay_on_13_December_2024_1.PDF,Corruption,SCC 1993 3 339,,,UNRESOLVED
Om_Prakash_Yadav_vs_Niranjan_Kumar_Upadhyay_on_13_December_2024_1.PDF,Corruption,SCC 2008 11 289,,,UNRESOLVED
Om_Prakash_Yadav_vs_Niranjan_Kumar_Upadhyay_on_13_December_2024_1.PDF,Corruption,SCC 1972 3 89,Harihar_Prasad_Etc_vs_State_Of_Bihar_on_7_September_1971_1.PDF,Corruption; Financial Fraud,INTERNAL
Om_Prakash_Yadav_vs_Niranjan_Kumar_Upadhyay_on_13_December_2024_1.PDF,Corruption,SCC 1999 5 690,,,UNRESOLVED
Om_Prakash_Yadav_vs_Niranjan_Kumar_Upadhyay_on_13_December_2024_1.PDF,Corruption,SCC 1997 5 326,,,UNRESOLVED
Om_Prakash_Yadav_vs_Niranjan_Kumar_Upadhyay_on_13_December_2024_1.PDF,Corruption,SCC 2015 13 87,,,UNRESOLVED
Om_Prakash_Yadav_vs_Niranjan_Kumar_Upadhyay_on_13_December_2024_1.PDF,Corruption,SCC 2016 8 722,,,UNRESOLVED
Om_Prakash_Yadav_vs_Niranjan_Kumar_Upadhyay_on_13_December_2024_1.PDF,Corruption,SCC 2000 8 131,,,UNRESOLVED
Om_Prakash_Yadav_vs_Niranjan_Kumar_Upadhyay_on_13_December_2024_1.PDF,Corruption,SCC 2000 8 131,,,UNRESOLVED
Om_Prakash_Yadav_vs_Niranjan_Kumar_Upadhyay_on_13_December_2024_1.PDF,Corruption,SCC 1973 2 701,,,UNRESOLVED
Om_Prakash_Yadav_vs_Niranjan_Kumar_Upadhyay_on_13_December_2024_1.PDF,Corruption,SCC 1998 5 690,,,UNRESOLVED
Om_Prakash_Yadav_vs_Niranjan_Kumar_Upadhyay_on_13_December_2024_1.PDF,Corruption,SCC 1987 4 663,,,UNRESOLVED
Om_Prakash_Yadav_vs_Niranjan_Kumar_Upadhyay_on_13_December_2024_1.PDF,Corruption,SCC 2001 6 704,,,UNRESOLVED
Om_Prakash_Yadav_vs_Niranjan_Kumar_Upadhyay_on_13_December_2024_1.PDF,Corruption,SCC 2016 12 87,,,UNRESOLVED
Om_Prakash_Yadav_vs_Niranjan_Kumar_Upadhyay_on_13_December_2024_1.PDF,Corruption,SCC 2020 4 33,,,UNRESOLVED
Om_Prakash_Yadav_vs_Niranjan_Kumar_Upadhyay_on_13_December_2024_1.PDF,Corruption,SCR 1967 1 201,,,UNRESOLVED
Om_Prakash_Yadav_vs_Niranjan_Kumar_Upadhyay_on_13_December_2024_1.PDF,Corruption,SCR 1966 1 210,,,UNRESOLVED
Om_Prakash_Yadav_vs_Niranjan_Kumar_Upadhyay_on_13_December_2024_1.PDF,Corruption,SCR 1971 1 317,,,UNRESOLVED
Om_Prakash_Yadav_vs_Niranjan_Kumar_Upadhyay_on_13_December_2024_1.PDF,Corruption,SCR 1971 1 317,,,UNRESOLVED
Om_Prakash_Yadav_vs_Niranjan_Kumar_Upadhyay_on_13_December_2024_1.PDF,Corruption,SCR 1993 2 311,,,UNRESOLVED
Parvinder_Singh_Khurana_vs_Directorate_Of_Enforcement_on_23_July_2024_1.PDF,Corruption,SCC 2013 16 190,,,UNRESOLVED
Parvinder_Singh_Khurana_vs_Directorate_Of_Enforcement_on_23_July_2024_1.PDF,Corruption,SCC 2015 3 417,,,UNRESOLVED
Parvinder_Singh_Khurana_vs_Directorate_Of_Enforcement_on_23_July_2024_1.PDF,Corruption,SCC 2001 6 338,,,UNRESOLVED
Parvinder_Singh_Khurana_vs_Directorate_Of_Enforcement_on_23_July_2024_1.PDF,Corruption,SCC 2001 6 338,,,UNRESOLVED
Puneet_Sabharwal_vs_Cbi_on_19_March_2024_1.PDF,Corruption,SCC 1996 6 559,,,UNRESOLVED
Puneet_Sabharwal_vs_Cbi_on_19_March_2024_1.PDF,Corruption,SCC 2017 6 263,,,UNRESOLVED
Puneet_Sabharwal_vs_Cbi_on_19_March_2024_1.PDF,Corruption,SCC 2011 3 581,,,UNRESOLVED
Puneet_Sabharwal_vs_Cbi_on_19_March_2024_1.PDF,Corruption,SCC 2020 9 636,,,UNRESOLVED
Puneet_Sabharwal_vs_Cbi_on_19_March_2024_1.PDF,Corruption,SCC 2022 7 370,,,UNRESOLVED
Puneet_Sabharwal_vs_Cbi_on_19_March_2024_1.PDF,Corruption,SCC 2013 11 476,,,UNRESOLVED
Puneet_Sabharwal_vs_Cbi_on_19_March_2024_1.PDF,Corruption,SCC 2007 4 380,,,UNRESOLVED
Puneet_Sabharwal_vs_Cbi_on_19_March_2024_1.PDF,Corruption,SCC 2014 11 709,,,UNRESOLVED
Puneet_Sabharwal_vs_Cbi_on_19_March_2024_1.PDF,Corruption,SCC 2007 4 380,,,UNRESOLVED
Puneet_Sabharwal_vs_Cbi_on_19_March_2024_1.PDF,Corruption,SCC 2014 11 709,,,UNRESOLVED
Puneet_Sabharwal_vs_Cbi_on_19_March_2024_1.PDF,Corruption,SCC 2021 18 135,,,UNRESOLVED
Puneet_Sabharwal_vs_Cbi_on_19_March_2024_1.PDF,Corruption,SCC 2008 2 561,,,UNRESOLVED
Puneet_Sabharwal_vs_Cbi_on_19_March_2024_1.PDF,Corruption,SCC 1977 2 699,,,UNRESOLVED
Ramji_Lal_Bairwa_vs_The_State_Of_Rajasthan_on_7_November_2024_1.PDF,Corruption,AIR 1954 SC 520,,,UNRESOLVED
Ramji_Lal_Bairwa_vs_The_State_Of_Rajasthan_on_7_November_2024_1.PDF,Corruption,SCC 2012 10 303,,,UNRESOLVED
Ramji_Lal_Bairwa_vs_The_State_Of_Rajasthan_on_7_November_2024_1.PDF,Corruption,SCC 2012 10 303,,,UNRESOLVED
Ramji_Lal_Bairwa_vs_The_State_Of_Rajasthan_on_7_November_2024_1.PDF,Corruption,SCC 1980 3 141,,,UNRESOLVED
Ramji_Lal_Bairwa_vs_The_State_Of_Rajasthan_on_7_November_2024_1.PDF,Corruption,SCC 1987 1 288,,,UNRESOLVED
Ramji_Lal_Bairwa_vs_The_State_Of_Rajasthan_on_7_November_2024_1.PDF,Corruption,SCC 2016 6 699,,,UNRESOLVED
Ramji_Lal_Bairwa_vs_The_State_Of_Rajasthan_on_7_November_2024_1.PDF,Corruption,SCC 2011 3 317,,,UNRESOLVED
Ramji_Lal_Bairwa_vs_The_State_Of_Rajasthan_on_7_November_2024_1.PDF,Corruption,SCC 2006 6 613,,,UNRESOLVED
Ramji_Lal_Bairwa_vs_The_State_Of_Rajasthan_on_7_November_2024_1.PDF,Corruption,SCC 1992 4 653,,,UNRESOLVED
Ramji_Lal_Bairwa_vs_The_State_Of_Rajasthan_on_7_November_2024_1.PDF,Corruption,SCC 1975 2 702,,,UNRESOLVED
Ramji_Lal_Bairwa_vs_The_State_Of_Rajasthan_on_7_November_2024_1.PDF,Corruption,SCC 2022 5 545,,,UNRESOLVED
Ramji_Lal_Bairwa_vs_The_State_Of_Rajasthan_on_7_November_2024_1.PDF,Corruption,SCC 2000 6 359,,,UNRESOLVED
Ramji_Lal_Bairwa_vs_The_State_Of_Rajasthan_on_7_November_2024_1.PDF,Corruption,SCC 1954 2 20,,,UNRESOLVED
Ramji_Lal_Bairwa_vs_The_State_Of_Rajasthan_on_7_November_2024_1.PDF,Corruption,SCC 2003 12 395,,,UNRESOLVED
Ramji_Lal_Bairwa_vs_The_State_Of_Rajasthan_on_7_November_2024_1.PDF,Corruption,SCC 1978 3 279,,,UNRESOLVED
Ramji_Lal_Bairwa_vs_The_State_Of_Rajasthan_on_7_November_2024_1.PDF,Corruption,SCC 1979 2 297,,,UNRESOLVED
Ramji_Lal_Bairwa_vs_The_State_Of_Rajasthan_on_7_November_2024_1.PDF,Corruption,SCC 1978 3 279,,,UNRESOLVED
Ramji_Lal_Bairwa_vs_The_State_Of_Rajasthan_on_7_November_2024_1.PDF,Corruption,SCC 2019 5 688,,,UNRESOLVED
Shadakshari_vs_The_State_Of_Karnataka_on_17_January_2024_1.PDF,Corruption,SCC 2014 2 1,,,UNRESOLVED
Shadakshari_vs_The_State_Of_Karnataka_on_17_January_2024_1.PDF,Corruption,SCC 1997 5 326,,,UNRESOLVED
Shadakshari_vs_The_State_Of_Karnataka_on_17_January_2024_1.PDF,Corruption,SCC 2020 7 695,,,UNRESOLVED
Shadakshari_vs_The_State_Of_Karnataka_on_17_January_2024_1.PDF,Corruption,SCC 2004 8 40,,,UNRESOLVED
Shadakshari_vs_The_State_Of_Karnataka_on_17_January_2024_1.PDF,Corruption,SCC 2004 8 40,,,UNRESOLVED
Sita_Soren_vs_Union_Of_India_on_4_March_2024_1.PDF,Corruption,AIR 1965 SC 1636,,,UNRESOLVED
Sita_Soren_vs_Union_Of_India_on_4_March_2024_1.PDF,Corruption,AIR 1959 SC 395,,,UNRESOLVED
Sita_Soren_vs_Union_Of_India_on_4_March_2024_1.PDF,Corruption,SCC 1998 4 626,,,UNRESOLVED
Sita_Soren_vs_Union_Of_India_on_4_March_2024_1.PDF,Corruption,SCC 1990 4 207,,,UNRESOLVED
Sita_Soren_vs_Union_Of_India_on_4_March_2024_1.PDF,Corruption,SCC 2011 2 132,,,UNRESOLVED
Sita_Soren_vs_Union_Of_India_on_4_March_2024_1.PDF,Corruption,SCC 2020 4 1,,,UNRESOLVED
Sita_Soren_vs_Union_Of_India_on_4_March_2024_1.PDF,Corruption,SCC 2007 3 184,,,UNRESOLVED
Sita_Soren_vs_Union_Of_India_on_4_March_2024_1.PDF,Corruption,SCC 2014 4 473,,,UNRESOLVED
Sita_Soren_vs_Union_Of_India_on_4_March_2024_1.PDF,Corruption,SCC 2005 2 673,,,UNRESOLVED
Sita_Soren_vs_Union_Of_India_on_4_March_2024_1.PDF,Corruption,SCC 2018 7 1,,,UNRESOLVED
Sita_Soren_vs_Union_Of_India_on_4_March_2024_1.PDF,Corruption,SCC 2007 3 184,,,UNRESOLVED
Sita_Soren_vs_Union_Of_India_on_4_March_2024_1.PDF,Corruption,SCC 2006 7 1,,,UNRESOLVED
Sita_Soren_vs_Union_Of_India_on_4_March_2024_1.PDF,Corruption,SCC 2010 6 113,,,UNRESOLVED
Sita_Soren_vs_Union_Of_India_on_4_March_2024_1.PDF,Corruption,SCC 1974 2 402,,,UNRESOLVED
Sita_Soren_vs_Union_Of_India_on_4_March_2024_1.PDF,Corruption,SCC 1973 1 856,,,UNRESOLVED
Sita_Soren_vs_Union_Of_India_on_4_March_2024_1.PDF,Corruption,SCC 1989 2 754,,,UNRESOLVED
Sita_Soren_vs_Union_Of_India_on_4_March_2024_1.PDF,Corruption,SCC 2002 5 111,,,UNRESOLVED
Sita_Soren_vs_Union_Of_India_on_4_March_2024_1.PDF,Corruption,SCC 2016 5 1,,,UNRESOLVED
Sita_Soren_vs_Union_Of_India_on_4_March_2024_1.PDF,Corruption,SCC 2011 2 132,,,UNRESOLVED
Sita_Soren_vs_Union_Of_India_on_4_March_2024_1.PDF,Corruption,SCC 2020 4 1,,,UNRESOLVED
Sita_Soren_vs_Union_Of_India_on_4_March_2024_1.PDF,Corruption,SCC 1990 4 207,,,UNRESOLVED
Sita_Soren_vs_Union_Of_India_on_4_March_2024_1.PDF,Corruption,SCC 2022 3 529,,,UNRESOLVED
Sita_Soren_vs_Union_Of_India_on_4_March_2024_1.PDF,Corruption,SCC 2022 11 1,,,UNRESOLVED
Sita_Soren_vs_Union_Of_India_on_4_March_2024_1.PDF,Corruption,SCC 2016 6 82,,,UNRESOLVED
Sita_Soren_vs_Union_Of_India_on_4_March_2024_1.PDF,Corruption,SCC 1970 2 272,,,UNRESOLVED
Sita_Soren_vs_Union_Of_India_on_4_March_2024_1.PDF,Corruption,SCC 1977 4 608,,,UNRESOLVED
Sita_Soren_vs_Union_Of_India_on_4_March_2024_1.PDF,Corruption,SCC 2010 6 113,,,UNRESOLVED
Sita_Soren_vs_Union_Of_India_on_4_March_2024_1.PDF,Corruption,SCC 2021 17 318,,,UNRESOLVED
Sita_Soren_vs_Union_Of_India_on_4_March_2024_1.PDF,Corruption,SCC 2014 4 473,,,UNRESOLVED
Sita_Soren_vs_Union_Of_India_on_4_March_2024_1.PDF,Corruption,SCC 2018 8 501,,,UNRESOLVED
Sita_Soren_vs_Union_Of_India_on_4_March_2024_1.PDF,Corruption,SCC 1991 4 699,,,UNRESOLVED
Sita_Soren_vs_Union_Of_India_on_4_March_2024_1.PDF,Corruption,SCC 1976 3 46,,,UNRESOLVED
Sita_Soren_vs_Union_Of_India_on_4_March_2024_1.PDF,Corruption,SCC 2023 4 731,,,UNRESOLVED
Sita_Soren_vs_Union_Of_India_on_4_March_2024_1.PDF,Corruption,SCC 1984 2 404,,,UNRESOLVED
Sita_Soren_vs_Union_Of_India_on_4_March_2024_1.PDF,Corruption,SCC 1997 11 111,,,UNRESOLVED
Sita_Soren_vs_Union_Of_India_on_4_March_2024_1.PDF,Corruption,SCC 2006 7 1,,,UNRESOLVED
Sita_Soren_vs_Union_Of_India_on_4_March_2024_1.PDF,Corruption,SCC 1973 4 225,Kesavananda_Bharati_Sripadagalvaru_vs_State_Of_Kerala_And_Anr_on_24_April_1973_1.PDF,,OUTSIDE_DOMAINS
Sita_Soren_vs_Union_Of_India_on_4_March_2024_1.PDF,Corruption,SCR 1961 2 828,,,UNRESOLVED
Sita_Soren_vs_Union_Of_India_on_4_March_2024_1.PDF,Corruption,SCR 1965 2 908,,,UNRESOLVED
Sita_Soren_vs_Union_Of_India_on_4_March_2024_1.PDF,Corruption,SCR 2005 1 667,,,UNRESOLVED
Sita_Soren_vs_Union_Of_India_on_4_March_2024_1.PDF,Corruption,SCR 1955 2 603,,,UNRESOLVED
The_State_Of_Karnataka_vs_Chandrasha_on_26_November_2024_1.PDF,Corruption,SCC 1997 4 14,,,UNRESOLVED
The_State_Of_Karnataka_vs_Chandrasha_on_26_November_2024_1.PDF,Corruption,SCC 2009 6 587,,,UNRESOLVED
The_State_Of_Karnataka_vs_Chandrasha_on_26_November_2024_1.PDF,Corruption,SCC 2009 3 779,,,UNRESOLVED
The_State_Of_Karnataka_vs_Chandrasha_on_26_November_2024_1.PDF,Corruption,SCC 2014 13 55,,,UNRESOLVED
The_State_Of_Karnataka_vs_Chandrasha_on_26_November_2024_1.PDF,Corruption,SCC 2023 4 731,,,UNRESOLVED
The_State_Of_Punjab_vs_Partap_Singh_Verka_on_8_July_2024_1.PDF,Corruption,SCC 2005 12 709,,,UNRESOLVED
The_State_Of_Punjab_vs_Partap_Singh_Verka_on_8_July_2024_1.PDF,Corruption,SCC 2007 14 783,,,UNRESOLVED
The_State_Of_Punjab_vs_Partap_Singh_Verka_on_8_July_2024_1.PDF,Corruption,SCC 2005 12 709,,,UNRESOLVED
The_State_Of_Punjab_vs_Partap_Singh_Verka_on_8_July_2024_1.PDF,Corruption,SCC 2016 8 722,,,UNRESOLVED
Yogarani_vs_State_By_Inspector_Of_Police_on_23_September_2024_1.PDF,Corruption,AIR 1957 SC 381,Ram_Chandra_And_Anr_vs_State_Of_Uttar_Pradesh_on_26_November_1956_1.PDF,Organized Crime / Extortion; Violent Crime / Homicide,CROSS_DOMAIN
Yogarani_vs_State_By_Inspector_Of_Police_on_23_September_2024_1.PDF,Corruption,AIR 1963 SC 1728,,,UNRESOLVED
Yogarani_vs_State_By_Inspector_Of_Police_on_23_September_2024_1.PDF,Corruption,AIR 1964 SC 529,,,UNRESOLVED
Yogarani_vs_State_By_Inspector_Of_Police_on_23_September_2024_1.PDF,Corruption,AIR 1967 SC 1326,,,UNRESOLVED
Yogarani_vs_State_By_Inspector_Of_Police_on_23_September_2024_1.PDF,Corruption,SCC 2020 3 35,,,UNRESOLVED
Yogarani_vs_State_By_Inspector_Of_Police_on_23_September_2024_1.PDF,Corruption,SCC 1996 4 596,S_Gopal_Reddy_vs_State_Of_Andhra_Pradesh_on_11_July_1996_1.PDF,Organized Crime / Extortion,CROSS_DOMAIN
Yogarani_vs_State_By_Inspector_Of_Police_on_23_September_2024_1.PDF,Corruption,SCC 1977 2 210,,,UNRESOLVED
Yogarani_vs_State_By_Inspector_Of_Police_on_23_September_2024_1.PDF,Corruption,SCC 1977 2 210,,,UNRESOLVED
Yogarani_vs_State_By_Inspector_Of_Police_on_23_September_2024_1.PDF,Corruption,SCC 1980 1 704,,,UNRESOLVED
Airports_Authority_Of_India_vs_Pradip_Kumar_Banerjee_on_4_February_2025_1.PDF,Corruption,SCC 2006 5 446,,,UNRESOLVED
Airports_Authority_Of_India_vs_Pradip_Kumar_Banerjee_on_4_February_2025_1.PDF,Corruption,SCC 2006 4 265,,,UNRESOLVED
Airports_Authority_Of_India_vs_Pradip_Kumar_Banerjee_on_4_February_2025_1.PDF,Corruption,SCC 2021 3 806,,,UNRESOLVED
Airports_Authority_Of_India_vs_Pradip_Kumar_Banerjee_on_4_February_2025_1.PDF,Corruption,SCC 1972 4 618,,,UNRESOLVED
Airports_Authority_Of_India_vs_Pradip_Kumar_Banerjee_on_4_February_2025_1.PDF,Corruption,SCC 2016 3 340,,,UNRESOLVED
Devinder_Kumar_Bansal_vs_The_State_Of_Punjab_on_3_March_2025_1.PDF,Corruption,AIR 1995 SC 1198,,,UNRESOLVED
Devinder_Kumar_Bansal_vs_The_State_Of_Punjab_on_3_March_2025_1.PDF,Corruption,AIR 2011 SC 312,,,UNRESOLVED
Devinder_Kumar_Bansal_vs_The_State_Of_Punjab_on_3_March_2025_1.PDF,Corruption,SCC 2014 9 1,,,UNRESOLVED
Devinder_Kumar_Bansal_vs_The_State_Of_Punjab_on_3_March_2025_1.PDF,Corruption,SCC 2013 4 642,,,UNRESOLVED
Devinder_Kumar_Bansal_vs_The_State_Of_Punjab_on_3_March_2025_1.PDF,Corruption,SCC 2012 3 64,,,UNRESOLVED
Devinder_Kumar_Bansal_vs_The_State_Of_Punjab_on_3_March_2025_1.PDF,Corruption,SCC 2001 6 584,,,UNRESOLVED
Devinder_Kumar_Bansal_vs_The_State_Of_Punjab_on_3_March_2025_1.PDF,Corruption,SCC 2014 8 682,,,UNRESOLVED
Devinder_Kumar_Bansal_vs_The_State_Of_Punjab_on_3_March_2025_1.PDF,Corruption,SCC 2014 8 682,,,UNRESOLVED
Devinder_Kumar_Bansal_vs_The_State_Of_Punjab_on_3_March_2025_1.PDF,Corruption,SCC 2017 8 757,,,UNRESOLVED
Dileepbhai_Nanubhai_Sanghani_vs_State_Of_Gujarat_on_27_February_2025_1.PDF,Corruption,SCC 2023 4 731,,,UNRESOLVED
Dileepbhai_Nanubhai_Sanghani_vs_State_Of_Gujarat_on_27_February_2025_1.PDF,Corruption,SCC 2019 16 547,,,UNRESOLVED
Dileepbhai_Nanubhai_Sanghani_vs_State_Of_Gujarat_on_27_February_2025_1.PDF,Corruption,SCC 2010 9 368,,,UNRESOLVED
Dileepbhai_Nanubhai_Sanghani_vs_State_Of_Gujarat_on_27_February_2025_1.PDF,Corruption,SCC 2014 11 709,,,UNRESOLVED
Dileepbhai_Nanubhai_Sanghani_vs_State_Of_Gujarat_on_27_February_2025_1.PDF,Corruption,SCC 2021 11 191,,,UNRESOLVED
Dileepbhai_Nanubhai_Sanghani_vs_State_Of_Gujarat_on_27_February_2025_1.PDF,Corruption,SCC 2019 7 515,,,UNRESOLVED
Dileepbhai_Nanubhai_Sanghani_vs_State_Of_Gujarat_on_27_February_2025_1.PDF,Corruption,SCC 2023 6 768,,,UNRESOLVED
Hiralal_Babulal_Soni_vs_The_State_Of_Maharashtra_on_25_February_2025_1.PDF,Corruption,AIR 1954 SC 39,Trimbak_vs_The_State_Of_Madhya_Pradesh_on_12_March_1953_1.PDF,,OUTSIDE_DOMAINS
Hiralal_Babulal_Soni_vs_The_State_Of_Maharashtra_on_25_February_2025_1.PDF,Corruption,SCC 1979 4 751,Mohan_Lal_vs_State_Of_Maharashtra_on_6_April_1979_1.PDF,,OUTSIDE_DOMAINS
Hiralal_Babulal_Soni_vs_The_State_Of_Maharashtra_on_25_February_2025_1.PDF,Corruption,SCC 2022 9 676,,,UNRESOLVED
Hiralal_Babulal_Soni_vs_The_State_Of_Maharashtra_on_25_February_2025_1.PDF,Corruption,SCC 2021 10 725,,,UNRESOLVED
Madhya_Pradesh_Road_Development_vs_Vincent_Daniel_on_27_March_2025_1.PDF,Corruption,AIR 2009 SC 1506,,,UNRESOLVED
Madhya_Pradesh_Road_Development_vs_Vincent_Daniel_on_27_March_2025_1.PDF,Corruption,AIR 1955 SC 661,,,UNRESOLVED
Madhya_Pradesh_Road_Development_vs_Vincent_Daniel_on_27_March_2025_1.PDF,Corruption,SCC 1972 1 480,,,UNRESOLVED
Madhya_Pradesh_Road_Development_vs_Vincent_Daniel_on_27_March_2025_1.PDF,Corruption,SCC 2011 15 297,,,UNRESOLVED
Madhya_Pradesh_Road_Development_vs_Vincent_Daniel_on_27_March_2025_1.PDF,Corruption,SCC 2006 12 87,,,UNRESOLVED
Madhya_Pradesh_Road_Development_vs_Vincent_Daniel_on_27_March_2025_1.PDF,Corruption,SCC 2009 15 769,,,UNRESOLVED
Madhya_Pradesh_Road_Development_vs_Vincent_Daniel_on_27_March_2025_1.PDF,Corruption,SCC 2009 15 769,,,UNRESOLVED
Madhya_Pradesh_Road_Development_vs_Vincent_Daniel_on_27_March_2025_1.PDF,Corruption,SCC 2018 11 180,,,UNRESOLVED
Madhya_Pradesh_Road_Development_vs_Vincent_Daniel_on_27_March_2025_1.PDF,Corruption,SCC 1994 4 595,Jaw_Ajee_Nagnatham_vs_Revenue_Divisional_Officer_on_25_January_1994_1.PDF,,OUTSIDE_DOMAINS
Madhya_Pradesh_Road_Development_vs_Vincent_Daniel_on_27_March_2025_1.PDF,Corruption,SCC 2004 2 283,,,UNRESOLVED
Madhya_Pradesh_Road_Development_vs_Vincent_Daniel_on_27_March_2025_1.PDF,Corruption,SCC 2004 2 9,,,UNRESOLVED
Madhya_Pradesh_Road_Development_vs_Vincent_Daniel_on_27_March_2025_1.PDF,Corruption,SCC 2013 15 677,,,UNRESOLVED
State_Rep_By_Deputy_Superintendent_Of_vs_G_Easwaran_on_26_March_2025_1.PDF,Corruption,AIR 1960 SC 866,,,UNRESOLVED
State_Rep_By_Deputy_Superintendent_Of_vs_G_Easwaran_on_26_March_2025_1.PDF,Corruption,SCC 1997 4 241,,,UNRESOLVED
State_Rep_By_Deputy_Superintendent_Of_vs_G_Easwaran_on_26_March_2025_1.PDF,Corruption,SCC 2008 12 346,,,UNRESOLVED
State_Rep_By_Deputy_Superintendent_Of_vs_G_Easwaran_on_26_March_2025_1.PDF,Corruption,SCC 2019 7 515,,,UNRESOLVED
State_Rep_By_Deputy_Superintendent_Of_vs_G_Easwaran_on_26_March_2025_1.PDF,Corruption,SCC 2023 6 768,,,UNRESOLVED
State_Rep_By_Deputy_Superintendent_Of_vs_G_Easwaran_on_26_March_2025_1.PDF,Corruption,SCC 2014 11 709,,,UNRESOLVED
State_Rep_By_Deputy_Superintendent_Of_vs_G_Easwaran_on_26_March_2025_1.PDF,Corruption,SCC 2014 11 709,,,UNRESOLVED
State_Rep_By_Deputy_Superintendent_Of_vs_G_Easwaran_on_26_March_2025_1.PDF,Corruption,SCC 2012 9 460,,,UNRESOLVED
State_Rep_By_Deputy_Superintendent_Of_vs_G_Easwaran_on_26_March_2025_1.PDF,Corruption,SCC 2012 1 532,,,UNRESOLVED
State_Rep_By_Deputy_Superintendent_Of_vs_G_Easwaran_on_26_March_2025_1.PDF,Corruption,SCC 2020 17 664,,,UNRESOLVED
State_Rep_By_Deputy_Superintendent_Of_vs_G_Easwaran_on_26_March_2025_1.PDF,Corruption,SCC 2007 1 1,,,UNRESOLVED
State_Rep_By_Deputy_Superintendent_Of_vs_G_Easwaran_on_26_March_2025_1.PDF,Corruption,SCC 2015 16 163,,,UNRESOLVED
Suneeti_Toteja_vs_State_Of_U_P_on_25_February_2025_1.PDF,Corruption,AIR 1998 SC 889,,,UNRESOLVED
Suneeti_Toteja_vs_State_Of_U_P_on_25_February_2025_1.PDF,Corruption,AIR 1955 SC 309,,,UNRESOLVED
Suneeti_Toteja_vs_State_Of_U_P_on_25_February_2025_1.PDF,Corruption,SCC 2012 3 64,,,UNRESOLVED
The_State_Of_Karnataka_vs_T_N_Sudhakar_Reddy_on_17_February_2025_1.PDF,Corruption,SCC 2021 18 135,,,UNRESOLVED
The_State_Of_Karnataka_vs_T_N_Sudhakar_Reddy_on_17_February_2025_1.PDF,Corruption,SCC 2022 4 764,,,UNRESOLVED
The_State_Of_Karnataka_vs_T_N_Sudhakar_Reddy_on_17_February_2025_1.PDF,Corruption,SCC 2019 19 87,,,UNRESOLVED
The_State_Of_Karnataka_vs_T_N_Sudhakar_Reddy_on_17_February_2025_1.PDF,Corruption,SCC 1970 1 595,,,UNRESOLVED
The_State_Of_Karnataka_vs_T_N_Sudhakar_Reddy_on_17_February_2025_1.PDF,Corruption,SCC 2014 2 1,,,UNRESOLVED
The_State_Of_Karnataka_vs_T_N_Sudhakar_Reddy_on_17_February_2025_1.PDF,Corruption,SCC 2021 5 469,,,UNRESOLVED
The_State_Of_Karnataka_vs_T_N_Sudhakar_Reddy_on_17_February_2025_1.PDF,Corruption,SCC 2014 2 1,,,UNRESOLVED
The_State_Of_Karnataka_vs_T_N_Sudhakar_Reddy_on_17_February_2025_1.PDF,Corruption,SCC 2014 2 1,,,UNRESOLVED
The_State_Of_Karnataka_vs_T_N_Sudhakar_Reddy_on_17_February_2025_1.PDF,Corruption,SCC 2019 19 87,,,UNRESOLVED
The_State_Of_Karnataka_vs_T_N_Sudhakar_Reddy_on_17_February_2025_1.PDF,Corruption,SCC 2014 2 1,,,UNRESOLVED
The_State_Of_Karnataka_vs_T_N_Sudhakar_Reddy_on_17_February_2025_1.PDF,Corruption,SCC 2000 5 88,,,UNRESOLVED
The_State_Of_Karnataka_vs_T_N_Sudhakar_Reddy_on_17_February_2025_1.PDF,Corruption,SCC 2023 14 1,,,UNRESOLVED
The_State_Of_Karnataka_vs_T_N_Sudhakar_Reddy_on_17_February_2025_1.PDF,Corruption,SCC 2008 8 580,,,UNRESOLVED
The_State_Of_Rajasthan_vs_Surendra_Singh_Rathore_on_19_February_2025_1.PDF,Corruption,AIR 1980 SC 326,,,UNRESOLVED
The_State_Of_Rajasthan_vs_Surendra_Singh_Rathore_on_19_February_2025_1.PDF,Corruption,SCC 2010 12 254,,,UNRESOLVED
The_State_Of_Rajasthan_vs_Surendra_Singh_Rathore_on_19_February_2025_1.PDF,Corruption,SCC 2001 6 181,,,UNRESOLVED
The_State_Of_Rajasthan_vs_Surendra_Singh_Rathore_on_19_February_2025_1.PDF,Corruption,SCC 1979 2 322,Ram_Lal_Narang_Etc_Etc_vs_State_Of_Delhi_Admn_on_10_January_1979_1.PDF,Financial Fraud,CROSS_DOMAIN
The_State_Of_Rajasthan_vs_Surendra_Singh_Rathore_on_19_February_2025_1.PDF,Corruption,SCC 2013 6 384,,,UNRESOLVED
The_State_Of_Rajasthan_vs_Surendra_Singh_Rathore_on_19_February_2025_1.PDF,Corruption,SCC 2009 9 129,,,UNRESOLVED
The_State_Of_Rajasthan_vs_Surendra_Singh_Rathore_on_19_February_2025_1.PDF,Corruption,SCC 2013 5 762,,,UNRESOLVED
The_State_Of_Rajasthan_vs_Surendra_Singh_Rathore_on_19_February_2025_1.PDF,Corruption,SCC 2002 1 714,,,UNRESOLVED
The_State_Of_Rajasthan_vs_Surendra_Singh_Rathore_on_19_February_2025_1.PDF,Corruption,SCC 2004 13 292,,,UNRESOLVED
The_State_Of_Rajasthan_vs_Surendra_Singh_Rathore_on_19_February_2025_1.PDF,Corruption,SCC 1979 2 322,Ram_Lal_Narang_Etc_Etc_vs_State_Of_Delhi_Admn_on_10_January_1979_1.PDF,Financial Fraud,CROSS_DOMAIN
The_State_Of_Rajasthan_vs_Surendra_Singh_Rathore_on_19_February_2025_1.PDF,Corruption,SCC 1979 2 322,Ram_Lal_Narang_Etc_Etc_vs_State_Of_Delhi_Admn_on_10_January_1979_1.PDF,Financial Fraud,CROSS_DOMAIN
The_State_Of_Rajasthan_vs_Surendra_Singh_Rathore_on_19_February_2025_1.PDF,Corruption,SCC 1979 2 322,Ram_Lal_Narang_Etc_Etc_vs_State_Of_Delhi_Admn_on_10_January_1979_1.PDF,Financial Fraud,CROSS_DOMAIN
The_State_Of_Rajasthan_vs_Surendra_Singh_Rathore_on_19_February_2025_1.PDF,Corruption,SCC 2002 1 714,,,UNRESOLVED
The_State_Of_Rajasthan_vs_Surendra_Singh_Rathore_on_19_February_2025_1.PDF,Corruption,SCC 1980 1 554,,,UNRESOLVED
The_State_Of_Rajasthan_vs_Surendra_Singh_Rathore_on_19_February_2025_1.PDF,Corruption,SCC 2001 6 181,,,UNRESOLVED
The_State_Of_Rajasthan_vs_Surendra_Singh_Rathore_on_19_February_2025_1.PDF,Corruption,SCC 1979 2 322,Ram_Lal_Narang_Etc_Etc_vs_State_Of_Delhi_Admn_on_10_January_1979_1.PDF,Financial Fraud,CROSS_DOMAIN
The_State_Of_Rajasthan_vs_Surendra_Singh_Rathore_on_19_February_2025_1.PDF,Corruption,SCC 2001 6 181,,,UNRESOLVED
The_State_Of_Rajasthan_vs_Surendra_Singh_Rathore_on_19_February_2025_1.PDF,Corruption,SCC 2001 6 181,,,UNRESOLVED
The_State_Of_Rajasthan_vs_Surendra_Singh_Rathore_on_19_February_2025_1.PDF,Corruption,SCC 2009 1 441,,,UNRESOLVED
The_State_Of_Rajasthan_vs_Surendra_Singh_Rathore_on_19_February_2025_1.PDF,Corruption,SCC 1979 2 322,Ram_Lal_Narang_Etc_Etc_vs_State_Of_Delhi_Admn_on_10_January_1979_1.PDF,Financial Fraud,CROSS_DOMAIN
The_State_Of_Rajasthan_vs_Surendra_Singh_Rathore_on_19_February_2025_1.PDF,Corruption,SCC 2013 5 148,,,UNRESOLVED
The_State_Of_Rajasthan_vs_Surendra_Singh_Rathore_on_19_February_2025_1.PDF,Corruption,SCC 2018 4 579,,,UNRESOLVED
