citing_file_name,citing_domain,cited_citation_normalized,cited_file_name,cited_domain,edge_type
S_Swamirathnam_vs_State_Of_Madras_on_14_September_1956_1.PDF,Financial Fraud,AIR 1936 BOM 154,,,UNRESOLVED
State_Of_Punjab_vs_Shadi_Lal_on_4_September_1959_1.PDF,Financial Fraud,AIR 1952 PUNJ 89,,,UNRESOLVED
Rama_Rao_And_Anr_vs_Narayan_And_Anr_on_20_December_1968_1.PDF,Financial Fraud,AIR 1930 MAD 369,,,UNRESOLVED
Rama_Rao_And_Anr_vs_Narayan_And_Anr_on_20_December_1968_1.PDF,Financial Fraud,AIR 1934 MAD 40,,,UNRESOLVED
Rama_Rao_And_Anr_vs_Narayan_And_Anr_on_20_December_1968_1.PDF,Financial Fraud,AIR 1930 MAD 369,,,UNRESOLVED
Rama_Rao_And_Anr_vs_Narayan_And_Anr_on_20_December_1968_1.PDF,Financial Fraud,AIR 1935 MAD 673,,,UNRESOLVED
Rama_Rao_And_Anr_vs_Narayan_And_Anr_on_20_December_1968_1.PDF,Financial Fraud,SCR 1957 423,Om_Prakash_Gupta_vs_State_Of_U_P_With_Connected_Appeals_on_11_January_1957_1.PDF,Corruption; Financial Fraud,INTERNAL
Harihar_Prasad_Etc_vs_State_Of_Bihar_on_7_September_1971_1.PDF,Financial Fraud,AIR 1928 PC 2,,,UNRESOLVED
M_N_Sankarayarayanan_Nair_vs_P_V_Balakrishnan_Ors_on_26_November_1971_1.PDF,Financial Fraud,AIR 1949 PATNA 222,,,UNRESOLVED
M_N_Sankarayarayanan_Nair_vs_P_V_Balakrishnan_Ors_on_26_November_1971_1.PDF,Financial Fraud,AIR 1970 KERALA 153,,,UNRESOLVED
Lqbal_Ismail_Sodawala_vs_The_State_Of_Maharashtra_And_Ors_on_13_August_1974_1.PDF,Financial Fraud,SCR 1954 330,Surendra_Singh_And_Others_vs_The_State_Of_Uttar_Pradesh_on_16_November_1953_1.PDF,Violent Crime / Homicide,CROSS_DOMAIN
Lqbal_Ismail_Sodawala_vs_The_State_Of_Maharashtra_And_Ors_on_13_August_1974_1.PDF,Financial Fraud,SCR 1955 2 94,,,UNRESOLVED
Superintendent_Rememberancer_Of_vs_S_K_Roy_on_12_February_1974_1.PDF,Financial Fraud,SCR 1961 2 679,,,UNRESOLVED
Carew_And_Company_Ltd_vs_Union_Of_India_Uoi_on_22_August_1975_1.PDF,Financial Fraud,AIR 1973 MYS 95,,,UNRESOLVED
Carew_And_Company_Ltd_vs_Union_Of_India_Uoi_on_22_August_1975_1.PDF,Financial Fraud,AIR 1960 BOM 22,,,UNRESOLVED
Carew_And_Company_Ltd_vs_Union_Of_India_Uoi_on_22_August_1975_1.PDF,Financial Fraud,AIR 1972 BOM 301,,,UNRESOLVED
Carew_And_Company_Ltd_vs_Union_Of_India_Uoi_on_22_August_1975_1.PDF,Financial Fraud,AIR 1973 MYS 95,,,UNRESOLVED
Carew_And_Company_Ltd_vs_Union_Of_India_Uoi_on_22_August_1975_1.PDF,Financial Fraud,AIR 1960 BOM 22,,,UNRESOLVED
Karnal_Singh_Uttam_Singh_vs_State_Of_Maharashtra_on_19_November_1975_1.PDF,Financial Fraud,AIR 1943 PC 211,,,UNRESOLVED
Rabindra_Kumar_Dey_vs_State_Of_Orissa_on_31_August_1976_1.PDF,Financial Fraud,SCR 1965 3 235,,,UNRESOLVED
Barjure_Kaikhosroo_Maarfatia_vs_State_Of_Maharashtra_on_16_December_1977_1.PDF,Financial Fraud,SCC 1977 2 205,,,UNRESOLVED
Barjure_Kaikhosroo_Maarfatia_vs_State_Of_Maharashtra_on_16_December_1977_1.PDF,Financial Fraud,SCC 1977 2 208,,,UNRESOLVED
Govt_Of_Andhra_Pradesh_Anr_Etc_vs_Anne_Venkatesware_Etc_Etc_on_17_February_1977_1.PDF,Financial Fraud,SCR 1961 3 440,,,UNRESOLVED
Govt_Of_Andhra_Pradesh_Anr_Etc_vs_Anne_Venkatesware_Etc_Etc_on_17_February_1977_1.PDF,Financial Fraud,SCR 1975 1 778,,,UNRESOLVED
Iqbal_Singh_vs_State_Delhi_Administration_Ors_on_9_November_1977_1.PDF,Financial Fraud,SCR 1975 1 1,,,UNRESOLVED
Magan_Bihari_Lal_vs_State_Of_Punjab_on_15_February_1977_1.PDF,Financial Fraud,AIR 1957 SC 361,,,UNRESOLVED
Magan_Bihari_Lal_vs_State_Of_Punjab_on_15_February_1977_1.PDF,Financial Fraud,AIR 1963 SC 1728,,,UNRESOLVED
Magan_Bihari_Lal_vs_State_Of_Punjab_on_15_February_1977_1.PDF,Financial Fraud,AIR 1964 SC 529,,,UNRESOLVED
Magan_Bihari_Lal_vs_State_Of_Punjab_on_15_February_1977_1.PDF,Financial Fraud,AIR 1967 SC 1326,,,UNRESOLVED
Magan_Bihari_Lal_vs_State_Of_Punjab_on_15_February_1977_1.PDF,Financial Fraud,AIR 1957 SC 381,Ram_Chandra_And_Anr_vs_State_Of_Uttar_Pradesh_on_26_November_1956_1.PDF,Organized Crime / Extortion; Violent Crime / Homicide,CROSS_DOMAIN
Magan_Bihari_Lal_vs_State_Of_Punjab_on_15_February_1977_1.PDF,Financial Fraud,AIR 1963 SC 1728,,,UNRESOLVED
Magan_Bihari_Lal_vs_State_Of_Punjab_on_15_February_1977_1.PDF,Financial Fraud,AIR 1964 SC 529,,,UNRESOLVED
Magan_Bihari_Lal_vs_State_Of_Punjab_on_15_February_1977_1.PDF,Financial Fraud,AIR 1967 SC 1326,,,UNRESOLVED
Mohammad_Giasuddin_vs_State_Of_Andhra_Pradesh_on_6_May_1977_1.PDF,Financial Fraud,AIR 1973 SC 947,,,UNRESOLVED
Mohammad_Giasuddin_vs_State_Of_Andhra_Pradesh_on_6_May_1977_1.PDF,Financial Fraud,AIR 1974 SC 228,,,UNRESOLVED
Mohammad_Giasuddin_vs_State_Of_Andhra_Pradesh_on_6_May_1977_1.PDF,Financial Fraud,AIR 1973 SC 947,,,UNRESOLVED
Mohammad_Giasuddin_vs_State_Of_Andhra_Pradesh_on_6_May_1977_1.PDF,Financial Fraud,AIR 1960 PUNJAB 482,,,UNRESOLVED
Mohammad_Giasuddin_vs_State_Of_Andhra_Pradesh_on_6_May_1977_1.PDF,Financial Fraud,SCC 1976 4 190,,,UNRESOLVED
Mohammad_Giasuddin_vs_State_Of_Andhra_Pradesh_on_6_May_1977_1.PDF,Financial Fraud,SCR 1973 541,,,UNRESOLVED
Nrisingha_Murari_Chakraborty_Ors_vs_State_Of_West_Bengal_on_12_April_1977_1.PDF,Financial Fraud,SCR 1967 3 525,,,UNRESOLVED
Nrisingha_Murari_Chakraborty_Ors_vs_State_Of_West_Bengal_on_12_April_1977_1.PDF,Financial Fraud,SCR 1962 2 241,,,UNRESOLVED
Nrisingha_Murari_Chakraborty_Ors_vs_State_Of_West_Bengal_on_12_April_1977_1.PDF,Financial Fraud,SCR 1969 1 13,,,UNRESOLVED
Yash_Pal_Mittal_vs_State_Of_Punjab_on_3_November_1977_1.PDF,Financial Fraud,SCR 1962 2 195,,,UNRESOLVED
Yash_Pal_Mittal_vs_State_Of_Punjab_on_3_November_1977_1.PDF,Financial Fraud,SCR 1968 2 528,,,UNRESOLVED
Kamlapati_Trivedi_vs_State_Of_West_Bengal_on_13_December_1978_1.PDF,Financial Fraud,SCR 1955 2 1013,Shri_Virindar_Kumar_Satyawadi_vs_The_State_Of_Punjab_on_24_November_1955_1.PDF,,OUTSIDE_DOMAINS
Kamlapati_Trivedi_vs_State_Of_West_Bengal_on_13_December_1978_1.PDF,Financial Fraud,SCR 1963 1 778,,,UNRESOLVED
Kamlapati_Trivedi_vs_State_Of_West_Bengal_on_13_December_1978_1.PDF,Financial Fraud,SCR 1967 3 668,,,UNRESOLVED
Kamlapati_Trivedi_vs_State_Of_West_Bengal_on_13_December_1978_1.PDF,Financial Fraud,SCR 1967 1 520,,,UNRESOLVED
S_L_Goswami_vs_High_Court_Of_Madhya_Pradesh_At_Jabalpur_on_23_November_1978_1.PDF,Financial Fraud,SCR 1976 2 933,,,UNRESOLVED
S_L_Goswami_vs_High_Court_Of_Madhya_Pradesh_At_Jabalpur_on_23_November_1978_1.PDF,Financial Fraud,SCR 1973 2 66,,,UNRESOLVED
B_Saha_And_Ors_vs_M_S_Kochar_on_27_July_1979_1.PDF,Financial Fraud,SCR 1955 1 1302,,,UNRESOLVED
Ram_Lal_Narang_Etc_Etc_vs_State_Of_Delhi_Admn_on_10_January_1979_1.PDF,Financial Fraud,AIR 1919 MADRAS 751,,,UNRESOLVED
Ram_Lal_Narang_Etc_Etc_vs_State_Of_Delhi_Admn_on_10_January_1979_1.PDF,Financial Fraud,AIR 1946 MADRAS 502,,,UNRESOLVED
Ram_Lal_Narang_Etc_Etc_vs_State_Of_Delhi_Admn_on_10_January_1979_1.PDF,Financial Fraud,AIR 1952 ORISSA 350,,,UNRESOLVED
Ram_Lal_Narang_Etc_Etc_vs_State_Of_Delhi_Admn_on_10_January_1979_1.PDF,Financial Fraud,SCR 1955 1 1150,,,UNRESOLVED
Ram_Lal_Narang_Etc_Etc_vs_State_Of_Delhi_Admn_on_10_January_1979_1.PDF,Financial Fraud,SCR 1951 72,,,UNRESOLVED
Satya_Narain_Musadi_And_Ors_vs_State_Of_Bihar_on_17_September_1979_1.PDF,Financial Fraud,AIR 1949 OUDH 66,,,UNRESOLVED
Gurbaksh_Singh_Sibbia_Etc_vs_State_Of_Punjab_on_9_April_1980_1.PDF,Financial Fraud,SCR 1977 2 52,,,UNRESOLVED
Harihar_Prasad_Dubey_vs_Tulsi_Das_Mundhra_And_Ors_on_8_August_1980_1.PDF,Financial Fraud,SCR 1996 483,,,UNRESOLVED
V_C_Shukla_vs_State_Delhi_Administration_on_11_April_1980_1.PDF,Financial Fraud,SCR 1961 1 14,,,UNRESOLVED
V_C_Shukla_vs_State_Delhi_Administration_on_11_April_1980_1.PDF,Financial Fraud,SCR 1979 2 476,In_Re__The_Special_Courts_Bill_1978_vs_Unknown_on_1_December_1978_1.PDF,Organized Crime / Extortion,CROSS_DOMAIN
V_C_Shukla_vs_State_Delhi_Administration_on_11_April_1980_1.PDF,Financial Fraud,SCR 1963 3 809,,,UNRESOLVED
V_C_Shukla_vs_State_Delhi_Administration_on_11_April_1980_1.PDF,Financial Fraud,SCR 1972 1 421,,,UNRESOLVED
V_C_Shukla_vs_State_Delhi_Administration_on_11_April_1980_1.PDF,Financial Fraud,SCR 1950 519,Dr_N_B_Khare_vs_The_State_Of_Delhi_on_26_May_1950_1.PDF,,OUTSIDE_DOMAINS
V_C_Shukla_vs_State_Delhi_Administration_on_11_April_1980_1.PDF,Financial Fraud,SCR 1952 435,Kathi_Raning_Rawat_vs_The_State_Of_Saurashtra_on_27_February_1952_1.PDF,Violent Crime / Homicide,CROSS_DOMAIN
V_C_Shukla_vs_State_Delhi_Administration_on_11_April_1980_1.PDF,Financial Fraud,SCR 1955 2 925,,,UNRESOLVED
V_C_Shukla_vs_State_Delhi_Administration_on_11_April_1980_1.PDF,Financial Fraud,SCR 1959 995,,,UNRESOLVED
V_C_Shukla_vs_State_Delhi_Administration_on_11_April_1980_1.PDF,Financial Fraud,SCR 1968 2 125,,,UNRESOLVED
V_C_Shukla_vs_State_Delhi_Administration_on_11_April_1980_1.PDF,Financial Fraud,SCR 1964 5 683,,,UNRESOLVED
V_C_Shukla_vs_State_Delhi_Administration_on_11_April_1980_1.PDF,Financial Fraud,SCR 1980 1 380,,,UNRESOLVED
V_C_Shukla_vs_State_Delhi_Administration_on_11_April_1980_1.PDF,Financial Fraud,SCR 1971 2 871,,,UNRESOLVED
V_C_Shukla_vs_State_Delhi_Administration_on_11_April_1980_1.PDF,Financial Fraud,SCR 1955 1 1045,,,UNRESOLVED
V_C_Shukla_vs_State_Delhi_Administration_on_11_April_1980_1.PDF,Financial Fraud,SCR 1979 2 476,In_Re__The_Special_Courts_Bill_1978_vs_Unknown_on_1_December_1978_1.PDF,Organized Crime / Extortion,CROSS_DOMAIN
V_C_Shukla_vs_State_Delhi_Administration_on_11_April_1980_1.PDF,Financial Fraud,SCR 1976 2 347,Indira_Nehru_Gandhi_vs_Shri_Raj_Narain_Anr_on_7_November_1975_1.PDF,Organized Crime / Extortion; Violent Crime / Homicide,CROSS_DOMAIN
V_C_Shukla_vs_State_Delhi_Administration_on_11_April_1980_1.PDF,Financial Fraud,SCR 1953 589,Syed_Qasim_Razvi_vs_The_State_Of_Hyderabad_And_Others_And_on_19_January_1953_1.PDF,Organized Crime / Extortion,CROSS_DOMAIN
V_C_Shukla_vs_State_Delhi_Administration_on_11_April_1980_1.PDF,Financial Fraud,SCR 1980 1 380,,,UNRESOLVED
V_C_Shukla_vs_State_Delhi_Administration_on_11_April_1980_1.PDF,Financial Fraud,SCR 1952 284,The_State_Of_West_Bengal_vs_Anwar_All_Sarkarhabib_Mohamed_The_on_11_January_1952_1.PDF,Organized Crime / Extortion; Violent Crime / Homicide,CROSS_DOMAIN
Sampuran_Singh_vs_State_Of_Punjab_on_17_August_1982_1.PDF,Financial Fraud,SCR 1952 135,Commissioner_Of_Police_Bombay_vs_Gordhandas_Bhanji_on_23_November_1951_1.PDF,,OUTSIDE_DOMAINS
Sampuran_Singh_vs_State_Of_Punjab_on_17_August_1982_1.PDF,Financial Fraud,SCR 1968 3 182,,,UNRESOLVED
Sheonandan_Paswan_vs_State_Of_Bihar_Others_on_16_December_1982_1.PDF,Financial Fraud,SCR 1957 279,,,UNRESOLVED
Sheonandan_Paswan_vs_State_Of_Bihar_Others_on_16_December_1982_1.PDF,Financial Fraud,SCR 1977 1 335,,,UNRESOLVED
Sheonandan_Paswan_vs_State_Of_Bihar_Others_on_16_December_1982_1.PDF,Financial Fraud,SCR 1978 1 604,,,UNRESOLVED
Sheonandan_Paswan_vs_State_Of_Bihar_Others_on_16_December_1982_1.PDF,Financial Fraud,SCR 1980 3 982,,,UNRESOLVED
Sheonandan_Paswan_vs_State_Of_Bihar_Others_on_16_December_1982_1.PDF,Financial Fraud,SCR 1957 297,,,UNRESOLVED
Sheonandan_Paswan_vs_State_Of_Bihar_Others_on_16_December_1982_1.PDF,Financial Fraud,SCR 1972 2 599,,,UNRESOLVED
Sheonandan_Paswan_vs_State_Of_Bihar_Others_on_16_December_1982_1.PDF,Financial Fraud,SCR 1977 1 355,,,UNRESOLVED
Sheonandan_Paswan_vs_State_Of_Bihar_Others_on_16_December_1982_1.PDF,Financial Fraud,SCR 1978 1 604,,,UNRESOLVED
Sheonandan_Paswan_vs_State_Of_Bihar_Others_on_16_December_1982_1.PDF,Financial Fraud,SCR 1980 3 982,,,UNRESOLVED
Dr_S_S_Khanna_vs_Chief_Secretary_Patna_Others_on_12_April_1983_1.PDF,Financial Fraud,SCC 1983 3 42,Dr_S_S_Khanna_vs_Chief_Secretary_Patna_Others_on_12_April_1983_1.PDF,Financial Fraud,INTERNAL
Naib_Singh_vs_State_Of_Punjab_Ors_on_19_April_1983_1.PDF,Financial Fraud,SCR 1961 3 440,,,UNRESOLVED
H_Anraj_And_Others_Etc_vs_State_Of_Maharashtra_on_23_January_1984_1.PDF,Financial Fraud,AIR 1975 AP 50,,,UNRESOLVED
H_Anraj_And_Others_Etc_vs_State_Of_Maharashtra_on_23_January_1984_1.PDF,Financial Fraud,AIR 1971 BOMBAY 332,,,UNRESOLVED
H_Anraj_And_Others_Etc_vs_State_Of_Maharashtra_on_23_January_1984_1.PDF,Financial Fraud,AIR 1973 MADRAS 402,,,UNRESOLVED
State_Of_U_P_vs_Suresh_Chandra_Srivastava_Ors_on_3_May_1984_1.PDF,Financial Fraud,SCC 1984 3 92,,,UNRESOLVED
Pratibha_Rani_vs_Suraj_Kumar_Anr_on_12_March_1985_1.PDF,Financial Fraud,AIR 1982 PUNJAB 372,,,UNRESOLVED
Pratibha_Rani_vs_Suraj_Kumar_Anr_on_12_March_1985_1.PDF,Financial Fraud,AIR 1982 PUNJAB 372,,,UNRESOLVED
Pratibha_Rani_vs_Suraj_Kumar_Anr_on_12_March_1985_1.PDF,Financial Fraud,AIR 1982 PUNJAB 372,,,UNRESOLVED
Pratibha_Rani_vs_Suraj_Kumar_Anr_on_12_March_1985_1.PDF,Financial Fraud,AIR 1953 SC 478,,,UNRESOLVED
Pratibha_Rani_vs_Suraj_Kumar_Anr_on_12_March_1985_1.PDF,Financial Fraud,AIR 1971 SC 1543,,,UNRESOLVED
Pratibha_Rani_vs_Suraj_Kumar_Anr_on_12_March_1985_1.PDF,Financial Fraud,AIR 1961 MP 37,,,UNRESOLVED
Pratibha_Rani_vs_Suraj_Kumar_Anr_on_12_March_1985_1.PDF,Financial Fraud,AIR 1982 PUNJAB 372,,,UNRESOLVED
Pratibha_Rani_vs_Suraj_Kumar_Anr_on_12_March_1985_1.PDF,Financial Fraud,AIR 1983 SC 1219,,,UNRESOLVED
Pratibha_Rani_vs_Suraj_Kumar_Anr_on_12_March_1985_1.PDF,Financial Fraud,AIR 1982 PUNJAB 372,,,UNRESOLVED
Pratibha_Rani_vs_Suraj_Kumar_Anr_on_12_March_1985_1.PDF,Financial Fraud,AIR 1965 SC 1433,,,UNRESOLVED
Pratibha_Rani_vs_Suraj_Kumar_Anr_on_12_March_1985_1.PDF,Financial Fraud,AIR 1953 SC 478,,,UNRESOLVED
Pratibha_Rani_vs_Suraj_Kumar_Anr_on_12_March_1985_1.PDF,Financial Fraud,AIR 1981 SC 92,,,UNRESOLVED
Pratibha_Rani_vs_Suraj_Kumar_Anr_on_12_March_1985_1.PDF,Financial Fraud,AIR 1965 SC 1433,,,UNRESOLVED
Pratibha_Rani_vs_Suraj_Kumar_Anr_on_12_March_1985_1.PDF,Financial Fraud,AIR 1971 SC 1543,,,UNRESOLVED
Pratibha_Rani_vs_Suraj_Kumar_Anr_on_12_March_1985_1.PDF,Financial Fraud,AIR 1982 PUNJAB 372,,,UNRESOLVED
Pratibha_Rani_vs_Suraj_Kumar_Anr_on_12_March_1985_1.PDF,Financial Fraud,SCR 1956 483,Jaswantrai_Manilal_Akhaney_vs_The_State_Of_Bombay_on_4_May_1956_1.PDF,Financial Fraud,INTERNAL
Pratibha_Rani_vs_Suraj_Kumar_Anr_on_12_March_1985_1.PDF,Financial Fraud,SCR 1968 2 408,,,UNRESOLVED
Pratibha_Rani_vs_Suraj_Kumar_Anr_on_12_March_1985_1.PDF,Financial Fraud,SCR 1968 2 408,,,UNRESOLVED
Pratibha_Rani_vs_Suraj_Kumar_Anr_on_12_March_1985_1.PDF,Financial Fraud,SCR 1956 483,Jaswantrai_Manilal_Akhaney_vs_The_State_Of_Bombay_on_4_May_1956_1.PDF,Financial Fraud,INTERNAL
Pratibha_Rani_vs_Suraj_Kumar_Anr_on_12_March_1985_1.PDF,Financial Fraud,SCR 1968 2 408,,,UNRESOLVED
Shanker_Dass_vs_Union_Of_India_Anr_on_12_March_1985_1.PDF,Financial Fraud,SCC 1985 2 358,,,UNRESOLVED
Mohd_Mumtaz_vs_Nandini_Satpathy_And_Ors_on_20_December_1986_1.PDF,Financial Fraud,SCC 1987 1 279,Mohd_Mumtaz_vs_Nandini_Satpathy_And_Ors_on_20_December_1986_1.PDF,Financial Fraud,INTERNAL
Mohd_Mumtaz_vs_Nandini_Satpathy_And_Ors_on_20_December_1986_1.PDF,Financial Fraud,SCR 1957 279,,,UNRESOLVED
Mohd_Mumtaz_vs_Nandini_Satpathy_And_Ors_on_20_December_1986_1.PDF,Financial Fraud,SCR 1980 3 982,,,UNRESOLVED
Mohd_Mumtaz_vs_Nandini_Satpathy_And_Ors_on_20_December_1986_1.PDF,Financial Fraud,SCR 1957 279,,,UNRESOLVED
Mohd_Mumtaz_vs_Nandini_Satpathy_And_Ors_on_20_December_1986_1.PDF,Financial Fraud,SCR 1980 3 982,,,UNRESOLVED
Mohd_Mumtaz_vs_Nandini_Satpathy_And_Ors_on_20_December_1986_1.PDF,Financial Fraud,SCR 1957 279,,,UNRESOLVED
Mohd_Mumtaz_vs_Nandini_Satpathy_And_Ors_on_20_December_1986_1.PDF,Financial Fraud,SCR 1980 3 982,,,UNRESOLVED
Mohd_Mumtaz_vs_Nandini_Satpathy_And_Ors_on_20_December_1986_1.PDF,Financial Fraud,SCR 1957 279,,,UNRESOLVED
Mohd_Mumtaz_vs_Nandini_Satpathy_And_Ors_on_20_December_1986_1.PDF,Financial Fraud,SCR 1957 279,,,UNRESOLVED
Mohd_Mumtaz_vs_Nandini_Satpathy_And_Ors_on_20_December_1986_1.PDF,Financial Fraud,SCR 1980 3 982,,,UNRESOLVED
Mohd_Mumtaz_vs_Nandini_Satpathy_And_Ors_on_20_December_1986_1.PDF,Financial Fraud,SCR 1980 3 982,,,UNRESOLVED
Mohd_Mumtaz_vs_Nandini_Satpathy_And_Ors_on_20_December_1986_1.PDF,Financial Fraud,SCR 1957 279,,,UNRESOLVED
Sheo_Nandan_Paswan_vs_State_Of_Bihar_Ors_on_20_December_1986_1.PDF,Financial Fraud,AIR 1976 AC 370,,,UNRESOLVED
Sheo_Nandan_Paswan_vs_State_Of_Bihar_Ors_on_20_December_1986_1.PDF,Financial Fraud,AIR 1980 SC 1883,,,UNRESOLVED
Sheo_Nandan_Paswan_vs_State_Of_Bihar_Ors_on_20_December_1986_1.PDF,Financial Fraud,AIR 1976 SC 370,Bansi_Lal_vs_Chandan_Lal_And_Ors_on_5_December_1975_1.PDF,,OUTSIDE_DOMAINS
Sheo_Nandan_Paswan_vs_State_Of_Bihar_Ors_on_20_December_1986_1.PDF,Financial Fraud,AIR 1980 SC 1883,,,UNRESOLVED
Sheo_Nandan_Paswan_vs_State_Of_Bihar_Ors_on_20_December_1986_1.PDF,Financial Fraud,AIR 1943 SIND 161,,,UNRESOLVED
Sheo_Nandan_Paswan_vs_State_Of_Bihar_Ors_on_20_December_1986_1.PDF,Financial Fraud,AIR 1949 PATNA 233,,,UNRESOLVED
Sheo_Nandan_Paswan_vs_State_Of_Bihar_Ors_on_20_December_1986_1.PDF,Financial Fraud,AIR 1976 SC 370,Bansi_Lal_vs_Chandan_Lal_And_Ors_on_5_December_1975_1.PDF,,OUTSIDE_DOMAINS
Sheo_Nandan_Paswan_vs_State_Of_Bihar_Ors_on_20_December_1986_1.PDF,Financial Fraud,SCR 1983 2 61,,,UNRESOLVED
Sheo_Nandan_Paswan_vs_State_Of_Bihar_Ors_on_20_December_1986_1.PDF,Financial Fraud,SCR 1983 2 61,,,UNRESOLVED
Sheo_Nandan_Paswan_vs_State_Of_Bihar_Ors_on_20_December_1986_1.PDF,Financial Fraud,SCR 1980 3 982,,,UNRESOLVED
Sheo_Nandan_Paswan_vs_State_Of_Bihar_Ors_on_20_December_1986_1.PDF,Financial Fraud,SCR 1957 279,,,UNRESOLVED
Sheo_Nandan_Paswan_vs_State_Of_Bihar_Ors_on_20_December_1986_1.PDF,Financial Fraud,SCR 1983 2 61,,,UNRESOLVED
Sheo_Nandan_Paswan_vs_State_Of_Bihar_Ors_on_20_December_1986_1.PDF,Financial Fraud,SCR 1957 279,,,UNRESOLVED
Sheo_Nandan_Paswan_vs_State_Of_Bihar_Ors_on_20_December_1986_1.PDF,Financial Fraud,SCR 1972 2 599,,,UNRESOLVED
Sheo_Nandan_Paswan_vs_State_Of_Bihar_Ors_on_20_December_1986_1.PDF,Financial Fraud,SCR 1977 1 335,,,UNRESOLVED
Sheo_Nandan_Paswan_vs_State_Of_Bihar_Ors_on_20_December_1986_1.PDF,Financial Fraud,SCR 1978 1 604,,,UNRESOLVED
Sheo_Nandan_Paswan_vs_State_Of_Bihar_Ors_on_20_December_1986_1.PDF,Financial Fraud,SCR 1980 2 44,,,UNRESOLVED
Sheo_Nandan_Paswan_vs_State_Of_Bihar_Ors_on_20_December_1986_1.PDF,Financial Fraud,SCR 1980 3 982,,,UNRESOLVED
Sheo_Nandan_Paswan_vs_State_Of_Bihar_Ors_on_20_December_1986_1.PDF,Financial Fraud,SCR 1984 2 500,,,UNRESOLVED
Sheo_Nandan_Paswan_vs_State_Of_Bihar_Ors_on_20_December_1986_1.PDF,Financial Fraud,SCR 1980 1 1076,,,UNRESOLVED
Sheo_Nandan_Paswan_vs_State_Of_Bihar_Ors_on_20_December_1986_1.PDF,Financial Fraud,SCR 1969 1 387,,,UNRESOLVED
Sheo_Nandan_Paswan_vs_State_Of_Bihar_Ors_on_20_December_1986_1.PDF,Financial Fraud,SCR 1968 3 789,P_V_Jagannath_Rao_And_Ors_vs_State_Of_Orissa_And_Ors_on_30_April_1968_1.PDF,,OUTSIDE_DOMAINS
Sheo_Nandan_Paswan_vs_State_Of_Bihar_Ors_on_20_December_1986_1.PDF,Financial Fraud,SCR 1980 2 44,,,UNRESOLVED
Sheo_Nandan_Paswan_vs_State_Of_Bihar_Ors_on_20_December_1986_1.PDF,Financial Fraud,SCR 1972 2 599,,,UNRESOLVED
Sheo_Nandan_Paswan_vs_State_Of_Bihar_Ors_on_20_December_1986_1.PDF,Financial Fraud,SCR 1977 1 385,,,UNRESOLVED
Sheo_Nandan_Paswan_vs_State_Of_Bihar_Ors_on_20_December_1986_1.PDF,Financial Fraud,SCR 1957 279,,,UNRESOLVED
Sheo_Nandan_Paswan_vs_State_Of_Bihar_Ors_on_20_December_1986_1.PDF,Financial Fraud,SCR 1978 1 604,,,UNRESOLVED
Sheo_Nandan_Paswan_vs_State_Of_Bihar_Ors_on_20_December_1986_1.PDF,Financial Fraud,SCR 1972 2 599,,,UNRESOLVED
Sheo_Nandan_Paswan_vs_State_Of_Bihar_Ors_on_20_December_1986_1.PDF,Financial Fraud,SCR 1977 1 335,,,UNRESOLVED
Sheo_Nandan_Paswan_vs_State_Of_Bihar_Ors_on_20_December_1986_1.PDF,Financial Fraud,SCR 1980 3 982,,,UNRESOLVED
Sheo_Nandan_Paswan_vs_State_Of_Bihar_Ors_on_20_December_1986_1.PDF,Financial Fraud,SCR 1980 1 1076,,,UNRESOLVED
Sheo_Nandan_Paswan_vs_State_Of_Bihar_Ors_on_20_December_1986_1.PDF,Financial Fraud,SCR 1969 1 387,,,UNRESOLVED
Sheo_Nandan_Paswan_vs_State_Of_Bihar_Ors_on_20_December_1986_1.PDF,Financial Fraud,SCR 1968 3 789,P_V_Jagannath_Rao_And_Ors_vs_State_Of_Orissa_And_Ors_on_30_April_1968_1.PDF,,OUTSIDE_DOMAINS
Sheo_Nandan_Paswan_vs_State_Of_Bihar_Ors_on_20_December_1986_1.PDF,Financial Fraud,SCR 1980 2 44,,,UNRESOLVED
Sheo_Nandan_Paswan_vs_State_Of_Bihar_Ors_on_20_December_1986_1.PDF,Financial Fraud,SCR 1972 2 599,,,UNRESOLVED
Sheo_Nandan_Paswan_vs_State_Of_Bihar_Ors_on_20_December_1986_1.PDF,Financial Fraud,SCR 1977 1 385,,,UNRESOLVED
Sheo_Nandan_Paswan_vs_State_Of_Bihar_Ors_on_20_December_1986_1.PDF,Financial Fraud,SCR 1957 279,,,UNRESOLVED
Sheo_Nandan_Paswan_vs_State_Of_Bihar_Ors_on_20_December_1986_1.PDF,Financial Fraud,SCR 1978 1 604,,,UNRESOLVED
Sheo_Nandan_Paswan_vs_State_Of_Bihar_Ors_on_20_December_1986_1.PDF,Financial Fraud,SCR 1980 3 982,,,UNRESOLVED
Sheo_Nandan_Paswan_vs_State_Of_Bihar_Ors_on_20_December_1986_1.PDF,Financial Fraud,SCR 1983 2 61,,,UNRESOLVED
Sheo_Nandan_Paswan_vs_State_Of_Bihar_Ors_on_20_December_1986_1.PDF,Financial Fraud,SCR 1983 2 61,,,UNRESOLVED
Sheo_Nandan_Paswan_vs_State_Of_Bihar_Ors_on_20_December_1986_1.PDF,Financial Fraud,SCR 1957 279,,,UNRESOLVED
Sheo_Nandan_Paswan_vs_State_Of_Bihar_Ors_on_20_December_1986_1.PDF,Financial Fraud,SCR 1972 2 599,,,UNRESOLVED
Sheo_Nandan_Paswan_vs_State_Of_Bihar_Ors_on_20_December_1986_1.PDF,Financial Fraud,SCR 1957 279,,,UNRESOLVED
Sheo_Nandan_Paswan_vs_State_Of_Bihar_Ors_on_20_December_1986_1.PDF,Financial Fraud,SCR 1972 2 599,,,UNRESOLVED
Sheo_Nandan_Paswan_vs_State_Of_Bihar_Ors_on_20_December_1986_1.PDF,Financial Fraud,SCR 1957 279,,,UNRESOLVED
Sheo_Nandan_Paswan_vs_State_Of_Bihar_Ors_on_20_December_1986_1.PDF,Financial Fraud,SCR 1977 1 335,,,UNRESOLVED
Sheo_Nandan_Paswan_vs_State_Of_Bihar_Ors_on_20_December_1986_1.PDF,Financial Fraud,SCR 1978 1 604,,,UNRESOLVED
Sheo_Nandan_Paswan_vs_State_Of_Bihar_Ors_on_20_December_1986_1.PDF,Financial Fraud,SCR 1980 2 44,,,UNRESOLVED
Sheo_Nandan_Paswan_vs_State_Of_Bihar_Ors_on_20_December_1986_1.PDF,Financial Fraud,SCR 1980 3 982,,,UNRESOLVED
Bank_Of_India_vs_Yeturi_Maredi_Shanker_Rao_Anr_on_28_January_1987_1.PDF,Financial Fraud,SCC 1987 1 577,,,UNRESOLVED
Sushil_Kumar_And_Ors_vs_State_Of_Haryana_And_Ors_on_8_December_1987_1.PDF,Financial Fraud,SCR 1963 3 376,,,UNRESOLVED
A_R_Antulay_vs_R_S_Nayak_Anr_on_29_April_1988_1.PDF,Financial Fraud,AIR 1957 SC 790,,,UNRESOLVED
A_R_Antulay_vs_R_S_Nayak_Anr_on_29_April_1988_1.PDF,Financial Fraud,AIR 1935 PC 122,,,UNRESOLVED
A_R_Antulay_vs_R_S_Nayak_Anr_on_29_April_1988_1.PDF,Financial Fraud,AIR 1949 BOMBAY 42,,,UNRESOLVED
A_R_Antulay_vs_R_S_Nayak_Anr_on_29_April_1988_1.PDF,Financial Fraud,AIR 1961 PUNJAB 87,,,UNRESOLVED
A_R_Antulay_vs_R_S_Nayak_Anr_on_29_April_1988_1.PDF,Financial Fraud,AIR 1916 PC 8,,,UNRESOLVED
A_R_Antulay_vs_R_S_Nayak_Anr_on_29_April_1988_1.PDF,Financial Fraud,AIR 1949 BOMBAY 42,,,UNRESOLVED
A_R_Antulay_vs_R_S_Nayak_Anr_on_29_April_1988_1.PDF,Financial Fraud,AIR 1949 BOMBAY 42,,,UNRESOLVED
A_R_Antulay_vs_R_S_Nayak_Anr_on_29_April_1988_1.PDF,Financial Fraud,AIR 1961 PUNJAB 87,,,UNRESOLVED
A_R_Antulay_vs_R_S_Nayak_Anr_on_29_April_1988_1.PDF,Financial Fraud,SCC 1962 2 716,,,UNRESOLVED
A_R_Antulay_vs_R_S_Nayak_Anr_on_29_April_1988_1.PDF,Financial Fraud,SCC 1985 2 716,,,UNRESOLVED
A_R_Antulay_vs_R_S_Nayak_Anr_on_29_April_1988_1.PDF,Financial Fraud,SCR 1955 1 117,,,UNRESOLVED
A_R_Antulay_vs_R_S_Nayak_Anr_on_29_April_1988_1.PDF,Financial Fraud,SCR 1973 1 697,,,UNRESOLVED
A_R_Antulay_vs_R_S_Nayak_Anr_on_29_April_1988_1.PDF,Financial Fraud,SCR 1973 1 697,,,UNRESOLVED
A_R_Antulay_vs_R_S_Nayak_Anr_on_29_April_1988_1.PDF,Financial Fraud,SCR 1965 2 800,,,UNRESOLVED
A_R_Antulay_vs_R_S_Nayak_Anr_on_29_April_1988_1.PDF,Financial Fraud,SCR 1955 2 603,,,UNRESOLVED
A_R_Antulay_vs_R_S_Nayak_Anr_on_29_April_1988_1.PDF,Financial Fraud,SCR 1985 3 26,,,UNRESOLVED
A_R_Antulay_vs_R_S_Nayak_Anr_on_29_April_1988_1.PDF,Financial Fraud,SCR 1955 2 603,,,UNRESOLVED
A_R_Antulay_vs_R_S_Nayak_Anr_on_29_April_1988_1.PDF,Financial Fraud,SCR 1952 284,The_State_Of_West_Bengal_vs_Anwar_All_Sarkarhabib_Mohamed_The_on_11_January_1952_1.PDF,Organized Crime / Extortion; Violent Crime / Homicide,CROSS_DOMAIN
A_R_Antulay_vs_R_S_Nayak_Anr_on_29_April_1988_1.PDF,Financial Fraud,SCR 1975 1 127,,,UNRESOLVED
A_R_Antulay_vs_R_S_Nayak_Anr_on_29_April_1988_1.PDF,Financial Fraud,SCR 1977 1 87,,,UNRESOLVED
A_R_Antulay_vs_R_S_Nayak_Anr_on_29_April_1988_1.PDF,Financial Fraud,SCR 1977 1 462,,,UNRESOLVED
A_R_Antulay_vs_R_S_Nayak_Anr_on_29_April_1988_1.PDF,Financial Fraud,SCR 1985 2 8,,,UNRESOLVED
A_R_Antulay_vs_R_S_Nayak_Anr_on_29_April_1988_1.PDF,Financial Fraud,SCR 1974 3 427,,,UNRESOLVED
A_R_Antulay_vs_R_S_Nayak_Anr_on_29_April_1988_1.PDF,Financial Fraud,SCR 1960 1 924,Romesh_Chandra_Arora_vs_The_State_on_6_October_1959_1.PDF,Organized Crime / Extortion,CROSS_DOMAIN
A_R_Antulay_vs_R_S_Nayak_Anr_on_29_April_1988_1.PDF,Financial Fraud,SCR 1952 284,The_State_Of_West_Bengal_vs_Anwar_All_Sarkarhabib_Mohamed_The_on_11_January_1952_1.PDF,Organized Crime / Extortion; Violent Crime / Homicide,CROSS_DOMAIN
A_R_Antulay_vs_R_S_Nayak_Anr_on_29_April_1988_1.PDF,Financial Fraud,SCR 1979 2 476,In_Re__The_Special_Courts_Bill_1978_vs_Unknown_on_1_December_1978_1.PDF,Organized Crime / Extortion,CROSS_DOMAIN
A_R_Antulay_vs_R_S_Nayak_Anr_on_29_April_1988_1.PDF,Financial Fraud,SCR 1964 1 495,,,UNRESOLVED
A_R_Antulay_vs_R_S_Nayak_Anr_on_29_April_1988_1.PDF,Financial Fraud,SCR 1953 185,Bhatia_Co_Operative_Housingsociety_vs_D_C_Patel_on_5_November_1952_1.PDF,,OUTSIDE_DOMAINS
A_R_Antulay_vs_R_S_Nayak_Anr_on_29_April_1988_1.PDF,Financial Fraud,SCR 1984 2 495,,,UNRESOLVED
A_R_Antulay_vs_R_S_Nayak_Anr_on_29_April_1988_1.PDF,Financial Fraud,SCR 1984 2 914,,,UNRESOLVED
A_R_Antulay_vs_R_S_Nayak_Anr_on_29_April_1988_1.PDF,Financial Fraud,SCR 1984 3 482,,,UNRESOLVED
A_R_Antulay_vs_R_S_Nayak_Anr_on_29_April_1988_1.PDF,Financial Fraud,SCR 1970 2 875,,,UNRESOLVED
A_R_Antulay_vs_R_S_Nayak_Anr_on_29_April_1988_1.PDF,Financial Fraud,SCR 1953 136,Keshardeo_Chamria_vs_Radha_Kissen_Chamria_And_Othersradha_on_30_October_1952_1.PDF,,OUTSIDE_DOMAINS
A_R_Antulay_vs_R_S_Nayak_Anr_on_29_April_1988_1.PDF,Financial Fraud,SCR 1963 1 885,,,UNRESOLVED
A_R_Antulay_vs_R_S_Nayak_Anr_on_29_April_1988_1.PDF,Financial Fraud,SCR 1962 1 574,,,UNRESOLVED
A_R_Antulay_vs_R_S_Nayak_Anr_on_29_April_1988_1.PDF,Financial Fraud,SCR 1969 2 824,,,UNRESOLVED
A_R_Antulay_vs_R_S_Nayak_Anr_on_29_April_1988_1.PDF,Financial Fraud,SCR 1952 284,The_State_Of_West_Bengal_vs_Anwar_All_Sarkarhabib_Mohamed_The_on_11_January_1952_1.PDF,Organized Crime / Extortion; Violent Crime / Homicide,CROSS_DOMAIN
A_R_Antulay_vs_R_S_Nayak_Anr_on_29_April_1988_1.PDF,Financial Fraud,SCR 1963 1 885,,,UNRESOLVED
A_R_Antulay_vs_R_S_Nayak_Anr_on_29_April_1988_1.PDF,Financial Fraud,SCR 1969 2 624,,,UNRESOLVED
A_R_Antulay_vs_R_S_Nayak_Anr_on_29_April_1988_1.PDF,Financial Fraud,SCR 1961 497,,,UNRESOLVED
A_R_Antulay_vs_R_S_Nayak_Anr_on_29_April_1988_1.PDF,Financial Fraud,SCR 1952 284,The_State_Of_West_Bengal_vs_Anwar_All_Sarkarhabib_Mohamed_The_on_11_January_1952_1.PDF,Organized Crime / Extortion; Violent Crime / Homicide,CROSS_DOMAIN
A_R_Antulay_vs_R_S_Nayak_Anr_on_29_April_1988_1.PDF,Financial Fraud,SCR 1952 3 435,,,UNRESOLVED
A_R_Antulay_vs_R_S_Nayak_Anr_on_29_April_1988_1.PDF,Financial Fraud,SCR 1972 2 476,,,UNRESOLVED
A_R_Antulay_vs_R_S_Nayak_Anr_on_29_April_1988_1.PDF,Financial Fraud,SCR 1980 3 500,,,UNRESOLVED
A_R_Antulay_vs_R_S_Nayak_Anr_on_29_April_1988_1.PDF,Financial Fraud,SCR 1981 2 673,,,UNRESOLVED
A_R_Antulay_vs_R_S_Nayak_Anr_on_29_April_1988_1.PDF,Financial Fraud,SCR 1974 3 427,,,UNRESOLVED
A_R_Antulay_vs_R_S_Nayak_Anr_on_29_April_1988_1.PDF,Financial Fraud,SCR 1953 2 603,,,UNRESOLVED
A_R_Antulay_vs_R_S_Nayak_Anr_on_29_April_1988_1.PDF,Financial Fraud,SCR 1987 1 288,,,UNRESOLVED
A_R_Antulay_vs_R_S_Nayak_Anr_on_29_April_1988_1.PDF,Financial Fraud,SCR 1966 744,,,UNRESOLVED
A_R_Antulay_vs_R_S_Nayak_Anr_on_29_April_1988_1.PDF,Financial Fraud,SCR 1965 2 800,,,UNRESOLVED
A_R_Antulay_vs_R_S_Nayak_Anr_on_29_April_1988_1.PDF,Financial Fraud,SCR 9851 3 26,,,UNRESOLVED
A_R_Antulay_vs_R_S_Nayak_Anr_on_29_April_1988_1.PDF,Financial Fraud,SCR 1985 2 8,,,UNRESOLVED
A_R_Antulay_vs_R_S_Nayak_Anr_on_29_April_1988_1.PDF,Financial Fraud,SCR 1975 1 127,,,UNRESOLVED
A_R_Antulay_vs_R_S_Nayak_Anr_on_29_April_1988_1.PDF,Financial Fraud,SCR 1977 1 87,,,UNRESOLVED
A_R_Antulay_vs_R_S_Nayak_Anr_on_29_April_1988_1.PDF,Financial Fraud,SCR 1977 1 462,,,UNRESOLVED
A_R_Antulay_vs_R_S_Nayak_Anr_on_29_April_1988_1.PDF,Financial Fraud,SCR 1960 3 590,,,UNRESOLVED
A_R_Antulay_vs_R_S_Nayak_Anr_on_29_April_1988_1.PDF,Financial Fraud,SCR 1955 2 603,,,UNRESOLVED
A_R_Antulay_vs_R_S_Nayak_Anr_on_29_April_1988_1.PDF,Financial Fraud,SCR 1980 2 873,,,UNRESOLVED
A_R_Antulay_vs_R_S_Nayak_Anr_on_29_April_1988_1.PDF,Financial Fraud,SCR 1979 2 476,In_Re__The_Special_Courts_Bill_1978_vs_Unknown_on_1_December_1978_1.PDF,Organized Crime / Extortion,CROSS_DOMAIN
A_R_Antulay_vs_R_S_Nayak_Anr_on_29_April_1988_1.PDF,Financial Fraud,SCR 1980 3 500,,,UNRESOLVED
A_R_Antulay_vs_R_S_Nayak_Anr_on_29_April_1988_1.PDF,Financial Fraud,SCR 1984 2 914,,,UNRESOLVED
A_R_Antulay_vs_R_S_Nayak_Anr_on_29_April_1988_1.PDF,Financial Fraud,SCR 1984 2 495,,,UNRESOLVED
A_R_Antulay_vs_R_S_Nayak_Anr_on_29_April_1988_1.PDF,Financial Fraud,SCR 1984 3 482,,,UNRESOLVED
A_R_Antulay_vs_R_S_Nayak_Anr_on_29_April_1988_1.PDF,Financial Fraud,SCR 1952 284,The_State_Of_West_Bengal_vs_Anwar_All_Sarkarhabib_Mohamed_The_on_11_January_1952_1.PDF,Organized Crime / Extortion; Violent Crime / Homicide,CROSS_DOMAIN
A_R_Antulay_vs_R_S_Nayak_Anr_on_29_April_1988_1.PDF,Financial Fraud,SCR 1956 2 800,,,UNRESOLVED
A_R_Antulay_vs_R_S_Nayak_Anr_on_29_April_1988_1.PDF,Financial Fraud,SCR 1963 1 885,,,UNRESOLVED
A_R_Antulay_vs_R_S_Nayak_Anr_on_29_April_1988_1.PDF,Financial Fraud,SCR 1966 3 744,,,UNRESOLVED
A_R_Antulay_vs_R_S_Nayak_Anr_on_29_April_1988_1.PDF,Financial Fraud,SCR 1970 2 875,,,UNRESOLVED
A_R_Antulay_vs_R_S_Nayak_Anr_on_29_April_1988_1.PDF,Financial Fraud,SCR 1953 136,Keshardeo_Chamria_vs_Radha_Kissen_Chamria_And_Othersradha_on_30_October_1952_1.PDF,,OUTSIDE_DOMAINS
A_R_Antulay_vs_R_S_Nayak_Anr_on_29_April_1988_1.PDF,Financial Fraud,SCR 1984 2 495,,,UNRESOLVED
A_R_Antulay_vs_R_S_Nayak_Anr_on_29_April_1988_1.PDF,Financial Fraud,SCR 1984 2 914,,,UNRESOLVED
A_R_Antulay_vs_R_S_Nayak_Anr_on_29_April_1988_1.PDF,Financial Fraud,SCR 1984 3 412,,,UNRESOLVED
A_R_Antulay_vs_R_S_Nayak_Anr_on_29_April_1988_1.PDF,Financial Fraud,SCR 1984 2 495,,,UNRESOLVED
A_R_Antulay_vs_R_S_Nayak_Anr_on_29_April_1988_1.PDF,Financial Fraud,SCR 1984 3 412,,,UNRESOLVED
A_R_Antulay_vs_R_S_Nayak_Anr_on_29_April_1988_1.PDF,Financial Fraud,SCR 1968 2 624,,,UNRESOLVED
A_R_Antulay_vs_R_S_Nayak_Anr_on_29_April_1988_1.PDF,Financial Fraud,SCR 1952 284,The_State_Of_West_Bengal_vs_Anwar_All_Sarkarhabib_Mohamed_The_on_11_January_1952_1.PDF,Organized Crime / Extortion; Violent Crime / Homicide,CROSS_DOMAIN
A_R_Antulay_vs_R_S_Nayak_Anr_on_29_April_1988_1.PDF,Financial Fraud,SCR 1966 2 678,,,UNRESOLVED
A_R_Antulay_vs_R_S_Nayak_Anr_on_29_April_1988_1.PDF,Financial Fraud,SCR 1962 1 574,,,UNRESOLVED
A_R_Antulay_vs_R_S_Nayak_Anr_on_29_April_1988_1.PDF,Financial Fraud,SCR 1969 2 824,,,UNRESOLVED
A_R_Antulay_vs_R_S_Nayak_Anr_on_29_April_1988_1.PDF,Financial Fraud,SCR 1984 2 495,,,UNRESOLVED
A_R_Antulay_vs_R_S_Nayak_Anr_on_29_April_1988_1.PDF,Financial Fraud,SCR 1984 2 914,,,UNRESOLVED
A_R_Antulay_vs_R_S_Nayak_Anr_on_29_April_1988_1.PDF,Financial Fraud,SCR 1984 3 412,,,UNRESOLVED
A_R_Antulay_vs_R_S_Nayak_Anr_on_29_April_1988_1.PDF,Financial Fraud,SCR 1984 3 482,,,UNRESOLVED
A_R_Antulay_vs_R_S_Nayak_Anr_on_29_April_1988_1.PDF,Financial Fraud,SCR 1984 2 495,,,UNRESOLVED
A_R_Antulay_vs_R_S_Nayak_Anr_on_29_April_1988_1.PDF,Financial Fraud,SCR 1961 497,,,UNRESOLVED
Doypack_Systems_Pvt_Ltd_Etc_vs_Union_Of_India_Ors_Etc_on_12_February_1988_1.PDF,Financial Fraud,SCC 1988 4 447,,,UNRESOLVED
Doypack_Systems_Pvt_Ltd_Etc_vs_Union_Of_India_Ors_Etc_on_12_February_1988_1.PDF,Financial Fraud,SCR 1985 2 854,,,UNRESOLVED
Doypack_Systems_Pvt_Ltd_Etc_vs_Union_Of_India_Ors_Etc_on_12_February_1988_1.PDF,Financial Fraud,SCR 1981 2 533,,,UNRESOLVED
Doypack_Systems_Pvt_Ltd_Etc_vs_Union_Of_India_Ors_Etc_on_12_February_1988_1.PDF,Financial Fraud,SCR 1986 1 697,,,UNRESOLVED
Doypack_Systems_Pvt_Ltd_Etc_vs_Union_Of_India_Ors_Etc_on_12_February_1988_1.PDF,Financial Fraud,SCR 1985 3 243,,,UNRESOLVED
Doypack_Systems_Pvt_Ltd_Etc_vs_Union_Of_India_Ors_Etc_on_12_February_1988_1.PDF,Financial Fraud,SCR 1964 1 371,,,UNRESOLVED
Doypack_Systems_Pvt_Ltd_Etc_vs_Union_Of_India_Ors_Etc_on_12_February_1988_1.PDF,Financial Fraud,SCR 1960 1 200,,,UNRESOLVED
Doypack_Systems_Pvt_Ltd_Etc_vs_Union_Of_India_Ors_Etc_on_12_February_1988_1.PDF,Financial Fraud,SCR 1983 1 1000,,,UNRESOLVED
Doypack_Systems_Pvt_Ltd_Etc_vs_Union_Of_India_Ors_Etc_on_12_February_1988_1.PDF,Financial Fraud,SCR 1982 1 629,,,UNRESOLVED
Doypack_Systems_Pvt_Ltd_Etc_vs_Union_Of_India_Ors_Etc_on_12_February_1988_1.PDF,Financial Fraud,SCR 1975 3 333,,,UNRESOLVED
Doypack_Systems_Pvt_Ltd_Etc_vs_Union_Of_India_Ors_Etc_on_12_February_1988_1.PDF,Financial Fraud,SCR 1970 3 530,,,UNRESOLVED
Doypack_Systems_Pvt_Ltd_Etc_vs_Union_Of_India_Ors_Etc_on_12_February_1988_1.PDF,Financial Fraud,SCR 1971 2 790,,,UNRESOLVED
Doypack_Systems_Pvt_Ltd_Etc_vs_Union_Of_India_Ors_Etc_on_12_February_1988_1.PDF,Financial Fraud,SCR 1970 1 479,,,UNRESOLVED
Doypack_Systems_Pvt_Ltd_Etc_vs_Union_Of_India_Ors_Etc_on_12_February_1988_1.PDF,Financial Fraud,SCR 1960 2 942,,,UNRESOLVED
Doypack_Systems_Pvt_Ltd_Etc_vs_Union_Of_India_Ors_Etc_on_12_February_1988_1.PDF,Financial Fraud,SCR 1975 1 534,,,UNRESOLVED
Srinivasa_Gopal_vs_Union_Territory_Of_Arunachal_Pradesh_on_18_July_1988_1.PDF,Financial Fraud,SCR 1981 3 349,,,UNRESOLVED
India_Carat_Pvt_Ltd_vs_State_Of_Karnataka_Anr_on_15_February_1989_1.PDF,Financial Fraud,SCR 1967 3 668,,,UNRESOLVED
India_Carat_Pvt_Ltd_vs_State_Of_Karnataka_Anr_on_15_February_1989_1.PDF,Financial Fraud,SCR 1981 1 935,,,UNRESOLVED
India_Carat_Pvt_Ltd_vs_State_Of_Karnataka_Anr_on_15_February_1989_1.PDF,Financial Fraud,SCR 1978 1 615,,,UNRESOLVED
India_Carat_Pvt_Ltd_vs_State_Of_Karnataka_Anr_on_15_February_1989_1.PDF,Financial Fraud,SCR 1967 3 668,,,UNRESOLVED
India_Carat_Pvt_Ltd_vs_State_Of_Karnataka_Anr_on_15_February_1989_1.PDF,Financial Fraud,SCR 1981 1 935,,,UNRESOLVED
India_Carat_Pvt_Ltd_vs_State_Of_Karnataka_Anr_on_15_February_1989_1.PDF,Financial Fraud,SCR 1978 1 615,,,UNRESOLVED
Narendra_Kumar_Maheshwari_vs_Union_Of_India_Ors_on_3_May_1989_1.PDF,Financial Fraud,AIR 1959 SC 896,,,UNRESOLVED
Narendra_Kumar_Maheshwari_vs_Union_Of_India_Ors_on_3_May_1989_1.PDF,Financial Fraud,AIR 1959 SC 896,,,UNRESOLVED
Narendra_Kumar_Maheshwari_vs_Union_Of_India_Ors_on_3_May_1989_1.PDF,Financial Fraud,SCR 1967 3 636,,,UNRESOLVED
Narendra_Kumar_Maheshwari_vs_Union_Of_India_Ors_on_3_May_1989_1.PDF,Financial Fraud,SCR 1972 3 1,,,UNRESOLVED
Narendra_Kumar_Maheshwari_vs_Union_Of_India_Ors_on_3_May_1989_1.PDF,Financial Fraud,SCR 1975 1 321,,,UNRESOLVED
Narendra_Kumar_Maheshwari_vs_Union_Of_India_Ors_on_3_May_1989_1.PDF,Financial Fraud,SCR 1964 1 809,,,UNRESOLVED
Narendra_Kumar_Maheshwari_vs_Union_Of_India_Ors_on_3_May_1989_1.PDF,Financial Fraud,SCR 1979 3 1014,,,UNRESOLVED
Narendra_Kumar_Maheshwari_vs_Union_Of_India_Ors_on_3_May_1989_1.PDF,Financial Fraud,SCR 1979 2 641,,,UNRESOLVED
Narendra_Kumar_Maheshwari_vs_Union_Of_India_Ors_on_3_May_1989_1.PDF,Financial Fraud,SCR 1979 3 10,,,UNRESOLVED
Narendra_Kumar_Maheshwari_vs_Union_Of_India_Ors_on_3_May_1989_1.PDF,Financial Fraud,SCR 1979 2 641,,,UNRESOLVED
Narendra_Kumar_Maheshwari_vs_Union_Of_India_Ors_on_3_May_1989_1.PDF,Financial Fraud,SCR 1967 3 636,,,UNRESOLVED
Narendra_Kumar_Maheshwari_vs_Union_Of_India_Ors_on_3_May_1989_1.PDF,Financial Fraud,SCR 1972 3 1,,,UNRESOLVED
Narendra_Kumar_Maheshwari_vs_Union_Of_India_Ors_on_3_May_1989_1.PDF,Financial Fraud,SCR 1975 1 321,,,UNRESOLVED
State_Of_U_P_vs_Pheru_Singh_And_Ors_on_16_March_1989_1.PDF,Financial Fraud,SCR 1958 580,The_State_Of_Madras_vs_A_Vaidyanatha_Iyer_on_26_September_1957_1.PDF,Corruption,CROSS_DOMAIN
Sohan_Lal_And_Ors_vs_State_Of_Rajasthan_on_21_August_1990_1.PDF,Financial Fraud,SCR 1964 1 639,,,UNRESOLVED
Sohan_Lal_And_Ors_vs_State_Of_Rajasthan_on_21_August_1990_1.PDF,Financial Fraud,SCR 1979 2 306,,,UNRESOLVED
Sohan_Lal_And_Ors_vs_State_Of_Rajasthan_on_21_August_1990_1.PDF,Financial Fraud,SCR 1983 1 884,,,UNRESOLVED
Sohan_Lal_And_Ors_vs_State_Of_Rajasthan_on_21_August_1990_1.PDF,Financial Fraud,SCR 1983 2 724,,,UNRESOLVED
Sohan_Lal_And_Ors_vs_State_Of_Rajasthan_on_21_August_1990_1.PDF,Financial Fraud,SCR 1964 1 639,,,UNRESOLVED
Sohan_Lal_And_Ors_vs_State_Of_Rajasthan_on_21_August_1990_1.PDF,Financial Fraud,SCR 1979 2 306,,,UNRESOLVED
Sohan_Lal_And_Ors_vs_State_Of_Rajasthan_on_21_August_1990_1.PDF,Financial Fraud,SCR 1983 1 884,,,UNRESOLVED
Sohan_Lal_And_Ors_vs_State_Of_Rajasthan_on_21_August_1990_1.PDF,Financial Fraud,SCR 1983 2 724,,,UNRESOLVED
Gokak_Patel_Volkart_Ltd_vs_Dundayya_Gurushiddaiah_Hiremath_And_on_14_February_1991_1.PDF,Financial Fraud,AIR 1984 SC 1688,,,UNRESOLVED
Gokak_Patel_Volkart_Ltd_vs_Dundayya_Gurushiddaiah_Hiremath_And_on_14_February_1991_1.PDF,Financial Fraud,SCC 1991 2 141,Gokak_Patel_Volkart_Ltd_vs_Dundayya_Gurushiddaiah_Hiremath_And_on_14_February_1991_1.PDF,Financial Fraud,INTERNAL
Gokak_Patel_Volkart_Ltd_vs_Dundayya_Gurushiddaiah_Hiremath_And_on_14_February_1991_1.PDF,Financial Fraud,SCR 1988 2 783,,,UNRESOLVED
Gokak_Patel_Volkart_Ltd_vs_Dundayya_Gurushiddaiah_Hiremath_And_on_14_February_1991_1.PDF,Financial Fraud,SCR 1973 1 1004,,,UNRESOLVED
Gokak_Patel_Volkart_Ltd_vs_Dundayya_Gurushiddaiah_Hiremath_And_on_14_February_1991_1.PDF,Financial Fraud,SCR 1985 1 626,,,UNRESOLVED
Narendra_Pratap_Narain_Singh_And_Anr_vs_State_Of_U_P_on_3_April_1991_1.PDF,Financial Fraud,AIR 1953 SC 479,,,UNRESOLVED
Narendra_Pratap_Narain_Singh_And_Anr_vs_State_Of_U_P_on_3_April_1991_1.PDF,Financial Fraud,SCR 1957 423,Om_Prakash_Gupta_vs_State_Of_U_P_With_Connected_Appeals_on_11_January_1957_1.PDF,Corruption; Financial Fraud,INTERNAL
State_Of_Bihar_Etc_Etc_vs_P_P_Sharma_Ias_And_Anr_on_2_April_1991_1.PDF,Financial Fraud,AIR 1980 SC 326,,,UNRESOLVED
State_Of_Bihar_Etc_Etc_vs_P_P_Sharma_Ias_And_Anr_on_2_April_1991_1.PDF,Financial Fraud,AIR 1980 SC 326,,,UNRESOLVED
State_Of_Bihar_Etc_Etc_vs_P_P_Sharma_Ias_And_Anr_on_2_April_1991_1.PDF,Financial Fraud,SCR 1960 3 388,,,UNRESOLVED
State_Of_Bihar_Etc_Etc_vs_P_P_Sharma_Ias_And_Anr_on_2_April_1991_1.PDF,Financial Fraud,SCR 1980 2 16,,,UNRESOLVED
State_Of_Bihar_Etc_Etc_vs_P_P_Sharma_Ias_And_Anr_on_2_April_1991_1.PDF,Financial Fraud,SCR 1982 3 121,,,UNRESOLVED
State_Of_Bihar_Etc_Etc_vs_P_P_Sharma_Ias_And_Anr_on_2_April_1991_1.PDF,Financial Fraud,SCR 1970 3 945,,,UNRESOLVED
State_Of_Bihar_Etc_Etc_vs_P_P_Sharma_Ias_And_Anr_on_2_April_1991_1.PDF,Financial Fraud,SCR 1967 3 668,,,UNRESOLVED
State_Of_Bihar_Etc_Etc_vs_P_P_Sharma_Ias_And_Anr_on_2_April_1991_1.PDF,Financial Fraud,SCR 1964 3 71,,,UNRESOLVED
State_Of_Bihar_Etc_Etc_vs_P_P_Sharma_Ias_And_Anr_on_2_April_1991_1.PDF,Financial Fraud,SCR 1970 2 931,,,UNRESOLVED
State_Of_Bihar_Etc_Etc_vs_P_P_Sharma_Ias_And_Anr_on_2_April_1991_1.PDF,Financial Fraud,SCR 1960 2 89,,,UNRESOLVED
State_Of_Bihar_Etc_Etc_vs_P_P_Sharma_Ias_And_Anr_on_2_April_1991_1.PDF,Financial Fraud,SCR 1972 3 89,,,UNRESOLVED
State_Of_Bihar_Etc_Etc_vs_P_P_Sharma_Ias_And_Anr_on_2_April_1991_1.PDF,Financial Fraud,SCR 1960 3 388,,,UNRESOLVED
State_Of_Bihar_Etc_Etc_vs_P_P_Sharma_Ias_And_Anr_on_2_April_1991_1.PDF,Financial Fraud,SCR 1980 2 16,,,UNRESOLVED
State_Of_Bihar_Etc_Etc_vs_P_P_Sharma_Ias_And_Anr_on_2_April_1991_1.PDF,Financial Fraud,SCR 1970 3 946,,,UNRESOLVED
State_Of_Bihar_Etc_Etc_vs_P_P_Sharma_Ias_And_Anr_on_2_April_1991_1.PDF,Financial Fraud,SCR 1967 3 668,,,UNRESOLVED
State_Of_Bihar_Etc_Etc_vs_P_P_Sharma_Ias_And_Anr_on_2_April_1991_1.PDF,Financial Fraud,SCR 1970 2 931,,,UNRESOLVED
State_Of_Bihar_Etc_Etc_vs_P_P_Sharma_Ias_And_Anr_on_2_April_1991_1.PDF,Financial Fraud,SCR 1964 3 71,,,UNRESOLVED
State_Of_Bihar_Etc_Etc_vs_P_P_Sharma_Ias_And_Anr_on_2_April_1991_1.PDF,Financial Fraud,SCR 1960 2 89,,,UNRESOLVED
State_Of_Bihar_Etc_Etc_vs_P_P_Sharma_Ias_And_Anr_on_2_April_1991_1.PDF,Financial Fraud,SCR 1980 1 111,,,UNRESOLVED
State_Of_Bihar_Etc_Etc_vs_P_P_Sharma_Ias_And_Anr_on_2_April_1991_1.PDF,Financial Fraud,SCR 1932 3 121,,,UNRESOLVED
State_Of_U_P_vs_Kamal_Kishore_And_Anr_on_5_December_1991_1.PDF,Financial Fraud,AIR 1979 SC 1263,Mehtab_Singh_vs_State_Of_U_P_on_9_August_1978_1.PDF,,OUTSIDE_DOMAINS
K_T_M_S_Mohd_And_Anr_vs_Union_Of_India_on_28_April_1992_1.PDF,Financial Fraud,AIR 1956 SC 604,,,UNRESOLVED
K_T_M_S_Mohd_And_Anr_vs_Union_Of_India_on_28_April_1992_1.PDF,Financial Fraud,AIR 1957 SC 397,Pannalal_Binjraj_vs_Union_Of_India_Uoi_on_21_December_1956_1.PDF,,OUTSIDE_DOMAINS
K_T_M_S_Mohd_And_Anr_vs_Union_Of_India_on_28_April_1992_1.PDF,Financial Fraud,AIR 1965 SC 481,,,UNRESOLVED
K_T_M_S_Mohd_And_Anr_vs_Union_Of_India_on_28_April_1992_1.PDF,Financial Fraud,AIR 1965 SC 682,,,UNRESOLVED
K_T_M_S_Mohd_And_Anr_vs_Union_Of_India_on_28_April_1992_1.PDF,Financial Fraud,AIR 1956 SC 604,,,UNRESOLVED
K_T_M_S_Mohd_And_Anr_vs_Union_Of_India_on_28_April_1992_1.PDF,Financial Fraud,AIR 1957 SC 397,Pannalal_Binjraj_vs_Union_Of_India_Uoi_on_21_December_1956_1.PDF,,OUTSIDE_DOMAINS
K_T_M_S_Mohd_And_Anr_vs_Union_Of_India_on_28_April_1992_1.PDF,Financial Fraud,AIR 1965 SC 481,,,UNRESOLVED
K_T_M_S_Mohd_And_Anr_vs_Union_Of_India_on_28_April_1992_1.PDF,Financial Fraud,AIR 1965 SC 682,,,UNRESOLVED
K_T_M_S_Mohd_And_Anr_vs_Union_Of_India_on_28_April_1992_1.PDF,Financial Fraud,SCC 1992 3 178,,,UNRESOLVED
K_T_M_S_Mohd_And_Anr_vs_Union_Of_India_on_28_April_1992_1.PDF,Financial Fraud,SCR 1956 577,Ravula_Subba_Rao_And_Another_vs_The_Commissioner_Of_on_9_May_1956_1.PDF,,OUTSIDE_DOMAINS
K_T_M_S_Mohd_And_Anr_vs_Union_Of_India_on_28_April_1992_1.PDF,Financial Fraud,SCR 1957 233,Pannalal_Binjraj_vs_Union_Of_India_on_21_December_1956_1.PDF,,OUTSIDE_DOMAINS
K_T_M_S_Mohd_And_Anr_vs_Union_Of_India_on_28_April_1992_1.PDF,Financial Fraud,SCR 1963 2 297,,,UNRESOLVED
K_T_M_S_Mohd_And_Anr_vs_Union_Of_India_on_28_April_1992_1.PDF,Financial Fraud,SCR 1965 3 854,,,UNRESOLVED
K_T_M_S_Mohd_And_Anr_vs_Union_Of_India_on_28_April_1992_1.PDF,Financial Fraud,SCR 1985 1 536,,,UNRESOLVED
K_T_M_S_Mohd_And_Anr_vs_Union_Of_India_on_28_April_1992_1.PDF,Financial Fraud,SCR 1964 2 378,,,UNRESOLVED
K_T_M_S_Mohd_And_Anr_vs_Union_Of_India_on_28_April_1992_1.PDF,Financial Fraud,SCR 1956 577,Ravula_Subba_Rao_And_Another_vs_The_Commissioner_Of_on_9_May_1956_1.PDF,,OUTSIDE_DOMAINS
K_T_M_S_Mohd_And_Anr_vs_Union_Of_India_on_28_April_1992_1.PDF,Financial Fraud,SCR 1957 233,Pannalal_Binjraj_vs_Union_Of_India_on_21_December_1956_1.PDF,,OUTSIDE_DOMAINS
K_T_M_S_Mohd_And_Anr_vs_Union_Of_India_on_28_April_1992_1.PDF,Financial Fraud,SCR 1963 2 297,,,UNRESOLVED
K_T_M_S_Mohd_And_Anr_vs_Union_Of_India_on_28_April_1992_1.PDF,Financial Fraud,SCR 1965 3 854,,,UNRESOLVED
K_T_M_S_Mohd_And_Anr_vs_Union_Of_India_on_28_April_1992_1.PDF,Financial Fraud,SCR 1985 1 536,,,UNRESOLVED
K_T_M_S_Mohd_And_Anr_vs_Union_Of_India_on_28_April_1992_1.PDF,Financial Fraud,SCR 1964 2 378,,,UNRESOLVED
Madan_Gopal_Kakkad_vs_Naval_Dubey_And_Anr_on_29_April_1992_1.PDF,Financial Fraud,AIR 1927 LAHORE 735,,,UNRESOLVED
Madan_Gopal_Kakkad_vs_Naval_Dubey_And_Anr_on_29_April_1992_1.PDF,Financial Fraud,AIR 1957 ORISSA 78,,,UNRESOLVED
Madan_Gopal_Kakkad_vs_Naval_Dubey_And_Anr_on_29_April_1992_1.PDF,Financial Fraud,AIR 1977 SC 1307,Pratap_Misra_And_Ors_vs_State_Of_Orissa_on_23_February_1977_1.PDF,,OUTSIDE_DOMAINS
Madan_Gopal_Kakkad_vs_Naval_Dubey_And_Anr_on_29_April_1992_1.PDF,Financial Fraud,AIR 1934 PC 227,,,UNRESOLVED
Madan_Gopal_Kakkad_vs_Naval_Dubey_And_Anr_on_29_April_1992_1.PDF,Financial Fraud,AIR 1977 SC 2274,,,UNRESOLVED
Madan_Gopal_Kakkad_vs_Naval_Dubey_And_Anr_on_29_April_1992_1.PDF,Financial Fraud,AIR 1934 PC 227,,,UNRESOLVED
Madan_Gopal_Kakkad_vs_Naval_Dubey_And_Anr_on_29_April_1992_1.PDF,Financial Fraud,AIR 1977 SC 1307,Pratap_Misra_And_Ors_vs_State_Of_Orissa_on_23_February_1977_1.PDF,,OUTSIDE_DOMAINS
Madan_Gopal_Kakkad_vs_Naval_Dubey_And_Anr_on_29_April_1992_1.PDF,Financial Fraud,AIR 1927 LAHORE 735,,,UNRESOLVED
Madan_Gopal_Kakkad_vs_Naval_Dubey_And_Anr_on_29_April_1992_1.PDF,Financial Fraud,AIR 1957 ORISSA 78,,,UNRESOLVED
Madan_Gopal_Kakkad_vs_Naval_Dubey_And_Anr_on_29_April_1992_1.PDF,Financial Fraud,SCR 1952 377,Rameshwar_vs_The_State_Of_Rajasthan_on_20_December_1951_1.PDF,,OUTSIDE_DOMAINS
Madan_Gopal_Kakkad_vs_Naval_Dubey_And_Anr_on_29_April_1992_1.PDF,Financial Fraud,SCR 1978 1 597,,,UNRESOLVED
Madan_Gopal_Kakkad_vs_Naval_Dubey_And_Anr_on_29_April_1992_1.PDF,Financial Fraud,SCR 1952 193,Surajpal_Singh_And_Others_vs_The_State_on_20_December_1951_1.PDF,Financial Fraud; Violent Crime / Homicide,INTERNAL
Madan_Gopal_Kakkad_vs_Naval_Dubey_And_Anr_on_29_April_1992_1.PDF,Financial Fraud,SCR 1955 2 1285,,,UNRESOLVED
Madan_Gopal_Kakkad_vs_Naval_Dubey_And_Anr_on_29_April_1992_1.PDF,Financial Fraud,SCR 1978 1 597,,,UNRESOLVED
Madan_Gopal_Kakkad_vs_Naval_Dubey_And_Anr_on_29_April_1992_1.PDF,Financial Fraud,SCR 1952 377,Rameshwar_vs_The_State_Of_Rajasthan_on_20_December_1951_1.PDF,,OUTSIDE_DOMAINS
Madan_Gopal_Kakkad_vs_Naval_Dubey_And_Anr_on_29_April_1992_1.PDF,Financial Fraud,SCR 1952 193,Surajpal_Singh_And_Others_vs_The_State_on_20_December_1951_1.PDF,Financial Fraud; Violent Crime / Homicide,INTERNAL
Madan_Gopal_Kakkad_vs_Naval_Dubey_And_Anr_on_29_April_1992_1.PDF,Financial Fraud,SCR 1955 2 1285,,,UNRESOLVED
Ajay_Agarwal_vs_Union_Of_India_And_Ors_on_5_May_1993_1.PDF,Financial Fraud,AIR 1964 BOMBAY 133,,,UNRESOLVED
Ajay_Agarwal_vs_Union_Of_India_And_Ors_on_5_May_1993_1.PDF,Financial Fraud,AIR 1957 SC 857,,,UNRESOLVED
Ajay_Agarwal_vs_Union_Of_India_And_Ors_on_5_May_1993_1.PDF,Financial Fraud,AIR 1964 BOMBAY 133,,,UNRESOLVED
Ajay_Agarwal_vs_Union_Of_India_And_Ors_on_5_May_1993_1.PDF,Financial Fraud,AIR 1957 SC 857,,,UNRESOLVED
Ajay_Agarwal_vs_Union_Of_India_And_Ors_on_5_May_1993_1.PDF,Financial Fraud,SCC 1993 3 609,,,UNRESOLVED
Ajay_Agarwal_vs_Union_Of_India_And_Ors_on_5_May_1993_1.PDF,Financial Fraud,SCR 1962 2 229,,,UNRESOLVED
Ajay_Agarwal_vs_Union_Of_India_And_Ors_on_5_May_1993_1.PDF,Financial Fraud,SCR 1977 2433,,,UNRESOLVED
Ajay_Agarwal_vs_Union_Of_India_And_Ors_on_5_May_1993_1.PDF,Financial Fraud,SCR 1981 3 68,,,UNRESOLVED
Ajay_Agarwal_vs_Union_Of_India_And_Ors_on_5_May_1993_1.PDF,Financial Fraud,SCR 1963 1 253,,,UNRESOLVED
Ajay_Agarwal_vs_Union_Of_India_And_Ors_on_5_May_1993_1.PDF,Financial Fraud,SCR 1197 012 760,,,UNRESOLVED
Ajay_Agarwal_vs_Union_Of_India_And_Ors_on_5_May_1993_1.PDF,Financial Fraud,SCR 1960 2 89,,,UNRESOLVED
Ajay_Agarwal_vs_Union_Of_India_And_Ors_on_5_May_1993_1.PDF,Financial Fraud,SCR 1962 2 101,Purushottamdas_Dalmia_vs_The_State_Of_West_Bengal_on_19_April_1961_1.PDF,Financial Fraud,INTERNAL
Ajay_Agarwal_vs_Union_Of_India_And_Ors_on_5_May_1993_1.PDF,Financial Fraud,SCR 1962 2 116,,,UNRESOLVED
Ajay_Agarwal_vs_Union_Of_India_And_Ors_on_5_May_1993_1.PDF,Financial Fraud,SCR 1963 1 253,,,UNRESOLVED
Ajay_Agarwal_vs_Union_Of_India_And_Ors_on_5_May_1993_1.PDF,Financial Fraud,SCR 1960 2 89,,,UNRESOLVED
Ajay_Agarwal_vs_Union_Of_India_And_Ors_on_5_May_1993_1.PDF,Financial Fraud,SCR 1977 2433,,,UNRESOLVED
Ajay_Agarwal_vs_Union_Of_India_And_Ors_on_5_May_1993_1.PDF,Financial Fraud,SCR 1981 3 68,,,UNRESOLVED
Ajay_Agarwal_vs_Union_Of_India_And_Ors_on_5_May_1993_1.PDF,Financial Fraud,SCR 1971 1 119,,,UNRESOLVED
Ajay_Agarwal_vs_Union_Of_India_And_Ors_on_5_May_1993_1.PDF,Financial Fraud,SCR 1970 2 760,,,UNRESOLVED
Ajay_Agarwal_vs_Union_Of_India_And_Ors_on_5_May_1993_1.PDF,Financial Fraud,SCR 1960 2 89,,,UNRESOLVED
Ajay_Agarwal_vs_Union_Of_India_And_Ors_on_5_May_1993_1.PDF,Financial Fraud,SCR 1962 2 101,Purushottamdas_Dalmia_vs_The_State_Of_West_Bengal_on_19_April_1961_1.PDF,Financial Fraud,INTERNAL
Ajay_Agarwal_vs_Union_Of_India_And_Ors_on_5_May_1993_1.PDF,Financial Fraud,SCR 1962 2 116,,,UNRESOLVED
Ajay_Agarwal_vs_Union_Of_India_And_Ors_on_5_May_1993_1.PDF,Financial Fraud,SCR 1963 1 253,,,UNRESOLVED
Kishun_Singh_And_Ors_vs_State_Of_Bihar_on_11_January_1993_1.PDF,Financial Fraud,AIR 1979 SC 339,,,UNRESOLVED
Kishun_Singh_And_Ors_vs_State_Of_Bihar_on_11_January_1993_1.PDF,Financial Fraud,AIR 1967 SC 1167,,,UNRESOLVED
Kishun_Singh_And_Ors_vs_State_Of_Bihar_on_11_January_1993_1.PDF,Financial Fraud,AIR 1978 SC 1,Thakur_Das_Dead_By_Lrs_vs_State_Of_Madhya_Pradesh_And_Anr_on_14_October_1977_1.PDF,,OUTSIDE_DOMAINS
Kishun_Singh_And_Ors_vs_State_Of_Bihar_on_11_January_1993_1.PDF,Financial Fraud,AIR 1979 SC 339,,,UNRESOLVED
Kishun_Singh_And_Ors_vs_State_Of_Bihar_on_11_January_1993_1.PDF,Financial Fraud,AIR 1967 SC 1167,,,UNRESOLVED
Kishun_Singh_And_Ors_vs_State_Of_Bihar_on_11_January_1993_1.PDF,Financial Fraud,AIR 1978 SC 1568,,,UNRESOLVED
Kishun_Singh_And_Ors_vs_State_Of_Bihar_on_11_January_1993_1.PDF,Financial Fraud,SCC 1993 2 16,Kishun_Singh_And_Ors_vs_State_Of_Bihar_on_11_January_1993_1.PDF,Financial Fraud,INTERNAL
Kishun_Singh_And_Ors_vs_State_Of_Bihar_on_11_January_1993_1.PDF,Financial Fraud,SCR 1979 2 306,,,UNRESOLVED
Kishun_Singh_And_Ors_vs_State_Of_Bihar_on_11_January_1993_1.PDF,Financial Fraud,SCR 1964 5 37,,,UNRESOLVED
Kishun_Singh_And_Ors_vs_State_Of_Bihar_on_11_January_1993_1.PDF,Financial Fraud,SCR 1967 2 423,,,UNRESOLVED
Kishun_Singh_And_Ors_vs_State_Of_Bihar_on_11_January_1993_1.PDF,Financial Fraud,SCR 1979 1 349,,,UNRESOLVED
Kishun_Singh_And_Ors_vs_State_Of_Bihar_on_11_January_1993_1.PDF,Financial Fraud,SCR 1964 5 37,,,UNRESOLVED
Kishun_Singh_And_Ors_vs_State_Of_Bihar_on_11_January_1993_1.PDF,Financial Fraud,SCR 1979 2 306,,,UNRESOLVED
Kishun_Singh_And_Ors_vs_State_Of_Bihar_on_11_January_1993_1.PDF,Financial Fraud,SCR 1967 2 423,,,UNRESOLVED
Kishun_Singh_And_Ors_vs_State_Of_Bihar_on_11_January_1993_1.PDF,Financial Fraud,SCR 1979 1 349,,,UNRESOLVED
Radhey_Shyam_Khemka_And_Anr_Etc_vs_State_Of_Bihar_And_Anr_Etc_on_26_March_1993_1.PDF,Financial Fraud,SCC 1993 3 54,Radhey_Shyam_Khemka_And_Anr_Etc_vs_State_Of_Bihar_And_Anr_Etc_on_26_March_1993_1.PDF,Financial Fraud,INTERNAL
Govt_Of_T_N_vs_A_Rajapandian_on_24_October_1994_1.PDF,Financial Fraud,SCC 1972 4 618,,,UNRESOLVED
Govt_Of_T_N_vs_A_Rajapandian_on_24_October_1994_1.PDF,Financial Fraud,SCC 1989 2 177,,,UNRESOLVED
Govt_Of_T_N_vs_A_Rajapandian_on_24_October_1994_1.PDF,Financial Fraud,SCR 1972 2 218,,,UNRESOLVED
Govt_Of_T_N_vs_A_Rajapandian_on_24_October_1994_1.PDF,Financial Fraud,SCR 1989 2 19,,,UNRESOLVED
Krishan_Yadav_vs_State_Of_Haryana_Mohan_J_on_12_May_1994_1.PDF,Financial Fraud,SCC 1991 1 662,Mohinder_Sain_Garg_Etc_Etc_vs_State_Of_Punjab_And_Ors_on_15_November_1990_1.PDF,,OUTSIDE_DOMAINS
State_Of_T_N_vs_T_Thulasingam_on_13_May_1994_1.PDF,Financial Fraud,AIR 1988 SC 1883,,,UNRESOLVED
State_Of_T_N_vs_T_Thulasingam_on_13_May_1994_1.PDF,Financial Fraud,AIR 1985 SC 1655,,,UNRESOLVED
State_Of_T_N_vs_T_Thulasingam_on_13_May_1994_1.PDF,Financial Fraud,SCC 1988 3 609,,,UNRESOLVED
State_Of_T_N_vs_T_Thulasingam_on_13_May_1994_1.PDF,Financial Fraud,SCC 1969 3 429,,,UNRESOLVED
State_Of_T_N_vs_T_Thulasingam_on_13_May_1994_1.PDF,Financial Fraud,SCC 1985 3 606,,,UNRESOLVED
V_Sujatha_Etc_Etc_vs_State_Of_Kerala_And_Ors_on_19_September_1994_1.PDF,Financial Fraud,SCR 1963 3 722,,,UNRESOLVED
Anil_Saran_vs_The_State_Of_Bihar_And_Another_on_24_August_1995_1.PDF,Financial Fraud,SCC 1995 6 142,Anil_Saran_vs_The_State_Of_Bihar_And_Another_on_24_August_1995_1.PDF,Financial Fraud,INTERNAL
Ranbir_Yadav_vs_State_Of_Bihar_on_21_March_1995_1.PDF,Financial Fraud,AIR 1947 PC 67,,,UNRESOLVED
Ranbir_Yadav_vs_State_Of_Bihar_on_21_March_1995_1.PDF,Financial Fraud,AIR 1956 SC 181,Baladin_And_Ors_vs_State_Of_Uttar_Pradesh_on_18_October_1955_1.PDF,Violent Crime / Homicide,CROSS_DOMAIN
Ranbir_Yadav_vs_State_Of_Bihar_on_21_March_1995_1.PDF,Financial Fraud,AIR 1956 SC 181,Baladin_And_Ors_vs_State_Of_Uttar_Pradesh_on_18_October_1955_1.PDF,Violent Crime / Homicide,CROSS_DOMAIN
Ranbir_Yadav_vs_State_Of_Bihar_on_21_March_1995_1.PDF,Financial Fraud,AIR 1956 SC 181,Baladin_And_Ors_vs_State_Of_Uttar_Pradesh_on_18_October_1955_1.PDF,Violent Crime / Homicide,CROSS_DOMAIN
Ranbir_Yadav_vs_State_Of_Bihar_on_21_March_1995_1.PDF,Financial Fraud,SCC 1988 2 602,,,UNRESOLVED
Ranbir_Yadav_vs_State_Of_Bihar_on_21_March_1995_1.PDF,Financial Fraud,SCC 1988 3 609,,,UNRESOLVED
Ranbir_Yadav_vs_State_Of_Bihar_on_21_March_1995_1.PDF,Financial Fraud,SCR 1962 3 328,,,UNRESOLVED
Smt_Sarla_Mudgal_President_Kalyani_vs_Union_Of_India_Ors_on_10_May_1995_1.PDF,Financial Fraud,AIR 1947 NAGPUR 121,,,UNRESOLVED
Smt_Sarla_Mudgal_President_Kalyani_vs_Union_Of_India_Ors_on_10_May_1995_1.PDF,Financial Fraud,AIR 1919 LAHORE 389,,,UNRESOLVED
Smt_Sarla_Mudgal_President_Kalyani_vs_Union_Of_India_Ors_on_10_May_1995_1.PDF,Financial Fraud,AIR 1985 SC 945,,,UNRESOLVED
Smt_Sarla_Mudgal_President_Kalyani_vs_Union_Of_India_Ors_on_10_May_1995_1.PDF,Financial Fraud,AIR 1985 SC 935,,,UNRESOLVED
Smt_Sarla_Mudgal_President_Kalyani_vs_Union_Of_India_Ors_on_10_May_1995_1.PDF,Financial Fraud,SCC 1995 3 635,Smt_Sarla_Mudgal_President_Kalyani_vs_Union_Of_India_Ors_on_10_May_1995_1.PDF,Financial Fraud,INTERNAL
Afzal_Anr_vs_State_Of_Haryana_Ors_on_17_January_1996_1.PDF,Financial Fraud,SCC 1994 1 425,,,UNRESOLVED
Central_Bureau_Of_Investigation_vs_Duncans_Agro_Industries_Ltd_Calcutta_on_9_July_1996_1.PDF,Financial Fraud,SCR 1954 1144,,,UNRESOLVED
Central_Bureau_Of_Investigation_vs_Duncans_Agro_Industries_Ltd_Calcutta_on_9_July_1996_1.PDF,Financial Fraud,SCR 1965 2 429,,,UNRESOLVED
Central_Bureau_Of_Investigation_vs_Duncans_Agro_Industries_Ltd_Calcutta_on_9_July_1996_1.PDF,Financial Fraud,SCR 1968 2 408,,,UNRESOLVED
Girish_Yadav_Ors_vs_State_Of_Madhya_Pradesh_on_29_March_1996_1.PDF,Financial Fraud,AIR 1978 SC 59,Bir_Singh_And_Ors_vs_State_Of_Uttar_Pradesh_on_18_August_1977_1.PDF,,OUTSIDE_DOMAINS
Girish_Yadav_Ors_vs_State_Of_Madhya_Pradesh_on_29_March_1996_1.PDF,Financial Fraud,AIR 1995 SC 2413,,,UNRESOLVED
Girish_Yadav_Ors_vs_State_Of_Madhya_Pradesh_on_29_March_1996_1.PDF,Financial Fraud,SCC 1994 5 188,Mehraj_Singh_vs_State_Of_U_P_on_21_April_1994_1.PDF,,OUTSIDE_DOMAINS
Indian_Bank_vs_M_S_Satyam_Fibres_India}_Pvt_Ltd_on_9_August_1996_1.PDF,Financial Fraud,AIR 1943 PATNA 127,,,UNRESOLVED
Indian_Bank_vs_M_S_Satyam_Fibres_India}_Pvt_Ltd_on_9_August_1996_1.PDF,Financial Fraud,AIR 1947 NAGPUR 236,,,UNRESOLVED
Indian_Bank_vs_M_S_Satyam_Fibres_India}_Pvt_Ltd_on_9_August_1996_1.PDF,Financial Fraud,AIR 1926 OUDH 315,,,UNRESOLVED
Indian_Bank_vs_M_S_Satyam_Fibres_India}_Pvt_Ltd_on_9_August_1996_1.PDF,Financial Fraud,AIR 1929 OUDH 385,,,UNRESOLVED
Indian_Bank_vs_M_S_Satyam_Fibres_India}_Pvt_Ltd_on_9_August_1996_1.PDF,Financial Fraud,AIR 1932 OUDH 63,,,UNRESOLVED
Indian_Bank_vs_M_S_Satyam_Fibres_India}_Pvt_Ltd_on_9_August_1996_1.PDF,Financial Fraud,AIR 1954 PATNA 450,,,UNRESOLVED
Indian_Bank_vs_M_S_Satyam_Fibres_India}_Pvt_Ltd_on_9_August_1996_1.PDF,Financial Fraud,AIR 1958 PATNA 618,,,UNRESOLVED
Indian_Bank_vs_M_S_Satyam_Fibres_India}_Pvt_Ltd_on_9_August_1996_1.PDF,Financial Fraud,AIR 1923 PC 73,,,UNRESOLVED
Municipal_Committee_Bahadurgarh_vs_Krishnan_Behari_And_Ors_on_19_February_1996_1.PDF,Financial Fraud,SCC 1996 2 714,Municipal_Committee_Bahadurgarh_vs_Krishnan_Behari_And_Ors_on_19_February_1996_1.PDF,Financial Fraud,INTERNAL
Smt_Rashmi_Kumar_vs_Mahesh_Kumar_Bhada_on_18_December_1996_1.PDF,Financial Fraud,SCC 1985 2 370,,,UNRESOLVED
Smt_Rashmi_Kumar_vs_Mahesh_Kumar_Bhada_on_18_December_1996_1.PDF,Financial Fraud,SCC 1996 8 164,,,UNRESOLVED
Smt_Rashmi_Kumar_vs_Mahesh_Kumar_Bhada_on_18_December_1996_1.PDF,Financial Fraud,SCC 1993 3 4,,,UNRESOLVED
Smt_Rashmi_Kumar_vs_Mahesh_Kumar_Bhada_on_18_December_1996_1.PDF,Financial Fraud,SCC 1996 7 70,,,UNRESOLVED
Smt_Rashmi_Kumar_vs_Mahesh_Kumar_Bhada_on_18_December_1996_1.PDF,Financial Fraud,SCR 1965 2 492,,,UNRESOLVED
Surjit_Singh_Ors_vs_Balbir_Singh_on_29_February_1996_1.PDF,Financial Fraud,AIR 1988 SC 419,,,UNRESOLVED
Surjit_Singh_Ors_vs_Balbir_Singh_on_29_February_1996_1.PDF,Financial Fraud,AIR 1950 PC 31,,,UNRESOLVED
Surjit_Singh_Ors_vs_Balbir_Singh_on_29_February_1996_1.PDF,Financial Fraud,SCC 1996 3 533,Surjit_Singh_Ors_vs_Balbir_Singh_on_29_February_1996_1.PDF,Financial Fraud,INTERNAL
Surjit_Singh_Ors_vs_Balbir_Singh_on_29_February_1996_1.PDF,Financial Fraud,SCR 1983 3 836,,,UNRESOLVED
Surjit_Singh_Ors_vs_Balbir_Singh_on_29_February_1996_1.PDF,Financial Fraud,SCR 1963 3 376,,,UNRESOLVED
Indian_Oil_Corporation_Ltd_Anr_vs_Ashok_Kumar_Arora_on_5_February_1997_1.PDF,Financial Fraud,AIR 1992 SC 1981,Nelson_Motis_vs_Union_Of_India_And_Another_on_2_September_1992_1.PDF,,OUTSIDE_DOMAINS
Indian_Oil_Corporation_Ltd_Anr_vs_Ashok_Kumar_Arora_on_5_February_1997_1.PDF,Financial Fraud,SCR 1963 3 25,,,UNRESOLVED
Indian_Oil_Corporation_Ltd_Anr_vs_Ashok_Kumar_Arora_on_5_February_1997_1.PDF,Financial Fraud,SCR 1976 1 521,,,UNRESOLVED
Indian_Oil_Corporation_Ltd_Anr_vs_Ashok_Kumar_Arora_on_5_February_1997_1.PDF,Financial Fraud,SCR 1981 3 22,,,UNRESOLVED
Hope_Plantations_Ltd_vs_Taluk_Land_Board_Peermade_Anr_on_3_November_1998_1.PDF,Financial Fraud,AIR 1977 SC 392,,,UNRESOLVED
Hope_Plantations_Ltd_vs_Taluk_Land_Board_Peermade_Anr_on_3_November_1998_1.PDF,Financial Fraud,AIR 1977 SC 392,,,UNRESOLVED
Hope_Plantations_Ltd_vs_Taluk_Land_Board_Peermade_Anr_on_3_November_1998_1.PDF,Financial Fraud,AIR 1954 SC 82,Sunderabai_W_O_Devrao_Deshpande_And_vs_Devaji_Shankar_Deshpande_on_3_October_1952_1.PDF,,OUTSIDE_DOMAINS
Hope_Plantations_Ltd_vs_Taluk_Land_Board_Peermade_Anr_on_3_November_1998_1.PDF,Financial Fraud,AIR 1943 PC 196,,,UNRESOLVED
Hope_Plantations_Ltd_vs_Taluk_Land_Board_Peermade_Anr_on_3_November_1998_1.PDF,Financial Fraud,SCC 1992 4 175,,,UNRESOLVED
Hope_Plantations_Ltd_vs_Taluk_Land_Board_Peermade_Anr_on_3_November_1998_1.PDF,Financial Fraud,SCC 1970 2 905,,,UNRESOLVED
Hope_Plantations_Ltd_vs_Taluk_Land_Board_Peermade_Anr_on_3_November_1998_1.PDF,Financial Fraud,SCC 1992 4 175,,,UNRESOLVED
Hope_Plantations_Ltd_vs_Taluk_Land_Board_Peermade_Anr_on_3_November_1998_1.PDF,Financial Fraud,SCR 1965 1 686,,,UNRESOLVED
Hope_Plantations_Ltd_vs_Taluk_Land_Board_Peermade_Anr_on_3_November_1998_1.PDF,Financial Fraud,SCR 1965 1 686,,,UNRESOLVED
Hope_Plantations_Ltd_vs_Taluk_Land_Board_Peermade_Anr_on_3_November_1998_1.PDF,Financial Fraud,SCR 1962 1 574,,,UNRESOLVED
Hope_Plantations_Ltd_vs_Taluk_Land_Board_Peermade_Anr_on_3_November_1998_1.PDF,Financial Fraud,SCR 1973 1 399,,,UNRESOLVED
Hope_Plantations_Ltd_vs_Taluk_Land_Board_Peermade_Anr_on_3_November_1998_1.PDF,Financial Fraud,SCR 1973 1 399,,,UNRESOLVED
M_S_Hindustan_Times_Limited_vs_Union_Of_India_Others_on_7_January_1998_1.PDF,Financial Fraud,SCR 1976 3 365,,,UNRESOLVED
M_S_Hindustan_Times_Limited_vs_Union_Of_India_Others_on_7_January_1998_1.PDF,Financial Fraud,SCR 1980 1 61,,,UNRESOLVED
M_S_Hindustan_Times_Limited_vs_Union_Of_India_Others_on_7_January_1998_1.PDF,Financial Fraud,SCR 1970 1 396,,,UNRESOLVED
M_S_Hindustan_Times_Limited_vs_Union_Of_India_Others_on_7_January_1998_1.PDF,Financial Fraud,SCR 1964 3 709,,,UNRESOLVED
M_S_Hindustan_Times_Limited_vs_Union_Of_India_Others_on_7_January_1998_1.PDF,Financial Fraud,SCR 1980 1 61,,,UNRESOLVED
Ranjit_Singh_vs_State_Of_Punjab_on_22_September_1998_1.PDF,Financial Fraud,SCC 1993 2 16,Kishun_Singh_And_Ors_vs_State_Of_Bihar_on_11_January_1993_1.PDF,Financial Fraud,INTERNAL
Ranjit_Singh_vs_State_Of_Punjab_on_22_September_1998_1.PDF,Financial Fraud,SCC 1995 2 23,,,UNRESOLVED
Ranjit_Singh_vs_State_Of_Punjab_on_22_September_1998_1.PDF,Financial Fraud,SCC 1996 4 495,,,UNRESOLVED
Ranjit_Singh_vs_State_Of_Punjab_on_22_September_1998_1.PDF,Financial Fraud,SCC 1996 4 495,,,UNRESOLVED
Ranjit_Singh_vs_State_Of_Punjab_on_22_September_1998_1.PDF,Financial Fraud,SCC 1979 1 345,,,UNRESOLVED
Sachida_Nand_Singh_And_Anr_vs_State_Of_Bihar_And_Anr_on_3_February_1998_1.PDF,Financial Fraud,AIR 1971 SC 1935,,,UNRESOLVED
Sachida_Nand_Singh_And_Anr_vs_State_Of_Bihar_And_Anr_on_3_February_1998_1.PDF,Financial Fraud,AIR 1994 SC 1549,,,UNRESOLVED
Sachida_Nand_Singh_And_Anr_vs_State_Of_Bihar_And_Anr_on_3_February_1998_1.PDF,Financial Fraud,SCR 1996 3 617,,,UNRESOLVED
Sachida_Nand_Singh_And_Anr_vs_State_Of_Bihar_And_Anr_on_3_February_1998_1.PDF,Financial Fraud,SCR 1976 2 933,,,UNRESOLVED
Srinivasa_Reddy_V_vs_State_Of_Andhra_Pradesh_on_5_February_1998_1.PDF,Financial Fraud,SCR 1964 1 926,,,UNRESOLVED
Arun_Vyas_Anr_vs_Anita_Vyas_on_14_May_1999_1.PDF,Financial Fraud,SCC 1993 3 4,,,UNRESOLVED
Common_Cause_A_Registered_Society_vs_Union_Of_India_Ors_on_3_August_1999_1.PDF,Financial Fraud,AIR 1974 SC 2192,,,UNRESOLVED
Common_Cause_A_Registered_Society_vs_Union_Of_India_Ors_on_3_August_1999_1.PDF,Financial Fraud,AIR 1955 SC 549,Rai_Sahib_Ram_Jawaya_Kapur_And_Ors_vs_The_State_Of_Punjab_on_12_April_1955_1.PDF,,OUTSIDE_DOMAINS
Common_Cause_A_Registered_Society_vs_Union_Of_India_Ors_on_3_August_1999_1.PDF,Financial Fraud,AIR 1967 SC 1170,,,UNRESOLVED
Common_Cause_A_Registered_Society_vs_Union_Of_India_Ors_on_3_August_1999_1.PDF,Financial Fraud,AIR 1974 SC 1232,,,UNRESOLVED
Common_Cause_A_Registered_Society_vs_Union_Of_India_Ors_on_3_August_1999_1.PDF,Financial Fraud,AIR 1964 SC 648,,,UNRESOLVED
Common_Cause_A_Registered_Society_vs_Union_Of_India_Ors_on_3_August_1999_1.PDF,Financial Fraud,AIR 1982 SC 33,,,UNRESOLVED
Common_Cause_A_Registered_Society_vs_Union_Of_India_Ors_on_3_August_1999_1.PDF,Financial Fraud,AIR 1974 SC 2192,,,UNRESOLVED
Common_Cause_A_Registered_Society_vs_Union_Of_India_Ors_on_3_August_1999_1.PDF,Financial Fraud,AIR 1971 SC 1547,,,UNRESOLVED
Common_Cause_A_Registered_Society_vs_Union_Of_India_Ors_on_3_August_1999_1.PDF,Financial Fraud,AIR 1986 SC 1370,,,UNRESOLVED
Common_Cause_A_Registered_Society_vs_Union_Of_India_Ors_on_3_August_1999_1.PDF,Financial Fraud,AIR 1963 SC 1685,Union_Of_India_Uoi_vs_A_L_Rallia_Ram_on_19_April_1963_1.PDF,,OUTSIDE_DOMAINS
Common_Cause_A_Registered_Society_vs_Union_Of_India_Ors_on_3_August_1999_1.PDF,Financial Fraud,AIR 1968 SC 1218,,,UNRESOLVED
Common_Cause_A_Registered_Society_vs_Union_Of_India_Ors_on_3_August_1999_1.PDF,Financial Fraud,AIR 1962 SC 779,,,UNRESOLVED
Common_Cause_A_Registered_Society_vs_Union_Of_India_Ors_on_3_August_1999_1.PDF,Financial Fraud,AIR 1964 SC 152,The_New_Marine_Coal_Co_Bengal_Private_vs_Union_Of_India_Uoi_on_5_April_1963_1.PDF,,OUTSIDE_DOMAINS
Common_Cause_A_Registered_Society_vs_Union_Of_India_Ors_on_3_August_1999_1.PDF,Financial Fraud,AIR 1996 SC 11,,,UNRESOLVED
Common_Cause_A_Registered_Society_vs_Union_Of_India_Ors_on_3_August_1999_1.PDF,Financial Fraud,AIR 1977 SC 1496,,,UNRESOLVED
Common_Cause_A_Registered_Society_vs_Union_Of_India_Ors_on_3_August_1999_1.PDF,Financial Fraud,AIR 1983 SC 848,Gujarat_State_Financial_Corporation_vs_Lotus_Hotels_Pvt_Ltd_on_3_May_1983_1.PDF,,OUTSIDE_DOMAINS
Common_Cause_A_Registered_Society_vs_Union_Of_India_Ors_on_3_August_1999_1.PDF,Financial Fraud,AIR 1990 SC 1031,,,UNRESOLVED
Common_Cause_A_Registered_Society_vs_Union_Of_India_Ors_on_3_August_1999_1.PDF,Financial Fraud,AIR 1974 SC 555,,,UNRESOLVED
Common_Cause_A_Registered_Society_vs_Union_Of_India_Ors_on_3_August_1999_1.PDF,Financial Fraud,AIR 1978 SC 597,Mrs_Maneka_Gandhi_vs_Union_Of_India_Uoi_And_Anr_on_25_January_1978_1.PDF,Organized Crime / Extortion,CROSS_DOMAIN
Common_Cause_A_Registered_Society_vs_Union_Of_India_Ors_on_3_August_1999_1.PDF,Financial Fraud,AIR 1981 SC 487,,,UNRESOLVED
Common_Cause_A_Registered_Society_vs_Union_Of_India_Ors_on_3_August_1999_1.PDF,Financial Fraud,AIR 1979 SC 1628,,,UNRESOLVED
Common_Cause_A_Registered_Society_vs_Union_Of_India_Ors_on_3_August_1999_1.PDF,Financial Fraud,AIR 1989 SC 1642,,,UNRESOLVED
Common_Cause_A_Registered_Society_vs_Union_Of_India_Ors_on_3_August_1999_1.PDF,Financial Fraud,AIR 1983 SC 1086,,,UNRESOLVED
Common_Cause_A_Registered_Society_vs_Union_Of_India_Ors_on_3_August_1999_1.PDF,Financial Fraud,AIR 1986 SC 494,Bhim_Singh_Mla_vs_State_Of_J_K_And_Ors_on_22_November_1985_1.PDF,,OUTSIDE_DOMAINS
Common_Cause_A_Registered_Society_vs_Union_Of_India_Ors_on_3_August_1999_1.PDF,Financial Fraud,AIR 1987 SC 355,,,UNRESOLVED
Common_Cause_A_Registered_Society_vs_Union_Of_India_Ors_on_3_August_1999_1.PDF,Financial Fraud,AIR 1990 SC 513,,,UNRESOLVED
Common_Cause_A_Registered_Society_vs_Union_Of_India_Ors_on_3_August_1999_1.PDF,Financial Fraud,AIR 1995 SC 117,,,UNRESOLVED
Common_Cause_A_Registered_Society_vs_Union_Of_India_Ors_on_3_August_1999_1.PDF,Financial Fraud,AIR 1995 SC 1949,,,UNRESOLVED
Common_Cause_A_Registered_Society_vs_Union_Of_India_Ors_on_3_August_1999_1.PDF,Financial Fraud,AIR 1997 SC 610,,,UNRESOLVED
Common_Cause_A_Registered_Society_vs_Union_Of_India_Ors_on_3_August_1999_1.PDF,Financial Fraud,AIR 1993 SC 1960,,,UNRESOLVED
Common_Cause_A_Registered_Society_vs_Union_Of_India_Ors_on_3_August_1999_1.PDF,Financial Fraud,AIR 1997 SC 1203,,,UNRESOLVED
Common_Cause_A_Registered_Society_vs_Union_Of_India_Ors_on_3_August_1999_1.PDF,Financial Fraud,AIR 1996 SC 2426,,,UNRESOLVED
Common_Cause_A_Registered_Society_vs_Union_Of_India_Ors_on_3_August_1999_1.PDF,Financial Fraud,AIR 1998 SC 223,,,UNRESOLVED
Common_Cause_A_Registered_Society_vs_Union_Of_India_Ors_on_3_August_1999_1.PDF,Financial Fraud,AIR 1994 SC 2663,,,UNRESOLVED
Common_Cause_A_Registered_Society_vs_Union_Of_India_Ors_on_3_August_1999_1.PDF,Financial Fraud,AIR 1948 PC 121,,,UNRESOLVED
Common_Cause_A_Registered_Society_vs_Union_Of_India_Ors_on_3_August_1999_1.PDF,Financial Fraud,AIR 1949 BOMBAY 277,,,UNRESOLVED
Common_Cause_A_Registered_Society_vs_Union_Of_India_Ors_on_3_August_1999_1.PDF,Financial Fraud,AIR 1950 SC 222,,,UNRESOLVED
Common_Cause_A_Registered_Society_vs_Union_Of_India_Ors_on_3_August_1999_1.PDF,Financial Fraud,AIR 1962 SC 933,,,UNRESOLVED
Common_Cause_A_Registered_Society_vs_Union_Of_India_Ors_on_3_August_1999_1.PDF,Financial Fraud,AIR 1965 SC 1039,,,UNRESOLVED
Common_Cause_A_Registered_Society_vs_Union_Of_India_Ors_on_3_August_1999_1.PDF,Financial Fraud,AIR 1967 SC 1885,,,UNRESOLVED
Common_Cause_A_Registered_Society_vs_Union_Of_India_Ors_on_3_August_1999_1.PDF,Financial Fraud,AIR 1977 SC 1749,Smt_Basavva_Kom_Dyamangouda_Patil_vs_State_Of_Mysore_And_Anr_on_19_April_1977_1.PDF,,OUTSIDE_DOMAINS
Common_Cause_A_Registered_Society_vs_Union_Of_India_Ors_on_3_August_1999_1.PDF,Financial Fraud,AIR 1984 SC 1026,,,UNRESOLVED
Common_Cause_A_Registered_Society_vs_Union_Of_India_Ors_on_3_August_1999_1.PDF,Financial Fraud,AIR 1994 SC 2663,,,UNRESOLVED
Common_Cause_A_Registered_Society_vs_Union_Of_India_Ors_on_3_August_1999_1.PDF,Financial Fraud,AIR 1974 SC 890,,,UNRESOLVED
Common_Cause_A_Registered_Society_vs_Union_Of_India_Ors_on_3_August_1999_1.PDF,Financial Fraud,AIR 1960 SC 610,,,UNRESOLVED
Common_Cause_A_Registered_Society_vs_Union_Of_India_Ors_on_3_August_1999_1.PDF,Financial Fraud,AIR 1960 SC 675,The_Corporation_Of_The_City_Of_Nagpur_vs_Its_Employees_on_14_December_1959_1.PDF,,OUTSIDE_DOMAINS
Common_Cause_A_Registered_Society_vs_Union_Of_India_Ors_on_3_August_1999_1.PDF,Financial Fraud,AIR 1968 SC 700,,,UNRESOLVED
Common_Cause_A_Registered_Society_vs_Union_Of_India_Ors_on_3_August_1999_1.PDF,Financial Fraud,AIR 1953 SC 478,,,UNRESOLVED
Common_Cause_A_Registered_Society_vs_Union_Of_India_Ors_on_3_August_1999_1.PDF,Financial Fraud,AIR 1996 SC 2452,,,UNRESOLVED
Common_Cause_A_Registered_Society_vs_Union_Of_India_Ors_on_3_August_1999_1.PDF,Financial Fraud,AIR 1962 SC 1821,,,UNRESOLVED
Common_Cause_A_Registered_Society_vs_Union_Of_India_Ors_on_3_August_1999_1.PDF,Financial Fraud,AIR 1983 SC 803,,,UNRESOLVED
Common_Cause_A_Registered_Society_vs_Union_Of_India_Ors_on_3_August_1999_1.PDF,Financial Fraud,AIR 1981 SC 746,,,UNRESOLVED
Common_Cause_A_Registered_Society_vs_Union_Of_India_Ors_on_3_August_1999_1.PDF,Financial Fraud,AIR 1986 SC 180,,,UNRESOLVED
Common_Cause_A_Registered_Society_vs_Union_Of_India_Ors_on_3_August_1999_1.PDF,Financial Fraud,AIR 1991 SC 101,,,UNRESOLVED
Common_Cause_A_Registered_Society_vs_Union_Of_India_Ors_on_3_August_1999_1.PDF,Financial Fraud,AIR 1963 SC 1295,,,UNRESOLVED
Common_Cause_A_Registered_Society_vs_Union_Of_India_Ors_on_3_August_1999_1.PDF,Financial Fraud,AIR 1998 SC 1895,,,UNRESOLVED
Common_Cause_A_Registered_Society_vs_Union_Of_India_Ors_on_3_August_1999_1.PDF,Financial Fraud,SCC 1996 6 530,,,UNRESOLVED
Common_Cause_A_Registered_Society_vs_Union_Of_India_Ors_on_3_August_1999_1.PDF,Financial Fraud,SCC 1996 6 593,,,UNRESOLVED
Common_Cause_A_Registered_Society_vs_Union_Of_India_Ors_on_3_August_1999_1.PDF,Financial Fraud,SCC 1974 4 788,,,UNRESOLVED
Common_Cause_A_Registered_Society_vs_Union_Of_India_Ors_on_3_August_1999_1.PDF,Financial Fraud,SCC 1982 1 39,,,UNRESOLVED
Common_Cause_A_Registered_Society_vs_Union_Of_India_Ors_on_3_August_1999_1.PDF,Financial Fraud,SCC 1974 2 832,,,UNRESOLVED
Common_Cause_A_Registered_Society_vs_Union_Of_India_Ors_on_3_August_1999_1.PDF,Financial Fraud,SCC 1970 1 411,,,UNRESOLVED
Common_Cause_A_Registered_Society_vs_Union_Of_India_Ors_on_3_August_1999_1.PDF,Financial Fraud,SCC 1986 1 264,,,UNRESOLVED
Common_Cause_A_Registered_Society_vs_Union_Of_India_Ors_on_3_August_1999_1.PDF,Financial Fraud,SCC 1994 6 651,Tata_Cellular_vs_Union_Of_India_on_26_July_1994_1.PDF,,OUTSIDE_DOMAINS
Common_Cause_A_Registered_Society_vs_Union_Of_India_Ors_on_3_August_1999_1.PDF,Financial Fraud,SCC 1977 3 457,,,UNRESOLVED
Common_Cause_A_Registered_Society_vs_Union_Of_India_Ors_on_3_August_1999_1.PDF,Financial Fraud,SCC 1983 3 379,,,UNRESOLVED
Common_Cause_A_Registered_Society_vs_Union_Of_India_Ors_on_3_August_1999_1.PDF,Financial Fraud,SCC 1994 4 104,Asstt_Excise_Commissioner_vs_Issac_Peter_on_22_February_1994_1.PDF,,OUTSIDE_DOMAINS
Common_Cause_A_Registered_Society_vs_Union_Of_India_Ors_on_3_August_1999_1.PDF,Financial Fraud,SCC 1990 3 752,,,UNRESOLVED
Common_Cause_A_Registered_Society_vs_Union_Of_India_Ors_on_3_August_1999_1.PDF,Financial Fraud,SCC 1974 4 3,,,UNRESOLVED
Common_Cause_A_Registered_Society_vs_Union_Of_India_Ors_on_3_August_1999_1.PDF,Financial Fraud,SCC 1978 1 248,Mrs_Maneka_Gandhi_vs_Union_Of_India_Uoi_And_Anr_on_25_January_1978_1.PDF,Organized Crime / Extortion,CROSS_DOMAIN
Common_Cause_A_Registered_Society_vs_Union_Of_India_Ors_on_3_August_1999_1.PDF,Financial Fraud,SCC 1981 1 722,,,UNRESOLVED
Common_Cause_A_Registered_Society_vs_Union_Of_India_Ors_on_3_August_1999_1.PDF,Financial Fraud,SCC 1979 3 489,,,UNRESOLVED
Common_Cause_A_Registered_Society_vs_Union_Of_India_Ors_on_3_August_1999_1.PDF,Financial Fraud,SCC 1989 3 293,,,UNRESOLVED
Common_Cause_A_Registered_Society_vs_Union_Of_India_Ors_on_3_August_1999_1.PDF,Financial Fraud,SCC 1983 4 141,,,UNRESOLVED
Common_Cause_A_Registered_Society_vs_Union_Of_India_Ors_on_3_August_1999_1.PDF,Financial Fraud,SCC 1985 4 677,,,UNRESOLVED
Common_Cause_A_Registered_Society_vs_Union_Of_India_Ors_on_3_August_1999_1.PDF,Financial Fraud,SCC 1987 1 265,,,UNRESOLVED
Common_Cause_A_Registered_Society_vs_Union_Of_India_Ors_on_3_August_1999_1.PDF,Financial Fraud,SCC 1989 4 730,Peoples__Union_For_Democratic_Rights_vs_Police_Commissioner_Delhi_Police_on_13_January_1989.PDF,,OUTSIDE_DOMAINS
Common_Cause_A_Registered_Society_vs_Union_Of_India_Ors_on_3_August_1999_1.PDF,Financial Fraud,SCC 1990 1 422,,,UNRESOLVED
Common_Cause_A_Registered_Society_vs_Union_Of_India_Ors_on_3_August_1999_1.PDF,Financial Fraud,SCC 1994 6 565,Arvinder_Singh_Bagga_vs_State_If_U_P_on_6_October_1994_1.PDF,,OUTSIDE_DOMAINS
Common_Cause_A_Registered_Society_vs_Union_Of_India_Ors_on_3_August_1999_1.PDF,Financial Fraud,SCC 1995 3 702,,,UNRESOLVED
Common_Cause_A_Registered_Society_vs_Union_Of_India_Ors_on_3_August_1999_1.PDF,Financial Fraud,SCC 1997 1 416,,,UNRESOLVED
Common_Cause_A_Registered_Society_vs_Union_Of_India_Ors_on_3_August_1999_1.PDF,Financial Fraud,SCC 1993 2 746,,,UNRESOLVED
Common_Cause_A_Registered_Society_vs_Union_Of_India_Ors_on_3_August_1999_1.PDF,Financial Fraud,SCC 1995 4 262,,,UNRESOLVED
Common_Cause_A_Registered_Society_vs_Union_Of_India_Ors_on_3_August_1999_1.PDF,Financial Fraud,SCC 1997 3 433,,,UNRESOLVED
Common_Cause_A_Registered_Society_vs_Union_Of_India_Ors_on_3_August_1999_1.PDF,Financial Fraud,SCC 1991 3 482,Supreme_Court_Legal_Aid_Committee_vs_State_Of_Bihar_And_Ors_on_4_March_1991_1.PDF,,OUTSIDE_DOMAINS
Common_Cause_A_Registered_Society_vs_Union_Of_India_Ors_on_3_August_1999_1.PDF,Financial Fraud,SCC 1994 3 430,Dr_Jacob_George_vs_State_Of_Kerala_on_13_April_1994_1.PDF,,OUTSIDE_DOMAINS
Common_Cause_A_Registered_Society_vs_Union_Of_India_Ors_on_3_August_1999_1.PDF,Financial Fraud,SCC 1996 4 37,Paschim_Banga_Khet_Mazdoorsamity_Of_Ors_vs_State_Of_West_Bengal_Anr_on_6_May_1996_1.PDF,,OUTSIDE_DOMAINS
Common_Cause_A_Registered_Society_vs_Union_Of_India_Ors_on_3_August_1999_1.PDF,Financial Fraud,SCC 1997 6 370,,,UNRESOLVED
Common_Cause_A_Registered_Society_vs_Union_Of_India_Ors_on_3_August_1999_1.PDF,Financial Fraud,SCC 1994 6 205,N_Nagendra_Rao_Co_vs_State_Of_A_P_on_6_September_1994_1.PDF,,OUTSIDE_DOMAINS
Common_Cause_A_Registered_Society_vs_Union_Of_India_Ors_on_3_August_1999_1.PDF,Financial Fraud,SCC 1987 1 395,,,UNRESOLVED
Common_Cause_A_Registered_Society_vs_Union_Of_India_Ors_on_3_August_1999_1.PDF,Financial Fraud,SCC 1984 3 82,Sebastian_M_Hongray_vs_Union_Of_India_Uoi_on_23_April_1984_1.PDF,,OUTSIDE_DOMAINS
Common_Cause_A_Registered_Society_vs_Union_Of_India_Ors_on_3_August_1999_1.PDF,Financial Fraud,SCC 1994 6 205,N_Nagendra_Rao_Co_vs_State_Of_A_P_on_6_September_1994_1.PDF,,OUTSIDE_DOMAINS
Common_Cause_A_Registered_Society_vs_Union_Of_India_Ors_on_3_August_1999_1.PDF,Financial Fraud,SCC 1974 1 690,,,UNRESOLVED
Common_Cause_A_Registered_Society_vs_Union_Of_India_Ors_on_3_August_1999_1.PDF,Financial Fraud,SCC 1994 1 243,Lucknow_Development_Authority_vs_M_K_Gupta_on_5_November_1993_1.PDF,,OUTSIDE_DOMAINS
Common_Cause_A_Registered_Society_vs_Union_Of_India_Ors_on_3_August_1999_1.PDF,Financial Fraud,SCC 1994 1 243,Lucknow_Development_Authority_vs_M_K_Gupta_on_5_November_1993_1.PDF,,OUTSIDE_DOMAINS
Common_Cause_A_Registered_Society_vs_Union_Of_India_Ors_on_3_August_1999_1.PDF,Financial Fraud,SCC 1993 2 746,,,UNRESOLVED
Common_Cause_A_Registered_Society_vs_Union_Of_India_Ors_on_3_August_1999_1.PDF,Financial Fraud,SCC 1997 1 388,,,UNRESOLVED
Common_Cause_A_Registered_Society_vs_Union_Of_India_Ors_on_3_August_1999_1.PDF,Financial Fraud,SCC 1997 2 397,,,UNRESOLVED
Common_Cause_A_Registered_Society_vs_Union_Of_India_Ors_on_3_August_1999_1.PDF,Financial Fraud,SCC 1985 2 370,,,UNRESOLVED
Common_Cause_A_Registered_Society_vs_Union_Of_India_Ors_on_3_August_1999_1.PDF,Financial Fraud,SCC 1996 5 591,,,UNRESOLVED
Common_Cause_A_Registered_Society_vs_Union_Of_India_Ors_on_3_August_1999_1.PDF,Financial Fraud,SCC 1983 3 387,,,UNRESOLVED
Common_Cause_A_Registered_Society_vs_Union_Of_India_Ors_on_3_August_1999_1.PDF,Financial Fraud,SCC 1981 1 608,,,UNRESOLVED
Common_Cause_A_Registered_Society_vs_Union_Of_India_Ors_on_3_August_1999_1.PDF,Financial Fraud,SCC 1985 3 545,,,UNRESOLVED
Common_Cause_A_Registered_Society_vs_Union_Of_India_Ors_on_3_August_1999_1.PDF,Financial Fraud,SCC 1998 4 409,,,UNRESOLVED
Common_Cause_A_Registered_Society_vs_Union_Of_India_Ors_on_3_August_1999_1.PDF,Financial Fraud,SCR 1975 1 814,,,UNRESOLVED
Common_Cause_A_Registered_Society_vs_Union_Of_India_Ors_on_3_August_1999_1.PDF,Financial Fraud,SCR 1955 2 225,Rai_Sahib_Ram_Jawaya_Kapur_And_Ors_vs_The_State_Of_Punjab_on_12_April_1955_1.PDF,,OUTSIDE_DOMAINS
Common_Cause_A_Registered_Society_vs_Union_Of_India_Ors_on_3_August_1999_1.PDF,Financial Fraud,SCR 1967 2 454,,,UNRESOLVED
Common_Cause_A_Registered_Society_vs_Union_Of_India_Ors_on_3_August_1999_1.PDF,Financial Fraud,SCR 1974 3 624,,,UNRESOLVED
Common_Cause_A_Registered_Society_vs_Union_Of_India_Ors_on_3_August_1999_1.PDF,Financial Fraud,SCR 1964 5 294,,,UNRESOLVED
Common_Cause_A_Registered_Society_vs_Union_Of_India_Ors_on_3_August_1999_1.PDF,Financial Fraud,SCR 1982 1 1137,,,UNRESOLVED
Common_Cause_A_Registered_Society_vs_Union_Of_India_Ors_on_3_August_1999_1.PDF,Financial Fraud,SCR 1975 1 814,,,UNRESOLVED
Common_Cause_A_Registered_Society_vs_Union_Of_India_Ors_on_3_August_1999_1.PDF,Financial Fraud,SCR 1971 3 461,,,UNRESOLVED
Common_Cause_A_Registered_Society_vs_Union_Of_India_Ors_on_3_August_1999_1.PDF,Financial Fraud,SCR 1964 3 164,Union_Of_India_Uoi_vs_A_L_Rallia_Ram_on_19_April_1963_1.PDF,,OUTSIDE_DOMAINS
Common_Cause_A_Registered_Society_vs_Union_Of_India_Ors_on_3_August_1999_1.PDF,Financial Fraud,SCR 1968 3 214,,,UNRESOLVED
Common_Cause_A_Registered_Society_vs_Union_Of_India_Ors_on_3_August_1999_1.PDF,Financial Fraud,SCR 1964 2 859,The_New_Marine_Coal_Co_Bengal_Private_vs_Union_Of_India_Uoi_on_5_April_1963_1.PDF,,OUTSIDE_DOMAINS
Common_Cause_A_Registered_Society_vs_Union_Of_India_Ors_on_3_August_1999_1.PDF,Financial Fraud,SCR 1977 3 249,,,UNRESOLVED
Common_Cause_A_Registered_Society_vs_Union_Of_India_Ors_on_3_August_1999_1.PDF,Financial Fraud,SCR 1994 2 67,,,UNRESOLVED
Common_Cause_A_Registered_Society_vs_Union_Of_India_Ors_on_3_August_1999_1.PDF,Financial Fraud,SCR 1990 1 818,,,UNRESOLVED
Common_Cause_A_Registered_Society_vs_Union_Of_India_Ors_on_3_August_1999_1.PDF,Financial Fraud,SCR 1974 2 348,,,UNRESOLVED
Common_Cause_A_Registered_Society_vs_Union_Of_India_Ors_on_3_August_1999_1.PDF,Financial Fraud,SCR 1978 2 621,Mrs_Maneka_Gandhi_vs_Union_Of_India_Uoi_And_Anr_on_25_January_1978_1.PDF,Organized Crime / Extortion,CROSS_DOMAIN
Common_Cause_A_Registered_Society_vs_Union_Of_India_Ors_on_3_August_1999_1.PDF,Financial Fraud,SCR 1981 2 79,,,UNRESOLVED
Common_Cause_A_Registered_Society_vs_Union_Of_India_Ors_on_3_August_1999_1.PDF,Financial Fraud,SCR 1979 3 1014,,,UNRESOLVED
Common_Cause_A_Registered_Society_vs_Union_Of_India_Ors_on_3_August_1999_1.PDF,Financial Fraud,SCR 1989 2 751,,,UNRESOLVED
Common_Cause_A_Registered_Society_vs_Union_Of_India_Ors_on_3_August_1999_1.PDF,Financial Fraud,SCR 1983 3 508,,,UNRESOLVED
Common_Cause_A_Registered_Society_vs_Union_Of_India_Ors_on_3_August_1999_1.PDF,Financial Fraud,SCR 1987 1 631,,,UNRESOLVED
Common_Cause_A_Registered_Society_vs_Union_Of_India_Ors_on_3_August_1999_1.PDF,Financial Fraud,SCR 1993 2 581,,,UNRESOLVED
Common_Cause_A_Registered_Society_vs_Union_Of_India_Ors_on_3_August_1999_1.PDF,Financial Fraud,SCR 1950 621,Province_Of_Bombay_vs_Kusaldas_S_Advani_And_Others_on_15_September_1950_1.PDF,,OUTSIDE_DOMAINS
Common_Cause_A_Registered_Society_vs_Union_Of_India_Ors_on_3_August_1999_1.PDF,Financial Fraud,SCR 1965 1 375,,,UNRESOLVED
Common_Cause_A_Registered_Society_vs_Union_Of_India_Ors_on_3_August_1999_1.PDF,Financial Fraud,SCR 1960 2 942,,,UNRESOLVED
Common_Cause_A_Registered_Society_vs_Union_Of_India_Ors_on_3_August_1999_1.PDF,Financial Fraud,SCR 1986 1 585,,,UNRESOLVED
Common_Cause_A_Registered_Society_vs_Union_Of_India_Ors_on_3_August_1999_1.PDF,Financial Fraud,SCR 1963 1 253,,,UNRESOLVED
Common_Cause_A_Registered_Society_vs_Union_Of_India_Ors_on_3_August_1999_1.PDF,Financial Fraud,SCR 1983 3 327,,,UNRESOLVED
Common_Cause_A_Registered_Society_vs_Union_Of_India_Ors_on_3_August_1999_1.PDF,Financial Fraud,SCR 1981 2 516,,,UNRESOLVED
Common_Cause_A_Registered_Society_vs_Union_Of_India_Ors_on_3_August_1999_1.PDF,Financial Fraud,SCR 1964 1 332,,,UNRESOLVED
Rajathi_vs_C_Ganesan_on_22_July_1999_1.PDF,Financial Fraud,SCC 1997 4 241,,,UNRESOLVED
Sri_Bhagwan_Samardha_Sreepada_vs_State_Of_Andhra_Pradesh_Ors_on_15_July_1999_1.PDF,Financial Fraud,AIR 1979 SC 1791,,,UNRESOLVED
State_Of_H1Machal_Pradesh_vs_Jai_Lal_And_Ors_on_13_September_1999_1.PDF,Financial Fraud,AIR 1959 SC 488,,,UNRESOLVED
State_Of_Kerala_vs_V_Padmanabhan_Nair_on_14_July_1999_1.PDF,Financial Fraud,SCR 1999 3 864,,,UNRESOLVED
G_Sagar_Suri_And_Anr_vs_State_Of_Up_And_Ors_on_28_January_2000_1.PDF,Financial Fraud,SCR 1977 3 113,,,UNRESOLVED
G_V_Rao_vs_L_H_V_Prasad_Ors_on_6_March_2000_1.PDF,Financial Fraud,AIR 1956 SC 575,,,UNRESOLVED
G_V_Rao_vs_L_H_V_Prasad_Ors_on_6_March_2000_1.PDF,Financial Fraud,AIR 1954 SC 724,Mahadeo_Prasad_vs_State_Of_West_Bengal_on_13_January_1954_1.PDF,Financial Fraud,INTERNAL
G_V_Rao_vs_L_H_V_Prasad_Ors_on_6_March_2000_1.PDF,Financial Fraud,SCR 1956 483,Jaswantrai_Manilal_Akhaney_vs_The_State_Of_Bombay_on_4_May_1956_1.PDF,Financial Fraud,INTERNAL
Hridaya_Rangan_Pd_Verma_And_Ors_vs_State_Of_Bihar_And_Anr_on_31_March_2000_1.PDF,Financial Fraud,SCR 2000 2 859,,,UNRESOLVED
Lily_Thomas_Etc_Etc_vs_Union_Of_India_Ors_on_5_April_2000_1.PDF,Financial Fraud,AIR 1914 MADRAS 192,,,UNRESOLVED
Lily_Thomas_Etc_Etc_vs_Union_Of_India_Ors_on_5_April_2000_1.PDF,Financial Fraud,AIR 1919 LAHORE 389,,,UNRESOLVED
Lily_Thomas_Etc_Etc_vs_Union_Of_India_Ors_on_5_April_2000_1.PDF,Financial Fraud,AIR 1947 NAGPUR 121,,,UNRESOLVED
Lily_Thomas_Etc_Etc_vs_Union_Of_India_Ors_on_5_April_2000_1.PDF,Financial Fraud,AIR 1922 PC 112,,,UNRESOLVED
Lily_Thomas_Etc_Etc_vs_Union_Of_India_Ors_on_5_April_2000_1.PDF,Financial Fraud,AIR 1954 SC 526,,,UNRESOLVED
Lily_Thomas_Etc_Etc_vs_Union_Of_India_Ors_on_5_May_2000_1.PDF,Financial Fraud,AIR 1965 SC 1564,,,UNRESOLVED
Lily_Thomas_Etc_Etc_vs_Union_Of_India_Ors_on_5_May_2000_1.PDF,Financial Fraud,AIR 1966 SC 614,,,UNRESOLVED
Lily_Thomas_Etc_Etc_vs_Union_Of_India_Ors_on_5_May_2000_1.PDF,Financial Fraud,AIR 1979 SC 713,,,UNRESOLVED
Lily_Thomas_Etc_Etc_vs_Union_Of_India_Ors_on_5_May_2000_1.PDF,Financial Fraud,AIR 1914 MADRAS 192,,,UNRESOLVED
Lily_Thomas_Etc_Etc_vs_Union_Of_India_Ors_on_5_May_2000_1.PDF,Financial Fraud,AIR 1919 LAHORE 389,,,UNRESOLVED
Lily_Thomas_Etc_Etc_vs_Union_Of_India_Ors_on_5_May_2000_1.PDF,Financial Fraud,AIR 1947 NAGPUR 121,,,UNRESOLVED
Lily_Thomas_Etc_Etc_vs_Union_Of_India_Ors_on_5_May_2000_1.PDF,Financial Fraud,SCC 1997 3 573,,,UNRESOLVED
Lily_Thomas_Etc_Etc_vs_Union_Of_India_Ors_on_5_May_2000_1.PDF,Financial Fraud,SCC 1996 2 498,Pannalal_Bansilal_Pitti_Ors_Etc_vs_State_Of_Andhra_Pradesh_Anr_on_17_January_1996_1.PDF,,OUTSIDE_DOMAINS
Lily_Thomas_Etc_Etc_vs_Union_Of_India_Ors_on_5_May_2000_1.PDF,Financial Fraud,SCR 1965 2 837,,,UNRESOLVED
Lily_Thomas_Etc_Etc_vs_Union_Of_India_Ors_on_5_May_2000_1.PDF,Financial Fraud,SCR 1966 1 539,,,UNRESOLVED
Lily_Thomas_Etc_Etc_vs_Union_Of_India_Ors_on_5_May_2000_1.PDF,Financial Fraud,SCR 1971 3 961,,,UNRESOLVED
Lily_Thomas_Etc_Etc_vs_Union_Of_India_Ors_on_5_May_2000_1.PDF,Financial Fraud,SCR 1979 2 1171,,,UNRESOLVED
Murray_And_Co_vs_Ashok_Kr_Newatia_And_Anr_on_25_January_2000_1.PDF,Financial Fraud,SCR 2000 1 367,,,UNRESOLVED
M_S_Medchl_Chemicals_Pharma_P_Ltd_vs_M_S_Biological_E_Ltd_Ors_on_25_February_2000_1.PDF,Financial Fraud,AIR 1983 SC 1219,,,UNRESOLVED
M_S_Medchl_Chemicals_Pharma_P_Ltd_vs_M_S_Biological_E_Ltd_Ors_on_25_February_2000_1.PDF,Financial Fraud,SCC 1983 4 231,,,UNRESOLVED
Pp_Unnikrishnan_And_Another_vs_Puttiyottil_Alikutty_Anr_Another_on_5_September_2000_1.PDF,Financial Fraud,SCR 1955 2 925,,,UNRESOLVED
Pp_Unnikrishnan_And_Another_vs_Puttiyottil_Alikutty_Anr_Another_on_5_September_2000_1.PDF,Financial Fraud,SCR 1974 1 559,,,UNRESOLVED
Shri_Mahavir_Prashad_Gupta_Anr_vs_State_Of_National_Capital_Territory_Of_on_27_September_2000_1.PDF,Financial Fraud,SCC 2000 4 168,,,UNRESOLVED
State_Of_Himachal_Pradesh_vs_Surinder_Mohan_And_Others_on_7_February_2000_1.PDF,Financial Fraud,AIR 1978 SC 514,,,UNRESOLVED
State_Of_Himachal_Pradesh_vs_Surinder_Mohan_And_Others_on_7_February_2000_1.PDF,Financial Fraud,SCC 1997 11 720,,,UNRESOLVED
State_Of_Himachal_Pradesh_vs_Surinder_Mohan_And_Others_on_7_February_2000_1.PDF,Financial Fraud,SCC 1997 11 720,,,UNRESOLVED
Harshad_S_Mehta_Ors_vs_The_State_Of_Maharashtra_on_6_September_2001_1.PDF,Financial Fraud,AIR 1982 SC 149,S_P_Gupta_vs_President_Of_India_And_Ors_on_30_December_1981_1.PDF,Organized Crime / Extortion,CROSS_DOMAIN
Harshad_S_Mehta_Ors_vs_The_State_Of_Maharashtra_on_6_September_2001_1.PDF,Financial Fraud,AIR 1961 SC 1170,,,UNRESOLVED
Harshad_S_Mehta_Ors_vs_The_State_Of_Maharashtra_on_6_September_2001_1.PDF,Financial Fraud,AIR 1956 SC 116,,,UNRESOLVED
Harshad_S_Mehta_Ors_vs_The_State_Of_Maharashtra_on_6_September_2001_1.PDF,Financial Fraud,SCC 1973 1 751,,,UNRESOLVED
Harshad_S_Mehta_Ors_vs_The_State_Of_Maharashtra_on_6_September_2001_1.PDF,Financial Fraud,SCR 1968 1 695,,,UNRESOLVED
Harshad_S_Mehta_Ors_vs_The_State_Of_Maharashtra_on_6_September_2001_1.PDF,Financial Fraud,SCR 1979 3 928,,,UNRESOLVED
Harshad_S_Mehta_Ors_vs_The_State_Of_Maharashtra_on_6_September_2001_1.PDF,Financial Fraud,SCR 1994 1 445,,,UNRESOLVED
Kamaladevi_Agarwal_vs_State_Of_West_Bengal_And_Ors_on_17_October_2001_1.PDF,Financial Fraud,AIR 1928 BOM 184,,,UNRESOLVED
Manohar_Lal_vs_Vinesh_Anand_Ors_on_9_April_2001_1.PDF,Financial Fraud,AIR 1955 SC 468,Seth_Thawardas_Pherumal_vs_The_Union_Of_India_Uoi_on_24_March_1955_1.PDF,,OUTSIDE_DOMAINS
Manohar_Lal_vs_Vinesh_Anand_Ors_on_9_April_2001_1.PDF,Financial Fraud,AIR 1956 SC 66,,,UNRESOLVED
Manohar_Lal_vs_Vinesh_Anand_Ors_on_9_April_2001_1.PDF,Financial Fraud,AIR 1956 SC 153,Shri_Virindar_Kumar_Satyawadi_vs_The_State_Of_Punjab_on_24_November_1955_1.PDF,,OUTSIDE_DOMAINS
Manohar_Lal_vs_Vinesh_Anand_Ors_on_9_April_2001_1.PDF,Financial Fraud,AIR 1955 SC 661,,,UNRESOLVED
Manohar_Lal_vs_Vinesh_Anand_Ors_on_9_April_2001_1.PDF,Financial Fraud,SCR 1964 6 700,,,UNRESOLVED
Manohar_Lal_vs_Vinesh_Anand_Ors_on_9_April_2001_1.PDF,Financial Fraud,SCR 1957 930,R_M_D_Chamarbaugwalla_vs_The_Union_Of_India_With_Connected_on_9_April_1957_1.PDF,,OUTSIDE_DOMAINS
M_N_Damani_vs_S_K_Sinha_And_Others_on_2_May_2001_1.PDF,Financial Fraud,AIR 1988 SC 709,,,UNRESOLVED
M_N_Damani_vs_S_K_Sinha_And_Others_on_2_May_2001_1.PDF,Financial Fraud,SCC 1981 3 208,,,UNRESOLVED
M_N_Damani_vs_S_K_Sinha_And_Others_on_2_May_2001_1.PDF,Financial Fraud,SCC 1996 6 263,,,UNRESOLVED
M_N_Damani_vs_S_K_Sinha_And_Others_on_2_May_2001_1.PDF,Financial Fraud,SCC 1981 3 208,,,UNRESOLVED
M_N_Damani_vs_S_K_Sinha_And_Others_on_2_May_2001_1.PDF,Financial Fraud,SCC 1996 6 263,,,UNRESOLVED
M_S_Jk_International_vs_State_Govt_Of_Nct_Of_Delhi_And_Others_on_23_February_2001_1.PDF,Financial Fraud,AIR 1966 SC 911,,,UNRESOLVED
M_S_Swil_Ltd_vs_State_Of_Delhi_Another_on_14_August_2001_1.PDF,Financial Fraud,SCR 1967 2 423,,,UNRESOLVED
Rakesh_And_Another_vs_State_Of_Haryana_on_25_July_2001_1.PDF,Financial Fraud,SCC 2000 2 396,,,UNRESOLVED
Rakesh_And_Another_vs_State_Of_Haryana_on_25_July_2001_1.PDF,Financial Fraud,SCC 1979 1 345,,,UNRESOLVED
Rakesh_And_Another_vs_State_Of_Haryana_on_25_July_2001_1.PDF,Financial Fraud,SCC 1998 7 149,,,UNRESOLVED
Rakesh_And_Another_vs_State_Of_Haryana_on_25_July_2001_1.PDF,Financial Fraud,SCC 1983 1 1,,,UNRESOLVED
State_Of_Madhya_Pradesh_vs_Bhooraji_Ors_on_24_August_2001_1.PDF,Financial Fraud,AIR 1955 SC 196,,,UNRESOLVED
State_Of_Madhya_Pradesh_vs_Bhooraji_Ors_on_24_August_2001_1.PDF,Financial Fraud,AIR 1960 SC 576,,,UNRESOLVED
Suresh_Chand_Jain_vs_State_Of_Madhya_Pradesh_Another_on_10_January_2001_1.PDF,Financial Fraud,AIR 1961 SC 986,,,UNRESOLVED
Suresh_Chand_Jain_vs_State_Of_Madhya_Pradesh_Another_on_10_January_2001_1.PDF,Financial Fraud,AIR 1977 SC 2401,,,UNRESOLVED
S_W_Palanitkar_And_Ors_vs_State_Of_Bihar_And_Anr_on_18_October_2001_1.PDF,Financial Fraud,SCR 1964 1 639,,,UNRESOLVED
K_G_Premshanker_vs_Inspector_Of_Police_And_Anr_on_12_September_2002_1.PDF,Financial Fraud,AIR 1954 SC 397,,,UNRESOLVED
K_G_Premshanker_vs_Inspector_Of_Police_And_Anr_on_12_September_2002_1.PDF,Financial Fraud,AIR 1945 LAHORE 23,,,UNRESOLVED
K_G_Premshanker_vs_Inspector_Of_Police_And_Anr_on_12_September_2002_1.PDF,Financial Fraud,SCC 1995 5 767,V_M_Shah_vs_The_State_Of_Maharashtra_Anr_K_on_25_August_1995_1.PDF,,OUTSIDE_DOMAINS
K_G_Premshanker_vs_Inspector_Of_Police_And_Anr_on_12_September_2002_1.PDF,Financial Fraud,SCC 1970 3 694,Karam_Chand_Ganga_Prasad_And_Anr_vs_Union_Of_India_Uoi_And_Ors_on_12_October_1970_1.PDF,,OUTSIDE_DOMAINS
K_G_Premshanker_vs_Inspector_Of_Police_And_Anr_on_12_September_2002_1.PDF,Financial Fraud,SCR 1964 4 673,,,UNRESOLVED
N_Natarajan_vs_B_K_Subba_Rao_on_3_December_2002_1.PDF,Financial Fraud,AIR 1940 BOMBAY 131,,,UNRESOLVED
N_Natarajan_vs_B_K_Subba_Rao_on_3_December_2002_1.PDF,Financial Fraud,AIR 1929 PATNA 242,,,UNRESOLVED
Prakash_Khandre_vs_Dr_Vijaya_Kumar_Khandre_And_Others_on_9_May_2002_1.PDF,Financial Fraud,SCC 1989 4 773,,,UNRESOLVED
Prakash_Khandre_vs_Dr_Vijaya_Kumar_Khandre_And_Others_on_9_May_2002_1.PDF,Financial Fraud,SCC 1999 4 517,,,UNRESOLVED
Prakash_Khandre_vs_Dr_Vijaya_Kumar_Khandre_And_Others_on_9_May_2002_1.PDF,Financial Fraud,SCC 1981 3 260,S_Munishamappa_vs_B_Venkatarayappa_And_Others_on_30_March_1981_1.PDF,,OUTSIDE_DOMAINS
Prakash_Khandre_vs_Dr_Vijaya_Kumar_Khandre_And_Others_on_9_May_2002_1.PDF,Financial Fraud,SCC 1984 1 205,,,UNRESOLVED
Prakash_Khandre_vs_Dr_Vijaya_Kumar_Khandre_And_Others_on_9_May_2002_1.PDF,Financial Fraud,SCR 1969 2 90,,,UNRESOLVED
Prakash_Khandre_vs_Dr_Vijaya_Kumar_Khandre_And_Others_on_9_May_2002_1.PDF,Financial Fraud,SCR 1960 1 902,,,UNRESOLVED
Prakash_Khandre_vs_Dr_Vijaya_Kumar_Khandre_And_Others_on_9_May_2002_1.PDF,Financial Fraud,SCR 1977 3 538,,,UNRESOLVED
Prakash_Khandre_vs_Dr_Vijaya_Kumar_Khandre_And_Others_on_9_May_2002_1.PDF,Financial Fraud,SCR 1969 1 395,Konappa_Rudrappa_Nadgouda_vs_Vishwanath_Reddy_And_Anr_on_19_July_1968_1.PDF,,OUTSIDE_DOMAINS
Prakash_Khandre_vs_Dr_Vijaya_Kumar_Khandre_And_Others_on_9_May_2002_1.PDF,Financial Fraud,SCR 1954 817,Chatturbhuj_Vithaldas_Jasani_vs_Moreshwar_Parashram_And_Others_on_15_February_1954_1.PDF,,OUTSIDE_DOMAINS
Shashikant_Singh_vs_Tarkeshwar_Singh_Anr_on_24_April_2002_1.PDF,Financial Fraud,SCC 1983 1 1,,,UNRESOLVED
Shashikant_Singh_vs_Tarkeshwar_Singh_Anr_on_24_April_2002_1.PDF,Financial Fraud,SCC 2000 3 262,,,UNRESOLVED
Shashikant_Singh_vs_Tarkeshwar_Singh_Anr_on_24_April_2002_1.PDF,Financial Fraud,SCC 1993 2 16,Kishun_Singh_And_Ors_vs_State_Of_Bihar_on_11_January_1993_1.PDF,Financial Fraud,INTERNAL
Ajay_Mitra_vs_State_Of_M_P_Ors_on_28_January_2003_1.PDF,Financial Fraud,AIR 1956 SC 575,,,UNRESOLVED
Ajay_Mitra_vs_State_Of_M_P_Ors_on_28_January_2003_1.PDF,Financial Fraud,AIR 1954 SC 724,Mahadeo_Prasad_vs_State_Of_West_Bengal_on_13_January_1954_1.PDF,Financial Fraud,INTERNAL
Ajay_Mitra_vs_State_Of_M_P_Ors_on_28_January_2003_1.PDF,Financial Fraud,AIR 1974 SC 301,Hari_Prasad_Chamaria_vs_Bishun_Kumar_Surekha_And_Ors_on_6_September_1973_1.PDF,Financial Fraud,INTERNAL
Ajay_Mitra_vs_State_Of_M_P_Ors_on_28_January_2003_1.PDF,Financial Fraud,AIR 1982 SC 949,,,UNRESOLVED
Ajay_Mitra_vs_State_Of_M_P_Ors_on_28_January_2003_1.PDF,Financial Fraud,AIR 1992 SC 604,,,UNRESOLVED
Hira_Lal_Hari_Lal_Bhagwati_vs_C_B_I_New_Delhi_on_2_May_2003_1.PDF,Financial Fraud,AIR 1992 SC 1417,,,UNRESOLVED
Hira_Lal_Hari_Lal_Bhagwati_vs_C_B_I_New_Delhi_on_2_May_2003_1.PDF,Financial Fraud,SCC 2002 2 697,,,UNRESOLVED
Hira_Lal_Hari_Lal_Bhagwati_vs_C_B_I_New_Delhi_on_2_May_2003_1.PDF,Financial Fraud,SCC 1996 5 591,,,UNRESOLVED
Hira_Lal_Hari_Lal_Bhagwati_vs_C_B_I_New_Delhi_on_2_May_2003_1.PDF,Financial Fraud,SCC 2000 2 636,,,UNRESOLVED
K_Anbazhagan_vs_The_Superintendent_Of_Police_Ors_on_18_November_2003_1.PDF,Financial Fraud,SCC 1991 3 261,,,UNRESOLVED
K_Anbazhagan_vs_The_Superintendent_Of_Police_Ors_on_18_November_2003_1.PDF,Financial Fraud,SCC 1987 1 288,,,UNRESOLVED
K_Anbazhagan_vs_The_Superintendent_Of_Police_Ors_on_18_November_2003_1.PDF,Financial Fraud,SCC 1979 4 167,,,UNRESOLVED
K_Anbazhagan_vs_The_Superintendent_Of_Police_Ors_on_18_November_2003_1.PDF,Financial Fraud,SCC 2000 6 204,,,UNRESOLVED
K_Anbazhagan_vs_The_Superintendent_Of_Police_Ors_on_18_November_2003_1.PDF,Financial Fraud,SCC 2001 2 205,,,UNRESOLVED
K_Anbazhagan_vs_The_Superintendent_Of_Police_Ors_on_18_November_2003_1.PDF,Financial Fraud,SCC 2002 9 626,,,UNRESOLVED
K_Anbazhagan_vs_The_Superintendent_Of_Police_Ors_on_18_November_2003_1.PDF,Financial Fraud,SCC 1997 10 197,,,UNRESOLVED
K_Anbazhagan_vs_The_Superintendent_Of_Police_Ors_on_18_November_2003_1.PDF,Financial Fraud,SCC 2000 8 740,,,UNRESOLVED
K_Anbazhagan_vs_The_Superintendent_Of_Police_Ors_on_18_November_2003_1.PDF,Financial Fraud,SCC 2000 7 129,,,UNRESOLVED
K_Anbazhagan_vs_The_Superintendent_Of_Police_Ors_on_18_November_2003_1.PDF,Financial Fraud,SCR 1966 2 678,,,UNRESOLVED
K_Pandurangan_vs_S_S_R_Velusamy_Anr_on_18_September_2003_1.PDF,Financial Fraud,AIR 1976 SC 2205,,,UNRESOLVED
K_Pandurangan_vs_S_S_R_Velusamy_Anr_on_18_September_2003_1.PDF,Financial Fraud,SCC 1988 2 602,,,UNRESOLVED
Ram_Narain_Popli_vs_Central_Bureau_Of_Investigation_on_14_January_2003_1.PDF,Financial Fraud,SCR 2003 1 119,,,UNRESOLVED
Sarwan_Kumar_Anr_vs_Madan_Lal_Aggarwal_on_6_February_2003_1.PDF,Financial Fraud,AIR 1967 SC 1643,I_C_Golak_Nath_And_Ors_vs_State_Of_Punjab_And_Anr_on_27_February_1967_1.PDF,,OUTSIDE_DOMAINS
State_Of_Haryana_vs_Balwant_Singh_on_4_March_2003_1.PDF,Financial Fraud,SCC 2002 1 405,,,UNRESOLVED
Uday_vs_State_Of_Karnataka_on_19_February_2003_1.PDF,Financial Fraud,AIR 1958 PUNJAB 123,,,UNRESOLVED
Uday_vs_State_Of_Karnataka_on_19_February_2003_1.PDF,Financial Fraud,AIR 1960 MADRAS 308,,,UNRESOLVED
Uday_vs_State_Of_Karnataka_on_19_February_2003_1.PDF,Financial Fraud,AIR 1960 PUNJAB 303,,,UNRESOLVED
Uday_vs_State_Of_Karnataka_on_19_February_2003_1.PDF,Financial Fraud,SCC 2000 7 224,,,UNRESOLVED
Union_Of_India_And_Anr_vs_Azadi_Bachao_Andolan_And_Anr_on_7_October_2003_1.PDF,Financial Fraud,SCC 1970 3 400,,,UNRESOLVED
Union_Of_India_And_Anr_vs_Azadi_Bachao_Andolan_And_Anr_on_7_October_2003_1.PDF,Financial Fraud,SCC 1999 4 11,,,UNRESOLVED
Union_Of_India_And_Anr_vs_Azadi_Bachao_Andolan_And_Anr_on_7_October_2003_1.PDF,Financial Fraud,SCC 1991 4 243,,,UNRESOLVED
Union_Of_India_And_Anr_vs_Azadi_Bachao_Andolan_And_Anr_on_7_October_2003_1.PDF,Financial Fraud,SCC 1971 1 337,,,UNRESOLVED
Union_Of_India_And_Anr_vs_Azadi_Bachao_Andolan_And_Anr_on_7_October_2003_1.PDF,Financial Fraud,SCC 2001 5 212,,,UNRESOLVED
Union_Of_India_And_Anr_vs_Azadi_Bachao_Andolan_And_Anr_on_7_October_2003_1.PDF,Financial Fraud,SCC 1984 4 27,,,UNRESOLVED
Union_Of_India_And_Anr_vs_Azadi_Bachao_Andolan_And_Anr_on_7_October_2003_1.PDF,Financial Fraud,SCC 1989 4 592,Wallace_Flour_Mills_Company_Ltd_vs_Collector_Of_Central_Excise_on_28_September_1989_1.PDF,,OUTSIDE_DOMAINS
Union_Of_India_And_Anr_vs_Azadi_Bachao_Andolan_And_Anr_on_7_October_2003_1.PDF,Financial Fraud,SCC 1995 1 274,Kaniska_Trading_vs_Union_Of_India_on_18_October_1994_1.PDF,,OUTSIDE_DOMAINS
Union_Of_India_And_Anr_vs_Azadi_Bachao_Andolan_And_Anr_on_7_October_2003_1.PDF,Financial Fraud,SCC 1999 8 667,,,UNRESOLVED
Union_Of_India_And_Anr_vs_Azadi_Bachao_Andolan_And_Anr_on_7_October_2003_1.PDF,Financial Fraud,SCC 1981 2 362,,,UNRESOLVED
Union_Of_India_And_Anr_vs_Azadi_Bachao_Andolan_And_Anr_on_7_October_2003_1.PDF,Financial Fraud,SCC 1980 3 625,Minerva_Mills_Ltd_And_Ors_vs_Union_Of_India_Uoi_And_Ors_on_9_May_1980_1.PDF,,OUTSIDE_DOMAINS
Union_Of_India_And_Anr_vs_Azadi_Bachao_Andolan_And_Anr_on_7_October_2003_1.PDF,Financial Fraud,SCR 1959 1099,Maktul_vs_Mst_Manbhari_Others_on_23_May_1958_1.PDF,,OUTSIDE_DOMAINS
Union_Of_India_And_Anr_vs_Azadi_Bachao_Andolan_And_Anr_on_7_October_2003_1.PDF,Financial Fraud,SCR 1968 1052,,,UNRESOLVED
Union_Of_India_And_Anr_vs_Azadi_Bachao_Andolan_And_Anr_on_7_October_2003_1.PDF,Financial Fraud,SCR 1964 4 991,,,UNRESOLVED
Union_Of_India_And_Anr_vs_Azadi_Bachao_Andolan_And_Anr_on_7_October_2003_1.PDF,Financial Fraud,SCR 1955 380,,,UNRESOLVED
Vivek_Gupta_vs_Central_Bureau_Of_Investigation_And_on_25_September_2003_1.PDF,Financial Fraud,AIR 1960 SC 661,Kadiri_Kunhahammad_vs_The_State_Of_Madras_on_27_January_1959_1.PDF,,OUTSIDE_DOMAINS
Vivek_Gupta_vs_Central_Bureau_Of_Investigation_And_on_25_September_2003_1.PDF,Financial Fraud,AIR 1961 SC 1241,,,UNRESOLVED
Adalat_Prasad_vs_Rooplal_Jindal_Ors_on_25_August_2004_1.PDF,Financial Fraud,SCC 1992 1 217,,,UNRESOLVED
Adalat_Prasad_vs_Rooplal_Jindal_Ors_on_25_August_2004_1.PDF,Financial Fraud,SCC 1998 8 594,,,UNRESOLVED
A_S_Krishnan_And_Anr_vs_State_Of_Kerala_on_17_March_2004_1.PDF,Financial Fraud,AIR 1993 SC 1167,Joti_Parshad_vs_State_Of_Haryana_on_20_October_1992_1.PDF,,OUTSIDE_DOMAINS
A_S_Krishnan_And_Anr_vs_State_Of_Kerala_on_17_March_2004_1.PDF,Financial Fraud,AIR 1967 SC 1590,Madan_Lal_vs_State_Of_Punjab_on_5_April_1967_1.PDF,,OUTSIDE_DOMAINS
Devender_Kumar_Singla_vs_Baldev_Krishan_Singla_on_17_February_2004_1.PDF,Financial Fraud,SCR 2004 2 459,,,UNRESOLVED
K_C_Builders_Anr_vs_The_Assistant_Commissioner_Of_Income_on_28_January_2004_1.PDF,Financial Fraud,SCC 1982 2 543,Uttam_Chand_And_Ors_vs_Income_Tax_Officer_Central_Circle_on_5_March_1979_1.PDF,,OUTSIDE_DOMAINS
K_Hashim_vs_State_Of_Tamil_Nadu_on_17_November_2004_1.PDF,Financial Fraud,AIR 1949 PC 257,,,UNRESOLVED
K_Hashim_vs_State_Of_Tamil_Nadu_on_17_November_2004_1.PDF,Financial Fraud,AIR 1994 SC 2420,,,UNRESOLVED
K_Hashim_vs_State_Of_Tamil_Nadu_on_17_November_2004_1.PDF,Financial Fraud,AIR 1979 SC 569,,,UNRESOLVED
K_Hashim_vs_State_Of_Tamil_Nadu_on_17_November_2004_1.PDF,Financial Fraud,AIR 1959 SC 1199,,,UNRESOLVED
K_Hashim_vs_State_Of_Tamil_Nadu_on_17_November_2004_1.PDF,Financial Fraud,AIR 1963 SC 599,,,UNRESOLVED
K_Hashim_vs_State_Of_Tamil_Nadu_on_17_November_2004_1.PDF,Financial Fraud,AIR 1963 SC 599,,,UNRESOLVED
K_Hashim_vs_State_Of_Tamil_Nadu_on_17_November_2004_1.PDF,Financial Fraud,AIR 1952 SC 54,,,UNRESOLVED
K_Hashim_vs_State_Of_Tamil_Nadu_on_17_November_2004_1.PDF,Financial Fraud,AIR 1987 SC 33,,,UNRESOLVED
K_Hashim_vs_State_Of_Tamil_Nadu_on_17_November_2004_1.PDF,Financial Fraud,AIR 1960 SC 669,,,UNRESOLVED
K_Hashim_vs_State_Of_Tamil_Nadu_on_17_November_2004_1.PDF,Financial Fraud,SCR 1960 1 126,,,UNRESOLVED
Mangilal_vs_State_Of_Madhya_Pradesh_on_5_January_2004_1.PDF,Financial Fraud,AIR 1978 SC 1525,,,UNRESOLVED
Mangilal_vs_State_Of_Madhya_Pradesh_on_5_January_2004_1.PDF,Financial Fraud,AIR 1961 SC 818,,,UNRESOLVED
M_S_Zandu_Pharmaceutical_Works_Ltd_vs_Md_Sharaful_Haque_Anr_on_1_November_2004_1.PDF,Financial Fraud,AIR 1960 SC 866,,,UNRESOLVED
M_S_Zandu_Pharmaceutical_Works_Ltd_vs_Md_Sharaful_Haque_Anr_on_1_November_2004_1.PDF,Financial Fraud,AIR 1964 SC 1,,,UNRESOLVED
M_S_Zandu_Pharmaceutical_Works_Ltd_vs_Md_Sharaful_Haque_Anr_on_1_November_2004_1.PDF,Financial Fraud,AIR 1996 SC 309,,,UNRESOLVED
M_S_Zandu_Pharmaceutical_Works_Ltd_vs_Md_Sharaful_Haque_Anr_on_1_November_2004_1.PDF,Financial Fraud,AIR 1999 SC 1044,,,UNRESOLVED
M_S_Zandu_Pharmaceutical_Works_Ltd_vs_Md_Sharaful_Haque_Anr_on_1_November_2004_1.PDF,Financial Fraud,AIR 1996 SC 2983,,,UNRESOLVED
N_Bhargavan_Pillai_Dead_By_Lrs_And_vs_State_Of_Kerala_on_20_April_2004_1.PDF,Financial Fraud,AIR 1996 SC 901,,,UNRESOLVED
Iqbal_Singh_Marwah_Anr_vs_Meenakshi_Marwah_Anr_on_11_March_2005_1.PDF,Financial Fraud,AIR 1931 ALL 443,,,UNRESOLVED
Iqbal_Singh_Marwah_Anr_vs_Meenakshi_Marwah_Anr_on_11_March_2005_1.PDF,Financial Fraud,AIR 1988 SC 419,,,UNRESOLVED
Iqbal_Singh_Marwah_Anr_vs_Meenakshi_Marwah_Anr_on_11_March_2005_1.PDF,Financial Fraud,AIR 1976 SC 1929,,,UNRESOLVED
Iqbal_Singh_Marwah_Anr_vs_Meenakshi_Marwah_Anr_on_11_March_2005_1.PDF,Financial Fraud,AIR 1977 SC 435,,,UNRESOLVED
Iqbal_Singh_Marwah_Anr_vs_Meenakshi_Marwah_Anr_on_11_March_2005_1.PDF,Financial Fraud,AIR 1979 SC 1029,,,UNRESOLVED
Iqbal_Singh_Marwah_Anr_vs_Meenakshi_Marwah_Anr_on_11_March_2005_1.PDF,Financial Fraud,AIR 1980 SC 593,,,UNRESOLVED
Iqbal_Singh_Marwah_Anr_vs_Meenakshi_Marwah_Anr_on_11_March_2005_1.PDF,Financial Fraud,AIR 1954 SC 397,,,UNRESOLVED
Iqbal_Singh_Marwah_Anr_vs_Meenakshi_Marwah_Anr_on_11_March_2005_1.PDF,Financial Fraud,SCR 1955 1 158,,,UNRESOLVED
Md_Munna_vs_Union_Of_India_Ors_on_16_September_2005_1.PDF,Financial Fraud,AIR 1962 SC 605,,,UNRESOLVED
Md_Munna_vs_Union_Of_India_Ors_on_16_September_2005_1.PDF,Financial Fraud,SCC 1983 2 454,,,UNRESOLVED
Romesh_Lal_Jain_vs_Naginder_Singh_Rana_Ors_on_28_October_2005_1.PDF,Financial Fraud,AIR 2004 SC 2317,,,UNRESOLVED
Romesh_Lal_Jain_vs_Naginder_Singh_Rana_Ors_on_28_October_2005_1.PDF,Financial Fraud,AIR 1956 SC 44,,,UNRESOLVED
Romesh_Lal_Jain_vs_Naginder_Singh_Rana_Ors_on_28_October_2005_1.PDF,Financial Fraud,AIR 1939 FC 43,,,UNRESOLVED
Romesh_Lal_Jain_vs_Naginder_Singh_Rana_Ors_on_28_October_2005_1.PDF,Financial Fraud,AIR 1966 SC 1786,,,UNRESOLVED
Romesh_Lal_Jain_vs_Naginder_Singh_Rana_Ors_on_28_October_2005_1.PDF,Financial Fraud,SCC 2001 6 704,,,UNRESOLVED
Romesh_Lal_Jain_vs_Naginder_Singh_Rana_Ors_on_28_October_2005_1.PDF,Financial Fraud,SCC 2004 2 349,,,UNRESOLVED
Romesh_Lal_Jain_vs_Naginder_Singh_Rana_Ors_on_28_October_2005_1.PDF,Financial Fraud,SCC 2004 8 40,,,UNRESOLVED
Romesh_Lal_Jain_vs_Naginder_Singh_Rana_Ors_on_28_October_2005_1.PDF,Financial Fraud,SCC 2004 8 31,,,UNRESOLVED
Romesh_Lal_Jain_vs_Naginder_Singh_Rana_Ors_on_28_October_2005_1.PDF,Financial Fraud,SCC 2005 4 512,,,UNRESOLVED
Romesh_Lal_Jain_vs_Naginder_Singh_Rana_Ors_on_28_October_2005_1.PDF,Financial Fraud,SCC 1983 1 11,,,UNRESOLVED
Romesh_Lal_Jain_vs_Naginder_Singh_Rana_Ors_on_28_October_2005_1.PDF,Financial Fraud,SCC 1983 3 429,Manohar_Nath_Kaul_vs_State_Of_Jammu_Kashmir_on_19_April_1983_1.PDF,Financial Fraud,INTERNAL
Romesh_Lal_Jain_vs_Naginder_Singh_Rana_Ors_on_28_October_2005_1.PDF,Financial Fraud,SCC 1979 4 177,,,UNRESOLVED
Romesh_Lal_Jain_vs_Naginder_Singh_Rana_Ors_on_28_October_2005_1.PDF,Financial Fraud,SCC 1972 3 89,Harihar_Prasad_Etc_vs_State_Of_Bihar_on_7_September_1971_1.PDF,Corruption; Financial Fraud,INTERNAL
Romesh_Lal_Jain_vs_Naginder_Singh_Rana_Ors_on_28_October_2005_1.PDF,Financial Fraud,SCC 2000 8 500,,,UNRESOLVED
Romesh_Lal_Jain_vs_Naginder_Singh_Rana_Ors_on_28_October_2005_1.PDF,Financial Fraud,SCC 2002 6 543,,,UNRESOLVED
Romesh_Lal_Jain_vs_Naginder_Singh_Rana_Ors_on_28_October_2005_1.PDF,Financial Fraud,SCR 1955 1 1177,,,UNRESOLVED
Romesh_Lal_Jain_vs_Naginder_Singh_Rana_Ors_on_28_October_2005_1.PDF,Financial Fraud,SCR 1955 1 1302,,,UNRESOLVED
Romesh_Lal_Jain_vs_Naginder_Singh_Rana_Ors_on_28_October_2005_1.PDF,Financial Fraud,SCR 1955 2 925,,,UNRESOLVED
Romesh_Lal_Jain_vs_Naginder_Singh_Rana_Ors_on_28_October_2005_1.PDF,Financial Fraud,SCR 1957 423,Om_Prakash_Gupta_vs_State_Of_U_P_With_Connected_Appeals_on_11_January_1957_1.PDF,Corruption; Financial Fraud,INTERNAL
Romesh_Lal_Jain_vs_Naginder_Singh_Rana_Ors_on_28_October_2005_1.PDF,Financial Fraud,SCR 1966 1 210,,,UNRESOLVED
Salem_Advocate_Bar_Association_Tamil_vs_Union_Of_India_on_2_August_2005_1.PDF,Financial Fraud,AIR 1965 SC 895,,,UNRESOLVED
Salem_Advocate_Bar_Association_Tamil_vs_Union_Of_India_on_2_August_2005_1.PDF,Financial Fraud,AIR 1955 SC 425,,,UNRESOLVED
Salem_Advocate_Bar_Association_Tamil_vs_Union_Of_India_on_2_August_2005_1.PDF,Financial Fraud,AIR 1961 SC 882,,,UNRESOLVED
Salem_Advocate_Bar_Association_Tamil_vs_Union_Of_India_on_2_August_2005_1.PDF,Financial Fraud,SCC 2003 1 49,,,UNRESOLVED
Salem_Advocate_Bar_Association_Tamil_vs_Union_Of_India_on_2_August_2005_1.PDF,Financial Fraud,SCC 2002 6 33,,,UNRESOLVED
Salem_Advocate_Bar_Association_Tamil_vs_Union_Of_India_on_2_August_2005_1.PDF,Financial Fraud,SCC 2000 4 539,,,UNRESOLVED
Sivakumar_vs_State_By_Inspector_Of_Police_on_8_December_2005_1.PDF,Financial Fraud,AIR 1937 MAD 578,,,UNRESOLVED
Sivakumar_vs_State_By_Inspector_Of_Police_on_8_December_2005_1.PDF,Financial Fraud,AIR 1974 SC 1144,Mohan_Lal_Pangasa_vs_The_State_Of_U_P_on_9_April_1974_1.PDF,,OUTSIDE_DOMAINS
Sivakumar_vs_State_By_Inspector_Of_Police_on_8_December_2005_1.PDF,Financial Fraud,AIR 2000 SC 591,,,UNRESOLVED
Sivakumar_vs_State_By_Inspector_Of_Police_on_8_December_2005_1.PDF,Financial Fraud,SCC 1977 4 452,,,UNRESOLVED
Sivakumar_vs_State_By_Inspector_Of_Police_on_8_December_2005_1.PDF,Financial Fraud,SCC 2003 8 180,,,UNRESOLVED
All_India_Itdc_Workers_Union_Ors_vs_Itdc_Ors_on_31_October_2006_1.PDF,Financial Fraud,SCC 2002 2 333,,,UNRESOLVED
Chairman_Cum_M_D_T_N_C_S_Corpn_vs_K_Meerabai_on_23_January_2006_1.PDF,Financial Fraud,SCC 1995 6 749,B_C_Chaturvedi_vs_Union_Of_India_And_Ors_on_1_November_1995_1.PDF,Corruption,CROSS_DOMAIN
Chairman_Cum_M_D_T_N_C_S_Corpn_vs_K_Meerabai_on_23_January_2006_1.PDF,Financial Fraud,SCC 2003 3 583,,,UNRESOLVED
Chairman_Cum_M_D_T_N_C_S_Corpn_vs_K_Meerabai_on_23_January_2006_1.PDF,Financial Fraud,SCC 1996 6 417,,,UNRESOLVED
Chairman_Cum_M_D_T_N_C_S_Corpn_vs_K_Meerabai_on_23_January_2006_1.PDF,Financial Fraud,SCC 1995 6 749,B_C_Chaturvedi_vs_Union_Of_India_And_Ors_on_1_November_1995_1.PDF,Corruption,CROSS_DOMAIN
Chairman_Cum_M_D_T_N_C_S_Corpn_vs_K_Meerabai_on_23_January_2006_1.PDF,Financial Fraud,SCC 2005 7 764,,,UNRESOLVED
Chairman_Cum_M_D_T_N_C_S_Corpn_vs_K_Meerabai_on_23_January_2006_1.PDF,Financial Fraud,SCC 1985 3 378,,,UNRESOLVED
Chairman_Cum_M_D_T_N_C_S_Corpn_vs_K_Meerabai_on_23_January_2006_1.PDF,Financial Fraud,SCC 1998 7 84,,,UNRESOLVED
Chairman_Cum_M_D_T_N_C_S_Corpn_vs_K_Meerabai_on_23_January_2006_1.PDF,Financial Fraud,SCC 2003 9 468,,,UNRESOLVED
Lok_Ram_vs_Nihal_Singh_Anr_on_10_April_2006_1.PDF,Financial Fraud,AIR 1979 SC 339,,,UNRESOLVED
Lok_Ram_vs_Nihal_Singh_Anr_on_10_April_2006_1.PDF,Financial Fraud,AIR 1990 SC 2158,,,UNRESOLVED
M_S_Indian_Oil_Corporation_vs_M_S_Nepc_India_Ltd_Ors_on_20_July_2006_1.PDF,Financial Fraud,AIR 1953 SC 478,,,UNRESOLVED
M_S_Indian_Oil_Corporation_vs_M_S_Nepc_India_Ltd_Ors_on_20_July_2006_1.PDF,Financial Fraud,AIR 1956 SC 575,,,UNRESOLVED
Naveen_Kohli_vs_Neelu_Kohli_on_21_March_2006_1.PDF,Financial Fraud,AIR 1975 SC 1534,Dr_N_G_Dastane_vs_Mrs_S_Dastane_on_19_March_1975_1.PDF,,OUTSIDE_DOMAINS
Naveen_Kohli_vs_Neelu_Kohli_on_21_March_2006_1.PDF,Financial Fraud,AIR 1957 SC 176,,,UNRESOLVED
Naveen_Kohli_vs_Neelu_Kohli_on_21_March_2006_1.PDF,Financial Fraud,AIR 1964 SC 40,,,UNRESOLVED
Naveen_Kohli_vs_Neelu_Kohli_on_21_March_2006_1.PDF,Financial Fraud,SCC 1975 2 326,Dr_N_G_Dastane_vs_Mrs_S_Dastane_on_19_March_1975_1.PDF,,OUTSIDE_DOMAINS
Naveen_Kohli_vs_Neelu_Kohli_on_21_March_2006_1.PDF,Financial Fraud,SCC 1981 4 250,,,UNRESOLVED
Naveen_Kohli_vs_Neelu_Kohli_on_21_March_2006_1.PDF,Financial Fraud,SCC 1988 1 105,,,UNRESOLVED
Naveen_Kohli_vs_Neelu_Kohli_on_21_March_2006_1.PDF,Financial Fraud,SCC 1994 1 337,V_Bhagat_vs_D_Bhagat_on_19_November_1993_1.PDF,,OUTSIDE_DOMAINS
Naveen_Kohli_vs_Neelu_Kohli_on_21_March_2006_1.PDF,Financial Fraud,SCC 2002 2 73,,,UNRESOLVED
Naveen_Kohli_vs_Neelu_Kohli_on_21_March_2006_1.PDF,Financial Fraud,SCC 2002 2 619,,,UNRESOLVED
Naveen_Kohli_vs_Neelu_Kohli_on_21_March_2006_1.PDF,Financial Fraud,SCC 2002 5 706,,,UNRESOLVED
Naveen_Kohli_vs_Neelu_Kohli_on_21_March_2006_1.PDF,Financial Fraud,SCC 2001 4 250,,,UNRESOLVED
Naveen_Kohli_vs_Neelu_Kohli_on_21_March_2006_1.PDF,Financial Fraud,SCC 1993 2 6,,,UNRESOLVED
Naveen_Kohli_vs_Neelu_Kohli_on_21_March_2006_1.PDF,Financial Fraud,SCC 1996 8 90,,,UNRESOLVED
Naveen_Kohli_vs_Neelu_Kohli_on_21_March_2006_1.PDF,Financial Fraud,SCC 2004 1 123,,,UNRESOLVED
Naveen_Kohli_vs_Neelu_Kohli_on_21_March_2006_1.PDF,Financial Fraud,SCC 2005 2 22,,,UNRESOLVED
Naveen_Kohli_vs_Neelu_Kohli_on_21_March_2006_1.PDF,Financial Fraud,SCC 1988 1 105,,,UNRESOLVED
Naveen_Kohli_vs_Neelu_Kohli_on_21_March_2006_1.PDF,Financial Fraud,SCC 2005 7 353,,,UNRESOLVED
Popular_Muthiah_vs_State_Represented_By_Inspector_Of_on_4_July_2006_1.PDF,Financial Fraud,AIR 1960 SC 866,,,UNRESOLVED
Popular_Muthiah_vs_State_Represented_By_Inspector_Of_on_4_July_2006_1.PDF,Financial Fraud,AIR 1968 SC 117,,,UNRESOLVED
Popular_Muthiah_vs_State_Represented_By_Inspector_Of_on_4_July_2006_1.PDF,Financial Fraud,SCC 2001 8 570,,,UNRESOLVED
Popular_Muthiah_vs_State_Represented_By_Inspector_Of_on_4_July_2006_1.PDF,Financial Fraud,SCC 2002 3 89,,,UNRESOLVED
Popular_Muthiah_vs_State_Represented_By_Inspector_Of_on_4_July_2006_1.PDF,Financial Fraud,SCC 1977 4 551,,,UNRESOLVED
Popular_Muthiah_vs_State_Represented_By_Inspector_Of_on_4_July_2006_1.PDF,Financial Fraud,SCC 1980 1 43,,,UNRESOLVED
Popular_Muthiah_vs_State_Represented_By_Inspector_Of_on_4_July_2006_1.PDF,Financial Fraud,SCC 2003 6 641,,,UNRESOLVED
Popular_Muthiah_vs_State_Represented_By_Inspector_Of_on_4_July_2006_1.PDF,Financial Fraud,SCC 2004 4 129,,,UNRESOLVED
Popular_Muthiah_vs_State_Represented_By_Inspector_Of_on_4_July_2006_1.PDF,Financial Fraud,SCC 1998 7 149,,,UNRESOLVED
Popular_Muthiah_vs_State_Represented_By_Inspector_Of_on_4_July_2006_1.PDF,Financial Fraud,SCC 1983 1 1,,,UNRESOLVED
Popular_Muthiah_vs_State_Represented_By_Inspector_Of_on_4_July_2006_1.PDF,Financial Fraud,SCC 2004 13 11,,,UNRESOLVED
Popular_Muthiah_vs_State_Represented_By_Inspector_Of_on_4_July_2006_1.PDF,Financial Fraud,SCC 1996 4 495,,,UNRESOLVED
Popular_Muthiah_vs_State_Represented_By_Inspector_Of_on_4_July_2006_1.PDF,Financial Fraud,SCC 2004 13 9,,,UNRESOLVED
Popular_Muthiah_vs_State_Represented_By_Inspector_Of_on_4_July_2006_1.PDF,Financial Fraud,SCC 2004 4 158,,,UNRESOLVED
Popular_Muthiah_vs_State_Represented_By_Inspector_Of_on_4_July_2006_1.PDF,Financial Fraud,SCC 2005 1 115,,,UNRESOLVED
Popular_Muthiah_vs_State_Represented_By_Inspector_Of_on_4_July_2006_1.PDF,Financial Fraud,SCR 1962 2 904,,,UNRESOLVED
Ramdev_Food_Products_Pvt_Ltd_vs_Arvindbhai_Rambhai_Patel_Ors_on_29_August_2006_1.PDF,Financial Fraud,AIR 1965 SC 980,,,UNRESOLVED
Ramdev_Food_Products_Pvt_Ltd_vs_Arvindbhai_Rambhai_Patel_Ors_on_29_August_2006_1.PDF,Financial Fraud,AIR 1993 BOMBAY 237,,,UNRESOLVED
Ramdev_Food_Products_Pvt_Ltd_vs_Arvindbhai_Rambhai_Patel_Ors_on_29_August_2006_1.PDF,Financial Fraud,SCC 1971 1 276,,,UNRESOLVED
Ramdev_Food_Products_Pvt_Ltd_vs_Arvindbhai_Rambhai_Patel_Ors_on_29_August_2006_1.PDF,Financial Fraud,SCC 1999 4 545,,,UNRESOLVED
Ramdev_Food_Products_Pvt_Ltd_vs_Arvindbhai_Rambhai_Patel_Ors_on_29_August_2006_1.PDF,Financial Fraud,SCC 1973 2 312,,,UNRESOLVED
Ramdev_Food_Products_Pvt_Ltd_vs_Arvindbhai_Rambhai_Patel_Ors_on_29_August_2006_1.PDF,Financial Fraud,SCC 1976 3 119,,,UNRESOLVED
Ramdev_Food_Products_Pvt_Ltd_vs_Arvindbhai_Rambhai_Patel_Ors_on_29_August_2006_1.PDF,Financial Fraud,SCC 1995 5 545,M_S_Gujarat_Pottling_Co_Ltd_Ors_vs_The_Coca_Cola_Co_Ors_on_4_August_1995_1.PDF,,OUTSIDE_DOMAINS
Ramdev_Food_Products_Pvt_Ltd_vs_Arvindbhai_Rambhai_Patel_Ors_on_29_August_2006_1.PDF,Financial Fraud,SCC 2002 3 65,,,UNRESOLVED
Ramdev_Food_Products_Pvt_Ltd_vs_Arvindbhai_Rambhai_Patel_Ors_on_29_August_2006_1.PDF,Financial Fraud,SCC 1973 1 56,,,UNRESOLVED
Ramdev_Food_Products_Pvt_Ltd_vs_Arvindbhai_Rambhai_Patel_Ors_on_29_August_2006_1.PDF,Financial Fraud,SCC 2004 12 628,,,UNRESOLVED
Ramdev_Food_Products_Pvt_Ltd_vs_Arvindbhai_Rambhai_Patel_Ors_on_29_August_2006_1.PDF,Financial Fraud,SCC 2004 12 624,,,UNRESOLVED
Ramdev_Food_Products_Pvt_Ltd_vs_Arvindbhai_Rambhai_Patel_Ors_on_29_August_2006_1.PDF,Financial Fraud,SCC 2006 1 148,,,UNRESOLVED
Ramdev_Food_Products_Pvt_Ltd_vs_Arvindbhai_Rambhai_Patel_Ors_on_29_August_2006_1.PDF,Financial Fraud,SCC 1969 2 727,,,UNRESOLVED
Ramdev_Food_Products_Pvt_Ltd_vs_Arvindbhai_Rambhai_Patel_Ors_on_29_August_2006_1.PDF,Financial Fraud,SCC 1972 1 618,,,UNRESOLVED
Ramdev_Food_Products_Pvt_Ltd_vs_Arvindbhai_Rambhai_Patel_Ors_on_29_August_2006_1.PDF,Financial Fraud,SCC 1994 2 448,Power_Control_Appliances_vs_Sumeet_Machines_Pvt_Ltd_on_8_February_1994_1.PDF,,OUTSIDE_DOMAINS
Ramdev_Food_Products_Pvt_Ltd_vs_Arvindbhai_Rambhai_Patel_Ors_on_29_August_2006_1.PDF,Financial Fraud,SCC 2004 3 90,,,UNRESOLVED
Ramdev_Food_Products_Pvt_Ltd_vs_Arvindbhai_Rambhai_Patel_Ors_on_29_August_2006_1.PDF,Financial Fraud,SCC 2000 5 573,,,UNRESOLVED
Ramdev_Food_Products_Pvt_Ltd_vs_Arvindbhai_Rambhai_Patel_Ors_on_29_August_2006_1.PDF,Financial Fraud,SCC 1999 7 1,,,UNRESOLVED
Ramdev_Food_Products_Pvt_Ltd_vs_Arvindbhai_Rambhai_Patel_Ors_on_29_August_2006_1.PDF,Financial Fraud,SCC 2002 2 147,,,UNRESOLVED
Ramdev_Food_Products_Pvt_Ltd_vs_Arvindbhai_Rambhai_Patel_Ors_on_29_August_2006_1.PDF,Financial Fraud,SCC 2002 3 65,,,UNRESOLVED
Ramdev_Food_Products_Pvt_Ltd_vs_Arvindbhai_Rambhai_Patel_Ors_on_29_August_2006_1.PDF,Financial Fraud,SCR 1955 2 252,,,UNRESOLVED
Ram_Biraji_Devi_Anr_vs_Umesh_Kumar_Singh_Anr_on_11_May_2006_1.PDF,Financial Fraud,SCC 1999 8 686,,,UNRESOLVED
All_Cargo_Movers_I_Pvt_Ltd_Ors_vs_Dhanesh_Badarmal_Jain_Anr_on_12_October_2007_1.PDF,Financial Fraud,SCC 2000 2 636,,,UNRESOLVED
All_Cargo_Movers_I_Pvt_Ltd_Ors_vs_Dhanesh_Badarmal_Jain_Anr_on_12_October_2007_1.PDF,Financial Fraud,SCC 2005 10 228,,,UNRESOLVED
All_Cargo_Movers_I_Pvt_Ltd_Ors_vs_Dhanesh_Badarmal_Jain_Anr_on_12_October_2007_1.PDF,Financial Fraud,SCC 2003 5 257,,,UNRESOLVED
All_Cargo_Movers_I_Pvt_Ltd_Ors_vs_Dhanesh_Badarmal_Jain_Anr_on_12_October_2007_1.PDF,Financial Fraud,SCC 2005 3 670,,,UNRESOLVED
All_Cargo_Movers_I_Pvt_Ltd_Ors_vs_Dhanesh_Badarmal_Jain_Anr_on_12_October_2007_1.PDF,Financial Fraud,SCC 2006 6 736,,,UNRESOLVED
B_Suresh_Yadav_vs_Sharifa_Bee_Anr_on_12_October_2007_1.PDF,Financial Fraud,SCC 2000 2 636,,,UNRESOLVED
B_Suresh_Yadav_vs_Sharifa_Bee_Anr_on_12_October_2007_1.PDF,Financial Fraud,SCC 2005 10 228,,,UNRESOLVED
B_Suresh_Yadav_vs_Sharifa_Bee_Anr_on_12_October_2007_1.PDF,Financial Fraud,SCC 2003 5 257,,,UNRESOLVED
B_Suresh_Yadav_vs_Sharifa_Bee_Anr_on_12_October_2007_1.PDF,Financial Fraud,SCC 2005 3 670,,,UNRESOLVED
B_Suresh_Yadav_vs_Sharifa_Bee_Anr_on_12_October_2007_1.PDF,Financial Fraud,SCC 2006 6 736,,,UNRESOLVED
Chandrappa_Ors_vs_State_Of_Karnataka_on_15_February_2007_1.PDF,Financial Fraud,AIR 1934 PC 227,,,UNRESOLVED
Chandrappa_Ors_vs_State_Of_Karnataka_on_15_February_2007_1.PDF,Financial Fraud,AIR 1945 PC 151,,,UNRESOLVED
Chandrappa_Ors_vs_State_Of_Karnataka_on_15_February_2007_1.PDF,Financial Fraud,AIR 1954 SC 36,Prandas_vs_The_State_on_14_March_1950_1.PDF,Violent Crime / Homicide,CROSS_DOMAIN
Chandrappa_Ors_vs_State_Of_Karnataka_on_15_February_2007_1.PDF,Financial Fraud,AIR 1952 SC 52,,,UNRESOLVED
Chandrappa_Ors_vs_State_Of_Karnataka_on_15_February_2007_1.PDF,Financial Fraud,AIR 1953 SC 76,,,UNRESOLVED
Chandrappa_Ors_vs_State_Of_Karnataka_on_15_February_2007_1.PDF,Financial Fraud,AIR 1955 SC 807,Atley_vs_State_Of_Uttar_Pradesh_on_16_September_1955_1.PDF,Violent Crime / Homicide,CROSS_DOMAIN
Chandrappa_Ors_vs_State_Of_Karnataka_on_15_February_2007_1.PDF,Financial Fraud,AIR 1956 SC 217,,,UNRESOLVED
Chandrappa_Ors_vs_State_Of_Karnataka_on_15_February_2007_1.PDF,Financial Fraud,AIR 1934 PC 227,,,UNRESOLVED
Chandrappa_Ors_vs_State_Of_Karnataka_on_15_February_2007_1.PDF,Financial Fraud,AIR 1961 SC 715,,,UNRESOLVED
Chandrappa_Ors_vs_State_Of_Karnataka_on_15_February_2007_1.PDF,Financial Fraud,AIR 1963 SC 200,,,UNRESOLVED
Chandrappa_Ors_vs_State_Of_Karnataka_on_15_February_2007_1.PDF,Financial Fraud,AIR 1979 SC 387,,,UNRESOLVED
Chandrappa_Ors_vs_State_Of_Karnataka_on_15_February_2007_1.PDF,Financial Fraud,AIR 1971 SC 460,Ramaphupala_Reddy_And_Ors_vs_The_State_Of_Andhra_Pradesh_on_28_September_1970_1.PDF,,OUTSIDE_DOMAINS
Chandrappa_Ors_vs_State_Of_Karnataka_on_15_February_2007_1.PDF,Financial Fraud,AIR 1974 SC 286,Bhim_Singh_Rup_Singh_vs_State_Of_Maharashtra_on_28_November_1973_1.PDF,,OUTSIDE_DOMAINS
Chandrappa_Ors_vs_State_Of_Karnataka_on_15_February_2007_1.PDF,Financial Fraud,AIR 2006 SC 831,,,UNRESOLVED
Chandrappa_Ors_vs_State_Of_Karnataka_on_15_February_2007_1.PDF,Financial Fraud,SCC 1973 2 793,,,UNRESOLVED
Chandrappa_Ors_vs_State_Of_Karnataka_on_15_February_2007_1.PDF,Financial Fraud,SCC 1979 1 355,,,UNRESOLVED
Chandrappa_Ors_vs_State_Of_Karnataka_on_15_February_2007_1.PDF,Financial Fraud,SCC 1996 9 225,,,UNRESOLVED
Chandrappa_Ors_vs_State_Of_Karnataka_on_15_February_2007_1.PDF,Financial Fraud,SCC 2002 3 57,,,UNRESOLVED
Chandrappa_Ors_vs_State_Of_Karnataka_on_15_February_2007_1.PDF,Financial Fraud,SCC 2002 4 85,,,UNRESOLVED
Chandrappa_Ors_vs_State_Of_Karnataka_on_15_February_2007_1.PDF,Financial Fraud,SCC 2002 6 470,,,UNRESOLVED
Chandrappa_Ors_vs_State_Of_Karnataka_on_15_February_2007_1.PDF,Financial Fraud,SCC 2003 12 606,,,UNRESOLVED
Chandrappa_Ors_vs_State_Of_Karnataka_on_15_February_2007_1.PDF,Financial Fraud,SCC 2006 10 313,,,UNRESOLVED
Chandrappa_Ors_vs_State_Of_Karnataka_on_15_February_2007_1.PDF,Financial Fraud,SCR 1952 193,Surajpal_Singh_And_Others_vs_The_State_on_20_December_1951_1.PDF,Financial Fraud; Violent Crime / Homicide,INTERNAL
Chandrappa_Ors_vs_State_Of_Karnataka_on_15_February_2007_1.PDF,Financial Fraud,SCR 1953 418,Ajmer_Singh_vs_The_State_Of_Punjab_on_10_December_1952_1.PDF,Financial Fraud; Violent Crime / Homicide,INTERNAL
Chandrappa_Ors_vs_State_Of_Karnataka_on_15_February_2007_1.PDF,Financial Fraud,SCR 1955 2 1285,,,UNRESOLVED
Chandrappa_Ors_vs_State_Of_Karnataka_on_15_February_2007_1.PDF,Financial Fraud,SCR 1961 3 120,,,UNRESOLVED
Chandrappa_Ors_vs_State_Of_Karnataka_on_15_February_2007_1.PDF,Financial Fraud,SCR 1963 2 405,,,UNRESOLVED
Chandrappa_Ors_vs_State_Of_Karnataka_on_15_February_2007_1.PDF,Financial Fraud,SCR 1979 2 363,,,UNRESOLVED
Dinesh_Dalmia_vs_C_B_I_on_18_September_2007_1.PDF,Financial Fraud,SCC 2000 10 438,,,UNRESOLVED
Dinesh_Dalmia_vs_C_B_I_on_18_September_2007_1.PDF,Financial Fraud,SCC 1991 3 655,K_Veeraswami_vs_Union_Of_India_And_Others_on_25_July_1991_1.PDF,Corruption,CROSS_DOMAIN
Dinesh_Dalmia_vs_C_B_I_on_18_September_2007_1.PDF,Financial Fraud,SCC 1995 6 142,Anil_Saran_vs_The_State_Of_Bihar_And_Another_on_24_August_1995_1.PDF,Financial Fraud,INTERNAL
Dinesh_Dalmia_vs_C_B_I_on_18_September_2007_1.PDF,Financial Fraud,SCC 2006 7 296,,,UNRESOLVED
Dinesh_Dalmia_vs_C_B_I_on_18_September_2007_1.PDF,Financial Fraud,SCC 2004 7 338,,,UNRESOLVED
Dinesh_Dalmia_vs_C_B_I_on_18_September_2007_1.PDF,Financial Fraud,SCC 1992 3 141,,,UNRESOLVED
Dinesh_Dalmia_vs_C_B_I_on_18_September_2007_1.PDF,Financial Fraud,SCC 1994 5 410,Sunjay_Datt_vs_State_Ii_on_9_September_1994_1.PDF,Organized Crime / Extortion,CROSS_DOMAIN
Inder_Mohan_Goswami_Another_vs_State_Of_Uttaranchal_Others_on_9_October_2007_1.PDF,Financial Fraud,AIR 1960 SC 866,,,UNRESOLVED
Inder_Mohan_Goswami_Another_vs_State_Of_Uttaranchal_Others_on_9_October_2007_1.PDF,Financial Fraud,SCC 1977 2 699,,,UNRESOLVED
Inder_Mohan_Goswami_Another_vs_State_Of_Uttaranchal_Others_on_9_October_2007_1.PDF,Financial Fraud,SCC 1982 1 466,,,UNRESOLVED
Inder_Mohan_Goswami_Another_vs_State_Of_Uttaranchal_Others_on_9_October_2007_1.PDF,Financial Fraud,SCC 1988 1 692,,,UNRESOLVED
Inder_Mohan_Goswami_Another_vs_State_Of_Uttaranchal_Others_on_9_October_2007_1.PDF,Financial Fraud,SCC 1992 4 305,,,UNRESOLVED
Inder_Mohan_Goswami_Another_vs_State_Of_Uttaranchal_Others_on_9_October_2007_1.PDF,Financial Fraud,SCC 2000 2 636,,,UNRESOLVED
Inder_Mohan_Goswami_Another_vs_State_Of_Uttaranchal_Others_on_9_October_2007_1.PDF,Financial Fraud,SCC 2000 8 590,,,UNRESOLVED
Inder_Mohan_Goswami_Another_vs_State_Of_Uttaranchal_Others_on_9_October_2007_1.PDF,Financial Fraud,SCC 2005 1 122,,,UNRESOLVED
Inder_Mohan_Goswami_Another_vs_State_Of_Uttaranchal_Others_on_9_October_2007_1.PDF,Financial Fraud,SCC 2006 6 736,,,UNRESOLVED
Inder_Mohan_Goswami_Another_vs_State_Of_Uttaranchal_Others_on_9_October_2007_1.PDF,Financial Fraud,SCC 2004 4 425,,,UNRESOLVED
Inder_Mohan_Goswami_Another_vs_State_Of_Uttaranchal_Others_on_9_October_2007_1.PDF,Financial Fraud,SCC 1976 3 1,,,UNRESOLVED
Japani_Sahoo_vs_Chandra_Sekhar_Mohanty_on_27_July_2007_1.PDF,Financial Fraud,AIR 1970 SC 962,,,UNRESOLVED
Japani_Sahoo_vs_Chandra_Sekhar_Mohanty_on_27_July_2007_1.PDF,Financial Fraud,AIR 1981 SC 1054,,,UNRESOLVED
Japani_Sahoo_vs_Chandra_Sekhar_Mohanty_on_27_July_2007_1.PDF,Financial Fraud,SCC 1978 2 403,,,UNRESOLVED
Japani_Sahoo_vs_Chandra_Sekhar_Mohanty_on_27_July_2007_1.PDF,Financial Fraud,SCC 1997 2 397,,,UNRESOLVED
Japani_Sahoo_vs_Chandra_Sekhar_Mohanty_on_27_July_2007_1.PDF,Financial Fraud,SCC 2000 1 230,,,UNRESOLVED
Japani_Sahoo_vs_Chandra_Sekhar_Mohanty_on_27_July_2007_1.PDF,Financial Fraud,SCC 2003 8 559,,,UNRESOLVED
Japani_Sahoo_vs_Chandra_Sekhar_Mohanty_on_27_July_2007_1.PDF,Financial Fraud,SCR 1969 2 438,,,UNRESOLVED
Japani_Sahoo_vs_Chandra_Sekhar_Mohanty_on_27_July_2007_1.PDF,Financial Fraud,SCR 1981 3 349,,,UNRESOLVED
J_K_Industries_Ltd_And_Anr_vs_Union_Of_India_Uoi_And_Ors_on_19_November_2007_1.PDF,Financial Fraud,AIR 1952 SC 252,Visweshwar_Rao_vs_The_State_Of_Madhya_Pradesh_on_2_May_1952_1.PDF,,OUTSIDE_DOMAINS
Maksud_Saiyed_vs_State_Of_Gujarat_Ors_on_18_September_2007_1.PDF,Financial Fraud,SCC 1998 5 749,,,UNRESOLVED
Pradeep_Kumar_Pradeep_Kumar_Verma_vs_State_Of_Bihar_And_Anr_on_17_August_2007_1.PDF,Financial Fraud,AIR 1958 PUNJ 123,,,UNRESOLVED
Pradeep_Kumar_Pradeep_Kumar_Verma_vs_State_Of_Bihar_And_Anr_on_17_August_2007_1.PDF,Financial Fraud,AIR 1963 BOMBAY 74,,,UNRESOLVED
Rajendra_Singh_vs_State_Of_U_P_Anr_on_6_August_2007_1.PDF,Financial Fraud,AIR 1956 SC 460,Gurcharan_Singh_And_Anr_vs_State_Of_Punjab_on_2_November_1955_1.PDF,,OUTSIDE_DOMAINS
Rajendra_Singh_vs_State_Of_U_P_Anr_on_6_August_2007_1.PDF,Financial Fraud,AIR 1972 SC 109,Chandrika_Prasad_Singh_And_Ors_vs_The_State_Of_Bihar_on_7_September_1971_1.PDF,Violent Crime / Homicide,CROSS_DOMAIN
Rajendra_Singh_vs_State_Of_U_P_Anr_on_6_August_2007_1.PDF,Financial Fraud,AIR 1981 SC 1021,,,UNRESOLVED
Rajendra_Singh_vs_State_Of_U_P_Anr_on_6_August_2007_1.PDF,Financial Fraud,SCC 1983 1 1,,,UNRESOLVED
Rajendra_Singh_vs_State_Of_U_P_Anr_on_6_August_2007_1.PDF,Financial Fraud,SCC 1983 1 1,,,UNRESOLVED
Rajendra_Singh_vs_State_Of_U_P_Anr_on_6_August_2007_1.PDF,Financial Fraud,SCC 1979 1 345,,,UNRESOLVED
Rajendra_Singh_vs_State_Of_U_P_Anr_on_6_August_2007_1.PDF,Financial Fraud,SCC 1993 2 16,Kishun_Singh_And_Ors_vs_State_Of_Bihar_on_11_January_1993_1.PDF,Financial Fraud,INTERNAL
Rajendra_Singh_vs_State_Of_U_P_Anr_on_6_August_2007_1.PDF,Financial Fraud,SCC 2002 5 738,,,UNRESOLVED
Rajesh_Kumar_Singh_vs_High_Court_Of_Judicature_Of_Madhya_on_31_May_2007_1.PDF,Financial Fraud,AIR 1970 SC 720,,,UNRESOLVED
Rajesh_Kumar_Singh_vs_High_Court_Of_Judicature_Of_Madhya_on_31_May_2007_1.PDF,Financial Fraud,SCR 1953 581,Rizwan_Ul_Hasan_And_Another_vs_The_State_Of_Uttar_Pradesh_on_5_February_1953_1.PDF,,OUTSIDE_DOMAINS
Sanapareddy_Maheedhar_And_Another_vs_State_Of_Andhra_Pradesh_And_Another_on_13_December_2007_1.PDF,Financial Fraud,AIR 1960 SC 866,,,UNRESOLVED
Veer_Prakash_Sharma_vs_Anil_Kumar_Agarwal_Anr_on_1_August_2007_1.PDF,Financial Fraud,SCC 2000 4 168,,,UNRESOLVED
Veer_Prakash_Sharma_vs_Anil_Kumar_Agarwal_Anr_on_1_August_2007_1.PDF,Financial Fraud,SCC 2006 6 736,,,UNRESOLVED
Veer_Prakash_Sharma_vs_Anil_Kumar_Agarwal_Anr_on_1_August_2007_1.PDF,Financial Fraud,SCC 2006 3 658,,,UNRESOLVED
Batcu_Venkateshwarlu_And_Ors_vs_Public_Prosecutor_High_Court_Of_A_P_on_1_December_2008_1.PDF,Financial Fraud,AIR 1945 PC 151,,,UNRESOLVED
Batcu_Venkateshwarlu_And_Ors_vs_Public_Prosecutor_High_Court_Of_A_P_on_1_December_2008_1.PDF,Financial Fraud,AIR 1954 SC 36,Prandas_vs_The_State_on_14_March_1950_1.PDF,Violent Crime / Homicide,CROSS_DOMAIN
Batcu_Venkateshwarlu_And_Ors_vs_Public_Prosecutor_High_Court_Of_A_P_on_1_December_2008_1.PDF,Financial Fraud,AIR 1955 SC 807,Atley_vs_State_Of_Uttar_Pradesh_on_16_September_1955_1.PDF,Violent Crime / Homicide,CROSS_DOMAIN
Batcu_Venkateshwarlu_And_Ors_vs_Public_Prosecutor_High_Court_Of_A_P_on_1_December_2008_1.PDF,Financial Fraud,AIR 1971 SC 460,Ramaphupala_Reddy_And_Ors_vs_The_State_Of_Andhra_Pradesh_on_28_September_1970_1.PDF,,OUTSIDE_DOMAINS
Batcu_Venkateshwarlu_And_Ors_vs_Public_Prosecutor_High_Court_Of_A_P_on_1_December_2008_1.PDF,Financial Fraud,AIR 1974 SC 286,Bhim_Singh_Rup_Singh_vs_State_Of_Maharashtra_on_28_November_1973_1.PDF,,OUTSIDE_DOMAINS
Batcu_Venkateshwarlu_And_Ors_vs_Public_Prosecutor_High_Court_Of_A_P_on_1_December_2008_1.PDF,Financial Fraud,SCC 1979 1 355,,,UNRESOLVED
Batcu_Venkateshwarlu_And_Ors_vs_Public_Prosecutor_High_Court_Of_A_P_on_1_December_2008_1.PDF,Financial Fraud,SCC 1996 9 225,,,UNRESOLVED
Batcu_Venkateshwarlu_And_Ors_vs_Public_Prosecutor_High_Court_Of_A_P_on_1_December_2008_1.PDF,Financial Fraud,SCC 2002 3 57,,,UNRESOLVED
Batcu_Venkateshwarlu_And_Ors_vs_Public_Prosecutor_High_Court_Of_A_P_on_1_December_2008_1.PDF,Financial Fraud,SCC 2002 4 85,,,UNRESOLVED
Batcu_Venkateshwarlu_And_Ors_vs_Public_Prosecutor_High_Court_Of_A_P_on_1_December_2008_1.PDF,Financial Fraud,SCC 2002 6 470,,,UNRESOLVED
Batcu_Venkateshwarlu_And_Ors_vs_Public_Prosecutor_High_Court_Of_A_P_on_1_December_2008_1.PDF,Financial Fraud,SCC 2003 12 606,,,UNRESOLVED
Batcu_Venkateshwarlu_And_Ors_vs_Public_Prosecutor_High_Court_Of_A_P_on_1_December_2008_1.PDF,Financial Fraud,SCC 2006 10 313,,,UNRESOLVED
Batcu_Venkateshwarlu_And_Ors_vs_Public_Prosecutor_High_Court_Of_A_P_on_1_December_2008_1.PDF,Financial Fraud,SCR 1952 193,Surajpal_Singh_And_Others_vs_The_State_on_20_December_1951_1.PDF,Financial Fraud; Violent Crime / Homicide,INTERNAL
Batcu_Venkateshwarlu_And_Ors_vs_Public_Prosecutor_High_Court_Of_A_P_on_1_December_2008_1.PDF,Financial Fraud,SCR 1953 418,Ajmer_Singh_vs_The_State_Of_Punjab_on_10_December_1952_1.PDF,Financial Fraud; Violent Crime / Homicide,INTERNAL
Batcu_Venkateshwarlu_And_Ors_vs_Public_Prosecutor_High_Court_Of_A_P_on_1_December_2008_1.PDF,Financial Fraud,SCR 1955 2 1285,,,UNRESOLVED
Batcu_Venkateshwarlu_And_Ors_vs_Public_Prosecutor_High_Court_Of_A_P_on_1_December_2008_1.PDF,Financial Fraud,SCR 1961 3 120,,,UNRESOLVED
Batcu_Venkateshwarlu_And_Ors_vs_Public_Prosecutor_High_Court_Of_A_P_on_1_December_2008_1.PDF,Financial Fraud,SCR 1963 2 405,,,UNRESOLVED
Batcu_Venkateshwarlu_And_Ors_vs_Public_Prosecutor_High_Court_Of_A_P_on_1_December_2008_1.PDF,Financial Fraud,SCR 1952 193,Surajpal_Singh_And_Others_vs_The_State_on_20_December_1951_1.PDF,Financial Fraud; Violent Crime / Homicide,INTERNAL
Batcu_Venkateshwarlu_And_Ors_vs_Public_Prosecutor_High_Court_Of_A_P_on_1_December_2008_1.PDF,Financial Fraud,SCR 1953 418,Ajmer_Singh_vs_The_State_Of_Punjab_on_10_December_1952_1.PDF,Financial Fraud; Violent Crime / Homicide,INTERNAL
Batcu_Venkateshwarlu_And_Ors_vs_Public_Prosecutor_High_Court_Of_A_P_on_1_December_2008_1.PDF,Financial Fraud,SCR 1961 3 120,,,UNRESOLVED
Bholu_Ram_vs_State_Of_Punjab_Anr_on_29_August_2008_1.PDF,Financial Fraud,SCC 1979 1 345,,,UNRESOLVED
Bholu_Ram_vs_State_Of_Punjab_Anr_on_29_August_2008_1.PDF,Financial Fraud,SCC 2001 6 248,,,UNRESOLVED
Bholu_Ram_vs_State_Of_Punjab_Anr_on_29_August_2008_1.PDF,Financial Fraud,SCC 1983 1 1,,,UNRESOLVED
Bholu_Ram_vs_State_Of_Punjab_Anr_on_29_August_2008_1.PDF,Financial Fraud,SCC 2006 10 192,,,UNRESOLVED
Bholu_Ram_vs_State_Of_Punjab_Anr_on_29_August_2008_1.PDF,Financial Fraud,SCC 2002 5 738,,,UNRESOLVED
Bholu_Ram_vs_State_Of_Punjab_Anr_on_29_August_2008_1.PDF,Financial Fraud,SCC 1992 1 217,,,UNRESOLVED
Bholu_Ram_vs_State_Of_Punjab_Anr_on_29_August_2008_1.PDF,Financial Fraud,SCC 2004 7 338,,,UNRESOLVED
Bholu_Ram_vs_State_Of_Punjab_Anr_on_29_August_2008_1.PDF,Financial Fraud,SCC 1998 8 594,,,UNRESOLVED
Bholu_Ram_vs_State_Of_Punjab_Anr_on_29_August_2008_1.PDF,Financial Fraud,SCC 2004 13 324,,,UNRESOLVED
Bholu_Ram_vs_State_Of_Punjab_Anr_on_29_August_2008_1.PDF,Financial Fraud,SCC 2005 13 213,,,UNRESOLVED
Bholu_Ram_vs_State_Of_Punjab_Anr_on_29_August_2008_1.PDF,Financial Fraud,SCC 2007 5 54,,,UNRESOLVED
Bholu_Ram_vs_State_Of_Punjab_Anr_on_29_August_2008_1.PDF,Financial Fraud,SCC 2007 1 1,,,UNRESOLVED
Fakhruddin_Ahmad_vs_State_Of_Uttaranchal_Anr_on_5_September_2008_1.PDF,Financial Fraud,SCC 2008 2 492,,,UNRESOLVED
Ghurey_Lal_vs_State_Of_U_P_on_30_July_2008_1.PDF,Financial Fraud,AIR 1952 SC 52,,,UNRESOLVED
Ghurey_Lal_vs_State_Of_U_P_on_30_July_2008_1.PDF,Financial Fraud,AIR 1954 SC 1,Tulsiram_Kanu_vs_The_State_on_29_January_1951_1.PDF,,OUTSIDE_DOMAINS
Ghurey_Lal_vs_State_Of_U_P_on_30_July_2008_1.PDF,Financial Fraud,AIR 1954 SC 637,Madan_Mohan_Singh_vs_State_Of_Uttar_Pradesh_on_7_May_1954_1.PDF,Corruption,CROSS_DOMAIN
Ghurey_Lal_vs_State_Of_U_P_on_30_July_2008_1.PDF,Financial Fraud,AIR 1955 SC 807,Atley_vs_State_Of_Uttar_Pradesh_on_16_September_1955_1.PDF,Violent Crime / Homicide,CROSS_DOMAIN
Ghurey_Lal_vs_State_Of_U_P_on_30_July_2008_1.PDF,Financial Fraud,AIR 1956 SC 217,,,UNRESOLVED
Ghurey_Lal_vs_State_Of_U_P_on_30_July_2008_1.PDF,Financial Fraud,AIR 1953 SC 76,,,UNRESOLVED
Ghurey_Lal_vs_State_Of_U_P_on_30_July_2008_1.PDF,Financial Fraud,AIR 1952 SC 52,,,UNRESOLVED
Ghurey_Lal_vs_State_Of_U_P_on_30_July_2008_1.PDF,Financial Fraud,AIR 1957 SC 216,Balbir_Singh_vs_State_Of_Punjab_on_27_September_1956_1.PDF,Violent Crime / Homicide,CROSS_DOMAIN
Ghurey_Lal_vs_State_Of_U_P_on_30_July_2008_1.PDF,Financial Fraud,AIR 1963 SC 200,,,UNRESOLVED
Ghurey_Lal_vs_State_Of_U_P_on_30_July_2008_1.PDF,Financial Fraud,AIR 1964 SC 286,,,UNRESOLVED
Ghurey_Lal_vs_State_Of_U_P_on_30_July_2008_1.PDF,Financial Fraud,AIR 1974 SC 1567,,,UNRESOLVED
Ghurey_Lal_vs_State_Of_U_P_on_30_July_2008_1.PDF,Financial Fraud,SCC 1970 2 450,,,UNRESOLVED
Ghurey_Lal_vs_State_Of_U_P_on_30_July_2008_1.PDF,Financial Fraud,SCC 1973 2 793,,,UNRESOLVED
Ghurey_Lal_vs_State_Of_U_P_on_30_July_2008_1.PDF,Financial Fraud,SCC 1973 2 424,Lekha_Yadav_vs_State_Of_Bihar_on_3_May_1973_1.PDF,,OUTSIDE_DOMAINS
Ghurey_Lal_vs_State_Of_U_P_on_30_July_2008_1.PDF,Financial Fraud,SCC 1974 3 288,Bishan_Singh_Gurdial_Singh_Hardial_vs_The_State_Of_Punjab_on_9_August_1973_1.PDF,Violent Crime / Homicide,CROSS_DOMAIN
Ghurey_Lal_vs_State_Of_U_P_on_30_July_2008_1.PDF,Financial Fraud,SCC 1978 1 228,,,UNRESOLVED
Ghurey_Lal_vs_State_Of_U_P_on_30_July_2008_1.PDF,Financial Fraud,SCC 1979 1 361,,,UNRESOLVED
Ghurey_Lal_vs_State_Of_U_P_on_30_July_2008_1.PDF,Financial Fraud,SCC 1987 2 529,,,UNRESOLVED
Ghurey_Lal_vs_State_Of_U_P_on_30_July_2008_1.PDF,Financial Fraud,SCC 1997 7 677,,,UNRESOLVED
Ghurey_Lal_vs_State_Of_U_P_on_30_July_2008_1.PDF,Financial Fraud,SCC 1998 5 412,,,UNRESOLVED
Ghurey_Lal_vs_State_Of_U_P_on_30_July_2008_1.PDF,Financial Fraud,SCC 2002 4 85,,,UNRESOLVED
Ghurey_Lal_vs_State_Of_U_P_on_30_July_2008_1.PDF,Financial Fraud,SCC 2002 6 470,,,UNRESOLVED
Ghurey_Lal_vs_State_Of_U_P_on_30_July_2008_1.PDF,Financial Fraud,SCC 2003 1 1,,,UNRESOLVED
Ghurey_Lal_vs_State_Of_U_P_on_30_July_2008_1.PDF,Financial Fraud,SCC 2005 9 291,,,UNRESOLVED
Ghurey_Lal_vs_State_Of_U_P_on_30_July_2008_1.PDF,Financial Fraud,SCC 2007 3 755,,,UNRESOLVED
Ghurey_Lal_vs_State_Of_U_P_on_30_July_2008_1.PDF,Financial Fraud,SCC 2003 8 180,,,UNRESOLVED
Ghurey_Lal_vs_State_Of_U_P_on_30_July_2008_1.PDF,Financial Fraud,SCC 2007 4 415,,,UNRESOLVED
Hardeep_Singh_vs_State_Of_Punjab_Ors_on_7_November_2008_1.PDF,Financial Fraud,SCC 1979 1 345,,,UNRESOLVED
Hardeep_Singh_vs_State_Of_Punjab_Ors_on_7_November_2008_1.PDF,Financial Fraud,SCC 1983 1 1,,,UNRESOLVED
Hardeep_Singh_vs_State_Of_Punjab_Ors_on_7_November_2008_1.PDF,Financial Fraud,SCC 2002 5 738,,,UNRESOLVED
Hardeep_Singh_vs_State_Of_Punjab_Ors_on_7_November_2008_1.PDF,Financial Fraud,SCC 2000 3 262,,,UNRESOLVED
Hardeep_Singh_vs_State_Of_Punjab_Ors_on_7_November_2008_1.PDF,Financial Fraud,SCC 2004 7 792,,,UNRESOLVED
Hardeep_Singh_vs_State_Of_Punjab_Ors_on_7_November_2008_1.PDF,Financial Fraud,SCC 2007 4 773,,,UNRESOLVED
Hardeep_Singh_vs_State_Of_Punjab_Ors_on_7_November_2008_1.PDF,Financial Fraud,SCC 2007 8 224,,,UNRESOLVED
Hardeep_Singh_vs_State_Of_Punjab_Ors_on_7_November_2008_1.PDF,Financial Fraud,SCC 2001 6 248,,,UNRESOLVED
Hardeep_Singh_vs_State_Of_Punjab_Ors_on_7_November_2008_1.PDF,Financial Fraud,SCC 2000 2 396,,,UNRESOLVED
Hardeep_Singh_vs_State_Of_Punjab_Ors_on_7_November_2008_1.PDF,Financial Fraud,SCC 1976 3 736,,,UNRESOLVED
Hardeep_Singh_vs_State_Of_Punjab_Ors_on_7_November_2008_1.PDF,Financial Fraud,SCR 2007 6 68,,,UNRESOLVED
Hardeep_Singh_vs_State_Of_Punjab_Ors_on_7_November_2008_1.PDF,Financial Fraud,SCR 2007 4 1023,,,UNRESOLVED
Kailash_vs_State_Of_Rajasthan_Anr_on_3_March_2008_1.PDF,Financial Fraud,SCC 1983 1 1,,,UNRESOLVED
Kailash_vs_State_Of_Rajasthan_Anr_on_3_March_2008_1.PDF,Financial Fraud,SCC 2004 7 792,,,UNRESOLVED
Kailash_vs_State_Of_Rajasthan_Anr_on_3_March_2008_1.PDF,Financial Fraud,SCC 2000 3 262,,,UNRESOLVED
Kuriachan_Chacko_Ors_vs_State_Of_Kerala_on_10_July_2008_1.PDF,Financial Fraud,SCC 1982 1 561,,,UNRESOLVED
Kuriachan_Chacko_Ors_vs_State_Of_Kerala_on_10_July_2008_1.PDF,Financial Fraud,SCC 1971 2 96,,,UNRESOLVED
Kuriachan_Chacko_Ors_vs_State_Of_Kerala_on_10_July_2008_1.PDF,Financial Fraud,SCC 1970 2 740,,,UNRESOLVED
Kuriachan_Chacko_Ors_vs_State_Of_Kerala_on_10_July_2008_1.PDF,Financial Fraud,SCC 2000 4 168,,,UNRESOLVED
Kuriachan_Chacko_Ors_vs_State_Of_Kerala_on_10_July_2008_1.PDF,Financial Fraud,SCC 2008 1 241,,,UNRESOLVED
Lal_Suraj_Suraj_Singh_Anr_vs_State_Of_Jharkhand_on_18_December_2008_1.PDF,Financial Fraud,AIR 2007 SC 1899,,,UNRESOLVED
Lal_Suraj_Suraj_Singh_Anr_vs_State_Of_Jharkhand_on_18_December_2008_1.PDF,Financial Fraud,SCC 2007 4 773,,,UNRESOLVED
Lal_Suraj_Suraj_Singh_Anr_vs_State_Of_Jharkhand_on_18_December_2008_1.PDF,Financial Fraud,SCC 1979 1 345,,,UNRESOLVED
Lal_Suraj_Suraj_Singh_Anr_vs_State_Of_Jharkhand_on_18_December_2008_1.PDF,Financial Fraud,SCC 1983 1 1,,,UNRESOLVED
Lal_Suraj_Suraj_Singh_Anr_vs_State_Of_Jharkhand_on_18_December_2008_1.PDF,Financial Fraud,SCC 1990 4 580,,,UNRESOLVED
Lal_Suraj_Suraj_Singh_Anr_vs_State_Of_Jharkhand_on_18_December_2008_1.PDF,Financial Fraud,SCC 2007 8 224,,,UNRESOLVED
Manoj_Sharma_vs_State_Ors_on_16_October_2008_1.PDF,Financial Fraud,AIR 2003 SC 1386,,,UNRESOLVED
Manoj_Sharma_vs_State_Ors_on_16_October_2008_1.PDF,Financial Fraud,AIR 1999 SC 2181,,,UNRESOLVED
Manoj_Sharma_vs_State_Ors_on_16_October_2008_1.PDF,Financial Fraud,AIR 1990 SC 1605,,,UNRESOLVED
Manoj_Sharma_vs_State_Ors_on_16_October_2008_1.PDF,Financial Fraud,AIR 1960 SC 866,,,UNRESOLVED
Manoj_Sharma_vs_State_Ors_on_16_October_2008_1.PDF,Financial Fraud,AIR 1981 SC 736,,,UNRESOLVED
Manoj_Sharma_vs_State_Ors_on_16_October_2008_1.PDF,Financial Fraud,AIR 2004 SC 4778,,,UNRESOLVED
Manoj_Sharma_vs_State_Ors_on_16_October_2008_1.PDF,Financial Fraud,SCC 1988 1 692,,,UNRESOLVED
Manoj_Sharma_vs_State_Ors_on_16_October_2008_1.PDF,Financial Fraud,SCC 2000 3 693,,,UNRESOLVED
National_Small_Industries_Corp_Ltd_vs_State_Nct_Of_Delhi_Ors_on_17_November_2008_1.PDF,Financial Fraud,AIR 1963 SC 1811,,,UNRESOLVED
Nikhil_Merchant_vs_C_B_I_Anr_on_20_August_2008_1.PDF,Financial Fraud,SCC 1998 4 409,,,UNRESOLVED
R_Kalyani_vs_Janak_C_Mehta_Ors_on_24_October_2008_1.PDF,Financial Fraud,SCC 1999 3 259,,,UNRESOLVED
R_Kalyani_vs_Janak_C_Mehta_Ors_on_24_October_2008_1.PDF,Financial Fraud,SCC 2008 1 474,,,UNRESOLVED
R_Kalyani_vs_Janak_C_Mehta_Ors_on_24_October_2008_1.PDF,Financial Fraud,SCC 2008 2 705,,,UNRESOLVED
R_Kalyani_vs_Janak_C_Mehta_Ors_on_24_October_2008_1.PDF,Financial Fraud,SCC 2005 13 540,,,UNRESOLVED
R_Kalyani_vs_Janak_C_Mehta_Ors_on_24_October_2008_1.PDF,Financial Fraud,SCC 1992 3 317,,,UNRESOLVED
R_Kalyani_vs_Janak_C_Mehta_Ors_on_24_October_2008_1.PDF,Financial Fraud,SCC 2005 2 571,Kailash_Verma_vs_Punjab_State_Civil_Supplies_on_18_January_2005_1.PDF,Financial Fraud,INTERNAL
R_Kalyani_vs_Janak_C_Mehta_Ors_on_24_October_2008_1.PDF,Financial Fraud,SCC 1997 4 241,,,UNRESOLVED
R_Kalyani_vs_Janak_C_Mehta_Ors_on_24_October_2008_1.PDF,Financial Fraud,SCC 2006 7 296,,,UNRESOLVED
R_Kalyani_vs_Janak_C_Mehta_Ors_on_24_October_2008_1.PDF,Financial Fraud,SCC 1989 4 630,,,UNRESOLVED
R_Kalyani_vs_Janak_C_Mehta_Ors_on_24_October_2008_1.PDF,Financial Fraud,SCC 1993 3 54,Radhey_Shyam_Khemka_And_Anr_Etc_vs_State_Of_Bihar_And_Anr_Etc_on_26_March_1993_1.PDF,Financial Fraud,INTERNAL
R_Kalyani_vs_Janak_C_Mehta_Ors_on_24_October_2008_1.PDF,Financial Fraud,SCC 2003 5 257,,,UNRESOLVED
R_Kalyani_vs_Janak_C_Mehta_Ors_on_24_October_2008_1.PDF,Financial Fraud,SCC 2000 2 636,,,UNRESOLVED
R_Kalyani_vs_Janak_C_Mehta_Ors_on_24_October_2008_1.PDF,Financial Fraud,SCC 2007 7 373,,,UNRESOLVED
Subodh_S_Salaskar_vs_Jayprakash_M_Shah_Anr_on_1_August_2008_1.PDF,Financial Fraud,AIR 1984 SC 87,,,UNRESOLVED
Subodh_S_Salaskar_vs_Jayprakash_M_Shah_Anr_on_1_August_2008_1.PDF,Financial Fraud,SCC 2007 4 70,,,UNRESOLVED
Subodh_S_Salaskar_vs_Jayprakash_M_Shah_Anr_on_1_August_2008_1.PDF,Financial Fraud,SCC 2007 3 693,,,UNRESOLVED
Subodh_S_Salaskar_vs_Jayprakash_M_Shah_Anr_on_1_August_2008_1.PDF,Financial Fraud,SCC 2006 9 340,,,UNRESOLVED
Subodh_S_Salaskar_vs_Jayprakash_M_Shah_Anr_on_1_August_2008_1.PDF,Financial Fraud,SCC 2007 6 555,,,UNRESOLVED
Subodh_S_Salaskar_vs_Jayprakash_M_Shah_Anr_on_1_August_2008_1.PDF,Financial Fraud,SCC 2007 9 650,,,UNRESOLVED
Subodh_S_Salaskar_vs_Jayprakash_M_Shah_Anr_on_1_August_2008_1.PDF,Financial Fraud,SCC 2005 9 15,,,UNRESOLVED
Suryalakshmi_Cotton_Mills_Ltd_vs_Rajvir_Industries_Ltd_Ors_on_9_January_2008_1.PDF,Financial Fraud,SCC 1992 4 305,,,UNRESOLVED
Suryalakshmi_Cotton_Mills_Ltd_vs_Rajvir_Industries_Ltd_Ors_on_9_January_2008_1.PDF,Financial Fraud,SCC 1995 6 194,Mrs_Rupan_Deol_Bajaj_Anr_vs_Kanwar_Pal_Singh_Gill_Anr_on_12_October_1995_1.PDF,Organized Crime / Extortion,CROSS_DOMAIN
Suryalakshmi_Cotton_Mills_Ltd_vs_Rajvir_Industries_Ltd_Ors_on_9_January_2008_1.PDF,Financial Fraud,SCC 2006 6 736,,,UNRESOLVED
S_K_Alagh_vs_State_Of_U_P_Ors_on_15_February_2008_1.PDF,Financial Fraud,SCC 2006 10 581,,,UNRESOLVED
S_K_Sinha_Chief_Enforcement_Officer_vs_Videocon_International_Ltd_Ors_on_25_January_2008_1.PDF,Financial Fraud,AIR 1961 SC 986,,,UNRESOLVED
S_K_Sinha_Chief_Enforcement_Officer_vs_Videocon_International_Ltd_Ors_on_25_January_2008_1.PDF,Financial Fraud,SCC 1978 4 58,,,UNRESOLVED
S_K_Sinha_Chief_Enforcement_Officer_vs_Videocon_International_Ltd_Ors_on_25_January_2008_1.PDF,Financial Fraud,SCC 1973 3 753,,,UNRESOLVED
S_K_Sinha_Chief_Enforcement_Officer_vs_Videocon_International_Ltd_Ors_on_25_January_2008_1.PDF,Financial Fraud,SCC 1976 3 252,,,UNRESOLVED
S_K_Sinha_Chief_Enforcement_Officer_vs_Videocon_International_Ltd_Ors_on_25_January_2008_1.PDF,Financial Fraud,SCC 2003 8 559,,,UNRESOLVED
S_K_Sinha_Chief_Enforcement_Officer_vs_Videocon_International_Ltd_Ors_on_25_January_2008_1.PDF,Financial Fraud,SCC 2007 7 394,,,UNRESOLVED
S_K_Sinha_Chief_Enforcement_Officer_vs_Videocon_International_Ltd_Ors_on_25_January_2008_1.PDF,Financial Fraud,SCR 1951 312,R_R_Chari_vs_The_State_Of_Uttar_Pradesh_on_19_March_1951_1.PDF,Organized Crime / Extortion,CROSS_DOMAIN
S_K_Sinha_Chief_Enforcement_Officer_vs_Videocon_International_Ltd_Ors_on_25_January_2008_1.PDF,Financial Fraud,SCR 1960 1 93,,,UNRESOLVED
S_K_Sinha_Chief_Enforcement_Officer_vs_Videocon_International_Ltd_Ors_on_25_January_2008_1.PDF,Financial Fraud,SCR 1972 1 571,,,UNRESOLVED
S_K_Sinha_Chief_Enforcement_Officer_vs_Videocon_International_Ltd_Ors_on_25_January_2008_1.PDF,Financial Fraud,SCR 1967 1 520,,,UNRESOLVED
The_Managing_Director_State_Bank_Of_vs_P_Kata_Rao_on_24_April_2008_1.PDF,Financial Fraud,SCC 1999 3 679,,,UNRESOLVED
The_Managing_Director_State_Bank_Of_vs_P_Kata_Rao_on_24_April_2008_1.PDF,Financial Fraud,SCC 2006 4 265,,,UNRESOLVED
The_Managing_Director_State_Bank_Of_vs_P_Kata_Rao_on_24_April_2008_1.PDF,Financial Fraud,SCC 2006 5 446,,,UNRESOLVED
The_Managing_Director_State_Bank_Of_vs_P_Kata_Rao_on_24_April_2008_1.PDF,Financial Fraud,SCC 1999 4 759,,,UNRESOLVED
The_Managing_Director_State_Bank_Of_vs_P_Kata_Rao_on_24_April_2008_1.PDF,Financial Fraud,SCC 1997 7 463,,,UNRESOLVED
Vimalben_Ajitbhai_Patel_vs_Vatslabeen_Ashokbhai_Patel_And_Others_on_14_March_2008_1.PDF,Financial Fraud,AIR 1921 MADRAS 1187,,,UNRESOLVED
Vimalben_Ajitbhai_Patel_vs_Vatslabeen_Ashokbhai_Patel_And_Others_on_14_March_2008_1.PDF,Financial Fraud,SCC 1996 4 479,,,UNRESOLVED
Vimalben_Ajitbhai_Patel_vs_Vatslabeen_Ashokbhai_Patel_And_Others_on_14_March_2008_1.PDF,Financial Fraud,SCC 2000 6 310,,,UNRESOLVED
Vimalben_Ajitbhai_Patel_vs_Vatslabeen_Ashokbhai_Patel_And_Others_on_14_March_2008_1.PDF,Financial Fraud,SCC 2007 3 169,,,UNRESOLVED
Vimalben_Ajitbhai_Patel_vs_Vatslabeen_Ashokbhai_Patel_And_Others_on_14_March_2008_1.PDF,Financial Fraud,SCC 1984 4 316,,,UNRESOLVED
Vimalben_Ajitbhai_Patel_vs_Vatslabeen_Ashokbhai_Patel_And_Others_on_14_March_2008_1.PDF,Financial Fraud,SCC 1986 4 481,,,UNRESOLVED
Vimalben_Ajitbhai_Patel_vs_Vatslabeen_Ashokbhai_Patel_And_Others_on_14_March_2008_1.PDF,Financial Fraud,SCC 1982 3 341,,,UNRESOLVED
Vimalben_Ajitbhai_Patel_vs_Vatslabeen_Ashokbhai_Patel_And_Others_on_14_March_2008_1.PDF,Financial Fraud,SCC 2006 4 1,,,UNRESOLVED
Vimalben_Ajitbhai_Patel_vs_Vatslabeen_Ashokbhai_Patel_And_Others_on_14_March_2008_1.PDF,Financial Fraud,SCR 1977 3 261,,,UNRESOLVED
Vimalben_Ajitbhai_Patel_vs_Vatslabeen_Ashokbhai_Patel_And_Others_on_14_March_2008_1.PDF,Financial Fraud,SCR 1978 2 358,,,UNRESOLVED
Vimalben_Ajitbhai_Patel_vs_Vatslabeen_Ashokbhai_Patel_And_Others_on_14_March_2008_1.PDF,Financial Fraud,SCR 1984 1 839,,,UNRESOLVED
V_Y_Jose_Anr_vs_State_Of_Gujarat_Anr_on_16_December_2008_1.PDF,Financial Fraud,SCC 1985 2 370,,,UNRESOLVED
V_Y_Jose_Anr_vs_State_Of_Gujarat_Anr_on_16_December_2008_1.PDF,Financial Fraud,SCC 1999 3 259,,,UNRESOLVED
V_Y_Jose_Anr_vs_State_Of_Gujarat_Anr_on_16_December_2008_1.PDF,Financial Fraud,SCC 1999 8 686,,,UNRESOLVED
V_Y_Jose_Anr_vs_State_Of_Gujarat_Anr_on_16_December_2008_1.PDF,Financial Fraud,SCC 2003 5 257,,,UNRESOLVED
V_Y_Jose_Anr_vs_State_Of_Gujarat_Anr_on_16_December_2008_1.PDF,Financial Fraud,SCC 2006 6 736,,,UNRESOLVED
V_Y_Jose_Anr_vs_State_Of_Gujarat_Anr_on_16_December_2008_1.PDF,Financial Fraud,SCC 2007 7 373,,,UNRESOLVED
V_Y_Jose_Anr_vs_State_Of_Gujarat_Anr_on_16_December_2008_1.PDF,Financial Fraud,SCC 2004 1 691,,,UNRESOLVED
Md_Ibrahim_Ors_vs_State_Of_Bihar_Anr_on_4_September_2009_1.PDF,Financial Fraud,AIR 1963 SC 1572,,,UNRESOLVED
M_N_Ojha_Ors_vs_Alok_Kumar_Srivastav_Anr_on_21_August_2009_1.PDF,Financial Fraud,SCC 1998 5 749,,,UNRESOLVED
M_N_Ojha_Ors_vs_Alok_Kumar_Srivastav_Anr_on_21_August_2009_1.PDF,Financial Fraud,SCC 1977 2 699,,,UNRESOLVED
M_N_Ojha_Ors_vs_Alok_Kumar_Srivastav_Anr_on_21_August_2009_1.PDF,Financial Fraud,SCC 1977 4 451,Kurukshetra_University_And_Anr_vs_State_Of_Haryana_And_Anr_on_22_March_1977_1.PDF,,OUTSIDE_DOMAINS
Asoke_Basak_vs_State_Of_Maharashtra_Ors_on_8_October_2010_1.PDF,Financial Fraud,AIR 1967 SC 1162,,,UNRESOLVED
Asoke_Basak_vs_State_Of_Maharashtra_Ors_on_8_October_2010_1.PDF,Financial Fraud,AIR 1956 SC 575,,,UNRESOLVED
Asoke_Basak_vs_State_Of_Maharashtra_Ors_on_8_October_2010_1.PDF,Financial Fraud,AIR 1960 SC 866,,,UNRESOLVED
Asoke_Basak_vs_State_Of_Maharashtra_Ors_on_8_October_2010_1.PDF,Financial Fraud,SCC 2007 12 1,,,UNRESOLVED
Asoke_Basak_vs_State_Of_Maharashtra_Ors_on_8_October_2010_1.PDF,Financial Fraud,SCC 2008 4 541,,,UNRESOLVED
Asoke_Basak_vs_State_Of_Maharashtra_Ors_on_8_October_2010_1.PDF,Financial Fraud,SCC 2008 8 77,,,UNRESOLVED
Asoke_Basak_vs_State_Of_Maharashtra_Ors_on_8_October_2010_1.PDF,Financial Fraud,SCC 2008 11 670,,,UNRESOLVED
Asoke_Basak_vs_State_Of_Maharashtra_Ors_on_8_October_2010_1.PDF,Financial Fraud,SCC 2000 2 636,,,UNRESOLVED
Asoke_Basak_vs_State_Of_Maharashtra_Ors_on_8_October_2010_1.PDF,Financial Fraud,SCC 2008 5 662,,,UNRESOLVED
Asoke_Basak_vs_State_Of_Maharashtra_Ors_on_8_October_2010_1.PDF,Financial Fraud,SCC 2001 3 673,,,UNRESOLVED
Asoke_Basak_vs_State_Of_Maharashtra_Ors_on_8_October_2010_1.PDF,Financial Fraud,SCC 2006 2 757,,,UNRESOLVED
Asoke_Basak_vs_State_Of_Maharashtra_Ors_on_8_October_2010_1.PDF,Financial Fraud,SCC 2000 1 722,,,UNRESOLVED
Asoke_Basak_vs_State_Of_Maharashtra_Ors_on_8_October_2010_1.PDF,Financial Fraud,SCC 2000 3 745,,,UNRESOLVED
Asoke_Basak_vs_State_Of_Maharashtra_Ors_on_8_October_2010_1.PDF,Financial Fraud,SCC 2003 4 139,,,UNRESOLVED
Asoke_Basak_vs_State_Of_Maharashtra_Ors_on_8_October_2010_1.PDF,Financial Fraud,SCC 1978 4 58,,,UNRESOLVED
Asoke_Basak_vs_State_Of_Maharashtra_Ors_on_8_October_2010_1.PDF,Financial Fraud,SCC 1973 3 753,,,UNRESOLVED
Asoke_Basak_vs_State_Of_Maharashtra_Ors_on_8_October_2010_1.PDF,Financial Fraud,SCC 1995 6 194,Mrs_Rupan_Deol_Bajaj_Anr_vs_Kanwar_Pal_Singh_Gill_Anr_on_12_October_1995_1.PDF,Organized Crime / Extortion,CROSS_DOMAIN
Asoke_Basak_vs_State_Of_Maharashtra_Ors_on_8_October_2010_1.PDF,Financial Fraud,SCC 2006 6 736,,,UNRESOLVED
Asoke_Basak_vs_State_Of_Maharashtra_Ors_on_8_October_2010_1.PDF,Financial Fraud,SCC 2008 2 561,,,UNRESOLVED
Asoke_Basak_vs_State_Of_Maharashtra_Ors_on_8_October_2010_1.PDF,Financial Fraud,SCC 1985 2 370,,,UNRESOLVED
Asoke_Basak_vs_State_Of_Maharashtra_Ors_on_8_October_2010_1.PDF,Financial Fraud,SCC 1997 2 397,,,UNRESOLVED
Asoke_Basak_vs_State_Of_Maharashtra_Ors_on_8_October_2010_1.PDF,Financial Fraud,SCC 2009 11 737,,,UNRESOLVED
Asoke_Basak_vs_State_Of_Maharashtra_Ors_on_8_October_2010_1.PDF,Financial Fraud,SCC 1976 3 779,,,UNRESOLVED
Asoke_Basak_vs_State_Of_Maharashtra_Ors_on_8_October_2010_1.PDF,Financial Fraud,SCC 2004 13 203,,,UNRESOLVED
Iridium_India_Telecom_Ltd_vs_Motorola_Incorporated_Ors_on_20_October_2010_1.PDF,Financial Fraud,SCC 1976 3 736,,,UNRESOLVED
Iridium_India_Telecom_Ltd_vs_Motorola_Incorporated_Ors_on_20_October_2010_1.PDF,Financial Fraud,SCC 1983 1 1,,,UNRESOLVED
Iridium_India_Telecom_Ltd_vs_Motorola_Incorporated_Ors_on_20_October_2010_1.PDF,Financial Fraud,SCC 1997 8 732,,,UNRESOLVED
Iridium_India_Telecom_Ltd_vs_Motorola_Incorporated_Ors_on_20_October_2010_1.PDF,Financial Fraud,SCC 2003 11 405,,,UNRESOLVED
Iridium_India_Telecom_Ltd_vs_Motorola_Incorporated_Ors_on_20_October_2010_1.PDF,Financial Fraud,SCC 2005 4 405,,,UNRESOLVED
Iridium_India_Telecom_Ltd_vs_Motorola_Incorporated_Ors_on_20_October_2010_1.PDF,Financial Fraud,SCC 1999 8 686,,,UNRESOLVED
Iridium_India_Telecom_Ltd_vs_Motorola_Incorporated_Ors_on_20_October_2010_1.PDF,Financial Fraud,SCC 1988 1 692,,,UNRESOLVED
Iridium_India_Telecom_Ltd_vs_Motorola_Incorporated_Ors_on_20_October_2010_1.PDF,Financial Fraud,SCC 2005 1 568,,,UNRESOLVED
Iridium_India_Telecom_Ltd_vs_Motorola_Incorporated_Ors_on_20_October_2010_1.PDF,Financial Fraud,SCC 2009 9 682,,,UNRESOLVED
Iridium_India_Telecom_Ltd_vs_Motorola_Incorporated_Ors_on_20_October_2010_1.PDF,Financial Fraud,SCC 1977 4 451,Kurukshetra_University_And_Anr_vs_State_Of_Haryana_And_Anr_on_22_March_1977_1.PDF,,OUTSIDE_DOMAINS
Iridium_India_Telecom_Ltd_vs_Motorola_Incorporated_Ors_on_20_October_2010_1.PDF,Financial Fraud,SCC 1980 1 43,,,UNRESOLVED
Iridium_India_Telecom_Ltd_vs_Motorola_Incorporated_Ors_on_20_October_2010_1.PDF,Financial Fraud,SCC 1992 4 305,,,UNRESOLVED
Iridium_India_Telecom_Ltd_vs_Motorola_Incorporated_Ors_on_20_October_2010_1.PDF,Financial Fraud,SCC 2005 1 568,,,UNRESOLVED
Iridium_India_Telecom_Ltd_vs_Motorola_Incorporated_Ors_on_20_October_2010_1.PDF,Financial Fraud,SCC 2007 12 1,,,UNRESOLVED
Iridium_India_Telecom_Ltd_vs_Motorola_Incorporated_Ors_on_20_October_2010_1.PDF,Financial Fraud,SCC 2006 6 736,,,UNRESOLVED
Iridium_India_Telecom_Ltd_vs_Motorola_Incorporated_Ors_on_20_October_2010_1.PDF,Financial Fraud,SCC 2008 3 542,,,UNRESOLVED
Iridium_India_Telecom_Ltd_vs_Motorola_Incorporated_Ors_on_20_October_2010_1.PDF,Financial Fraud,SCC 1997 8 732,,,UNRESOLVED
Iridium_India_Telecom_Ltd_vs_Motorola_Incorporated_Ors_on_20_October_2010_1.PDF,Financial Fraud,SCC 1997 8 72,,,UNRESOLVED
K_A_Abbas_H_S_A_vs_Sabu_Joseph_Anr_on_11_May_2010_1.PDF,Financial Fraud,AIR 1978 SC 1525,,,UNRESOLVED
K_A_Abbas_H_S_A_vs_Sabu_Joseph_Anr_on_11_May_2010_1.PDF,Financial Fraud,AIR 1995 SC 1935,,,UNRESOLVED
K_A_Abbas_H_S_A_vs_Sabu_Joseph_Anr_on_11_May_2010_1.PDF,Financial Fraud,AIR 1988 SC 2127,,,UNRESOLVED
K_A_Abbas_H_S_A_vs_Sabu_Joseph_Anr_on_11_May_2010_1.PDF,Financial Fraud,AIR 1989 SC 232,,,UNRESOLVED
K_A_Abbas_H_S_A_vs_Sabu_Joseph_Anr_on_11_May_2010_1.PDF,Financial Fraud,SCC 2002 2 420,,,UNRESOLVED
K_A_Abbas_H_S_A_vs_Sabu_Joseph_Anr_on_11_May_2010_1.PDF,Financial Fraud,SCC 2002 2 420,,,UNRESOLVED
K_A_Abbas_H_S_A_vs_Sabu_Joseph_Anr_on_11_May_2010_1.PDF,Financial Fraud,SCC 2007 6 528,,,UNRESOLVED
K_A_Abbas_H_S_A_vs_Sabu_Joseph_Anr_on_11_May_2010_1.PDF,Financial Fraud,SCC 2002 2 420,,,UNRESOLVED
K_A_Abbas_H_S_A_vs_Sabu_Joseph_Anr_on_11_May_2010_1.PDF,Financial Fraud,SCC 2009 6 652,,,UNRESOLVED
K_A_Abbas_H_S_A_vs_Sabu_Joseph_Anr_on_11_May_2010_1.PDF,Financial Fraud,SCC 2007 11 243,,,UNRESOLVED
Lalu_Prasad_Yadav_Anr_vs_State_Of_Bihar_Anr_on_1_April_2010_1.PDF,Financial Fraud,AIR 1952 SC 369,,,UNRESOLVED
Lalu_Prasad_Yadav_Anr_vs_State_Of_Bihar_Anr_on_1_April_2010_1.PDF,Financial Fraud,AIR 1920 PC 181,,,UNRESOLVED
Lalu_Prasad_Yadav_Anr_vs_State_Of_Bihar_Anr_on_1_April_2010_1.PDF,Financial Fraud,AIR 1949 PC 120,,,UNRESOLVED
Lalu_Prasad_Yadav_Anr_vs_State_Of_Bihar_Anr_on_1_April_2010_1.PDF,Financial Fraud,AIR 1968 SC 647,,,UNRESOLVED
Lalu_Prasad_Yadav_Anr_vs_State_Of_Bihar_Anr_on_1_April_2010_1.PDF,Financial Fraud,SCC 1977 3 25,,,UNRESOLVED
Lalu_Prasad_Yadav_Anr_vs_State_Of_Bihar_Anr_on_1_April_2010_1.PDF,Financial Fraud,SCC 1976 1 385,,,UNRESOLVED
Lalu_Prasad_Yadav_Anr_vs_State_Of_Bihar_Anr_on_1_April_2010_1.PDF,Financial Fraud,SCC 2002 7 273,,,UNRESOLVED
Lalu_Prasad_Yadav_Anr_vs_State_Of_Bihar_Anr_on_1_April_2010_1.PDF,Financial Fraud,SCR 1955 2 603,,,UNRESOLVED
Md_Shahabuddin_vs_State_Of_Bihar_Ors_on_25_March_2010_1.PDF,Financial Fraud,AIR 1952 SC 75,The_State_Of_West_Bengal_vs_Anwar_Ali_Sarkar_on_11_January_1952_1.PDF,Organized Crime / Extortion; Violent Crime / Homicide,CROSS_DOMAIN
Md_Shahabuddin_vs_State_Of_Bihar_Ors_on_25_March_2010_1.PDF,Financial Fraud,AIR 1952 SC 75,The_State_Of_West_Bengal_vs_Anwar_Ali_Sarkar_on_11_January_1952_1.PDF,Organized Crime / Extortion; Violent Crime / Homicide,CROSS_DOMAIN
Md_Shahabuddin_vs_State_Of_Bihar_Ors_on_25_March_2010_1.PDF,Financial Fraud,AIR 1958 SC 232,,,UNRESOLVED
Md_Shahabuddin_vs_State_Of_Bihar_Ors_on_25_March_2010_1.PDF,Financial Fraud,AIR 1952 SC 75,The_State_Of_West_Bengal_vs_Anwar_Ali_Sarkar_on_11_January_1952_1.PDF,Organized Crime / Extortion; Violent Crime / Homicide,CROSS_DOMAIN
Md_Shahabuddin_vs_State_Of_Bihar_Ors_on_25_March_2010_1.PDF,Financial Fraud,SCC 1988 3 609,,,UNRESOLVED
Md_Shahabuddin_vs_State_Of_Bihar_Ors_on_25_March_2010_1.PDF,Financial Fraud,SCC 1985 3 398,,,UNRESOLVED
Md_Shahabuddin_vs_State_Of_Bihar_Ors_on_25_March_2010_1.PDF,Financial Fraud,SCC 1974 4 3,,,UNRESOLVED
Md_Shahabuddin_vs_State_Of_Bihar_Ors_on_25_March_2010_1.PDF,Financial Fraud,SCC 1978 1 248,Mrs_Maneka_Gandhi_vs_Union_Of_India_Uoi_And_Anr_on_25_January_1978_1.PDF,Organized Crime / Extortion,CROSS_DOMAIN
Md_Shahabuddin_vs_State_Of_Bihar_Ors_on_25_March_2010_1.PDF,Financial Fraud,SCC 1993 3 259,D_K_Yadav_vs_J_M_A_Industries_Ltd_on_7_May_1993_1.PDF,,OUTSIDE_DOMAINS
Md_Shahabuddin_vs_State_Of_Bihar_Ors_on_25_March_2010_1.PDF,Financial Fraud,SCC 1978 1 248,Mrs_Maneka_Gandhi_vs_Union_Of_India_Uoi_And_Anr_on_25_January_1978_1.PDF,Organized Crime / Extortion,CROSS_DOMAIN
Md_Shahabuddin_vs_State_Of_Bihar_Ors_on_25_March_2010_1.PDF,Financial Fraud,SCC 1994 4 422,Harkishan_Lal_vs_State_Of_J_K_on_25_February_1994_1.PDF,,OUTSIDE_DOMAINS
Md_Shahabuddin_vs_State_Of_Bihar_Ors_on_25_March_2010_1.PDF,Financial Fraud,SCC 1993 4 727,,,UNRESOLVED
Md_Shahabuddin_vs_State_Of_Bihar_Ors_on_25_March_2010_1.PDF,Financial Fraud,SCC 1987 2 74,,,UNRESOLVED
Md_Shahabuddin_vs_State_Of_Bihar_Ors_on_25_March_2010_1.PDF,Financial Fraud,SCC 2004 4 158,,,UNRESOLVED
Md_Shahabuddin_vs_State_Of_Bihar_Ors_on_25_March_2010_1.PDF,Financial Fraud,SCC 1982 1 271,,,UNRESOLVED
Md_Shahabuddin_vs_State_Of_Bihar_Ors_on_25_March_2010_1.PDF,Financial Fraud,SCC 1996 3 364,State_Bank_Of_Patiala_Ors_vs_S_K_Sharma_on_27_March_1996_1.PDF,,OUTSIDE_DOMAINS
Md_Shahabuddin_vs_State_Of_Bihar_Ors_on_25_March_2010_1.PDF,Financial Fraud,SCC 1984 1 43,,,UNRESOLVED
Md_Shahabuddin_vs_State_Of_Bihar_Ors_on_25_March_2010_1.PDF,Financial Fraud,SCC 2000 7 129,,,UNRESOLVED
Md_Shahabuddin_vs_State_Of_Bihar_Ors_on_25_March_2010_1.PDF,Financial Fraud,SCC 1969 3 392,Jankinath_Sarangi_vs_State_Of_Orissa_on_11_March_1969_1.PDF,,OUTSIDE_DOMAINS
Md_Shahabuddin_vs_State_Of_Bihar_Ors_on_25_March_2010_1.PDF,Financial Fraud,SCC 2005 7 764,,,UNRESOLVED
Md_Shahabuddin_vs_State_Of_Bihar_Ors_on_25_March_2010_1.PDF,Financial Fraud,SCC 1993 4 727,,,UNRESOLVED
Md_Shahabuddin_vs_State_Of_Bihar_Ors_on_25_March_2010_1.PDF,Financial Fraud,SCC 1988 3 609,,,UNRESOLVED
Md_Shahabuddin_vs_State_Of_Bihar_Ors_on_25_March_2010_1.PDF,Financial Fraud,SCC 1970 2 458,Union_Of_India_Uoi_vs_Col_J_N_Sinha_And_Anr_on_12_August_1970_1.PDF,,OUTSIDE_DOMAINS
Md_Shahabuddin_vs_State_Of_Bihar_Ors_on_25_March_2010_1.PDF,Financial Fraud,SCC 1975 3 198,,,UNRESOLVED
Md_Shahabuddin_vs_State_Of_Bihar_Ors_on_25_March_2010_1.PDF,Financial Fraud,SCC 1985 3 545,,,UNRESOLVED
Md_Shahabuddin_vs_State_Of_Bihar_Ors_on_25_March_2010_1.PDF,Financial Fraud,SCC 2005 7 764,,,UNRESOLVED
Md_Shahabuddin_vs_State_Of_Bihar_Ors_on_25_March_2010_1.PDF,Financial Fraud,SCC 2009 3 553,,,UNRESOLVED
Md_Shahabuddin_vs_State_Of_Bihar_Ors_on_25_March_2010_1.PDF,Financial Fraud,SCC 2009 7 673,,,UNRESOLVED
Md_Shahabuddin_vs_State_Of_Bihar_Ors_on_25_March_2010_1.PDF,Financial Fraud,SCC 2004 12 278,,,UNRESOLVED
Md_Shahabuddin_vs_State_Of_Bihar_Ors_on_25_March_2010_1.PDF,Financial Fraud,SCC 1992 2 343,,,UNRESOLVED
Md_Shahabuddin_vs_State_Of_Bihar_Ors_on_25_March_2010_1.PDF,Financial Fraud,SCC 2001 3 482,,,UNRESOLVED
Md_Shahabuddin_vs_State_Of_Bihar_Ors_on_25_March_2010_1.PDF,Financial Fraud,SCR 1966 3 744,,,UNRESOLVED
Md_Shahabuddin_vs_State_Of_Bihar_Ors_on_25_March_2010_1.PDF,Financial Fraud,SCR 1966 1 120,,,UNRESOLVED
Monica_Bedi_vs_State_Of_A_P_on_9_November_2010_1.PDF,Financial Fraud,AIR 1965 SC 682,,,UNRESOLVED
Monica_Bedi_vs_State_Of_A_P_on_9_November_2010_1.PDF,Financial Fraud,SCC 2003 2 152,,,UNRESOLVED
Monica_Bedi_vs_State_Of_A_P_on_9_November_2010_1.PDF,Financial Fraud,SCR 1953 730,Maqbool_Hussain_vs_The_State_Of_Bombay_Jagjit_Singhv_The_on_17_April_1953_1.PDF,Organized Crime / Extortion,CROSS_DOMAIN
Monica_Bedi_vs_State_Of_A_P_on_9_November_2010_1.PDF,Financial Fraud,SCR 1954 1150,S_A_Venkataraman_vs_The_Union_Of_India_And_Another_on_30_March_1954_1.PDF,Corruption,CROSS_DOMAIN
Monica_Bedi_vs_State_Of_A_P_on_9_November_2010_1.PDF,Financial Fraud,SCR 1958 822,Leo_Roy_Frey_vs_The_Superintendent_District_on_31_October_1957_1.PDF,,OUTSIDE_DOMAINS
Monica_Bedi_vs_State_Of_A_P_on_9_November_2010_1.PDF,Financial Fraud,SCR 1961 3 107,,,UNRESOLVED
M_A_A_Annamalai_vs_State_Of_Karnataka_Anr_on_12_August_2010_1.PDF,Financial Fraud,SCC 2003 5 257,,,UNRESOLVED
M_A_A_Annamalai_vs_State_Of_Karnataka_Anr_on_12_August_2010_1.PDF,Financial Fraud,SCC 2005 10 336,,,UNRESOLVED
M_A_A_Annamalai_vs_State_Of_Karnataka_Anr_on_12_August_2010_1.PDF,Financial Fraud,SCC 2009 6 77,,,UNRESOLVED
M_A_A_Annamalai_vs_State_Of_Karnataka_Anr_on_12_August_2010_1.PDF,Financial Fraud,SCC 2007 7 373,,,UNRESOLVED
M_A_A_Annamalai_vs_State_Of_Karnataka_Anr_on_12_August_2010_1.PDF,Financial Fraud,SCC 1998 5 749,,,UNRESOLVED
M_A_A_Annamalai_vs_State_Of_Karnataka_Anr_on_12_August_2010_1.PDF,Financial Fraud,SCC 1999 3 259,,,UNRESOLVED
M_A_A_Annamalai_vs_State_Of_Karnataka_Anr_on_12_August_2010_1.PDF,Financial Fraud,SCC 2000 3 269,,,UNRESOLVED
M_A_A_Annamalai_vs_State_Of_Karnataka_Anr_on_12_August_2010_1.PDF,Financial Fraud,SCC 2008 8 708,,,UNRESOLVED
M_S_Kapil_Corepacks_Pvt_Ltd_Ors_vs_Harbans_Lal_D_Thr_Lrs_on_3_August_2010_1.PDF,Financial Fraud,AIR 1931 PC 175,,,UNRESOLVED
M_S_Kapil_Corepacks_Pvt_Ltd_Ors_vs_Harbans_Lal_D_Thr_Lrs_on_3_August_2010_1.PDF,Financial Fraud,AIR 1949 MADRAS 707,,,UNRESOLVED
Nahar_Singh_Yadav_Anr_vs_Union_Of_India_Ors_on_19_November_2010_1.PDF,Financial Fraud,SCC 1988 2 602,,,UNRESOLVED
Nahar_Singh_Yadav_Anr_vs_Union_Of_India_Ors_on_19_November_2010_1.PDF,Financial Fraud,SCC 2004 4 158,,,UNRESOLVED
Nahar_Singh_Yadav_Anr_vs_Union_Of_India_Ors_on_19_November_2010_1.PDF,Financial Fraud,SCC 1979 4 167,,,UNRESOLVED
Nahar_Singh_Yadav_Anr_vs_Union_Of_India_Ors_on_19_November_2010_1.PDF,Financial Fraud,SCC 2000 6 204,,,UNRESOLVED
Nahar_Singh_Yadav_Anr_vs_Union_Of_India_Ors_on_19_November_2010_1.PDF,Financial Fraud,SCC 2004 3 767,,,UNRESOLVED
Nahar_Singh_Yadav_Anr_vs_Union_Of_India_Ors_on_19_November_2010_1.PDF,Financial Fraud,SCC 2009 6 260,,,UNRESOLVED
Nahar_Singh_Yadav_Anr_vs_Union_Of_India_Ors_on_19_November_2010_1.PDF,Financial Fraud,SCC 2000 7 129,,,UNRESOLVED
Sajjan_Kumar_vs_C_B_I_on_20_September_2010_1.PDF,Financial Fraud,SCC 1979 3 4,Union_Of_India_Uoi_vs_Prafulla_Kumar_Samal_And_Anr_on_6_November_1978_1.PDF,,OUTSIDE_DOMAINS
Sajjan_Kumar_vs_C_B_I_on_20_September_2010_1.PDF,Financial Fraud,SCC 2002 2 135,,,UNRESOLVED
Sajjan_Kumar_vs_C_B_I_on_20_September_2010_1.PDF,Financial Fraud,SCC 2009 3 355,,,UNRESOLVED
Sajjan_Kumar_vs_C_B_I_on_20_September_2010_1.PDF,Financial Fraud,SCC 2010 2 398,,,UNRESOLVED
Sajjan_Kumar_vs_C_B_I_on_20_September_2010_1.PDF,Financial Fraud,SCC 2007 7 394,,,UNRESOLVED
Sajjan_Kumar_vs_C_B_I_on_20_September_2010_1.PDF,Financial Fraud,SCC 1999 6 667,,,UNRESOLVED
Selvi_Ors_vs_State_Of_Karnataka_Anr_on_5_May_2010_1.PDF,Financial Fraud,AIR 1931 CAL 601,,,UNRESOLVED
Selvi_Ors_vs_State_Of_Karnataka_Anr_on_5_May_2010_1.PDF,Financial Fraud,AIR 1959 BOM 284,,,UNRESOLVED
Selvi_Ors_vs_State_Of_Karnataka_Anr_on_5_May_2010_1.PDF,Financial Fraud,AIR 1961 SC 1808,,,UNRESOLVED
Selvi_Ors_vs_State_Of_Karnataka_Anr_on_5_May_2010_1.PDF,Financial Fraud,AIR 1962 SC 159,,,UNRESOLVED
Selvi_Ors_vs_State_Of_Karnataka_Anr_on_5_May_2010_1.PDF,Financial Fraud,AIR 1954 SC 300,,,UNRESOLVED
Selvi_Ors_vs_State_Of_Karnataka_Anr_on_5_May_2010_1.PDF,Financial Fraud,AIR 1961 SC 1808,,,UNRESOLVED
Selvi_Ors_vs_State_Of_Karnataka_Anr_on_5_May_2010_1.PDF,Financial Fraud,AIR 1964 BOM 253,,,UNRESOLVED
Selvi_Ors_vs_State_Of_Karnataka_Anr_on_5_May_2010_1.PDF,Financial Fraud,AIR 1963 SC 1295,,,UNRESOLVED
Selvi_Ors_vs_State_Of_Karnataka_Anr_on_5_May_2010_1.PDF,Financial Fraud,AIR 1978 SC 597,Mrs_Maneka_Gandhi_vs_Union_Of_India_Uoi_And_Anr_on_25_January_1978_1.PDF,Organized Crime / Extortion,CROSS_DOMAIN
Selvi_Ors_vs_State_Of_Karnataka_Anr_on_5_May_2010_1.PDF,Financial Fraud,AIR 1963 SC 1295,,,UNRESOLVED
Selvi_Ors_vs_State_Of_Karnataka_Anr_on_5_May_2010_1.PDF,Financial Fraud,AIR 1997 SC 568,People_S_Union_Of_Civil_Liberties_vs_Union_Of_India_Uoi_And_Anr_on_18_December_1996.PDF,,OUTSIDE_DOMAINS
Selvi_Ors_vs_State_Of_Karnataka_Anr_on_5_May_2010_1.PDF,Financial Fraud,AIR 2001 AP 502,,,UNRESOLVED
Selvi_Ors_vs_State_Of_Karnataka_Anr_on_5_May_2010_1.PDF,Financial Fraud,AIR 1997 SC 610,,,UNRESOLVED
Selvi_Ors_vs_State_Of_Karnataka_Anr_on_5_May_2010_1.PDF,Financial Fraud,AIR 1997 SC 610,,,UNRESOLVED
Selvi_Ors_vs_State_Of_Karnataka_Anr_on_5_May_2010_1.PDF,Financial Fraud,SCC 1978 1 248,Mrs_Maneka_Gandhi_vs_Union_Of_India_Uoi_And_Anr_on_25_January_1978_1.PDF,Organized Crime / Extortion,CROSS_DOMAIN
Selvi_Ors_vs_State_Of_Karnataka_Anr_on_5_May_2010_1.PDF,Financial Fraud,SCC 1978 2 424,,,UNRESOLVED
Selvi_Ors_vs_State_Of_Karnataka_Anr_on_5_May_2010_1.PDF,Financial Fraud,SCC 1978 2 424,,,UNRESOLVED
Selvi_Ors_vs_State_Of_Karnataka_Anr_on_5_May_2010_1.PDF,Financial Fraud,SCC 1978 2 424,,,UNRESOLVED
Selvi_Ors_vs_State_Of_Karnataka_Anr_on_5_May_2010_1.PDF,Financial Fraud,SCC 1978 2 424,,,UNRESOLVED
Selvi_Ors_vs_State_Of_Karnataka_Anr_on_5_May_2010_1.PDF,Financial Fraud,SCC 1980 4 600,,,UNRESOLVED
Selvi_Ors_vs_State_Of_Karnataka_Anr_on_5_May_2010_1.PDF,Financial Fraud,SCC 1978 2 424,,,UNRESOLVED
Selvi_Ors_vs_State_Of_Karnataka_Anr_on_5_May_2010_1.PDF,Financial Fraud,SCC 1978 4 494,,,UNRESOLVED
Selvi_Ors_vs_State_Of_Karnataka_Anr_on_5_May_2010_1.PDF,Financial Fraud,SCC 2003 4 493,,,UNRESOLVED
Selvi_Ors_vs_State_Of_Karnataka_Anr_on_5_May_2010_1.PDF,Financial Fraud,SCC 1975 2 148,Gobind_vs_State_Of_Madhya_Pradesh_And_Anr_on_18_March_1975_1.PDF,,OUTSIDE_DOMAINS
Selvi_Ors_vs_State_Of_Karnataka_Anr_on_5_May_2010_1.PDF,Financial Fraud,SCC 1994 6 632,R_Rajagopal_vs_State_Of_T_N_on_7_October_1994_1.PDF,Organized Crime / Extortion,CROSS_DOMAIN
Selvi_Ors_vs_State_Of_Karnataka_Anr_on_5_May_2010_1.PDF,Financial Fraud,SCC 1998 8 296,,,UNRESOLVED
Selvi_Ors_vs_State_Of_Karnataka_Anr_on_5_May_2010_1.PDF,Financial Fraud,SCC 2003 1 500,,,UNRESOLVED
Selvi_Ors_vs_State_Of_Karnataka_Anr_on_5_May_2010_1.PDF,Financial Fraud,SCC 1978 4 494,,,UNRESOLVED
Selvi_Ors_vs_State_Of_Karnataka_Anr_on_5_May_2010_1.PDF,Financial Fraud,SCC 1970 1 248,,,UNRESOLVED
Selvi_Ors_vs_State_Of_Karnataka_Anr_on_5_May_2010_1.PDF,Financial Fraud,SCC 1978 1 248,Mrs_Maneka_Gandhi_vs_Union_Of_India_Uoi_And_Anr_on_25_January_1978_1.PDF,Organized Crime / Extortion,CROSS_DOMAIN
Selvi_Ors_vs_State_Of_Karnataka_Anr_on_5_May_2010_1.PDF,Financial Fraud,SCR 1962 3 10,,,UNRESOLVED
Selvi_Ors_vs_State_Of_Karnataka_Anr_on_5_May_2010_1.PDF,Financial Fraud,SCR 1954 1077,M_P_Sharma_And_Others_vs_Satish_Chandra_District_on_15_March_1954_1.PDF,Organized Crime / Extortion,CROSS_DOMAIN
Selvi_Ors_vs_State_Of_Karnataka_Anr_on_5_May_2010_1.PDF,Financial Fraud,SCR 1962 3 10,,,UNRESOLVED
Selvi_Ors_vs_State_Of_Karnataka_Anr_on_5_May_2010_1.PDF,Financial Fraud,SCR 1961 1 417,,,UNRESOLVED
Selvi_Ors_vs_State_Of_Karnataka_Anr_on_5_May_2010_1.PDF,Financial Fraud,SCR 1969 2 461,,,UNRESOLVED
Selvi_Ors_vs_State_Of_Karnataka_Anr_on_5_May_2010_1.PDF,Financial Fraud,SCR 1962 3 10,,,UNRESOLVED
Selvi_Ors_vs_State_Of_Karnataka_Anr_on_5_May_2010_1.PDF,Financial Fraud,SCR 1962 3 10,,,UNRESOLVED
Selvi_Ors_vs_State_Of_Karnataka_Anr_on_5_May_2010_1.PDF,Financial Fraud,SCR 1954 1077,M_P_Sharma_And_Others_vs_Satish_Chandra_District_on_15_March_1954_1.PDF,Organized Crime / Extortion,CROSS_DOMAIN
Shivjee_Singh_vs_Nagendra_Tiwary_Ors_on_6_July_2010_1.PDF,Financial Fraud,AIR 1959 SC 843,,,UNRESOLVED
Shivjee_Singh_vs_Nagendra_Tiwary_Ors_on_6_July_2010_1.PDF,Financial Fraud,SCC 2000 2 230,,,UNRESOLVED
Shivjee_Singh_vs_Nagendra_Tiwary_Ors_on_6_July_2010_1.PDF,Financial Fraud,SCC 2000 8 498,,,UNRESOLVED
Shivjee_Singh_vs_Nagendra_Tiwary_Ors_on_6_July_2010_1.PDF,Financial Fraud,SCC 1973 3 753,,,UNRESOLVED
Shivjee_Singh_vs_Nagendra_Tiwary_Ors_on_6_July_2010_1.PDF,Financial Fraud,SCC 1992 2 213,,,UNRESOLVED
Shivjee_Singh_vs_Nagendra_Tiwary_Ors_on_6_July_2010_1.PDF,Financial Fraud,SCC 2008 2 492,,,UNRESOLVED
Shivjee_Singh_vs_Nagendra_Tiwary_Ors_on_6_July_2010_1.PDF,Financial Fraud,SCC 2000 8 500,,,UNRESOLVED
Shivjee_Singh_vs_Nagendra_Tiwary_Ors_on_6_July_2010_1.PDF,Financial Fraud,SCR 1958 618,Ramgopal_Ganpatrai_Ruia_Another_vs_The_State_Of_Bombay_on_8_October_1957_1.PDF,Financial Fraud,INTERNAL
Shivjee_Singh_vs_Nagendra_Tiwary_Ors_on_6_July_2010_1.PDF,Financial Fraud,SCR 1961 1 1,,,UNRESOLVED
Shivjee_Singh_vs_Nagendra_Tiwary_Ors_on_6_July_2010_1.PDF,Financial Fraud,SCR 1964 1 639,,,UNRESOLVED
Siddharam_Satlingappa_Mhetre_vs_State_Of_Maharashtra_And_Ors_on_2_December_2010_1.PDF,Financial Fraud,AIR 1950 SC 27,,,UNRESOLVED
Siddharam_Satlingappa_Mhetre_vs_State_Of_Maharashtra_And_Ors_on_2_December_2010_1.PDF,Financial Fraud,AIR 1963 SC 1295,,,UNRESOLVED
Siddharam_Satlingappa_Mhetre_vs_State_Of_Maharashtra_And_Ors_on_2_December_2010_1.PDF,Financial Fraud,SCC 1980 2 565,,,UNRESOLVED
Siddharam_Satlingappa_Mhetre_vs_State_Of_Maharashtra_And_Ors_on_2_December_2010_1.PDF,Financial Fraud,SCC 1985 2 597,,,UNRESOLVED
Siddharam_Satlingappa_Mhetre_vs_State_Of_Maharashtra_And_Ors_on_2_December_2010_1.PDF,Financial Fraud,SCC 1996 1 667,Salauddin_Abdulsamad_Shaikh_vs_The_State_Of_Maharashtra_on_11_December_1995_1.PDF,,OUTSIDE_DOMAINS
Siddharam_Satlingappa_Mhetre_vs_State_Of_Maharashtra_And_Ors_on_2_December_2010_1.PDF,Financial Fraud,SCC 1998 9 348,K_L_Verma_vs_State_And_Anr_on_13_October_1996_1.PDF,,OUTSIDE_DOMAINS
Siddharam_Satlingappa_Mhetre_vs_State_Of_Maharashtra_And_Ors_on_2_December_2010_1.PDF,Financial Fraud,SCC 2005 4 303,,,UNRESOLVED
Siddharam_Satlingappa_Mhetre_vs_State_Of_Maharashtra_And_Ors_on_2_December_2010_1.PDF,Financial Fraud,SCC 2005 1 608,,,UNRESOLVED
Siddharam_Satlingappa_Mhetre_vs_State_Of_Maharashtra_And_Ors_on_2_December_2010_1.PDF,Financial Fraud,SCC 1989 4 418,,,UNRESOLVED
Siddharam_Satlingappa_Mhetre_vs_State_Of_Maharashtra_And_Ors_on_2_December_2010_1.PDF,Financial Fraud,SCC 1996 1 468,,,UNRESOLVED
Siddharam_Satlingappa_Mhetre_vs_State_Of_Maharashtra_And_Ors_on_2_December_2010_1.PDF,Financial Fraud,SCC 1976 3 677,,,UNRESOLVED
Siddharam_Satlingappa_Mhetre_vs_State_Of_Maharashtra_And_Ors_on_2_December_2010_1.PDF,Financial Fraud,SCC 1976 4 52,,,UNRESOLVED
Siddharam_Satlingappa_Mhetre_vs_State_Of_Maharashtra_And_Ors_on_2_December_2010_1.PDF,Financial Fraud,SCC 1978 1 248,Mrs_Maneka_Gandhi_vs_Union_Of_India_Uoi_And_Anr_on_25_January_1978_1.PDF,Organized Crime / Extortion,CROSS_DOMAIN
Siddharam_Satlingappa_Mhetre_vs_State_Of_Maharashtra_And_Ors_on_2_December_2010_1.PDF,Financial Fraud,SCC 2000 5 712,,,UNRESOLVED
Siddharam_Satlingappa_Mhetre_vs_State_Of_Maharashtra_And_Ors_on_2_December_2010_1.PDF,Financial Fraud,SCC 1994 3 569,Kartar_Singh_vs_State_Of_Punjab_on_11_March_1994_1.PDF,Corruption; Organized Crime / Extortion,CROSS_DOMAIN
Siddharam_Satlingappa_Mhetre_vs_State_Of_Maharashtra_And_Ors_on_2_December_2010_1.PDF,Financial Fraud,SCC 1981 1 608,,,UNRESOLVED
Siddharam_Satlingappa_Mhetre_vs_State_Of_Maharashtra_And_Ors_on_2_December_2010_1.PDF,Financial Fraud,SCC 1994 3 394,P_Rathinam_vs_Union_Of_India_on_26_April_1994_1.PDF,Violent Crime / Homicide,CROSS_DOMAIN
Siddharam_Satlingappa_Mhetre_vs_State_Of_Maharashtra_And_Ors_on_2_December_2010_1.PDF,Financial Fraud,SCC 1994 6 260,,,UNRESOLVED
Siddharam_Satlingappa_Mhetre_vs_State_Of_Maharashtra_And_Ors_on_2_December_2010_1.PDF,Financial Fraud,SCC 1986 3 156,,,UNRESOLVED
Siddharam_Satlingappa_Mhetre_vs_State_Of_Maharashtra_And_Ors_on_2_December_2010_1.PDF,Financial Fraud,SCC 1980 3 526,,,UNRESOLVED
Siddharam_Satlingappa_Mhetre_vs_State_Of_Maharashtra_And_Ors_on_2_December_2010_1.PDF,Financial Fraud,SCC 1994 4 260,Joginder_Kumar_vs_State_Of_U_P_on_25_April_1994_1.PDF,,OUTSIDE_DOMAINS
Siddharam_Satlingappa_Mhetre_vs_State_Of_Maharashtra_And_Ors_on_2_December_2010_1.PDF,Financial Fraud,SCC 2008 1 632,,,UNRESOLVED
Siddharam_Satlingappa_Mhetre_vs_State_Of_Maharashtra_And_Ors_on_2_December_2010_1.PDF,Financial Fraud,SCC 2000 4 262,,,UNRESOLVED
Siddharam_Satlingappa_Mhetre_vs_State_Of_Maharashtra_And_Ors_on_2_December_2010_1.PDF,Financial Fraud,SCC 1989 2 754,,,UNRESOLVED
Siddharam_Satlingappa_Mhetre_vs_State_Of_Maharashtra_And_Ors_on_2_December_2010_1.PDF,Financial Fraud,SCC 1991 4 312,Thota_Sesharathamma_And_Anr_vs_Thota_Manikyamma_Dead_By_Lrs_And_Ors_on_23_August_1991_1.PDF,,OUTSIDE_DOMAINS
Siddharam_Satlingappa_Mhetre_vs_State_Of_Maharashtra_And_Ors_on_2_December_2010_1.PDF,Financial Fraud,SCC 1972 4 86,Mst_Karmi_vs_Amru_And_Ors_on_5_January_1971_1.PDF,,OUTSIDE_DOMAINS
Siddharam_Satlingappa_Mhetre_vs_State_Of_Maharashtra_And_Ors_on_2_December_2010_1.PDF,Financial Fraud,SCC 1997 1 9,,,UNRESOLVED
Siddharam_Satlingappa_Mhetre_vs_State_Of_Maharashtra_And_Ors_on_2_December_2010_1.PDF,Financial Fraud,SCC 1980 2 593,,,UNRESOLVED
Siddharam_Satlingappa_Mhetre_vs_State_Of_Maharashtra_And_Ors_on_2_December_2010_1.PDF,Financial Fraud,SCC 2001 4 448,,,UNRESOLVED
Siddharam_Satlingappa_Mhetre_vs_State_Of_Maharashtra_And_Ors_on_2_December_2010_1.PDF,Financial Fraud,SCC 2005 2 673,,,UNRESOLVED
Siddharam_Satlingappa_Mhetre_vs_State_Of_Maharashtra_And_Ors_on_2_December_2010_1.PDF,Financial Fraud,SCC 2008 10 1,,,UNRESOLVED
Siddharam_Satlingappa_Mhetre_vs_State_Of_Maharashtra_And_Ors_on_2_December_2010_1.PDF,Financial Fraud,SCC 2006 4 1,,,UNRESOLVED
Siddharam_Satlingappa_Mhetre_vs_State_Of_Maharashtra_And_Ors_on_2_December_2010_1.PDF,Financial Fraud,SCC 2009 15 458,,,UNRESOLVED
Siddharam_Satlingappa_Mhetre_vs_State_Of_Maharashtra_And_Ors_on_2_December_2010_1.PDF,Financial Fraud,SCC 2005 3 1,,,UNRESOLVED
Siddharam_Satlingappa_Mhetre_vs_State_Of_Maharashtra_And_Ors_on_2_December_2010_1.PDF,Financial Fraud,SCC 1990 3 139,,,UNRESOLVED
Siddharam_Satlingappa_Mhetre_vs_State_Of_Maharashtra_And_Ors_on_2_December_2010_1.PDF,Financial Fraud,SCC 2005 1 394,,,UNRESOLVED
Siddharam_Satlingappa_Mhetre_vs_State_Of_Maharashtra_And_Ors_on_2_December_2010_1.PDF,Financial Fraud,SCC 2008 10 1,,,UNRESOLVED
Siddharam_Satlingappa_Mhetre_vs_State_Of_Maharashtra_And_Ors_on_2_December_2010_1.PDF,Financial Fraud,SCR 1964 4 921,,,UNRESOLVED
Siddharam_Satlingappa_Mhetre_vs_State_Of_Maharashtra_And_Ors_on_2_December_2010_1.PDF,Financial Fraud,SCR 1964 2 104,,,UNRESOLVED
Sushil_Kumar_Singhal_vs_Regional_Manager_Punjab_National_Bank_on_10_August_2010_1.PDF,Financial Fraud,AIR 1975 SC 2216,,,UNRESOLVED
Sushil_Kumar_Singhal_vs_Regional_Manager_Punjab_National_Bank_on_10_August_2010_1.PDF,Financial Fraud,AIR 1985 SC 772,,,UNRESOLVED
Sushil_Kumar_Singhal_vs_Regional_Manager_Punjab_National_Bank_on_10_August_2010_1.PDF,Financial Fraud,AIR 1999 SC 1201,,,UNRESOLVED
Sushil_Kumar_Singhal_vs_Regional_Manager_Punjab_National_Bank_on_10_August_2010_1.PDF,Financial Fraud,AIR 1985 SC 1612,,,UNRESOLVED
Sushil_Kumar_Singhal_vs_Regional_Manager_Punjab_National_Bank_on_10_August_2010_1.PDF,Financial Fraud,AIR 1996 SC 3300,,,UNRESOLVED
Sushil_Kumar_Singhal_vs_Regional_Manager_Punjab_National_Bank_on_10_August_2010_1.PDF,Financial Fraud,AIR 2010 SC 1099,,,UNRESOLVED
Sushil_Kumar_Singhal_vs_Regional_Manager_Punjab_National_Bank_on_10_August_2010_1.PDF,Financial Fraud,SCC 1998 2 383,,,UNRESOLVED
Sushil_Kumar_Singhal_vs_Regional_Manager_Punjab_National_Bank_on_10_August_2010_1.PDF,Financial Fraud,SCC 1990 2 426,,,UNRESOLVED
Sushil_Kumar_Singhal_vs_Regional_Manager_Punjab_National_Bank_on_10_August_2010_1.PDF,Financial Fraud,SCC 1996 7 748,,,UNRESOLVED
Sushil_Kumar_Singhal_vs_Regional_Manager_Punjab_National_Bank_on_10_August_2010_1.PDF,Financial Fraud,SCC 1997 11 571,,,UNRESOLVED
Sushil_Kumar_Singhal_vs_Regional_Manager_Punjab_National_Bank_on_10_August_2010_1.PDF,Financial Fraud,SCC 2007 9 86,,,UNRESOLVED
Sushil_Kumar_Singhal_vs_Regional_Manager_Punjab_National_Bank_on_10_August_2010_1.PDF,Financial Fraud,SCC 1997 4 1,,,UNRESOLVED
S_S_Chheena_vs_Vijay_Kumar_Mahajan_Anr_on_12_August_2010_1.PDF,Financial Fraud,SCC 2010 1 750,,,UNRESOLVED
S_S_Chheena_vs_Vijay_Kumar_Mahajan_Anr_on_12_August_2010_1.PDF,Financial Fraud,SCC 2001 9 618,,,UNRESOLVED
S_S_Chheena_vs_Vijay_Kumar_Mahajan_Anr_on_12_August_2010_1.PDF,Financial Fraud,SCC 1994 1 73,State_Of_W_B_vs_Orilal_Jaiswal_on_23_September_1993_1.PDF,Violent Crime / Homicide,CROSS_DOMAIN
S_S_Chheena_vs_Vijay_Kumar_Mahajan_Anr_on_12_August_2010_1.PDF,Financial Fraud,SCC 2009 16 605,,,UNRESOLVED
Union_Of_India_vs_R_Gandhi_on_11_May_2010_1.PDF,Financial Fraud,AIR 1966 SC 1987,,,UNRESOLVED
Union_Of_India_vs_R_Gandhi_on_11_May_2010_1.PDF,Financial Fraud,AIR 1973 SCC 1461,,,UNRESOLVED
Union_Of_India_vs_R_Gandhi_on_11_May_2010_1.PDF,Financial Fraud,AIR 1952 SC 75,The_State_Of_West_Bengal_vs_Anwar_Ali_Sarkar_on_11_January_1952_1.PDF,Organized Crime / Extortion; Violent Crime / Homicide,CROSS_DOMAIN
Union_Of_India_vs_R_Gandhi_on_11_May_2010_1.PDF,Financial Fraud,SCC 1997 3 261,,,UNRESOLVED
Union_Of_India_vs_R_Gandhi_on_11_May_2010_1.PDF,Financial Fraud,SCC 2002 4 275,,,UNRESOLVED
Union_Of_India_vs_R_Gandhi_on_11_May_2010_1.PDF,Financial Fraud,SCC 1997 3 261,,,UNRESOLVED
Union_Of_India_vs_R_Gandhi_on_11_May_2010_1.PDF,Financial Fraud,SCC 2002 4 275,,,UNRESOLVED
Union_Of_India_vs_R_Gandhi_on_11_May_2010_1.PDF,Financial Fraud,SCC 2003 2 412,,,UNRESOLVED
Union_Of_India_vs_R_Gandhi_on_11_May_2010_1.PDF,Financial Fraud,SCC 1987 1 124,,,UNRESOLVED
Union_Of_India_vs_R_Gandhi_on_11_May_2010_1.PDF,Financial Fraud,SCC 1993 4 441,,,UNRESOLVED
Union_Of_India_vs_R_Gandhi_on_11_May_2010_1.PDF,Financial Fraud,SCC 1973 1461,,,UNRESOLVED
Union_Of_India_vs_R_Gandhi_on_11_May_2010_1.PDF,Financial Fraud,SCR 1962 2 339,,,UNRESOLVED
Union_Of_India_vs_R_Gandhi_on_11_May_2010_1.PDF,Financial Fraud,SCR 1965 2 366,,,UNRESOLVED
Union_Of_India_vs_R_Gandhi_on_11_May_2010_1.PDF,Financial Fraud,SCR 1955 1 267,,,UNRESOLVED
Union_Of_India_vs_R_Gandhi_on_11_May_2010_1.PDF,Financial Fraud,SCR 1955 2 225,Rai_Sahib_Ram_Jawaya_Kapur_And_Ors_vs_The_State_Of_Punjab_on_12_April_1955_1.PDF,,OUTSIDE_DOMAINS
Union_Of_India_vs_R_Gandhi_on_11_May_2010_1.PDF,Financial Fraud,SCR 1955 1 829,,,UNRESOLVED
V_P_Shrivastava_vs_Indian_Explosives_Ltd_Ors_on_24_September_2010_1.PDF,Financial Fraud,AIR 1960 SC 866,,,UNRESOLVED
V_P_Shrivastava_vs_Indian_Explosives_Ltd_Ors_on_24_September_2010_1.PDF,Financial Fraud,AIR 1956 SC 575,,,UNRESOLVED
V_P_Shrivastava_vs_Indian_Explosives_Ltd_Ors_on_24_September_2010_1.PDF,Financial Fraud,SCC 2007 14 776,,,UNRESOLVED
V_P_Shrivastava_vs_Indian_Explosives_Ltd_Ors_on_24_September_2010_1.PDF,Financial Fraud,SCC 2001 8 570,,,UNRESOLVED
V_P_Shrivastava_vs_Indian_Explosives_Ltd_Ors_on_24_September_2010_1.PDF,Financial Fraud,SCC 2000 2 636,,,UNRESOLVED
V_P_Shrivastava_vs_Indian_Explosives_Ltd_Ors_on_24_September_2010_1.PDF,Financial Fraud,SCC 1970 2 740,,,UNRESOLVED
V_P_Shrivastava_vs_Indian_Explosives_Ltd_Ors_on_24_September_2010_1.PDF,Financial Fraud,SCC 2000 4 168,,,UNRESOLVED
V_P_Shrivastava_vs_Indian_Explosives_Ltd_Ors_on_24_September_2010_1.PDF,Financial Fraud,SCC 2002 1 241,,,UNRESOLVED
V_P_Shrivastava_vs_Indian_Explosives_Ltd_Ors_on_24_September_2010_1.PDF,Financial Fraud,SCC 2008 8 708,,,UNRESOLVED
V_P_Shrivastava_vs_Indian_Explosives_Ltd_Ors_on_24_September_2010_1.PDF,Financial Fraud,SCC 2000 3 269,,,UNRESOLVED
V_P_Shrivastava_vs_Indian_Explosives_Ltd_Ors_on_24_September_2010_1.PDF,Financial Fraud,SCC 2003 5 257,,,UNRESOLVED
V_P_Shrivastava_vs_Indian_Explosives_Ltd_Ors_on_24_September_2010_1.PDF,Financial Fraud,SCC 2005 10 228,,,UNRESOLVED
V_P_Shrivastava_vs_Indian_Explosives_Ltd_Ors_on_24_September_2010_1.PDF,Financial Fraud,SCC 2008 2 561,,,UNRESOLVED
V_P_Shrivastava_vs_Indian_Explosives_Ltd_Ors_on_24_September_2010_1.PDF,Financial Fraud,SCC 1999 6 667,,,UNRESOLVED
V_P_Shrivastava_vs_Indian_Explosives_Ltd_Ors_on_24_September_2010_1.PDF,Financial Fraud,SCC 2006 6 736,,,UNRESOLVED
Abdul_Rehman_Ors_vs_K_M_Anees_Ul_Haq_on_14_November_2011_1.PDF,Financial Fraud,AIR 1967 SC 528,,,UNRESOLVED
Abdul_Rehman_Ors_vs_K_M_Anees_Ul_Haq_on_14_November_2011_1.PDF,Financial Fraud,AIR 1967 SC 528,,,UNRESOLVED
Abdul_Rehman_Ors_vs_K_M_Anees_Ul_Haq_on_14_November_2011_1.PDF,Financial Fraud,SCC 1980 4 286,,,UNRESOLVED
Abdul_Rehman_Ors_vs_K_M_Anees_Ul_Haq_on_14_November_2011_1.PDF,Financial Fraud,SCC 1973 3 753,,,UNRESOLVED
A_Subash_Babu_vs_State_Of_A_P_Anr_on_21_July_2011_1.PDF,Financial Fraud,SCC 1979 2 170,,,UNRESOLVED
A_Subash_Babu_vs_State_Of_A_P_Anr_on_21_July_2011_1.PDF,Financial Fraud,SCC 2004 3 199,,,UNRESOLVED
A_Subash_Babu_vs_State_Of_A_P_Anr_on_21_July_2011_1.PDF,Financial Fraud,SCC 1998 3 38,,,UNRESOLVED
A_Subash_Babu_vs_State_Of_A_P_Anr_on_21_July_2011_1.PDF,Financial Fraud,SCC 2003 12 395,,,UNRESOLVED
A_Subash_Babu_vs_State_Of_A_P_Anr_on_21_July_2011_1.PDF,Financial Fraud,SCC 1979 2 297,,,UNRESOLVED
A_Subash_Babu_vs_State_Of_A_P_Anr_on_21_July_2011_1.PDF,Financial Fraud,SCC 1980 3 141,,,UNRESOLVED
Bachpan_Bachao_Andolan_vs_Union_Of_India_Ors_on_18_April_2011_1.PDF,Financial Fraud,SCC 2001 6 84,,,UNRESOLVED
Inderjit_Singh_Grewal_vs_State_Of_Punjab_Anr_on_23_August_2011_1.PDF,Financial Fraud,AIR 1996 SC 906,,,UNRESOLVED
Inderjit_Singh_Grewal_vs_State_Of_Punjab_Anr_on_23_August_2011_1.PDF,Financial Fraud,AIR 1997 SC 1240,,,UNRESOLVED
Inderjit_Singh_Grewal_vs_State_Of_Punjab_Anr_on_23_August_2011_1.PDF,Financial Fraud,AIR 2004 SC 1377,,,UNRESOLVED
Inderjit_Singh_Grewal_vs_State_Of_Punjab_Anr_on_23_August_2011_1.PDF,Financial Fraud,AIR 1959 SC 673,,,UNRESOLVED
Inderjit_Singh_Grewal_vs_State_Of_Punjab_Anr_on_23_August_2011_1.PDF,Financial Fraud,AIR 1967 SC 553,,,UNRESOLVED
Inderjit_Singh_Grewal_vs_State_Of_Punjab_Anr_on_23_August_2011_1.PDF,Financial Fraud,AIR 2007 SC 2083,,,UNRESOLVED
Inderjit_Singh_Grewal_vs_State_Of_Punjab_Anr_on_23_August_2011_1.PDF,Financial Fraud,AIR 1992 SC 1304,,,UNRESOLVED
Inderjit_Singh_Grewal_vs_State_Of_Punjab_Anr_on_23_August_2011_1.PDF,Financial Fraud,AIR 2011 SC 1637,,,UNRESOLVED
Inderjit_Singh_Grewal_vs_State_Of_Punjab_Anr_on_23_August_2011_1.PDF,Financial Fraud,AIR 2007 SC 2762,,,UNRESOLVED
Inderjit_Singh_Grewal_vs_State_Of_Punjab_Anr_on_23_August_2011_1.PDF,Financial Fraud,SCC 2010 8 383,,,UNRESOLVED
Inderjit_Singh_Grewal_vs_State_Of_Punjab_Anr_on_23_August_2011_1.PDF,Financial Fraud,SCC 2006 7 470,,,UNRESOLVED
Inderjit_Singh_Grewal_vs_State_Of_Punjab_Anr_on_23_August_2011_1.PDF,Financial Fraud,SCC 2009 6 194,,,UNRESOLVED
Inderjit_Singh_Grewal_vs_State_Of_Punjab_Anr_on_23_August_2011_1.PDF,Financial Fraud,SCC 2010 10 469,,,UNRESOLVED
Inderjit_Singh_Grewal_vs_State_Of_Punjab_Anr_on_23_August_2011_1.PDF,Financial Fraud,SCC 2005 3 636,,,UNRESOLVED
Inderjit_Singh_Grewal_vs_State_Of_Punjab_Anr_on_23_August_2011_1.PDF,Financial Fraud,SCC 2011 6 508,,,UNRESOLVED
M_S_Thermax_Ltd_Ors_vs_K_M_Johny_Ors_on_27_September_2011_1.PDF,Financial Fraud,SCC 2005 3 670,,,UNRESOLVED
M_S_Thermax_Ltd_Ors_vs_K_M_Johny_Ors_on_27_September_2011_1.PDF,Financial Fraud,SCC 1988 1 692,,,UNRESOLVED
M_S_Thermax_Ltd_Ors_vs_K_M_Johny_Ors_on_27_September_2011_1.PDF,Financial Fraud,SCC 2001 3 513,,,UNRESOLVED
M_S_Thermax_Ltd_Ors_vs_K_M_Johny_Ors_on_27_September_2011_1.PDF,Financial Fraud,SCC 1976 3 736,,,UNRESOLVED
M_S_Thermax_Ltd_Ors_vs_K_M_Johny_Ors_on_27_September_2011_1.PDF,Financial Fraud,SCC 2005 10 228,,,UNRESOLVED
M_S_Thermax_Ltd_Ors_vs_K_M_Johny_Ors_on_27_September_2011_1.PDF,Financial Fraud,SCC 2001 3 513,,,UNRESOLVED
M_S_Thermax_Ltd_Ors_vs_K_M_Johny_Ors_on_27_September_2011_1.PDF,Financial Fraud,SCC 1976 3 736,,,UNRESOLVED
M_S_Thermax_Ltd_Ors_vs_K_M_Johny_Ors_on_27_September_2011_1.PDF,Financial Fraud,SCC 2008 5 662,,,UNRESOLVED
M_S_Thermax_Ltd_Ors_vs_K_M_Johny_Ors_on_27_September_2011_1.PDF,Financial Fraud,SCC 2010 10 479,,,UNRESOLVED
Radheshyam_Kejriwal_vs_State_Of_West_Bengal_Anr_on_18_February_2011_1.PDF,Financial Fraud,AIR 1970 SC 962,,,UNRESOLVED
Radheshyam_Kejriwal_vs_State_Of_West_Bengal_Anr_on_18_February_2011_1.PDF,Financial Fraud,AIR 1956 SC 415,Pritam_Singh_And_Anr_vs_The_State_Of_Punjab_on_4_November_1955_1.PDF,,OUTSIDE_DOMAINS
Radheshyam_Kejriwal_vs_State_Of_West_Bengal_Anr_on_18_February_2011_1.PDF,Financial Fraud,SCC 2006 4 278,,,UNRESOLVED
Radheshyam_Kejriwal_vs_State_Of_West_Bengal_Anr_on_18_February_2011_1.PDF,Financial Fraud,SCC 2002 8 87,,,UNRESOLVED
Radheshyam_Kejriwal_vs_State_Of_West_Bengal_Anr_on_18_February_2011_1.PDF,Financial Fraud,SCC 2005 4 370,,,UNRESOLVED
Radheshyam_Kejriwal_vs_State_Of_West_Bengal_Anr_on_18_February_2011_1.PDF,Financial Fraud,SCC 1982 2 543,Uttam_Chand_And_Ors_vs_Income_Tax_Officer_Central_Circle_on_5_March_1979_1.PDF,,OUTSIDE_DOMAINS
Radheshyam_Kejriwal_vs_State_Of_West_Bengal_Anr_on_18_February_2011_1.PDF,Financial Fraud,SCC 2004 2 731,,,UNRESOLVED
Radheshyam_Kejriwal_vs_State_Of_West_Bengal_Anr_on_18_February_2011_1.PDF,Financial Fraud,SCC 2004 2 731,,,UNRESOLVED
Radheshyam_Kejriwal_vs_State_Of_West_Bengal_Anr_on_18_February_2011_1.PDF,Financial Fraud,SCC 1996 9 1,,,UNRESOLVED
Radheshyam_Kejriwal_vs_State_Of_West_Bengal_Anr_on_18_February_2011_1.PDF,Financial Fraud,SCC 1982 2 543,Uttam_Chand_And_Ors_vs_Income_Tax_Officer_Central_Circle_on_5_March_1979_1.PDF,,OUTSIDE_DOMAINS
Radheshyam_Kejriwal_vs_State_Of_West_Bengal_Anr_on_18_February_2011_1.PDF,Financial Fraud,SCC 2006 4 278,,,UNRESOLVED
Radheshyam_Kejriwal_vs_State_Of_West_Bengal_Anr_on_18_February_2011_1.PDF,Financial Fraud,SCC 2002 8 87,,,UNRESOLVED
Radheshyam_Kejriwal_vs_State_Of_West_Bengal_Anr_on_18_February_2011_1.PDF,Financial Fraud,SCC 2005 4 370,,,UNRESOLVED
Radheshyam_Kejriwal_vs_State_Of_West_Bengal_Anr_on_18_February_2011_1.PDF,Financial Fraud,SCC 2003 11 405,,,UNRESOLVED
Radheshyam_Kejriwal_vs_State_Of_West_Bengal_Anr_on_18_February_2011_1.PDF,Financial Fraud,SCC 2004 6 531,,,UNRESOLVED
Radheshyam_Kejriwal_vs_State_Of_West_Bengal_Anr_on_18_February_2011_1.PDF,Financial Fraud,SCC 2005 4 530,,,UNRESOLVED
Radheshyam_Kejriwal_vs_State_Of_West_Bengal_Anr_on_18_February_2011_1.PDF,Financial Fraud,SCR 1969 2 438,,,UNRESOLVED
Radheshyam_Kejriwal_vs_State_Of_West_Bengal_Anr_on_18_February_2011_1.PDF,Financial Fraud,SCR 1960 2 58,,,UNRESOLVED
Sanjay_Chandra_vs_Cbi_on_23_November_2011_1.PDF,Financial Fraud,AIR 1978 SC 179,,,UNRESOLVED
Sanjay_Chandra_vs_Cbi_on_23_November_2011_1.PDF,Financial Fraud,SCC 2005 2 42,,,UNRESOLVED
Sanjay_Chandra_vs_Cbi_on_23_November_2011_1.PDF,Financial Fraud,SCC 1977 4 308,,,UNRESOLVED
Sanjay_Chandra_vs_Cbi_on_23_November_2011_1.PDF,Financial Fraud,SCC 1978 1 240,,,UNRESOLVED
Sanjay_Chandra_vs_Cbi_on_23_November_2011_1.PDF,Financial Fraud,SCC 1978 1 118,,,UNRESOLVED
Sanjay_Chandra_vs_Cbi_on_23_November_2011_1.PDF,Financial Fraud,SCC 1978 1 579,,,UNRESOLVED
Sanjay_Chandra_vs_Cbi_on_23_November_2011_1.PDF,Financial Fraud,SCC 1978 4 47,,,UNRESOLVED
Sanjay_Chandra_vs_Cbi_on_23_November_2011_1.PDF,Financial Fraud,SCC 2009 2 281,,,UNRESOLVED
Sanjay_Chandra_vs_Cbi_on_23_November_2011_1.PDF,Financial Fraud,SCC 2011 1 694,,,UNRESOLVED
Sanjay_Chandra_vs_Cbi_on_23_November_2011_1.PDF,Financial Fraud,SCC 2005 11 569,,,UNRESOLVED
Sanjay_Chandra_vs_Cbi_on_23_November_2011_1.PDF,Financial Fraud,SCC 2000 9 443,,,UNRESOLVED
Sanjay_Chandra_vs_Cbi_on_23_November_2011_1.PDF,Financial Fraud,SCC 2000 9 383,,,UNRESOLVED
Sanjay_Chandra_vs_Cbi_on_23_November_2011_1.PDF,Financial Fraud,SCC 2001 4 280,,,UNRESOLVED
Sanjay_Chandra_vs_Cbi_on_23_November_2011_1.PDF,Financial Fraud,SCC 2005 8 21,,,UNRESOLVED
Sanjay_Chandra_vs_Cbi_on_23_November_2011_1.PDF,Financial Fraud,SCC 2011 1 784,,,UNRESOLVED
Sushil_Suri_vs_C_B_I_Anr_on_6_May_2011_1.PDF,Financial Fraud,AIR 1960 SC 866,,,UNRESOLVED
Sushil_Suri_vs_C_B_I_Anr_on_6_May_2011_1.PDF,Financial Fraud,SCC 2008 9 677,,,UNRESOLVED
Sushil_Suri_vs_C_B_I_Anr_on_6_May_2011_1.PDF,Financial Fraud,SCC 2009 6 364,,,UNRESOLVED
Sushil_Suri_vs_C_B_I_Anr_on_6_May_2011_1.PDF,Financial Fraud,SCC 2003 4 675,,,UNRESOLVED
Sushil_Suri_vs_C_B_I_Anr_on_6_May_2011_1.PDF,Financial Fraud,SCC 2008 4 582,,,UNRESOLVED
Sushil_Suri_vs_C_B_I_Anr_on_6_May_2011_1.PDF,Financial Fraud,SCC 2009 6 351,,,UNRESOLVED
Sushil_Suri_vs_C_B_I_Anr_on_6_May_2011_1.PDF,Financial Fraud,SCC 2010 9 368,,,UNRESOLVED
Sushil_Suri_vs_C_B_I_Anr_on_6_May_2011_1.PDF,Financial Fraud,SCC 2001 8 570,,,UNRESOLVED
Sushil_Suri_vs_C_B_I_Anr_on_6_May_2011_1.PDF,Financial Fraud,SCC 1992 4 305,,,UNRESOLVED
Sushil_Suri_vs_C_B_I_Anr_on_6_May_2011_1.PDF,Financial Fraud,SCC 2005 4 649,,,UNRESOLVED
Sushil_Suri_vs_C_B_I_Anr_on_6_May_2011_1.PDF,Financial Fraud,SCC 2002 3 496,,,UNRESOLVED
Union_Of_India_vs_Hassan_Ali_Khan_And_Anr_on_30_September_2011_1.PDF,Financial Fraud,SCC 1994 5 410,Sunjay_Datt_vs_State_Ii_on_9_September_1994_1.PDF,Organized Crime / Extortion,CROSS_DOMAIN
Union_Of_India_vs_Hassan_Ali_Khan_And_Anr_on_30_September_2011_1.PDF,Financial Fraud,SCC 2001 5 453,,,UNRESOLVED
Union_Of_India_vs_Hassan_Ali_Khan_And_Anr_on_30_September_2011_1.PDF,Financial Fraud,SCC 2005 8 21,,,UNRESOLVED
Ashok_Sadarangani_Anr_vs_Union_Of_India_Ors_on_14_March_2012_1.PDF,Financial Fraud,SCC 2008 9 677,,,UNRESOLVED
Ashok_Sadarangani_Anr_vs_Union_Of_India_Ors_on_14_March_2012_1.PDF,Financial Fraud,SCC 1996 5 591,,,UNRESOLVED
Ashok_Sadarangani_Anr_vs_Union_Of_India_Ors_on_14_March_2012_1.PDF,Financial Fraud,SCC 2003 4 675,,,UNRESOLVED
Ashok_Sadarangani_Anr_vs_Union_Of_India_Ors_on_14_March_2012_1.PDF,Financial Fraud,SCC 2008 16 1,,,UNRESOLVED
Ashok_Sadarangani_Anr_vs_Union_Of_India_Ors_on_14_March_2012_1.PDF,Financial Fraud,SCC 2011 10 705,,,UNRESOLVED
Ashok_Sadarangani_Anr_vs_Union_Of_India_Ors_on_14_March_2012_1.PDF,Financial Fraud,SCC 2009 6 364,,,UNRESOLVED
Ashok_Sadarangani_Anr_vs_Union_Of_India_Ors_on_14_March_2012_1.PDF,Financial Fraud,SCC 2011 5 708,,,UNRESOLVED
Ashok_Sadarangani_Anr_vs_Union_Of_India_Ors_on_14_March_2012_1.PDF,Financial Fraud,SCC 2009 6 351,,,UNRESOLVED
Ashrafkhan_Babu_Munnekhan_Pathan_Anr_vs_State_Of_Gujarat_on_26_September_2012_1.PDF,Financial Fraud,SCC 1997 8 459,,,UNRESOLVED
Ashrafkhan_Babu_Munnekhan_Pathan_Anr_vs_State_Of_Gujarat_on_26_September_2012_1.PDF,Financial Fraud,SCC 1995 5 302,,,UNRESOLVED
Ashrafkhan_Babu_Munnekhan_Pathan_Anr_vs_State_Of_Gujarat_on_26_September_2012_1.PDF,Financial Fraud,SCC 2005 5 258,,,UNRESOLVED
Ashrafkhan_Babu_Munnekhan_Pathan_Anr_vs_State_Of_Gujarat_on_26_September_2012_1.PDF,Financial Fraud,SCC 1997 8 732,,,UNRESOLVED
Ashrafkhan_Babu_Munnekhan_Pathan_Anr_vs_State_Of_Gujarat_on_26_September_2012_1.PDF,Financial Fraud,SCC 2001 10 597,,,UNRESOLVED
Ashrafkhan_Babu_Munnekhan_Pathan_Anr_vs_State_Of_Gujarat_on_26_September_2012_1.PDF,Financial Fraud,SCC 1998 5 529,,,UNRESOLVED
Ashrafkhan_Babu_Munnekhan_Pathan_Anr_vs_State_Of_Gujarat_on_26_September_2012_1.PDF,Financial Fraud,SCC 1996 11 61,,,UNRESOLVED
Ashrafkhan_Babu_Munnekhan_Pathan_Anr_vs_State_Of_Gujarat_on_26_September_2012_1.PDF,Financial Fraud,SCC 2005 2 409,,,UNRESOLVED
Bhushan_Kumar_Anr_vs_State_Nct_Of_Delhi_Anr_on_4_April_2012_1.PDF,Financial Fraud,SCC 2008 2 492,,,UNRESOLVED
Bhushan_Kumar_Anr_vs_State_Nct_Of_Delhi_Anr_on_4_April_2012_1.PDF,Financial Fraud,SCC 2000 1 722,,,UNRESOLVED
Bhushan_Kumar_Anr_vs_State_Nct_Of_Delhi_Anr_on_4_April_2012_1.PDF,Financial Fraud,SCC 1976 3 736,,,UNRESOLVED
Bhushan_Kumar_Anr_vs_State_Nct_Of_Delhi_Anr_on_4_April_2012_1.PDF,Financial Fraud,SCC 2003 4 139,,,UNRESOLVED
Bhushan_Kumar_Anr_vs_State_Nct_Of_Delhi_Anr_on_4_April_2012_1.PDF,Financial Fraud,SCC 2000 3 745,,,UNRESOLVED
Bhushan_Kumar_Anr_vs_State_Nct_Of_Delhi_Anr_on_4_April_2012_1.PDF,Financial Fraud,SCC 2000 1 722,,,UNRESOLVED
Bhushan_Kumar_Anr_vs_State_Nct_Of_Delhi_Anr_on_4_April_2012_1.PDF,Financial Fraud,SCC 2009 2 147,,,UNRESOLVED
Bhushan_Kumar_Anr_vs_State_Nct_Of_Delhi_Anr_on_4_April_2012_1.PDF,Financial Fraud,SCC 1998 5 749,,,UNRESOLVED
Bhushan_Kumar_Anr_vs_State_Nct_Of_Delhi_Anr_on_4_April_2012_1.PDF,Financial Fraud,SCC 2009 2 370,,,UNRESOLVED
Bhushan_Kumar_Anr_vs_State_Nct_Of_Delhi_Anr_on_4_April_2012_1.PDF,Financial Fraud,SCC 2010 8 524,,,UNRESOLVED
Cbi_Hyderabad_vs_K_Narayana_Rao_on_21_September_2012_1.PDF,Financial Fraud,SCC 1977 4 39,,,UNRESOLVED
Cbi_Hyderabad_vs_K_Narayana_Rao_on_21_September_2012_1.PDF,Financial Fraud,SCC 2010 2 398,,,UNRESOLVED
Cbi_Hyderabad_vs_K_Narayana_Rao_on_21_September_2012_1.PDF,Financial Fraud,SCC 2010 9 368,,,UNRESOLVED
Cbi_Hyderabad_vs_K_Narayana_Rao_on_21_September_2012_1.PDF,Financial Fraud,SCC 1995 6 194,Mrs_Rupan_Deol_Bajaj_Anr_vs_Kanwar_Pal_Singh_Gill_Anr_on_12_October_1995_1.PDF,Organized Crime / Extortion,CROSS_DOMAIN
Cbi_Hyderabad_vs_K_Narayana_Rao_on_21_September_2012_1.PDF,Financial Fraud,SCC 2000 8 115,,,UNRESOLVED
Cbi_Hyderabad_vs_K_Narayana_Rao_on_21_September_2012_1.PDF,Financial Fraud,SCC 1988 4 655,,,UNRESOLVED
Cbi_Hyderabad_vs_K_Narayana_Rao_on_21_September_2012_1.PDF,Financial Fraud,SCC 1980 2 465,Shivnarayan_Laxminarayan_Joshi_And_vs_State_Of_Maharashtra_on_10_October_1979_1.PDF,Financial Fraud,INTERNAL
Cbi_Hyderabad_vs_K_Narayana_Rao_on_21_September_2012_1.PDF,Financial Fraud,SCC 2005 6 1,,,UNRESOLVED
Cbi_Hyderabad_vs_K_Narayana_Rao_on_21_September_2012_1.PDF,Financial Fraud,SCC 1984 2 556,Pandurang_Dattatraya_Khandekar_vs_Bar_Council_Of_Maharashtra_Bombay_And_on_20_October_1983_1.PDF,,OUTSIDE_DOMAINS
Geeta_Mehrotra_Anr_vs_State_Of_U_P_Anr_on_17_October_2012_1.PDF,Financial Fraud,AIR 2003 SC 1386,,,UNRESOLVED
Geeta_Mehrotra_Anr_vs_State_Of_U_P_Anr_on_17_October_2012_1.PDF,Financial Fraud,SCC 2000 3 693,,,UNRESOLVED
Jayrajsingh_Digvijaysingh_Rana_vs_State_Of_Gujarat_Anr_on_20_July_2012_1.PDF,Financial Fraud,SCC 2011 10 705,,,UNRESOLVED
Lee_Kun_Hee_Ors_vs_State_Of_U_P_Ors_on_1_February_2012_1.PDF,Financial Fraud,SCC 2011 1 74,,,UNRESOLVED
Lee_Kun_Hee_Ors_vs_State_Of_U_P_Ors_on_1_February_2012_1.PDF,Financial Fraud,SCC 1976 3 736,,,UNRESOLVED
Lee_Kun_Hee_Ors_vs_State_Of_U_P_Ors_on_1_February_2012_1.PDF,Financial Fraud,SCC 1983 1 1,,,UNRESOLVED
Lee_Kun_Hee_Ors_vs_State_Of_U_P_Ors_on_1_February_2012_1.PDF,Financial Fraud,SCC 2009 9 682,,,UNRESOLVED
Lee_Kun_Hee_Ors_vs_State_Of_U_P_Ors_on_1_February_2012_1.PDF,Financial Fraud,SCR 1958 328,Mobarik_Ali_Ahmed_vs_The_State_Of_Bombay_on_6_September_1957_1.PDF,Financial Fraud; Organized Crime / Extortion,INTERNAL
Om_Kr_Dhankar_vs_State_Of_Haryana_Anr_on_28_February_2012_1.PDF,Financial Fraud,SCC 1999 3 134,,,UNRESOLVED
Om_Kr_Dhankar_vs_State_Of_Haryana_Anr_on_28_February_2012_1.PDF,Financial Fraud,SCC 1977 4 551,,,UNRESOLVED
Om_Kr_Dhankar_vs_State_Of_Haryana_Anr_on_28_February_2012_1.PDF,Financial Fraud,SCC 1977 4 137,,,UNRESOLVED
Om_Kr_Dhankar_vs_State_Of_Haryana_Anr_on_28_February_2012_1.PDF,Financial Fraud,SCC 1992 1 217,,,UNRESOLVED
Om_Kr_Dhankar_vs_State_Of_Haryana_Anr_on_28_February_2012_1.PDF,Financial Fraud,SCC 2006 1 557,,,UNRESOLVED
Om_Kr_Dhankar_vs_State_Of_Haryana_Anr_on_28_February_2012_1.PDF,Financial Fraud,SCC 2007 1 1,,,UNRESOLVED
Rajesh_Talwar_vs_C_B_I_Ors_on_2_March_2012_1.PDF,Financial Fraud,SCC 1979 4 167,,,UNRESOLVED
Rajesh_Talwar_vs_C_B_I_Ors_on_2_March_2012_1.PDF,Financial Fraud,SCC 2004 4 158,,,UNRESOLVED
Rajesh_Talwar_vs_C_B_I_Ors_on_2_March_2012_1.PDF,Financial Fraud,SCC 2010 5 115,,,UNRESOLVED
Rajesh_Talwar_vs_C_B_I_Ors_on_2_March_2012_1.PDF,Financial Fraud,SCC 2006 9 786,,,UNRESOLVED
Rajesh_Talwar_vs_C_B_I_Ors_on_2_March_2012_1.PDF,Financial Fraud,SCC 2005 8 771,,,UNRESOLVED
Rajesh_Talwar_vs_C_B_I_Ors_on_2_March_2012_1.PDF,Financial Fraud,SCC 2010 5 115,,,UNRESOLVED
Rajesh_Talwar_vs_C_B_I_Ors_on_2_March_2012_1.PDF,Financial Fraud,SCC 2010 9 475,,,UNRESOLVED
Rajesh_Talwar_vs_C_B_I_Ors_on_2_March_2012_1.PDF,Financial Fraud,SCC 2011 1 307,,,UNRESOLVED
Rajesh_Talwar_vs_C_B_I_Ors_on_2_March_2012_1.PDF,Financial Fraud,SCC 2011 2 178,,,UNRESOLVED
Rajesh_Talwar_vs_C_B_I_Ors_on_2_March_2012_1.PDF,Financial Fraud,SCC 2011 7 762,,,UNRESOLVED
Rajesh_Talwar_vs_C_B_I_Ors_on_2_March_2012_1.PDF,Financial Fraud,SCC 2010 7 799,,,UNRESOLVED
Rajesh_Talwar_vs_C_B_I_Ors_on_2_March_2012_1.PDF,Financial Fraud,SCC 2010 8 803,,,UNRESOLVED
Rameshbhai_Dabhai_Naika_vs_State_Of_Gujarat_Ors_on_18_January_2012_1.PDF,Financial Fraud,AIR 1961 SC 1316,,,UNRESOLVED
Rameshbhai_Dabhai_Naika_vs_State_Of_Gujarat_Ors_on_18_January_2012_1.PDF,Financial Fraud,AIR 1917 PC 6,,,UNRESOLVED
Rameshbhai_Dabhai_Naika_vs_State_Of_Gujarat_Ors_on_18_January_2012_1.PDF,Financial Fraud,AIR 1959 SC 914,,,UNRESOLVED
Rameshbhai_Dabhai_Naika_vs_State_Of_Gujarat_Ors_on_18_January_2012_1.PDF,Financial Fraud,AIR 1959 SC 249,,,UNRESOLVED
Rameshbhai_Dabhai_Naika_vs_State_Of_Gujarat_Ors_on_18_January_2012_1.PDF,Financial Fraud,SCC 1996 3 545,,,UNRESOLVED
Rameshbhai_Dabhai_Naika_vs_State_Of_Gujarat_Ors_on_18_January_2012_1.PDF,Financial Fraud,SCC 2003 8 204,,,UNRESOLVED
Rameshbhai_Dabhai_Naika_vs_State_Of_Gujarat_Ors_on_18_January_2012_1.PDF,Financial Fraud,SCC 2006 3 257,,,UNRESOLVED
Rameshbhai_Dabhai_Naika_vs_State_Of_Gujarat_Ors_on_18_January_2012_1.PDF,Financial Fraud,SCC 1995 6 309,R_Chandevarappa_Etc_Etc_vs_State_Of_Karnataka_Ors_Etc_Etc_on_8_September_1995_1.PDF,,OUTSIDE_DOMAINS
Rameshbhai_Dabhai_Naika_vs_State_Of_Gujarat_Ors_on_18_January_2012_1.PDF,Financial Fraud,SCC 2005 2 244,,,UNRESOLVED
Rameshbhai_Dabhai_Naika_vs_State_Of_Gujarat_Ors_on_18_January_2012_1.PDF,Financial Fraud,SCC 2003 8 204,,,UNRESOLVED
Rameshbhai_Dabhai_Naika_vs_State_Of_Gujarat_Ors_on_18_January_2012_1.PDF,Financial Fraud,SCC 1977 3 540,,,UNRESOLVED
Rameshbhai_Dabhai_Naika_vs_State_Of_Gujarat_Ors_on_18_January_2012_1.PDF,Financial Fraud,SCC 2006 3 257,,,UNRESOLVED
Rameshbhai_Dabhai_Naika_vs_State_Of_Gujarat_Ors_on_18_January_2012_1.PDF,Financial Fraud,SCC 2009 5 117,,,UNRESOLVED
Rameshbhai_Dabhai_Naika_vs_State_Of_Gujarat_Ors_on_18_January_2012_1.PDF,Financial Fraud,SCR 1960 1 426,,,UNRESOLVED
Rattiram_Ors_vs_State_Of_M_P_Tr_Insp_Of_Police_on_17_February_2012_1.PDF,Financial Fraud,AIR 2004 SC 1890,,,UNRESOLVED
Rattiram_Ors_vs_State_Of_M_P_Tr_Insp_Of_Police_on_17_February_2012_1.PDF,Financial Fraud,AIR 2001 SC 3372,,,UNRESOLVED
Rattiram_Ors_vs_State_Of_M_P_Tr_Insp_Of_Police_on_17_February_2012_1.PDF,Financial Fraud,AIR 2000 SC 740,,,UNRESOLVED
Rattiram_Ors_vs_State_Of_M_P_Tr_Insp_Of_Police_on_17_February_2012_1.PDF,Financial Fraud,AIR 1995 SC 1480,,,UNRESOLVED
Rattiram_Ors_vs_State_Of_M_P_Tr_Insp_Of_Police_on_17_February_2012_1.PDF,Financial Fraud,AIR 1977 SC 308,,,UNRESOLVED
Rattiram_Ors_vs_State_Of_M_P_Tr_Insp_Of_Police_on_17_February_2012_1.PDF,Financial Fraud,AIR 1977 SC 308,,,UNRESOLVED
Rattiram_Ors_vs_State_Of_M_P_Tr_Insp_Of_Police_on_17_February_2012_1.PDF,Financial Fraud,AIR 1980 SC 541,,,UNRESOLVED
Rattiram_Ors_vs_State_Of_M_P_Tr_Insp_Of_Police_on_17_February_2012_1.PDF,Financial Fraud,AIR 1985 SC 339,,,UNRESOLVED
Rattiram_Ors_vs_State_Of_M_P_Tr_Insp_Of_Police_on_17_February_2012_1.PDF,Financial Fraud,AIR 2011 SC 312,,,UNRESOLVED
Rattiram_Ors_vs_State_Of_M_P_Tr_Insp_Of_Police_on_17_February_2012_1.PDF,Financial Fraud,AIR 1957 SC 623,Gurbachan_Singh_vs_State_Of_Punjab_on_24_April_1957_1.PDF,Violent Crime / Homicide,CROSS_DOMAIN
Rattiram_Ors_vs_State_Of_M_P_Tr_Insp_Of_Police_on_17_February_2012_1.PDF,Financial Fraud,AIR 1956 SC 116,,,UNRESOLVED
Rattiram_Ors_vs_State_Of_M_P_Tr_Insp_Of_Police_on_17_February_2012_1.PDF,Financial Fraud,AIR 2004 SC 5117,,,UNRESOLVED
Rattiram_Ors_vs_State_Of_M_P_Tr_Insp_Of_Police_on_17_February_2012_1.PDF,Financial Fraud,AIR 1971 SC 508,,,UNRESOLVED
Rattiram_Ors_vs_State_Of_M_P_Tr_Insp_Of_Police_on_17_February_2012_1.PDF,Financial Fraud,AIR 2007 SC 56,,,UNRESOLVED
Rattiram_Ors_vs_State_Of_M_P_Tr_Insp_Of_Police_on_17_February_2012_1.PDF,Financial Fraud,AIR 1998 SC 3281,,,UNRESOLVED
Rattiram_Ors_vs_State_Of_M_P_Tr_Insp_Of_Police_on_17_February_2012_1.PDF,Financial Fraud,AIR 2009 SC 1535,,,UNRESOLVED
Rattiram_Ors_vs_State_Of_M_P_Tr_Insp_Of_Police_on_17_February_2012_1.PDF,Financial Fraud,AIR 2005 SC 2119,,,UNRESOLVED
Rattiram_Ors_vs_State_Of_M_P_Tr_Insp_Of_Police_on_17_February_2012_1.PDF,Financial Fraud,SCC 2004 1 215,,,UNRESOLVED
Rattiram_Ors_vs_State_Of_M_P_Tr_Insp_Of_Police_on_17_February_2012_1.PDF,Financial Fraud,SCC 1984 2 500,,,UNRESOLVED
Rattiram_Ors_vs_State_Of_M_P_Tr_Insp_Of_Police_on_17_February_2012_1.PDF,Financial Fraud,SCC 1994 3 440,,,UNRESOLVED
Rattiram_Ors_vs_State_Of_M_P_Tr_Insp_Of_Police_on_17_February_2012_1.PDF,Financial Fraud,SCC 2000 2 504,,,UNRESOLVED
Rattiram_Ors_vs_State_Of_M_P_Tr_Insp_Of_Police_on_17_February_2012_1.PDF,Financial Fraud,SCC 2004 4 231,,,UNRESOLVED
Rattiram_Ors_vs_State_Of_M_P_Tr_Insp_Of_Police_on_17_February_2012_1.PDF,Financial Fraud,SCC 1989 2 754,,,UNRESOLVED
Rattiram_Ors_vs_State_Of_M_P_Tr_Insp_Of_Police_on_17_February_2012_1.PDF,Financial Fraud,SCC 1990 3 682,Punjab_Land_Development_vs_Presiding_Officer_Labour_on_4_May_1990_1.PDF,,OUTSIDE_DOMAINS
Rattiram_Ors_vs_State_Of_M_P_Tr_Insp_Of_Police_on_17_February_2012_1.PDF,Financial Fraud,SCC 1991 4 139,State_Of_U_P_And_Anr_vs_M_S_Synthetics_And_Chemicals_Ltd_And_on_18_July_1991_1.PDF,,OUTSIDE_DOMAINS
Rattiram_Ors_vs_State_Of_M_P_Tr_Insp_Of_Police_on_17_February_2012_1.PDF,Financial Fraud,SCC 2011 1 694,,,UNRESOLVED
Rattiram_Ors_vs_State_Of_M_P_Tr_Insp_Of_Police_on_17_February_2012_1.PDF,Financial Fraud,SCC 2007 2 258,,,UNRESOLVED
Rattiram_Ors_vs_State_Of_M_P_Tr_Insp_Of_Police_on_17_February_2012_1.PDF,Financial Fraud,SCC 2010 6 1,,,UNRESOLVED
Rattiram_Ors_vs_State_Of_M_P_Tr_Insp_Of_Police_on_17_February_2012_1.PDF,Financial Fraud,SCC 2001 2 577,,,UNRESOLVED
Rattiram_Ors_vs_State_Of_M_P_Tr_Insp_Of_Police_on_17_February_2012_1.PDF,Financial Fraud,SCC 1999 8 501,,,UNRESOLVED
Rattiram_Ors_vs_State_Of_M_P_Tr_Insp_Of_Police_on_17_February_2012_1.PDF,Financial Fraud,SCC 1980 1 81,,,UNRESOLVED
Sangeetaben_Mahendrabhai_Patel_vs_State_Of_Gujarat_Anr_on_23_April_2012_1.PDF,Financial Fraud,AIR 1953 SC 325,,,UNRESOLVED
Sangeetaben_Mahendrabhai_Patel_vs_State_Of_Gujarat_Anr_on_23_April_2012_1.PDF,Financial Fraud,AIR 1954 SC 375,,,UNRESOLVED
Sangeetaben_Mahendrabhai_Patel_vs_State_Of_Gujarat_Anr_on_23_April_2012_1.PDF,Financial Fraud,AIR 1957 SC 458,,,UNRESOLVED
Sangeetaben_Mahendrabhai_Patel_vs_State_Of_Gujarat_Anr_on_23_April_2012_1.PDF,Financial Fraud,AIR 1957 SC 592,,,UNRESOLVED
Sangeetaben_Mahendrabhai_Patel_vs_State_Of_Gujarat_Anr_on_23_April_2012_1.PDF,Financial Fraud,AIR 1958 SC 119,,,UNRESOLVED
Sangeetaben_Mahendrabhai_Patel_vs_State_Of_Gujarat_Anr_on_23_April_2012_1.PDF,Financial Fraud,AIR 1961 SC 578,,,UNRESOLVED
Sangeetaben_Mahendrabhai_Patel_vs_State_Of_Gujarat_Anr_on_23_April_2012_1.PDF,Financial Fraud,AIR 1965 SC 1413,,,UNRESOLVED
Sangeetaben_Mahendrabhai_Patel_vs_State_Of_Gujarat_Anr_on_23_April_2012_1.PDF,Financial Fraud,AIR 1965 SC 83,,,UNRESOLVED
Sangeetaben_Mahendrabhai_Patel_vs_State_Of_Gujarat_Anr_on_23_April_2012_1.PDF,Financial Fraud,AIR 1965 SC 682,,,UNRESOLVED
Sangeetaben_Mahendrabhai_Patel_vs_State_Of_Gujarat_Anr_on_23_April_2012_1.PDF,Financial Fraud,AIR 1957 SC 747,,,UNRESOLVED
Sangeetaben_Mahendrabhai_Patel_vs_State_Of_Gujarat_Anr_on_23_April_2012_1.PDF,Financial Fraud,AIR 1970 SC 771,,,UNRESOLVED
Sangeetaben_Mahendrabhai_Patel_vs_State_Of_Gujarat_Anr_on_23_April_2012_1.PDF,Financial Fraud,AIR 1970 SC 962,,,UNRESOLVED
Sangeetaben_Mahendrabhai_Patel_vs_State_Of_Gujarat_Anr_on_23_April_2012_1.PDF,Financial Fraud,AIR 1956 SC 415,Pritam_Singh_And_Anr_vs_The_State_Of_Punjab_on_4_November_1955_1.PDF,,OUTSIDE_DOMAINS
Sangeetaben_Mahendrabhai_Patel_vs_State_Of_Gujarat_Anr_on_23_April_2012_1.PDF,Financial Fraud,AIR 1965 SC 87,,,UNRESOLVED
Sangeetaben_Mahendrabhai_Patel_vs_State_Of_Gujarat_Anr_on_23_April_2012_1.PDF,Financial Fraud,AIR 1970 SC 87,,,UNRESOLVED
Sangeetaben_Mahendrabhai_Patel_vs_State_Of_Gujarat_Anr_on_23_April_2012_1.PDF,Financial Fraud,AIR 2005 SC 626,,,UNRESOLVED
Sangeetaben_Mahendrabhai_Patel_vs_State_Of_Gujarat_Anr_on_23_April_2012_1.PDF,Financial Fraud,AIR 1988 SC 1106,,,UNRESOLVED
Sangeetaben_Mahendrabhai_Patel_vs_State_Of_Gujarat_Anr_on_23_April_2012_1.PDF,Financial Fraud,AIR 1993 SC 1188,,,UNRESOLVED
Sangeetaben_Mahendrabhai_Patel_vs_State_Of_Gujarat_Anr_on_23_April_2012_1.PDF,Financial Fraud,AIR 1989 SC 1,,,UNRESOLVED
Sangeetaben_Mahendrabhai_Patel_vs_State_Of_Gujarat_Anr_on_23_April_2012_1.PDF,Financial Fraud,AIR 1991 SC 2010,,,UNRESOLVED
Sangeetaben_Mahendrabhai_Patel_vs_State_Of_Gujarat_Anr_on_23_April_2012_1.PDF,Financial Fraud,AIR 1997 SC 1441,,,UNRESOLVED
Sangeetaben_Mahendrabhai_Patel_vs_State_Of_Gujarat_Anr_on_23_April_2012_1.PDF,Financial Fraud,AIR 2001 SC 1092,,,UNRESOLVED
Sangeetaben_Mahendrabhai_Patel_vs_State_Of_Gujarat_Anr_on_23_April_2012_1.PDF,Financial Fraud,AIR 1983 SC 658,,,UNRESOLVED
Sangeetaben_Mahendrabhai_Patel_vs_State_Of_Gujarat_Anr_on_23_April_2012_1.PDF,Financial Fraud,AIR 2003 SC 791,,,UNRESOLVED
Sangeetaben_Mahendrabhai_Patel_vs_State_Of_Gujarat_Anr_on_23_April_2012_1.PDF,Financial Fraud,AIR 2003 SC 1253,,,UNRESOLVED
Sangeetaben_Mahendrabhai_Patel_vs_State_Of_Gujarat_Anr_on_23_April_2012_1.PDF,Financial Fraud,AIR 2003 SC 2545,,,UNRESOLVED
Sangeetaben_Mahendrabhai_Patel_vs_State_Of_Gujarat_Anr_on_23_April_2012_1.PDF,Financial Fraud,SCC 1995 3 273,,,UNRESOLVED
Sangeetaben_Mahendrabhai_Patel_vs_State_Of_Gujarat_Anr_on_23_April_2012_1.PDF,Financial Fraud,SCC 2001 9 212,,,UNRESOLVED
Sangeetaben_Mahendrabhai_Patel_vs_State_Of_Gujarat_Anr_on_23_April_2012_1.PDF,Financial Fraud,SCC 2002 1 405,,,UNRESOLVED
Sangeetaben_Mahendrabhai_Patel_vs_State_Of_Gujarat_Anr_on_23_April_2012_1.PDF,Financial Fraud,SCC 2011 3 581,,,UNRESOLVED
Sangeetaben_Mahendrabhai_Patel_vs_State_Of_Gujarat_Anr_on_23_April_2012_1.PDF,Financial Fraud,SCC 2000 2 636,,,UNRESOLVED
Sangeetaben_Mahendrabhai_Patel_vs_State_Of_Gujarat_Anr_on_23_April_2012_1.PDF,Financial Fraud,SCC 2011 2 703,,,UNRESOLVED
Satish_Mehra_vs_State_Of_N_C_T_Of_Delhi_And_Anr_on_22_November_2012_1.PDF,Financial Fraud,AIR 1960 SC 866,,,UNRESOLVED
Satish_Mehra_vs_State_Of_N_C_T_Of_Delhi_And_Anr_on_22_November_2012_1.PDF,Financial Fraud,AIR 1977 SC 1489,,,UNRESOLVED
Satish_Mehra_vs_State_Of_N_C_T_Of_Delhi_And_Anr_on_22_November_2012_1.PDF,Financial Fraud,AIR 1972 SC 545,Century_Spinning_And_Manufacturing_Co_vs_State_Of_Maharashtra_on_13_October_1971_1.PDF,Organized Crime / Extortion,CROSS_DOMAIN
Satish_Mehra_vs_State_Of_N_C_T_Of_Delhi_And_Anr_on_22_November_2012_1.PDF,Financial Fraud,SCC 2011 12 437,,,UNRESOLVED
Arun_Bhandari_vs_State_Of_U_P_Ors_on_10_January_2013_1.PDF,Financial Fraud,AIR 2000 SC 2341,,,UNRESOLVED
Arun_Bhandari_vs_State_Of_U_P_Ors_on_10_January_2013_1.PDF,Financial Fraud,AIR 1996 SC 309,,,UNRESOLVED
Arun_Bhandari_vs_State_Of_U_P_Ors_on_10_January_2013_1.PDF,Financial Fraud,AIR 1999 SC 1044,,,UNRESOLVED
Arun_Bhandari_vs_State_Of_U_P_Ors_on_10_January_2013_1.PDF,Financial Fraud,AIR 1973 SC 326,State_Of_Kerala_vs_A_Pareed_Pillai_And_Anr_on_28_April_1972_1.PDF,Financial Fraud; Violent Crime / Homicide,INTERNAL
Arun_Bhandari_vs_State_Of_U_P_Ors_on_10_January_2013_1.PDF,Financial Fraud,AIR 1956 SC 575,,,UNRESOLVED
Arun_Bhandari_vs_State_Of_U_P_Ors_on_10_January_2013_1.PDF,Financial Fraud,AIR 1954 SC 724,Mahadeo_Prasad_vs_State_Of_West_Bengal_on_13_January_1954_1.PDF,Financial Fraud,INTERNAL
Arun_Bhandari_vs_State_Of_U_P_Ors_on_10_January_2013_1.PDF,Financial Fraud,AIR 2001 SC 2960,,,UNRESOLVED
Arun_Bhandari_vs_State_Of_U_P_Ors_on_10_January_2013_1.PDF,Financial Fraud,AIR 2008 SC 247,,,UNRESOLVED
Arun_Bhandari_vs_State_Of_U_P_Ors_on_10_January_2013_1.PDF,Financial Fraud,AIR 1999 SC 1216,,,UNRESOLVED
Arun_Bhandari_vs_State_Of_U_P_Ors_on_10_January_2013_1.PDF,Financial Fraud,AIR 1964 SC 1,,,UNRESOLVED
Arun_Bhandari_vs_State_Of_U_P_Ors_on_10_January_2013_1.PDF,Financial Fraud,SCC 2007 13 107,,,UNRESOLVED
Arun_Bhandari_vs_State_Of_U_P_Ors_on_10_January_2013_1.PDF,Financial Fraud,SCC 1999 3 259,,,UNRESOLVED
Arun_Bhandari_vs_State_Of_U_P_Ors_on_10_January_2013_1.PDF,Financial Fraud,SCC 2000 3 693,,,UNRESOLVED
Arun_Bhandari_vs_State_Of_U_P_Ors_on_10_January_2013_1.PDF,Financial Fraud,SCC 2009 8 751,,,UNRESOLVED
Arun_Bhandari_vs_State_Of_U_P_Ors_on_10_January_2013_1.PDF,Financial Fraud,SCC 2000 2 636,,,UNRESOLVED
Arun_Bhandari_vs_State_Of_U_P_Ors_on_10_January_2013_1.PDF,Financial Fraud,SCC 2006 6 736,,,UNRESOLVED
Arun_Bhandari_vs_State_Of_U_P_Ors_on_10_January_2013_1.PDF,Financial Fraud,SCC 2006 7 188,,,UNRESOLVED
Arun_Bhandari_vs_State_Of_U_P_Ors_on_10_January_2013_1.PDF,Financial Fraud,SCC 1992 4 305,,,UNRESOLVED
Arun_Bhandari_vs_State_Of_U_P_Ors_on_10_January_2013_1.PDF,Financial Fraud,SCC 2009 1 516,,,UNRESOLVED
Arun_Bhandari_vs_State_Of_U_P_Ors_on_10_January_2013_1.PDF,Financial Fraud,SCC 2008 1 474,,,UNRESOLVED
Arun_Bhandari_vs_State_Of_U_P_Ors_on_10_January_2013_1.PDF,Financial Fraud,SCC 2005 13 540,,,UNRESOLVED
Arun_Bhandari_vs_State_Of_U_P_Ors_on_10_January_2013_1.PDF,Financial Fraud,SCC 2012 10 303,,,UNRESOLVED
Ashok_Kumar_Aggarwal_vs_Union_Of_India_And_Ors_on_22_November_2013_1.PDF,Financial Fraud,AIR 1979 SC 290,,,UNRESOLVED
Ashok_Kumar_Aggarwal_vs_Union_Of_India_And_Ors_on_22_November_2013_1.PDF,Financial Fraud,AIR 1992 SC 1831,,,UNRESOLVED
Ashok_Kumar_Aggarwal_vs_Union_Of_India_And_Ors_on_22_November_2013_1.PDF,Financial Fraud,AIR 1971 SC 1367,,,UNRESOLVED
Ashok_Kumar_Aggarwal_vs_Union_Of_India_And_Ors_on_22_November_2013_1.PDF,Financial Fraud,AIR 2005 SC 2119,,,UNRESOLVED
Ashok_Kumar_Aggarwal_vs_Union_Of_India_And_Ors_on_22_November_2013_1.PDF,Financial Fraud,SCC 1995 1 421,Chandra_Shashi_vs_Anil_Kumar_Verma_on_14_November_1994_1.PDF,,OUTSIDE_DOMAINS
Ashok_Kumar_Aggarwal_vs_Union_Of_India_And_Ors_on_22_November_2013_1.PDF,Financial Fraud,SCC 2011 5 689,,,UNRESOLVED
Bank_Of_Maharashtra_vs_Pandurang_Keshav_Gorwardkar_Ors_on_7_May_2013_1.PDF,Financial Fraud,AIR 1993 BOM 392,,,UNRESOLVED
Bank_Of_Maharashtra_vs_Pandurang_Keshav_Gorwardkar_Ors_on_7_May_2013_1.PDF,Financial Fraud,SCC 2000 4 406,,,UNRESOLVED
Bank_Of_Maharashtra_vs_Pandurang_Keshav_Gorwardkar_Ors_on_7_May_2013_1.PDF,Financial Fraud,SCC 2013 1 462,,,UNRESOLVED
Bank_Of_Maharashtra_vs_Pandurang_Keshav_Gorwardkar_Ors_on_7_May_2013_1.PDF,Financial Fraud,SCC 2005 5 75,,,UNRESOLVED
Bank_Of_Maharashtra_vs_Pandurang_Keshav_Gorwardkar_Ors_on_7_May_2013_1.PDF,Financial Fraud,SCC 2006 11 771,,,UNRESOLVED
Bank_Of_Maharashtra_vs_Pandurang_Keshav_Gorwardkar_Ors_on_7_May_2013_1.PDF,Financial Fraud,SCC 2005 8 190,,,UNRESOLVED
Bank_Of_Maharashtra_vs_Pandurang_Keshav_Gorwardkar_Ors_on_7_May_2013_1.PDF,Financial Fraud,SCC 2003 10 482,,,UNRESOLVED
Bank_Of_Maharashtra_vs_Pandurang_Keshav_Gorwardkar_Ors_on_7_May_2013_1.PDF,Financial Fraud,SCC 2009 8 646,,,UNRESOLVED
Bank_Of_Maharashtra_vs_Pandurang_Keshav_Gorwardkar_Ors_on_7_May_2013_1.PDF,Financial Fraud,SCC 2000 7 291,,,UNRESOLVED
Bank_Of_Maharashtra_vs_Pandurang_Keshav_Gorwardkar_Ors_on_7_May_2013_1.PDF,Financial Fraud,SCC 2009 4 94,,,UNRESOLVED
Chandran_Ratnaswami_vs_K_C_Palanisamy_Ors_on_9_May_2013_1.PDF,Financial Fraud,AIR 1980 SC 326,,,UNRESOLVED
Chandran_Ratnaswami_vs_K_C_Palanisamy_Ors_on_9_May_2013_1.PDF,Financial Fraud,AIR 1970 SC 786,,,UNRESOLVED
Chandran_Ratnaswami_vs_K_C_Palanisamy_Ors_on_9_May_2013_1.PDF,Financial Fraud,AIR 1982 SC 949,,,UNRESOLVED
Chandran_Ratnaswami_vs_K_C_Palanisamy_Ors_on_9_May_2013_1.PDF,Financial Fraud,SCC 1977 2 699,,,UNRESOLVED
Chandran_Ratnaswami_vs_K_C_Palanisamy_Ors_on_9_May_2013_1.PDF,Financial Fraud,SCC 2005 1 122,,,UNRESOLVED
Chandran_Ratnaswami_vs_K_C_Palanisamy_Ors_on_9_May_2013_1.PDF,Financial Fraud,SCC 2006 6 736,,,UNRESOLVED
Chandran_Ratnaswami_vs_K_C_Palanisamy_Ors_on_9_May_2013_1.PDF,Financial Fraud,SCC 2007 12 1,,,UNRESOLVED
Chandran_Ratnaswami_vs_K_C_Palanisamy_Ors_on_9_May_2013_1.PDF,Financial Fraud,SCC 2000 2 636,,,UNRESOLVED
Chandran_Ratnaswami_vs_K_C_Palanisamy_Ors_on_9_May_2013_1.PDF,Financial Fraud,SCC 2005 10 336,,,UNRESOLVED
C_B_I_vs_Jagjit_Singh_on_1_October_2013_1.PDF,Financial Fraud,SCC 2010 15 118,,,UNRESOLVED
C_B_I_vs_Jagjit_Singh_on_1_October_2013_1.PDF,Financial Fraud,SCC 2003 4 675,,,UNRESOLVED
C_B_I_vs_Jagjit_Singh_on_1_October_2013_1.PDF,Financial Fraud,SCC 2008 16 1,,,UNRESOLVED
C_P_Subhash_vs_Insp_Of_Police_Chennai_Ors_on_23_January_2013_1.PDF,Financial Fraud,SCC 2006 6 728,,,UNRESOLVED
C_P_Subhash_vs_Insp_Of_Police_Chennai_Ors_on_23_January_2013_1.PDF,Financial Fraud,SCC 2005 4 370,,,UNRESOLVED
C_P_Subhash_vs_Insp_Of_Police_Chennai_Ors_on_23_January_2013_1.PDF,Financial Fraud,SCC 1999 3 259,,,UNRESOLVED
C_P_Subhash_vs_Insp_Of_Police_Chennai_Ors_on_23_January_2013_1.PDF,Financial Fraud,SCC 2004 1 691,,,UNRESOLVED
C_P_Subhash_vs_Insp_Of_Police_Chennai_Ors_on_23_January_2013_1.PDF,Financial Fraud,SCC 2009 3 78,,,UNRESOLVED
C_P_Subhash_vs_Insp_Of_Police_Chennai_Ors_on_23_January_2013_1.PDF,Financial Fraud,SCC 2011 3 351,,,UNRESOLVED
C_P_Subhash_vs_Insp_Of_Police_Chennai_Ors_on_23_January_2013_1.PDF,Financial Fraud,SCC 1998 2 493,,,UNRESOLVED
Deepak_Gulati_vs_State_Of_Haryana_on_20_May_2013_1.PDF,Financial Fraud,AIR 2003 SC 1639,,,UNRESOLVED
Deepak_Gulati_vs_State_Of_Haryana_on_20_May_2013_1.PDF,Financial Fraud,AIR 2005 SC 203,,,UNRESOLVED
Deepak_Gulati_vs_State_Of_Haryana_on_20_May_2013_1.PDF,Financial Fraud,AIR 2007 SC 3059,,,UNRESOLVED
Deepak_Gulati_vs_State_Of_Haryana_on_20_May_2013_1.PDF,Financial Fraud,SCC 2006 11 615,,,UNRESOLVED
Dharam_Pal_Ors_vs_State_Of_Haryana_Anr_on_18_July_2013_1.PDF,Financial Fraud,SCC 2004 13 11,,,UNRESOLVED
Dharam_Pal_Ors_vs_State_Of_Haryana_Anr_on_18_July_2013_1.PDF,Financial Fraud,SCC 2001 8 522,,,UNRESOLVED
Dharam_Pal_Ors_vs_State_Of_Haryana_Anr_on_18_July_2013_1.PDF,Financial Fraud,SCC 2001 6 670,,,UNRESOLVED
Dharam_Pal_Ors_vs_State_Of_Haryana_Anr_on_18_July_2013_1.PDF,Financial Fraud,SCC 1993 2 16,Kishun_Singh_And_Ors_vs_State_Of_Bihar_on_11_January_1993_1.PDF,Financial Fraud,INTERNAL
Dharam_Pal_Ors_vs_State_Of_Haryana_Anr_on_18_July_2013_1.PDF,Financial Fraud,SCC 1998 7 149,,,UNRESOLVED
Dharam_Pal_Ors_vs_State_Of_Haryana_Anr_on_18_July_2013_1.PDF,Financial Fraud,SCC 1997 2 397,,,UNRESOLVED
Dharam_Pal_Ors_vs_State_Of_Haryana_Anr_on_18_July_2013_1.PDF,Financial Fraud,SCC 1989 2 132,,,UNRESOLVED
Dharam_Pal_Ors_vs_State_Of_Haryana_Anr_on_18_July_2013_1.PDF,Financial Fraud,SCC 1996 4 495,,,UNRESOLVED
Dharam_Pal_Ors_vs_State_Of_Haryana_Anr_on_18_July_2013_1.PDF,Financial Fraud,SCR 1967 3 668,,,UNRESOLVED
Kaini_Rajan_vs_State_Of_Kerala_on_19_September_2013_1.PDF,Financial Fraud,SCC 2000 7 224,,,UNRESOLVED
Kaini_Rajan_vs_State_Of_Kerala_on_19_September_2013_1.PDF,Financial Fraud,SCC 2005 1 88,,,UNRESOLVED
Kaini_Rajan_vs_State_Of_Kerala_on_19_September_2013_1.PDF,Financial Fraud,SCC 2007 2 170,,,UNRESOLVED
Kaini_Rajan_vs_State_Of_Kerala_on_19_September_2013_1.PDF,Financial Fraud,SCC 2008 14 763,,,UNRESOLVED
Kaini_Rajan_vs_State_Of_Kerala_on_19_September_2013_1.PDF,Financial Fraud,SCC 2011 14 475,,,UNRESOLVED
Lokesh_Kumar_Jain_vs_State_Of_Rajasthan_on_9_July_2013_1.PDF,Financial Fraud,SCC 1980 1 81,,,UNRESOLVED
Lokesh_Kumar_Jain_vs_State_Of_Rajasthan_on_9_July_2013_1.PDF,Financial Fraud,SCC 1992 1 225,,,UNRESOLVED
Lokesh_Kumar_Jain_vs_State_Of_Rajasthan_on_9_July_2013_1.PDF,Financial Fraud,SCC 2002 4 578,,,UNRESOLVED
Lokesh_Kumar_Jain_vs_State_Of_Rajasthan_on_9_July_2013_1.PDF,Financial Fraud,SCC 2009 3 355,,,UNRESOLVED
Lokesh_Kumar_Jain_vs_State_Of_Rajasthan_on_9_July_2013_1.PDF,Financial Fraud,SCC 1996 9 1,,,UNRESOLVED
Mohit_Sonu_Anr_vs_State_Of_U_P_Anr_on_1_July_2013_1.PDF,Financial Fraud,AIR 1949 FC 1,,,UNRESOLVED
Mohit_Sonu_Anr_vs_State_Of_U_P_Anr_on_1_July_2013_1.PDF,Financial Fraud,AIR 1961 SC 218,,,UNRESOLVED
Mohit_Sonu_Anr_vs_State_Of_U_P_Anr_on_1_July_2013_1.PDF,Financial Fraud,AIR 1962 SC 527,,,UNRESOLVED
Mohit_Sonu_Anr_vs_State_Of_U_P_Anr_on_1_July_2013_1.PDF,Financial Fraud,SCC 2009 16 46,,,UNRESOLVED
Mohit_Sonu_Anr_vs_State_Of_U_P_Anr_on_1_July_2013_1.PDF,Financial Fraud,SCC 2009 16 785,,,UNRESOLVED
Mohit_Sonu_Anr_vs_State_Of_U_P_Anr_on_1_July_2013_1.PDF,Financial Fraud,SCC 1983 1 1,,,UNRESOLVED
Mohit_Sonu_Anr_vs_State_Of_U_P_Anr_on_1_July_2013_1.PDF,Financial Fraud,SCC 2006 10 192,,,UNRESOLVED
Mohit_Sonu_Anr_vs_State_Of_U_P_Anr_on_1_July_2013_1.PDF,Financial Fraud,SCC 2011 13 316,,,UNRESOLVED
Mohit_Sonu_Anr_vs_State_Of_U_P_Anr_on_1_July_2013_1.PDF,Financial Fraud,SCC 2010 15 114,,,UNRESOLVED
Mohit_Sonu_Anr_vs_State_Of_U_P_Anr_on_1_July_2013_1.PDF,Financial Fraud,SCC 1977 4 551,,,UNRESOLVED
Mohit_Sonu_Anr_vs_State_Of_U_P_Anr_on_1_July_2013_1.PDF,Financial Fraud,SCC 1977 4 137,,,UNRESOLVED
Mohit_Sonu_Anr_vs_State_Of_U_P_Anr_on_1_July_2013_1.PDF,Financial Fraud,SCC 1977 4 137,,,UNRESOLVED
Mohit_Sonu_Anr_vs_State_Of_U_P_Anr_on_1_July_2013_1.PDF,Financial Fraud,SCC 1983 1 1,,,UNRESOLVED
Mohit_Sonu_Anr_vs_State_Of_U_P_Anr_on_1_July_2013_1.PDF,Financial Fraud,SCC 1980 1 43,,,UNRESOLVED
Mohit_Sonu_Anr_vs_State_Of_U_P_Anr_on_1_July_2013_1.PDF,Financial Fraud,SCC 2012 10 517,,,UNRESOLVED
Mohit_Sonu_Anr_vs_State_Of_U_P_Anr_on_1_July_2013_1.PDF,Financial Fraud,SCC 2004 13 472,,,UNRESOLVED
Mohit_Sonu_Anr_vs_State_Of_U_P_Anr_on_1_July_2013_1.PDF,Financial Fraud,SCC 2009 2 363,,,UNRESOLVED
Mohit_Sonu_Anr_vs_State_Of_U_P_Anr_on_1_July_2013_1.PDF,Financial Fraud,SCC 2012 12 321,,,UNRESOLVED
Mohit_Sonu_Anr_vs_State_Of_U_P_Anr_on_1_July_2013_1.PDF,Financial Fraud,SCR 1957 930,R_M_D_Chamarbaugwalla_vs_The_Union_Of_India_With_Connected_on_9_April_1957_1.PDF,,OUTSIDE_DOMAINS
Moti_Lal_Songara_vs_Prem_Prakash_Pappu_Anr_on_16_May_2013_1.PDF,Financial Fraud,AIR 1968 SC 117,,,UNRESOLVED
Moti_Lal_Songara_vs_Prem_Prakash_Pappu_Anr_on_16_May_2013_1.PDF,Financial Fraud,SCC 1998 7 149,,,UNRESOLVED
Moti_Lal_Songara_vs_Prem_Prakash_Pappu_Anr_on_16_May_2013_1.PDF,Financial Fraud,SCC 1996 4 495,,,UNRESOLVED
Moti_Lal_Songara_vs_Prem_Prakash_Pappu_Anr_on_16_May_2013_1.PDF,Financial Fraud,SCC 1993 2 16,Kishun_Singh_And_Ors_vs_State_Of_Bihar_on_11_January_1993_1.PDF,Financial Fraud,INTERNAL
Moti_Lal_Songara_vs_Prem_Prakash_Pappu_Anr_on_16_May_2013_1.PDF,Financial Fraud,SCC 2004 13 11,,,UNRESOLVED
Moti_Lal_Songara_vs_Prem_Prakash_Pappu_Anr_on_16_May_2013_1.PDF,Financial Fraud,SCC 1989 2 132,,,UNRESOLVED
Moti_Lal_Songara_vs_Prem_Prakash_Pappu_Anr_on_16_May_2013_1.PDF,Financial Fraud,SCC 1980 4 631,,,UNRESOLVED
Moti_Lal_Songara_vs_Prem_Prakash_Pappu_Anr_on_16_May_2013_1.PDF,Financial Fraud,SCC 2004 13 9,,,UNRESOLVED
Moti_Lal_Songara_vs_Prem_Prakash_Pappu_Anr_on_16_May_2013_1.PDF,Financial Fraud,SCC 2001 8 522,,,UNRESOLVED
Moti_Lal_Songara_vs_Prem_Prakash_Pappu_Anr_on_16_May_2013_1.PDF,Financial Fraud,SCC 2001 6 670,,,UNRESOLVED
Moti_Lal_Songara_vs_Prem_Prakash_Pappu_Anr_on_16_May_2013_1.PDF,Financial Fraud,SCC 2010 9 479,,,UNRESOLVED
M_S_Ghcl_Employees_Stock_Option_Trust_vs_M_S_India_Infoline_Limited_on_22_March_2013_1.PDF,Financial Fraud,AIR 2005 SC 2622,,,UNRESOLVED
M_S_Ghcl_Employees_Stock_Option_Trust_vs_M_S_India_Infoline_Limited_on_22_March_2013_1.PDF,Financial Fraud,AIR 1988 SC 709,,,UNRESOLVED
M_S_Ghcl_Employees_Stock_Option_Trust_vs_M_S_India_Infoline_Limited_on_22_March_2013_1.PDF,Financial Fraud,AIR 1992 SC 1815,,,UNRESOLVED
M_S_Ghcl_Employees_Stock_Option_Trust_vs_M_S_India_Infoline_Limited_on_22_March_2013_1.PDF,Financial Fraud,SCC 1988 1 692,,,UNRESOLVED
M_S_Ghcl_Employees_Stock_Option_Trust_vs_M_S_India_Infoline_Limited_on_22_March_2013_1.PDF,Financial Fraud,SCC 2008 5 662,,,UNRESOLVED
M_S_Ghcl_Employees_Stock_Option_Trust_vs_M_S_India_Infoline_Limited_on_22_March_2013_1.PDF,Financial Fraud,SCC 1988 1 692,,,UNRESOLVED
M_S_Ghcl_Employees_Stock_Option_Trust_vs_M_S_India_Infoline_Limited_on_22_March_2013_1.PDF,Financial Fraud,SCC 2008 5 662,,,UNRESOLVED
M_S_Ghcl_Employees_Stock_Option_Trust_vs_M_S_India_Infoline_Limited_on_22_March_2013_1.PDF,Financial Fraud,SCC 2008 5 668,,,UNRESOLVED
P_B_Desai_vs_State_Of_Maharashtra_Anr_on_13_September_2013_1.PDF,Financial Fraud,SCC 1969 2 385,,,UNRESOLVED
P_B_Desai_vs_State_Of_Maharashtra_Anr_on_13_September_2013_1.PDF,Financial Fraud,SCC 2010 3 480,,,UNRESOLVED
Sarah_Mathew_vs_Inst_Cardio_Vascular_Diseases_Ors_on_26_November_2013_1.PDF,Financial Fraud,AIR 1951 SC 207,,,UNRESOLVED
Sarah_Mathew_vs_Inst_Cardio_Vascular_Diseases_Ors_on_26_November_2013_1.PDF,Financial Fraud,AIR 1981 SC 1054,,,UNRESOLVED
Sarah_Mathew_vs_Inst_Cardio_Vascular_Diseases_Ors_on_26_November_2013_1.PDF,Financial Fraud,AIR 1954 SC 496,,,UNRESOLVED
Sarah_Mathew_vs_Inst_Cardio_Vascular_Diseases_Ors_on_26_November_2013_1.PDF,Financial Fraud,AIR 1970 SC 962,,,UNRESOLVED
Sarah_Mathew_vs_Inst_Cardio_Vascular_Diseases_Ors_on_26_November_2013_1.PDF,Financial Fraud,AIR 1964 SC 1541,,,UNRESOLVED
Sarah_Mathew_vs_Inst_Cardio_Vascular_Diseases_Ors_on_26_November_2013_1.PDF,Financial Fraud,AIR 1961 SC 986,,,UNRESOLVED
Sarah_Mathew_vs_Inst_Cardio_Vascular_Diseases_Ors_on_26_November_2013_1.PDF,Financial Fraud,AIR 1959 SC 433,,,UNRESOLVED
Sarah_Mathew_vs_Inst_Cardio_Vascular_Diseases_Ors_on_26_November_2013_1.PDF,Financial Fraud,SCC 2003 8 559,,,UNRESOLVED
Sarah_Mathew_vs_Inst_Cardio_Vascular_Diseases_Ors_on_26_November_2013_1.PDF,Financial Fraud,SCC 2007 7 394,,,UNRESOLVED
Sarah_Mathew_vs_Inst_Cardio_Vascular_Diseases_Ors_on_26_November_2013_1.PDF,Financial Fraud,SCC 2008 10 139,,,UNRESOLVED
Sarah_Mathew_vs_Inst_Cardio_Vascular_Diseases_Ors_on_26_November_2013_1.PDF,Financial Fraud,SCC 2013 2 435,,,UNRESOLVED
Sarah_Mathew_vs_Inst_Cardio_Vascular_Diseases_Ors_on_26_November_2013_1.PDF,Financial Fraud,SCC 2003 3 272,,,UNRESOLVED
Sarah_Mathew_vs_Inst_Cardio_Vascular_Diseases_Ors_on_26_November_2013_1.PDF,Financial Fraud,SCC 2005 4 480,,,UNRESOLVED
Sarah_Mathew_vs_Inst_Cardio_Vascular_Diseases_Ors_on_26_November_2013_1.PDF,Financial Fraud,SCC 2012 5 424,,,UNRESOLVED
Sarah_Mathew_vs_Inst_Cardio_Vascular_Diseases_Ors_on_26_November_2013_1.PDF,Financial Fraud,SCC 2007 2 230,,,UNRESOLVED
Sarah_Mathew_vs_Inst_Cardio_Vascular_Diseases_Ors_on_26_November_2013_1.PDF,Financial Fraud,SCC 1993 3 4,,,UNRESOLVED
Sarah_Mathew_vs_Inst_Cardio_Vascular_Diseases_Ors_on_26_November_2013_1.PDF,Financial Fraud,SCC 2000 1 230,,,UNRESOLVED
Sarah_Mathew_vs_Inst_Cardio_Vascular_Diseases_Ors_on_26_November_2013_1.PDF,Financial Fraud,SCC 1989 1 101,,,UNRESOLVED
Sarah_Mathew_vs_Inst_Cardio_Vascular_Diseases_Ors_on_26_November_2013_1.PDF,Financial Fraud,SCC 1971 2 654,,,UNRESOLVED
Sarah_Mathew_vs_Inst_Cardio_Vascular_Diseases_Ors_on_26_November_2013_1.PDF,Financial Fraud,SCC 2005 1 368,,,UNRESOLVED
Sarah_Mathew_vs_Inst_Cardio_Vascular_Diseases_Ors_on_26_November_2013_1.PDF,Financial Fraud,SCC 2003 6 659,,,UNRESOLVED
Sarah_Mathew_vs_Inst_Cardio_Vascular_Diseases_Ors_on_26_November_2013_1.PDF,Financial Fraud,SCC 2012 9 552,,,UNRESOLVED
Sarah_Mathew_vs_Inst_Cardio_Vascular_Diseases_Ors_on_26_November_2013_1.PDF,Financial Fraud,SCC 2003 11 405,,,UNRESOLVED
Sarah_Mathew_vs_Inst_Cardio_Vascular_Diseases_Ors_on_26_November_2013_1.PDF,Financial Fraud,SCC 2004 6 672,,,UNRESOLVED
Sarah_Mathew_vs_Inst_Cardio_Vascular_Diseases_Ors_on_26_November_2013_1.PDF,Financial Fraud,SCC 1992 1 225,,,UNRESOLVED
Sarah_Mathew_vs_Inst_Cardio_Vascular_Diseases_Ors_on_26_November_2013_1.PDF,Financial Fraud,SCC 1999 7 604,,,UNRESOLVED
Sarah_Mathew_vs_Inst_Cardio_Vascular_Diseases_Ors_on_26_November_2013_1.PDF,Financial Fraud,SCC 1995 1 42,State_Of_Maharashtra_vs_Sharadchandra_Vinayak_Dongre_on_7_October_1994_1.PDF,,OUTSIDE_DOMAINS
Sarah_Mathew_vs_Inst_Cardio_Vascular_Diseases_Ors_on_26_November_2013_1.PDF,Financial Fraud,SCC 2008 13 229,,,UNRESOLVED
Sarah_Mathew_vs_Inst_Cardio_Vascular_Diseases_Ors_on_26_November_2013_1.PDF,Financial Fraud,SCC 2008 2 492,,,UNRESOLVED
Sarah_Mathew_vs_Inst_Cardio_Vascular_Diseases_Ors_on_26_November_2013_1.PDF,Financial Fraud,SCC 1980 1 158,,,UNRESOLVED
Sarah_Mathew_vs_Inst_Cardio_Vascular_Diseases_Ors_on_26_November_2013_1.PDF,Financial Fraud,SCC 2000 8 131,,,UNRESOLVED
Sarah_Mathew_vs_Inst_Cardio_Vascular_Diseases_Ors_on_26_November_2013_1.PDF,Financial Fraud,SCC 1997 2 397,,,UNRESOLVED
Sarah_Mathew_vs_Inst_Cardio_Vascular_Diseases_Ors_on_26_November_2013_1.PDF,Financial Fraud,SCC 1984 2 500,,,UNRESOLVED
Sarah_Mathew_vs_Inst_Cardio_Vascular_Diseases_Ors_on_26_November_2013_1.PDF,Financial Fraud,SCC 2007 3 700,,,UNRESOLVED
Sarah_Mathew_vs_Inst_Cardio_Vascular_Diseases_Ors_on_26_November_2013_1.PDF,Financial Fraud,SCC 2008 3 279,,,UNRESOLVED
Sarah_Mathew_vs_Inst_Cardio_Vascular_Diseases_Ors_on_26_November_2013_1.PDF,Financial Fraud,SCC 1990 1 400,,,UNRESOLVED
Sarah_Mathew_vs_Inst_Cardio_Vascular_Diseases_Ors_on_26_November_2013_1.PDF,Financial Fraud,SCC 1976 3 684,,,UNRESOLVED
Sarah_Mathew_vs_Inst_Cardio_Vascular_Diseases_Ors_on_26_November_2013_1.PDF,Financial Fraud,SCC 1977 1 300,,,UNRESOLVED
Sarah_Mathew_vs_Inst_Cardio_Vascular_Diseases_Ors_on_26_November_2013_1.PDF,Financial Fraud,SCC 2004 8 312,,,UNRESOLVED
Sarah_Mathew_vs_Inst_Cardio_Vascular_Diseases_Ors_on_26_November_2013_1.PDF,Financial Fraud,SCR 1956 166,Messrs_Mela_Ram_Sons_vs_The_Commissioner_Of_Income_Tax_Punjab_on_21_February_1956_1.PDF,,OUTSIDE_DOMAINS
Sarah_Mathew_vs_Inst_Cardio_Vascular_Diseases_Ors_on_26_November_2013_1.PDF,Financial Fraud,SCR 1975 3 944,,,UNRESOLVED
Sarah_Mathew_vs_Inst_Cardio_Vascular_Diseases_Ors_on_26_November_2013_1.PDF,Financial Fraud,SCR 1959 379,The_State_Of_Madras_vs_Gannon_Dunkerley_Co_Madras_Ltd_on_1_April_1958_1.PDF,,OUTSIDE_DOMAINS
Surnder_Kaushik_Ors_vs_State_Of_U_P_Ors_on_14_February_2013_1.PDF,Financial Fraud,SCC 2009 4 437,,,UNRESOLVED
Surnder_Kaushik_Ors_vs_State_Of_U_P_Ors_on_14_February_2013_1.PDF,Financial Fraud,SCC 2001 6 181,,,UNRESOLVED
Surnder_Kaushik_Ors_vs_State_Of_U_P_Ors_on_14_February_2013_1.PDF,Financial Fraud,SCC 2009 10 773,,,UNRESOLVED
Surnder_Kaushik_Ors_vs_State_Of_U_P_Ors_on_14_February_2013_1.PDF,Financial Fraud,SCC 2010 12 254,,,UNRESOLVED
Surnder_Kaushik_Ors_vs_State_Of_U_P_Ors_on_14_February_2013_1.PDF,Financial Fraud,SCC 1979 2 322,Ram_Lal_Narang_Etc_Etc_vs_State_Of_Delhi_Admn_on_10_January_1979_1.PDF,Financial Fraud,INTERNAL
Surnder_Kaushik_Ors_vs_State_Of_U_P_Ors_on_14_February_2013_1.PDF,Financial Fraud,SCC 2004 13 292,,,UNRESOLVED
Surnder_Kaushik_Ors_vs_State_Of_U_P_Ors_on_14_February_2013_1.PDF,Financial Fraud,SCC 2005 11 600,,,UNRESOLVED
Surnder_Kaushik_Ors_vs_State_Of_U_P_Ors_on_14_February_2013_1.PDF,Financial Fraud,SCC 2002 1 714,,,UNRESOLVED
Surnder_Kaushik_Ors_vs_State_Of_U_P_Ors_on_14_February_2013_1.PDF,Financial Fraud,SCC 1980 1 554,,,UNRESOLVED
Surnder_Kaushik_Ors_vs_State_Of_U_P_Ors_on_14_February_2013_1.PDF,Financial Fraud,SCC 2007 13 501,,,UNRESOLVED
Surnder_Kaushik_Ors_vs_State_Of_U_P_Ors_on_14_February_2013_1.PDF,Financial Fraud,SCC 2007 12 332,,,UNRESOLVED
Udai_Shankar_Awasthi_vs_State_Of_U_P_Anr_on_9_January_2013_1.PDF,Financial Fraud,AIR 2007 SC 2762,,,UNRESOLVED
Udai_Shankar_Awasthi_vs_State_Of_U_P_Anr_on_9_January_2013_1.PDF,Financial Fraud,AIR 2011 SC 2112,,,UNRESOLVED
Udai_Shankar_Awasthi_vs_State_Of_U_P_Anr_on_9_January_2013_1.PDF,Financial Fraud,AIR 1995 SC 231,,,UNRESOLVED
Udai_Shankar_Awasthi_vs_State_Of_U_P_Anr_on_9_January_2013_1.PDF,Financial Fraud,AIR 2000 SC 297,,,UNRESOLVED
Udai_Shankar_Awasthi_vs_State_Of_U_P_Anr_on_9_January_2013_1.PDF,Financial Fraud,AIR 1959 SC 798,,,UNRESOLVED
Udai_Shankar_Awasthi_vs_State_Of_U_P_Anr_on_9_January_2013_1.PDF,Financial Fraud,AIR 1973 SC 908,,,UNRESOLVED
Udai_Shankar_Awasthi_vs_State_Of_U_P_Anr_on_9_January_2013_1.PDF,Financial Fraud,AIR 1984 SC 1688,,,UNRESOLVED
Udai_Shankar_Awasthi_vs_State_Of_U_P_Anr_on_9_January_2013_1.PDF,Financial Fraud,AIR 1988 SC 733,,,UNRESOLVED
Udai_Shankar_Awasthi_vs_State_Of_U_P_Anr_on_9_January_2013_1.PDF,Financial Fraud,AIR 2001 SC 238,,,UNRESOLVED
Udai_Shankar_Awasthi_vs_State_Of_U_P_Anr_on_9_January_2013_1.PDF,Financial Fraud,AIR 2007 SC 514,,,UNRESOLVED
Udai_Shankar_Awasthi_vs_State_Of_U_P_Anr_on_9_January_2013_1.PDF,Financial Fraud,AIR 1962 SC 876,,,UNRESOLVED
Udai_Shankar_Awasthi_vs_State_Of_U_P_Anr_on_9_January_2013_1.PDF,Financial Fraud,AIR 2001 SC 784,,,UNRESOLVED
Udai_Shankar_Awasthi_vs_State_Of_U_P_Anr_on_9_January_2013_1.PDF,Financial Fraud,AIR 2003 SC 702,,,UNRESOLVED
Udai_Shankar_Awasthi_vs_State_Of_U_P_Anr_on_9_January_2013_1.PDF,Financial Fraud,AIR 2005 SC 38,,,UNRESOLVED
Udai_Shankar_Awasthi_vs_State_Of_U_P_Anr_on_9_January_2013_1.PDF,Financial Fraud,AIR 2010 SC 2261,,,UNRESOLVED
Udai_Shankar_Awasthi_vs_State_Of_U_P_Anr_on_9_January_2013_1.PDF,Financial Fraud,AIR 1999 SC 2071,,,UNRESOLVED
Udai_Shankar_Awasthi_vs_State_Of_U_P_Anr_on_9_January_2013_1.PDF,Financial Fraud,AIR 2005 SC 1989,,,UNRESOLVED
Udai_Shankar_Awasthi_vs_State_Of_U_P_Anr_on_9_January_2013_1.PDF,Financial Fraud,AIR 1970 SC 470,Rabindranath_Bose_And_Ors_vs_The_Union_Of_India_Uoi_And_Ors_on_9_October_1969_1.PDF,,OUTSIDE_DOMAINS
Udai_Shankar_Awasthi_vs_State_Of_U_P_Anr_on_9_January_2013_1.PDF,Financial Fraud,AIR 1976 SC 2617,State_Of_Orissa_vs_Pyarimohan_Samantaray_And_Ors_on_3_November_1976_1.PDF,,OUTSIDE_DOMAINS
Udai_Shankar_Awasthi_vs_State_Of_U_P_Anr_on_9_January_2013_1.PDF,Financial Fraud,AIR 1976 SC 1639,,,UNRESOLVED
Udai_Shankar_Awasthi_vs_State_Of_U_P_Anr_on_9_January_2013_1.PDF,Financial Fraud,AIR 1997 SC 2105,,,UNRESOLVED
Udai_Shankar_Awasthi_vs_State_Of_U_P_Anr_on_9_January_2013_1.PDF,Financial Fraud,AIR 1967 SC 973,,,UNRESOLVED
Udai_Shankar_Awasthi_vs_State_Of_U_P_Anr_on_9_January_2013_1.PDF,Financial Fraud,AIR 2006 SC 1581,,,UNRESOLVED
Udai_Shankar_Awasthi_vs_State_Of_U_P_Anr_on_9_January_2013_1.PDF,Financial Fraud,AIR 2008 SC 3000,,,UNRESOLVED
Udai_Shankar_Awasthi_vs_State_Of_U_P_Anr_on_9_January_2013_1.PDF,Financial Fraud,AIR 2010 SC 3624,,,UNRESOLVED
Udai_Shankar_Awasthi_vs_State_Of_U_P_Anr_on_9_January_2013_1.PDF,Financial Fraud,AIR 1982 SC 1238,Chandrapal_Singh_And_Ors_vs_Maharaj_Singh_And_Anr_on_15_January_1982_1.PDF,,OUTSIDE_DOMAINS
Udai_Shankar_Awasthi_vs_State_Of_U_P_Anr_on_9_January_2013_1.PDF,Financial Fraud,AIR 1992 SC 604,,,UNRESOLVED
Udai_Shankar_Awasthi_vs_State_Of_U_P_Anr_on_9_January_2013_1.PDF,Financial Fraud,AIR 2000 SC 754,,,UNRESOLVED
Udai_Shankar_Awasthi_vs_State_Of_U_P_Anr_on_9_January_2013_1.PDF,Financial Fraud,SCC 2010 9 368,,,UNRESOLVED
Udai_Shankar_Awasthi_vs_State_Of_U_P_Anr_on_9_January_2013_1.PDF,Financial Fraud,SCC 1991 2 141,Gokak_Patel_Volkart_Ltd_vs_Dundayya_Gurushiddaiah_Hiremath_And_on_14_February_1991_1.PDF,Financial Fraud,INTERNAL
Udai_Shankar_Awasthi_vs_State_Of_U_P_Anr_on_9_January_2013_1.PDF,Financial Fraud,SCC 2012 1 130,,,UNRESOLVED
Udai_Shankar_Awasthi_vs_State_Of_U_P_Anr_on_9_January_2013_1.PDF,Financial Fraud,SCC 2008 12 531,,,UNRESOLVED
Umesh_Kumar_vs_State_Of_A_P_And_Anr_on_6_September_2013_1.PDF,Financial Fraud,AIR 1989 SC 714,,,UNRESOLVED
Umesh_Kumar_vs_State_Of_A_P_And_Anr_on_6_September_2013_1.PDF,Financial Fraud,AIR 1983 SC 109,,,UNRESOLVED
Umesh_Kumar_vs_State_Of_A_P_And_Anr_on_6_September_2013_1.PDF,Financial Fraud,AIR 1998 SC 398,,,UNRESOLVED
Umesh_Kumar_vs_State_Of_A_P_And_Anr_on_6_September_2013_1.PDF,Financial Fraud,AIR 2012 SC 2573,,,UNRESOLVED
Umesh_Kumar_vs_State_Of_A_P_And_Anr_on_6_September_2013_1.PDF,Financial Fraud,AIR 2012 SC 586,,,UNRESOLVED
Umesh_Kumar_vs_State_Of_A_P_And_Anr_on_6_September_2013_1.PDF,Financial Fraud,AIR 1998 SC 128,,,UNRESOLVED
Umesh_Kumar_vs_State_Of_A_P_And_Anr_on_6_September_2013_1.PDF,Financial Fraud,AIR 1998 SC 2796,,,UNRESOLVED
Umesh_Kumar_vs_State_Of_A_P_And_Anr_on_6_September_2013_1.PDF,Financial Fraud,AIR 2000 SC 754,,,UNRESOLVED
Umesh_Kumar_vs_State_Of_A_P_And_Anr_on_6_September_2013_1.PDF,Financial Fraud,AIR 1991 SC 1260,,,UNRESOLVED
Umesh_Kumar_vs_State_Of_A_P_And_Anr_on_6_September_2013_1.PDF,Financial Fraud,AIR 1987 SC 877,Sheonandan_Paswan_vs_State_Of_Bihar_And_Ors_on_20_December_1986_1.PDF,Corruption,CROSS_DOMAIN
Umesh_Kumar_vs_State_Of_A_P_And_Anr_on_6_September_2013_1.PDF,Financial Fraud,AIR 2007 SC 1274,,,UNRESOLVED
Umesh_Kumar_vs_State_Of_A_P_And_Anr_on_6_September_2013_1.PDF,Financial Fraud,AIR 2004 SC 3967,,,UNRESOLVED
Umesh_Kumar_vs_State_Of_A_P_And_Anr_on_6_September_2013_1.PDF,Financial Fraud,AIR 2004 SC 1189,,,UNRESOLVED
Umesh_Kumar_vs_State_Of_A_P_And_Anr_on_6_September_2013_1.PDF,Financial Fraud,AIR 1990 SC 2158,,,UNRESOLVED
Umesh_Kumar_vs_State_Of_A_P_And_Anr_on_6_September_2013_1.PDF,Financial Fraud,AIR 2011 SC 2037,,,UNRESOLVED
Umesh_Kumar_vs_State_Of_A_P_And_Anr_on_6_September_2013_1.PDF,Financial Fraud,AIR 2006 SC 1892,,,UNRESOLVED
Umesh_Kumar_vs_State_Of_A_P_And_Anr_on_6_September_2013_1.PDF,Financial Fraud,AIR 1968 SC 147,,,UNRESOLVED
Umesh_Kumar_vs_State_Of_A_P_And_Anr_on_6_September_2013_1.PDF,Financial Fraud,AIR 1973 SC 157,,,UNRESOLVED
Umesh_Kumar_vs_State_Of_A_P_And_Anr_on_6_September_2013_1.PDF,Financial Fraud,AIR 1974 SC 348,,,UNRESOLVED
Umesh_Kumar_vs_State_Of_A_P_And_Anr_on_6_September_2013_1.PDF,Financial Fraud,AIR 1962 SC 602,Krishan_Chander_Nayar_vs_The_Chairman_Central_Tractor_on_23_August_1961_1.PDF,,OUTSIDE_DOMAINS
Umesh_Kumar_vs_State_Of_A_P_And_Anr_on_6_September_2013_1.PDF,Financial Fraud,AIR 1977 SC 407,,,UNRESOLVED
Umesh_Kumar_vs_State_Of_A_P_And_Anr_on_6_September_2013_1.PDF,Financial Fraud,AIR 1985 SC 28,,,UNRESOLVED
Umesh_Kumar_vs_State_Of_A_P_And_Anr_on_6_September_2013_1.PDF,Financial Fraud,SCC 2013 2 398,,,UNRESOLVED
Umesh_Kumar_vs_State_Of_A_P_And_Anr_on_6_September_2013_1.PDF,Financial Fraud,SCC 2011 12 437,,,UNRESOLVED
Umesh_Kumar_vs_State_Of_A_P_And_Anr_on_6_September_2013_1.PDF,Financial Fraud,SCC 2007 1 59,,,UNRESOLVED
Umesh_Kumar_vs_State_Of_A_P_And_Anr_on_6_September_2013_1.PDF,Financial Fraud,SCC 2005 11 600,,,UNRESOLVED
Vikas_vs_State_Of_Rajasthan_on_16_August_2013_1.PDF,Financial Fraud,SCC 2007 12 1,,,UNRESOLVED
Vikas_vs_State_Of_Rajasthan_on_16_August_2013_1.PDF,Financial Fraud,SCC 2012 9 791,,,UNRESOLVED
Vikas_vs_State_Of_Rajasthan_on_16_August_2013_1.PDF,Financial Fraud,SCC 1976 3 1,,,UNRESOLVED
Babubhai_Bhimabhai_Bokhiria_Anr_vs_State_Of_Gujarat_Ors_on_3_April_2014_1.PDF,Financial Fraud,AIR 1939 PC 47,,,UNRESOLVED
Babubhai_Bhimabhai_Bokhiria_Anr_vs_State_Of_Gujarat_Ors_on_3_April_2014_1.PDF,Financial Fraud,AIR 1939 PC 47,,,UNRESOLVED
Babubhai_Bhimabhai_Bokhiria_Anr_vs_State_Of_Gujarat_Ors_on_3_April_2014_1.PDF,Financial Fraud,SCC 2008 9 140,,,UNRESOLVED
Bhaskar_Lal_Sharma_Anr_vs_Monica_And_Ors_on_18_February_2014_1.PDF,Financial Fraud,SCC 2013 10 618,,,UNRESOLVED
Binod_Kumar_Ors_vs_State_Of_Bihar_Anr_on_30_October_2014_1.PDF,Financial Fraud,SCC 1976 3 736,,,UNRESOLVED
Binod_Kumar_Ors_vs_State_Of_Bihar_Anr_on_30_October_2014_1.PDF,Financial Fraud,SCC 2006 6 736,,,UNRESOLVED
Binod_Kumar_Ors_vs_State_Of_Bihar_Anr_on_30_October_2014_1.PDF,Financial Fraud,SCC 1988 1 692,,,UNRESOLVED
Binod_Kumar_Ors_vs_State_Of_Bihar_Anr_on_30_October_2014_1.PDF,Financial Fraud,SCC 1995 6 194,Mrs_Rupan_Deol_Bajaj_Anr_vs_Kanwar_Pal_Singh_Gill_Anr_on_12_October_1995_1.PDF,Organized Crime / Extortion,CROSS_DOMAIN
Binod_Kumar_Ors_vs_State_Of_Bihar_Anr_on_30_October_2014_1.PDF,Financial Fraud,SCC 1996 5 591,,,UNRESOLVED
Binod_Kumar_Ors_vs_State_Of_Bihar_Anr_on_30_October_2014_1.PDF,Financial Fraud,SCC 1996 8 164,,,UNRESOLVED
Binod_Kumar_Ors_vs_State_Of_Bihar_Anr_on_30_October_2014_1.PDF,Financial Fraud,SCC 1999 3 259,,,UNRESOLVED
Binod_Kumar_Ors_vs_State_Of_Bihar_Anr_on_30_October_2014_1.PDF,Financial Fraud,SCC 2000 3 269,,,UNRESOLVED
Binod_Kumar_Ors_vs_State_Of_Bihar_Anr_on_30_October_2014_1.PDF,Financial Fraud,SCC 2000 4 168,,,UNRESOLVED
Binod_Kumar_Ors_vs_State_Of_Bihar_Anr_on_30_October_2014_1.PDF,Financial Fraud,SCC 2001 8 645,,,UNRESOLVED
Binod_Kumar_Ors_vs_State_Of_Bihar_Anr_on_30_October_2014_1.PDF,Financial Fraud,SCC 2005 1 122,,,UNRESOLVED
Binod_Kumar_Ors_vs_State_Of_Bihar_Anr_on_30_October_2014_1.PDF,Financial Fraud,SCC 2000 2 636,,,UNRESOLVED
Cbi_Acb_Mumbai_vs_Narendra_Lal_Jain_Ors_on_28_February_2014_1.PDF,Financial Fraud,AIR 2003 SC 1387,,,UNRESOLVED
Cbi_Acb_Mumbai_vs_Narendra_Lal_Jain_Ors_on_28_February_2014_1.PDF,Financial Fraud,SCC 2012 10 303,,,UNRESOLVED
Cbi_Acb_Mumbai_vs_Narendra_Lal_Jain_Ors_on_28_February_2014_1.PDF,Financial Fraud,SCC 1996 5 591,,,UNRESOLVED
Cbi_Acb_Mumbai_vs_Narendra_Lal_Jain_Ors_on_28_February_2014_1.PDF,Financial Fraud,SCC 2008 9 677,,,UNRESOLVED
Dashrath_Rupsingh_Rathod_vs_State_Of_Maharashtra_Anr_on_1_August_2014_1.PDF,Financial Fraud,AIR 1992 SC 1514,,,UNRESOLVED
Dashrath_Rupsingh_Rathod_vs_State_Of_Maharashtra_Anr_on_1_August_2014_1.PDF,Financial Fraud,AIR 1966 SC 12,,,UNRESOLVED
Dashrath_Rupsingh_Rathod_vs_State_Of_Maharashtra_Anr_on_1_August_2014_1.PDF,Financial Fraud,AIR 1947 PC 200,,,UNRESOLVED
Dashrath_Rupsingh_Rathod_vs_State_Of_Maharashtra_Anr_on_1_August_2014_1.PDF,Financial Fraud,AIR 1965 SC 980,,,UNRESOLVED
Dashrath_Rupsingh_Rathod_vs_State_Of_Maharashtra_Anr_on_1_August_2014_1.PDF,Financial Fraud,SCC 1999 7 510,,,UNRESOLVED
Dashrath_Rupsingh_Rathod_vs_State_Of_Maharashtra_Anr_on_1_August_2014_1.PDF,Financial Fraud,SCC 2009 1 720,,,UNRESOLVED
Dashrath_Rupsingh_Rathod_vs_State_Of_Maharashtra_Anr_on_1_August_2014_1.PDF,Financial Fraud,SCC 2001 3 609,,,UNRESOLVED
Dashrath_Rupsingh_Rathod_vs_State_Of_Maharashtra_Anr_on_1_August_2014_1.PDF,Financial Fraud,SCC 2005 4 417,,,UNRESOLVED
Dashrath_Rupsingh_Rathod_vs_State_Of_Maharashtra_Anr_on_1_August_2014_1.PDF,Financial Fraud,SCC 1999 4 567,,,UNRESOLVED
Dashrath_Rupsingh_Rathod_vs_State_Of_Maharashtra_Anr_on_1_August_2014_1.PDF,Financial Fraud,SCC 2008 13 77,,,UNRESOLVED
Dashrath_Rupsingh_Rathod_vs_State_Of_Maharashtra_Anr_on_1_August_2014_1.PDF,Financial Fraud,SCC 2006 3 658,,,UNRESOLVED
Dashrath_Rupsingh_Rathod_vs_State_Of_Maharashtra_Anr_on_1_August_2014_1.PDF,Financial Fraud,SCC 2005 1 617,,,UNRESOLVED
Dashrath_Rupsingh_Rathod_vs_State_Of_Maharashtra_Anr_on_1_August_2014_1.PDF,Financial Fraud,SCC 1991 4 270,,,UNRESOLVED
Dashrath_Rupsingh_Rathod_vs_State_Of_Maharashtra_Anr_on_1_August_2014_1.PDF,Financial Fraud,SCC 1994 4 711,Oil_Natural_Gas_Commission_vs_Utpal_Kumar_Basu_on_23_June_1994_1.PDF,,OUTSIDE_DOMAINS
Dashrath_Rupsingh_Rathod_vs_State_Of_Maharashtra_Anr_on_1_August_2014_1.PDF,Financial Fraud,SCC 1996 3 443,M_S_South_East_Asia_Shipping_Co_Ltd_vs_M_S_Nav_Bharat_Enterprises_Pvt_Ltd_on_13_March_1996_1.PDF,,OUTSIDE_DOMAINS
Dashrath_Rupsingh_Rathod_vs_State_Of_Maharashtra_Anr_on_1_August_2014_1.PDF,Financial Fraud,SCC 2000 7 640,,,UNRESOLVED
Dashrath_Rupsingh_Rathod_vs_State_Of_Maharashtra_Anr_on_1_August_2014_1.PDF,Financial Fraud,SCC 1990 1 400,,,UNRESOLVED
Dashrath_Rupsingh_Rathod_vs_State_Of_Maharashtra_Anr_on_1_August_2014_1.PDF,Financial Fraud,SCC 1999 8 577,,,UNRESOLVED
Dashrath_Rupsingh_Rathod_vs_State_Of_Maharashtra_Anr_on_1_August_2014_1.PDF,Financial Fraud,SCC 2001 3 609,,,UNRESOLVED
Dashrath_Rupsingh_Rathod_vs_State_Of_Maharashtra_Anr_on_1_August_2014_1.PDF,Financial Fraud,SCC 2009 1 720,,,UNRESOLVED
Dashrath_Rupsingh_Rathod_vs_State_Of_Maharashtra_Anr_on_1_August_2014_1.PDF,Financial Fraud,SCC 2013 10 72,,,UNRESOLVED
Dashrath_Rupsingh_Rathod_vs_State_Of_Maharashtra_Anr_on_1_August_2014_1.PDF,Financial Fraud,SCC 2014 2 266,,,UNRESOLVED
Dashrath_Rupsingh_Rathod_vs_State_Of_Maharashtra_Anr_on_1_August_2014_1.PDF,Financial Fraud,SCC 2014 2 255,,,UNRESOLVED
Dashrath_Rupsingh_Rathod_vs_State_Of_Maharashtra_Anr_on_1_August_2014_1.PDF,Financial Fraud,SCC 2007 6 555,,,UNRESOLVED
Dashrath_Rupsingh_Rathod_vs_State_Of_Maharashtra_Anr_on_1_August_2014_1.PDF,Financial Fraud,SCC 1976 1 128,,,UNRESOLVED
Dashrath_Rupsingh_Rathod_vs_State_Of_Maharashtra_Anr_on_1_August_2014_1.PDF,Financial Fraud,SCC 1983 4 353,,,UNRESOLVED
Dashrath_Rupsingh_Rathod_vs_State_Of_Maharashtra_Anr_on_1_August_2014_1.PDF,Financial Fraud,SCC 1991 3 442,,,UNRESOLVED
Dashrath_Rupsingh_Rathod_vs_State_Of_Maharashtra_Anr_on_1_August_2014_1.PDF,Financial Fraud,SCC 2000 4 526,,,UNRESOLVED
Dashrath_Rupsingh_Rathod_vs_State_Of_Maharashtra_Anr_on_1_August_2014_1.PDF,Financial Fraud,SCC 2003 11 632,,,UNRESOLVED
Dashrath_Rupsingh_Rathod_vs_State_Of_Maharashtra_Anr_on_1_August_2014_1.PDF,Financial Fraud,SCC 2009 16 1,,,UNRESOLVED
Dashrath_Rupsingh_Rathod_vs_State_Of_Maharashtra_Anr_on_1_August_2014_1.PDF,Financial Fraud,SCC 1998 6 514,,,UNRESOLVED
Dashrath_Rupsingh_Rathod_vs_State_Of_Maharashtra_Anr_on_1_August_2014_1.PDF,Financial Fraud,SCC 2013 1 177,,,UNRESOLVED
Dashrath_Rupsingh_Rathod_vs_State_Of_Maharashtra_Anr_on_1_August_2014_1.PDF,Financial Fraud,SCR 1965 3 626,,,UNRESOLVED
Hardeep_Singh_vs_State_Of_Punjab_Ors_on_10_January_2014_1.PDF,Financial Fraud,AIR 2001 SC 2521,,,UNRESOLVED
Hardeep_Singh_vs_State_Of_Punjab_Ors_on_10_January_2014_1.PDF,Financial Fraud,AIR 2007 SC 1899,,,UNRESOLVED
Hardeep_Singh_vs_State_Of_Punjab_Ors_on_10_January_2014_1.PDF,Financial Fraud,AIR 2013 SC 3018,,,UNRESOLVED
Hardeep_Singh_vs_State_Of_Punjab_Ors_on_10_January_2014_1.PDF,Financial Fraud,AIR 1998 SC 3148,,,UNRESOLVED
Hardeep_Singh_vs_State_Of_Punjab_Ors_on_10_January_2014_1.PDF,Financial Fraud,AIR 1967 SC 1167,,,UNRESOLVED
Hardeep_Singh_vs_State_Of_Punjab_Ors_on_10_January_2014_1.PDF,Financial Fraud,AIR 1983 SC 439,,,UNRESOLVED
Hardeep_Singh_vs_State_Of_Punjab_Ors_on_10_January_2014_1.PDF,Financial Fraud,AIR 1996 SC 1931,,,UNRESOLVED
Hardeep_Singh_vs_State_Of_Punjab_Ors_on_10_January_2014_1.PDF,Financial Fraud,AIR 2004 SC 1890,,,UNRESOLVED
Hardeep_Singh_vs_State_Of_Punjab_Ors_on_10_January_2014_1.PDF,Financial Fraud,AIR 1957 SC 389,The_State_Of_Bihar_vs_Ram_Naresh_Pandey_on_31_January_1957_1.PDF,Violent Crime / Homicide,CROSS_DOMAIN
Hardeep_Singh_vs_State_Of_Punjab_Ors_on_10_January_2014_1.PDF,Financial Fraud,AIR 1979 SC 94,,,UNRESOLVED
Hardeep_Singh_vs_State_Of_Punjab_Ors_on_10_January_2014_1.PDF,Financial Fraud,AIR 1980 SC 962,,,UNRESOLVED
Hardeep_Singh_vs_State_Of_Punjab_Ors_on_10_January_2014_1.PDF,Financial Fraud,AIR 1996 SC 1340,,,UNRESOLVED
Hardeep_Singh_vs_State_Of_Punjab_Ors_on_10_January_2014_1.PDF,Financial Fraud,AIR 1997 SC 1539,,,UNRESOLVED
Hardeep_Singh_vs_State_Of_Punjab_Ors_on_10_January_2014_1.PDF,Financial Fraud,AIR 1989 SC 836,,,UNRESOLVED
Hardeep_Singh_vs_State_Of_Punjab_Ors_on_10_January_2014_1.PDF,Financial Fraud,AIR 1953 SC 333,,,UNRESOLVED
Hardeep_Singh_vs_State_Of_Punjab_Ors_on_10_January_2014_1.PDF,Financial Fraud,AIR 1965 SC 1457,,,UNRESOLVED
Hardeep_Singh_vs_State_Of_Punjab_Ors_on_10_January_2014_1.PDF,Financial Fraud,AIR 1966 SC 529,,,UNRESOLVED
Hardeep_Singh_vs_State_Of_Punjab_Ors_on_10_January_2014_1.PDF,Financial Fraud,AIR 1993 SC 1014,,,UNRESOLVED
Hardeep_Singh_vs_State_Of_Punjab_Ors_on_10_January_2014_1.PDF,Financial Fraud,AIR 1997 SC 1006,,,UNRESOLVED
Hardeep_Singh_vs_State_Of_Punjab_Ors_on_10_January_2014_1.PDF,Financial Fraud,AIR 1997 SC 1511,,,UNRESOLVED
Hardeep_Singh_vs_State_Of_Punjab_Ors_on_10_January_2014_1.PDF,Financial Fraud,AIR 1998 SC 74,,,UNRESOLVED
Hardeep_Singh_vs_State_Of_Punjab_Ors_on_10_January_2014_1.PDF,Financial Fraud,AIR 1998 SC 703,,,UNRESOLVED
Hardeep_Singh_vs_State_Of_Punjab_Ors_on_10_January_2014_1.PDF,Financial Fraud,AIR 2013 SC 30,,,UNRESOLVED
Hardeep_Singh_vs_State_Of_Punjab_Ors_on_10_January_2014_1.PDF,Financial Fraud,AIR 2001 SC 2747,,,UNRESOLVED
Hardeep_Singh_vs_State_Of_Punjab_Ors_on_10_January_2014_1.PDF,Financial Fraud,AIR 1989 SC 335,,,UNRESOLVED
Hardeep_Singh_vs_State_Of_Punjab_Ors_on_10_January_2014_1.PDF,Financial Fraud,AIR 1995 SC 1395,,,UNRESOLVED
Hardeep_Singh_vs_State_Of_Punjab_Ors_on_10_January_2014_1.PDF,Financial Fraud,AIR 2008 SC 968,,,UNRESOLVED
Hardeep_Singh_vs_State_Of_Punjab_Ors_on_10_January_2014_1.PDF,Financial Fraud,AIR 2011 SC 760,,,UNRESOLVED
Hardeep_Singh_vs_State_Of_Punjab_Ors_on_10_January_2014_1.PDF,Financial Fraud,AIR 2004 SC 355,,,UNRESOLVED
Hardeep_Singh_vs_State_Of_Punjab_Ors_on_10_January_2014_1.PDF,Financial Fraud,AIR 1997 SC 331,,,UNRESOLVED
Hardeep_Singh_vs_State_Of_Punjab_Ors_on_10_January_2014_1.PDF,Financial Fraud,AIR 2004 SC 2943,,,UNRESOLVED
Hardeep_Singh_vs_State_Of_Punjab_Ors_on_10_January_2014_1.PDF,Financial Fraud,AIR 1975 SC 1252,,,UNRESOLVED
Hardeep_Singh_vs_State_Of_Punjab_Ors_on_10_January_2014_1.PDF,Financial Fraud,AIR 1976 SC 294,Sat_Paul_vs_Delhi_Administration_on_30_September_1975_1.PDF,Corruption,CROSS_DOMAIN
Hardeep_Singh_vs_State_Of_Punjab_Ors_on_10_January_2014_1.PDF,Financial Fraud,AIR 1986 SC 250,,,UNRESOLVED
Hardeep_Singh_vs_State_Of_Punjab_Ors_on_10_January_2014_1.PDF,Financial Fraud,AIR 2006 SC 1892,,,UNRESOLVED
Hardeep_Singh_vs_State_Of_Punjab_Ors_on_10_January_2014_1.PDF,Financial Fraud,AIR 1964 SC 949,,,UNRESOLVED
Hardeep_Singh_vs_State_Of_Punjab_Ors_on_10_January_2014_1.PDF,Financial Fraud,AIR 2008 SC 95,,,UNRESOLVED
Hardeep_Singh_vs_State_Of_Punjab_Ors_on_10_January_2014_1.PDF,Financial Fraud,AIR 2007 SC 2786,,,UNRESOLVED
Hardeep_Singh_vs_State_Of_Punjab_Ors_on_10_January_2014_1.PDF,Financial Fraud,AIR 1963 SC 1094,,,UNRESOLVED
Hardeep_Singh_vs_State_Of_Punjab_Ors_on_10_January_2014_1.PDF,Financial Fraud,AIR 2009 SC 2792,,,UNRESOLVED
Hardeep_Singh_vs_State_Of_Punjab_Ors_on_10_January_2014_1.PDF,Financial Fraud,AIR 2009 SC 1248,,,UNRESOLVED
Hardeep_Singh_vs_State_Of_Punjab_Ors_on_10_January_2014_1.PDF,Financial Fraud,AIR 2000 SC 1127,,,UNRESOLVED
Hardeep_Singh_vs_State_Of_Punjab_Ors_on_10_January_2014_1.PDF,Financial Fraud,AIR 1977 SC 1489,,,UNRESOLVED
Hardeep_Singh_vs_State_Of_Punjab_Ors_on_10_January_2014_1.PDF,Financial Fraud,AIR 1989 SC 2045,,,UNRESOLVED
Hardeep_Singh_vs_State_Of_Punjab_Ors_on_10_January_2014_1.PDF,Financial Fraud,AIR 2000 SC 2583,,,UNRESOLVED
Hardeep_Singh_vs_State_Of_Punjab_Ors_on_10_January_2014_1.PDF,Financial Fraud,AIR 2002 SC 564,,,UNRESOLVED
Hardeep_Singh_vs_State_Of_Punjab_Ors_on_10_January_2014_1.PDF,Financial Fraud,AIR 1979 SC 366,Union_Of_India_Uoi_vs_Prafulla_Kumar_Samal_And_Anr_on_6_November_1978_1.PDF,,OUTSIDE_DOMAINS
Hardeep_Singh_vs_State_Of_Punjab_Ors_on_10_January_2014_1.PDF,Financial Fraud,AIR 2001 SC 1375,,,UNRESOLVED
Hardeep_Singh_vs_State_Of_Punjab_Ors_on_10_January_2014_1.PDF,Financial Fraud,AIR 1990 SC 1962,,,UNRESOLVED
Hardeep_Singh_vs_State_Of_Punjab_Ors_on_10_January_2014_1.PDF,Financial Fraud,AIR 1997 SC 2041,,,UNRESOLVED
Hardeep_Singh_vs_State_Of_Punjab_Ors_on_10_January_2014_1.PDF,Financial Fraud,AIR 1977 SC 2018,,,UNRESOLVED
Hardeep_Singh_vs_State_Of_Punjab_Ors_on_10_January_2014_1.PDF,Financial Fraud,AIR 1979 SC 339,,,UNRESOLVED
Hardeep_Singh_vs_State_Of_Punjab_Ors_on_10_January_2014_1.PDF,Financial Fraud,AIR 2010 SC 518,,,UNRESOLVED
Hardeep_Singh_vs_State_Of_Punjab_Ors_on_10_January_2014_1.PDF,Financial Fraud,AIR 1983 SC 67,,,UNRESOLVED
Hardeep_Singh_vs_State_Of_Punjab_Ors_on_10_January_2014_1.PDF,Financial Fraud,SCC 2004 13 9,,,UNRESOLVED
Hardeep_Singh_vs_State_Of_Punjab_Ors_on_10_January_2014_1.PDF,Financial Fraud,SCC 1993 2 16,Kishun_Singh_And_Ors_vs_State_Of_Bihar_on_11_January_1993_1.PDF,Financial Fraud,INTERNAL
Hardeep_Singh_vs_State_Of_Punjab_Ors_on_10_January_2014_1.PDF,Financial Fraud,SCC 1990 3 682,Punjab_Land_Development_vs_Presiding_Officer_Labour_on_4_May_1990_1.PDF,,OUTSIDE_DOMAINS
Hardeep_Singh_vs_State_Of_Punjab_Ors_on_10_January_2014_1.PDF,Financial Fraud,SCC 2008 8 369,,,UNRESOLVED
Hardeep_Singh_vs_State_Of_Punjab_Ors_on_10_January_2014_1.PDF,Financial Fraud,SCC 2003 1 433,,,UNRESOLVED
Hardeep_Singh_vs_State_Of_Punjab_Ors_on_10_January_2014_1.PDF,Financial Fraud,SCC 2009 2 696,,,UNRESOLVED
Hardeep_Singh_vs_State_Of_Punjab_Ors_on_10_January_2014_1.PDF,Financial Fraud,SCC 2009 13 608,,,UNRESOLVED
Hardeep_Singh_vs_State_Of_Punjab_Ors_on_10_January_2014_1.PDF,Financial Fraud,SCC 2009 14 25,,,UNRESOLVED
Hardeep_Singh_vs_State_Of_Punjab_Ors_on_10_January_2014_1.PDF,Financial Fraud,SCC 1989 1 715,Stree_Atyachar_Virodhi_Parishad_Etc_vs_Dilip_Nathumal_Chordia_Anr_on_8_February_1989_1.PDF,Violent Crime / Homicide,CROSS_DOMAIN
Hardeep_Singh_vs_State_Of_Punjab_Ors_on_10_January_2014_1.PDF,Financial Fraud,SCC 1996 11 439,,,UNRESOLVED
Hardeep_Singh_vs_State_Of_Punjab_Ors_on_10_January_2014_1.PDF,Financial Fraud,SCC 2005 12 327,,,UNRESOLVED
Hardeep_Singh_vs_State_Of_Punjab_Ors_on_10_January_2014_1.PDF,Financial Fraud,SCC 2013 6 384,,,UNRESOLVED
Hardeep_Singh_vs_State_Of_Punjab_Ors_on_10_January_2014_1.PDF,Financial Fraud,SCC 1990 4 580,,,UNRESOLVED
K_Saravanan_Karuppasamy_Anr_vs_State_Of_T_Nadu_Ors_on_16_September_2014_1.PDF,Financial Fraud,SCC 2010 3 571,,,UNRESOLVED
Mosiruddin_Munshi_vs_Md_Siraj_Anr_on_9_May_2014_1.PDF,Financial Fraud,SCC 2000 4 168,,,UNRESOLVED
Mosiruddin_Munshi_vs_Md_Siraj_Anr_on_9_May_2014_1.PDF,Financial Fraud,SCC 2005 13 699,,,UNRESOLVED
Mosiruddin_Munshi_vs_Md_Siraj_Anr_on_9_May_2014_1.PDF,Financial Fraud,SCC 2006 6 669,,,UNRESOLVED
Mosiruddin_Munshi_vs_Md_Siraj_Anr_on_9_May_2014_1.PDF,Financial Fraud,SCC 2009 1 516,,,UNRESOLVED
Mosiruddin_Munshi_vs_Md_Siraj_Anr_on_9_May_2014_1.PDF,Financial Fraud,SCC 2009 4 443,,,UNRESOLVED
Prem_Kumar_Gulati_vs_State_Of_Haryana_Anr_on_23_September_2014_1.PDF,Financial Fraud,AIR 1958 SC 22,,,UNRESOLVED
Prem_Kumar_Gulati_vs_State_Of_Haryana_Anr_on_23_September_2014_1.PDF,Financial Fraud,AIR 1962 SC 439,,,UNRESOLVED
Prem_Kumar_Gulati_vs_State_Of_Haryana_Anr_on_23_September_2014_1.PDF,Financial Fraud,SCC 2006 3 161,,,UNRESOLVED
Prem_Kumar_Gulati_vs_State_Of_Haryana_Anr_on_23_September_2014_1.PDF,Financial Fraud,SCC 2007 9 151,,,UNRESOLVED
Prem_Kumar_Gulati_vs_State_Of_Haryana_Anr_on_23_September_2014_1.PDF,Financial Fraud,SCC 2003 2 473,,,UNRESOLVED
Prem_Kumar_Gulati_vs_State_Of_Haryana_Anr_on_23_September_2014_1.PDF,Financial Fraud,SCC 1975 3 241,,,UNRESOLVED
Prem_Kumar_Gulati_vs_State_Of_Haryana_Anr_on_23_September_2014_1.PDF,Financial Fraud,SCC 1976 3 618,,,UNRESOLVED
Prem_Kumar_Gulati_vs_State_Of_Haryana_Anr_on_23_September_2014_1.PDF,Financial Fraud,SCC 1970 2 113,,,UNRESOLVED
Prem_Kumar_Gulati_vs_State_Of_Haryana_Anr_on_23_September_2014_1.PDF,Financial Fraud,SCC 1971 3 767,Lallubhai_Devchand_Shah_And_Ors_vs_The_State_Of_Gujarat_on_3_November_1971_1.PDF,Violent Crime / Homicide,CROSS_DOMAIN
Prem_Kumar_Gulati_vs_State_Of_Haryana_Anr_on_23_September_2014_1.PDF,Financial Fraud,SCC 1973 2 808,,,UNRESOLVED
Prem_Kumar_Gulati_vs_State_Of_Haryana_Anr_on_23_September_2014_1.PDF,Financial Fraud,SCC 1974 3 227,,,UNRESOLVED
Rajib_Ranjan_Ors_vs_R_Vijaykumar_on_14_October_2014_1.PDF,Financial Fraud,SCC 2007 4 766,,,UNRESOLVED
Rajib_Ranjan_Ors_vs_R_Vijaykumar_on_14_October_2014_1.PDF,Financial Fraud,SCC 1993 2 567,State_Of_Maharashtra_vs_Dr_Budhikota_Subharao_on_16_March_1993_1.PDF,,OUTSIDE_DOMAINS
Rajib_Ranjan_Ors_vs_R_Vijaykumar_on_14_October_2014_1.PDF,Financial Fraud,SCC 1997 5 326,,,UNRESOLVED
Rajib_Ranjan_Ors_vs_R_Vijaykumar_on_14_October_2014_1.PDF,Financial Fraud,SCC 2006 6 736,,,UNRESOLVED
Rajib_Ranjan_Ors_vs_R_Vijaykumar_on_14_October_2014_1.PDF,Financial Fraud,SCC 2000 2 636,,,UNRESOLVED
Rajib_Ranjan_Ors_vs_R_Vijaykumar_on_14_October_2014_1.PDF,Financial Fraud,SCC 2007 12 1,,,UNRESOLVED
State_Of_Maharashtra_Trhu_Cbi_vs_Vikram_Anantrai_Doshi_Ors_on_19_September_2014_1.PDF,Financial Fraud,AIR 2012 SCW 5333,,,UNRESOLVED
State_Of_Maharashtra_Trhu_Cbi_vs_Vikram_Anantrai_Doshi_Ors_on_19_September_2014_1.PDF,Financial Fraud,SCC 2008 4 582,,,UNRESOLVED
State_Of_Maharashtra_Trhu_Cbi_vs_Vikram_Anantrai_Doshi_Ors_on_19_September_2014_1.PDF,Financial Fraud,SCC 2009 6 364,,,UNRESOLVED
State_Of_Maharashtra_Trhu_Cbi_vs_Vikram_Anantrai_Doshi_Ors_on_19_September_2014_1.PDF,Financial Fraud,SCC 1996 5 591,,,UNRESOLVED
State_Of_Maharashtra_Trhu_Cbi_vs_Vikram_Anantrai_Doshi_Ors_on_19_September_2014_1.PDF,Financial Fraud,SCC 2008 9 677,,,UNRESOLVED
State_Of_Maharashtra_Trhu_Cbi_vs_Vikram_Anantrai_Doshi_Ors_on_19_September_2014_1.PDF,Financial Fraud,SCC 2009 6 351,,,UNRESOLVED
State_Of_Maharashtra_Trhu_Cbi_vs_Vikram_Anantrai_Doshi_Ors_on_19_September_2014_1.PDF,Financial Fraud,SCC 2012 10 303,,,UNRESOLVED
State_Of_Maharashtra_Trhu_Cbi_vs_Vikram_Anantrai_Doshi_Ors_on_19_September_2014_1.PDF,Financial Fraud,SCC 2013 10 686,,,UNRESOLVED
State_Of_Nct_Of_Delhi_vs_Sanjay_on_4_September_2014_1.PDF,Financial Fraud,AIR 1955 SC 196,,,UNRESOLVED
State_Of_Nct_Of_Delhi_vs_Sanjay_on_4_September_2014_1.PDF,Financial Fraud,AIR 1944 PC 73,,,UNRESOLVED
State_Of_Nct_Of_Delhi_vs_Sanjay_on_4_September_2014_1.PDF,Financial Fraud,AIR 1950 PC 26,,,UNRESOLVED
State_Of_Nct_Of_Delhi_vs_Sanjay_on_4_September_2014_1.PDF,Financial Fraud,AIR 1953 SC 325,,,UNRESOLVED
State_Of_Nct_Of_Delhi_vs_Sanjay_on_4_September_2014_1.PDF,Financial Fraud,AIR 1961 SC 578,,,UNRESOLVED
State_Of_Nct_Of_Delhi_vs_Sanjay_on_4_September_2014_1.PDF,Financial Fraud,AIR 1969 SC 701,,,UNRESOLVED
State_Of_Nct_Of_Delhi_vs_Sanjay_on_4_September_2014_1.PDF,Financial Fraud,AIR 1958 SC 119,,,UNRESOLVED
State_Of_Nct_Of_Delhi_vs_Sanjay_on_4_September_2014_1.PDF,Financial Fraud,AIR 1965 SC 666,,,UNRESOLVED
State_Of_Nct_Of_Delhi_vs_Sanjay_on_4_September_2014_1.PDF,Financial Fraud,AIR 1956 SC 140,Thakur_Pratap_Singh_vs_Shri_Krishna_Gupta_And_Ors_on_2_December_1955_1.PDF,,OUTSIDE_DOMAINS
State_Of_Nct_Of_Delhi_vs_Sanjay_on_4_September_2014_1.PDF,Financial Fraud,AIR 1961 SC 751,,,UNRESOLVED
State_Of_Nct_Of_Delhi_vs_Sanjay_on_4_September_2014_1.PDF,Financial Fraud,SCC 2009 7 526,,,UNRESOLVED
State_Of_Nct_Of_Delhi_vs_Sanjay_on_4_September_2014_1.PDF,Financial Fraud,SCC 2011 1 534,,,UNRESOLVED
State_Of_Nct_Of_Delhi_vs_Sanjay_on_4_September_2014_1.PDF,Financial Fraud,SCC 2012 3 1,,,UNRESOLVED
State_Of_Nct_Of_Delhi_vs_Sanjay_on_4_September_2014_1.PDF,Financial Fraud,SCC 1997 1 388,,,UNRESOLVED
State_Of_Nct_Of_Delhi_vs_Sanjay_on_4_September_2014_1.PDF,Financial Fraud,SCC 2006 3 549,,,UNRESOLVED
State_Of_Nct_Of_Delhi_vs_Sanjay_on_4_September_2014_1.PDF,Financial Fraud,SCC 2014 2 532,,,UNRESOLVED
State_Of_Nct_Of_Delhi_vs_Sanjay_on_4_September_2014_1.PDF,Financial Fraud,SCC 2000 5 88,,,UNRESOLVED
State_Of_Nct_Of_Delhi_vs_Sanjay_on_4_September_2014_1.PDF,Financial Fraud,SCC 1994 3 440,,,UNRESOLVED
State_Of_Nct_Of_Delhi_vs_Sanjay_on_4_September_2014_1.PDF,Financial Fraud,SCC 1988 4 655,,,UNRESOLVED
State_Of_Nct_Of_Delhi_vs_Sanjay_on_4_September_2014_1.PDF,Financial Fraud,SCC 2003 2 152,,,UNRESOLVED
State_Of_Nct_Of_Delhi_vs_Sanjay_on_4_September_2014_1.PDF,Financial Fraud,SCC 2011 1 534,,,UNRESOLVED
State_Of_Nct_Of_Delhi_vs_Sanjay_on_4_September_2014_1.PDF,Financial Fraud,SCR 1953 730,Maqbool_Hussain_vs_The_State_Of_Bombay_Jagjit_Singhv_The_on_17_April_1953_1.PDF,Organized Crime / Extortion,CROSS_DOMAIN
Subrata_Roy_Sahara_vs_Uoi_Ors_on_6_May_2014_1.PDF,Financial Fraud,AIR 1967 SC 1,,,UNRESOLVED
Subrata_Roy_Sahara_vs_Uoi_Ors_on_6_May_2014_1.PDF,Financial Fraud,AIR 1995 SC 1935,,,UNRESOLVED
Subrata_Roy_Sahara_vs_Uoi_Ors_on_6_May_2014_1.PDF,Financial Fraud,AIR 1988 SC 2127,,,UNRESOLVED
Subrata_Roy_Sahara_vs_Uoi_Ors_on_6_May_2014_1.PDF,Financial Fraud,AIR 1989 SC 232,,,UNRESOLVED
Subrata_Roy_Sahara_vs_Uoi_Ors_on_6_May_2014_1.PDF,Financial Fraud,AIR 1967 SC 1,,,UNRESOLVED
Subrata_Roy_Sahara_vs_Uoi_Ors_on_6_May_2014_1.PDF,Financial Fraud,AIR 1961 SC 1457,,,UNRESOLVED
Subrata_Roy_Sahara_vs_Uoi_Ors_on_6_May_2014_1.PDF,Financial Fraud,AIR 1963 SC 1413,,,UNRESOLVED
Subrata_Roy_Sahara_vs_Uoi_Ors_on_6_May_2014_1.PDF,Financial Fraud,AIR 1976 SC 1084,,,UNRESOLVED
Subrata_Roy_Sahara_vs_Uoi_Ors_on_6_May_2014_1.PDF,Financial Fraud,SCC 1988 2 602,,,UNRESOLVED
Subrata_Roy_Sahara_vs_Uoi_Ors_on_6_May_2014_1.PDF,Financial Fraud,SCC 2002 4 388,,,UNRESOLVED
Subrata_Roy_Sahara_vs_Uoi_Ors_on_6_May_2014_1.PDF,Financial Fraud,SCC 2009 8 106,,,UNRESOLVED
Subrata_Roy_Sahara_vs_Uoi_Ors_on_6_May_2014_1.PDF,Financial Fraud,SCC 2009 2 164,,,UNRESOLVED
Subrata_Roy_Sahara_vs_Uoi_Ors_on_6_May_2014_1.PDF,Financial Fraud,SCC 2012 1 273,,,UNRESOLVED
Subrata_Roy_Sahara_vs_Uoi_Ors_on_6_May_2014_1.PDF,Financial Fraud,SCC 2006 5 1,,,UNRESOLVED
Subrata_Roy_Sahara_vs_Uoi_Ors_on_6_May_2014_1.PDF,Financial Fraud,SCC 1998 4 409,,,UNRESOLVED
Subrata_Roy_Sahara_vs_Uoi_Ors_on_6_May_2014_1.PDF,Financial Fraud,SCC 1989 1 405,,,UNRESOLVED
Subrata_Roy_Sahara_vs_Uoi_Ors_on_6_May_2014_1.PDF,Financial Fraud,SCC 2013 10 618,,,UNRESOLVED
Subrata_Roy_Sahara_vs_Uoi_Ors_on_6_May_2014_1.PDF,Financial Fraud,SCC 2005 4 468,,,UNRESOLVED
Subrata_Roy_Sahara_vs_Uoi_Ors_on_6_May_2014_1.PDF,Financial Fraud,SCC 1999 5 672,,,UNRESOLVED
Subrata_Roy_Sahara_vs_Uoi_Ors_on_6_May_2014_1.PDF,Financial Fraud,SCC 2010 6 230,,,UNRESOLVED
Subrata_Roy_Sahara_vs_Uoi_Ors_on_6_May_2014_1.PDF,Financial Fraud,SCC 2007 6 528,,,UNRESOLVED
Subrata_Roy_Sahara_vs_Uoi_Ors_on_6_May_2014_1.PDF,Financial Fraud,SCC 2002 2 420,,,UNRESOLVED
Subrata_Roy_Sahara_vs_Uoi_Ors_on_6_May_2014_1.PDF,Financial Fraud,SCC 2009 6 652,,,UNRESOLVED
Subrata_Roy_Sahara_vs_Uoi_Ors_on_6_May_2014_1.PDF,Financial Fraud,SCC 2007 11 243,,,UNRESOLVED
Subrata_Roy_Sahara_vs_Uoi_Ors_on_6_May_2014_1.PDF,Financial Fraud,SCC 2002 4 578,,,UNRESOLVED
Subrata_Roy_Sahara_vs_Uoi_Ors_on_6_May_2014_1.PDF,Financial Fraud,SCC 1998 7 507,,,UNRESOLVED
Subrata_Roy_Sahara_vs_Uoi_Ors_on_6_May_2014_1.PDF,Financial Fraud,SCC 1999 7 604,,,UNRESOLVED
Subrata_Roy_Sahara_vs_Uoi_Ors_on_6_May_2014_1.PDF,Financial Fraud,SCC 1980 2 360,,,UNRESOLVED
Subrata_Roy_Sahara_vs_Uoi_Ors_on_6_May_2014_1.PDF,Financial Fraud,SCC 1978 1 248,Mrs_Maneka_Gandhi_vs_Union_Of_India_Uoi_And_Anr_on_25_January_1978_1.PDF,Organized Crime / Extortion,CROSS_DOMAIN
Subrata_Roy_Sahara_vs_Uoi_Ors_on_6_May_2014_1.PDF,Financial Fraud,SCC 1978 4 494,,,UNRESOLVED
Subrata_Roy_Sahara_vs_Uoi_Ors_on_6_May_2014_1.PDF,Financial Fraud,SCC 1979 2 656,,,UNRESOLVED
Subrata_Roy_Sahara_vs_Uoi_Ors_on_6_May_2014_1.PDF,Financial Fraud,SCC 2000 1 278,,,UNRESOLVED
Subrata_Roy_Sahara_vs_Uoi_Ors_on_6_May_2014_1.PDF,Financial Fraud,SCC 1998 4 409,,,UNRESOLVED
Subrata_Roy_Sahara_vs_Uoi_Ors_on_6_May_2014_1.PDF,Financial Fraud,SCC 2000 1 278,,,UNRESOLVED
Subrata_Roy_Sahara_vs_Uoi_Ors_on_6_May_2014_1.PDF,Financial Fraud,SCC 1988 2 764,,,UNRESOLVED
Subrata_Roy_Sahara_vs_Uoi_Ors_on_6_May_2014_1.PDF,Financial Fraud,SCC 1972 3 256,Col_Dr_B_Ramachandra_Rao_vs_The_State_Of_Orissa_And_Ors_on_11_August_1971_1.PDF,,OUTSIDE_DOMAINS
Subrata_Roy_Sahara_vs_Uoi_Ors_on_6_May_2014_1.PDF,Financial Fraud,SCC 1983 4 7,Jharia_S_O_Maniya_vs_State_Of_Rajasthan_And_Another_on_21_July_1983_1.PDF,Violent Crime / Homicide,CROSS_DOMAIN
Subrata_Roy_Sahara_vs_Uoi_Ors_on_6_May_2014_1.PDF,Financial Fraud,SCC 1980 2 401,,,UNRESOLVED
Subrata_Roy_Sahara_vs_Uoi_Ors_on_6_May_2014_1.PDF,Financial Fraud,SCC 1991 4 304,,,UNRESOLVED
Subrata_Roy_Sahara_vs_Uoi_Ors_on_6_May_2014_1.PDF,Financial Fraud,SCC 2013 1 314,,,UNRESOLVED
Subrata_Roy_Sahara_vs_Uoi_Ors_on_6_May_2014_1.PDF,Financial Fraud,SCC 1973 2 674,,,UNRESOLVED
Subrata_Roy_Sahara_vs_Uoi_Ors_on_6_May_2014_1.PDF,Financial Fraud,SCC 2011 10 781,,,UNRESOLVED
Subrata_Roy_Sahara_vs_Uoi_Ors_on_6_May_2014_1.PDF,Financial Fraud,SCC 1972 3 256,Col_Dr_B_Ramachandra_Rao_vs_The_State_Of_Orissa_And_Ors_on_11_August_1971_1.PDF,,OUTSIDE_DOMAINS
Subrata_Roy_Sahara_vs_Uoi_Ors_on_6_May_2014_1.PDF,Financial Fraud,SCC 1980 2 360,,,UNRESOLVED
Subrata_Roy_Sahara_vs_Uoi_Ors_on_6_May_2014_1.PDF,Financial Fraud,SCC 1988 2 602,,,UNRESOLVED
Subrata_Roy_Sahara_vs_Uoi_Ors_on_6_May_2014_1.PDF,Financial Fraud,SCR 1964 1 495,,,UNRESOLVED
Subrata_Roy_Sahara_vs_Uoi_Ors_on_6_May_2014_1.PDF,Financial Fraud,SCR 1953 185,Bhatia_Co_Operative_Housingsociety_vs_D_C_Patel_on_5_November_1952_1.PDF,,OUTSIDE_DOMAINS
Subrata_Roy_Sahara_vs_Uoi_Ors_on_6_May_2014_1.PDF,Financial Fraud,SCR 1952 284,The_State_Of_West_Bengal_vs_Anwar_All_Sarkarhabib_Mohamed_The_on_11_January_1952_1.PDF,Organized Crime / Extortion; Violent Crime / Homicide,CROSS_DOMAIN
Vijayander_Kumar_Ors_vs_State_Of_Rajasthan_Anr_on_11_February_2014_1.PDF,Financial Fraud,SCC 2011 13 412,,,UNRESOLVED
Vijayander_Kumar_Ors_vs_State_Of_Rajasthan_Anr_on_11_February_2014_1.PDF,Financial Fraud,SCC 2009 14 696,,,UNRESOLVED
Vijayander_Kumar_Ors_vs_State_Of_Rajasthan_Anr_on_11_February_2014_1.PDF,Financial Fraud,SCC 2005 10 228,,,UNRESOLVED
Vijayander_Kumar_Ors_vs_State_Of_Rajasthan_Anr_on_11_February_2014_1.PDF,Financial Fraud,SCC 2009 1 516,,,UNRESOLVED
Vijayander_Kumar_Ors_vs_State_Of_Rajasthan_Anr_on_11_February_2014_1.PDF,Financial Fraud,SCC 2009 7 495,,,UNRESOLVED
Vijayander_Kumar_Ors_vs_State_Of_Rajasthan_Anr_on_11_February_2014_1.PDF,Financial Fraud,SCC 2009 11 529,,,UNRESOLVED
Vinod_Kumar_vs_State_Of_Kerala_on_4_April_2014_1.PDF,Financial Fraud,SCC 2013 9 113,,,UNRESOLVED
Vishal_Agrawal_Anr_vs_Chattisgarh_State_Electricity_Board_on_29_January_2014_1.PDF,Financial Fraud,AIR 2007 CAL 189,,,UNRESOLVED
Vishal_Agrawal_Anr_vs_Chattisgarh_State_Electricity_Board_on_29_January_2014_1.PDF,Financial Fraud,AIR 2007 CAL 189,,,UNRESOLVED
Vishal_Agrawal_Anr_vs_Chattisgarh_State_Electricity_Board_on_29_January_2014_1.PDF,Financial Fraud,SCR 1983 3 836,,,UNRESOLVED
C_B_I_vs_Maninder_Singh_on_28_August_2015_1.PDF,Financial Fraud,SCC 2008 9 677,,,UNRESOLVED
C_B_I_vs_Maninder_Singh_on_28_August_2015_1.PDF,Financial Fraud,SCC 2009 6 364,,,UNRESOLVED
C_B_I_vs_Maninder_Singh_on_28_August_2015_1.PDF,Financial Fraud,SCC 2012 10 303,,,UNRESOLVED
C_B_I_vs_Maninder_Singh_on_28_August_2015_1.PDF,Financial Fraud,SCC 2011 10 705,,,UNRESOLVED
Gautam_Kundu_vs_Manoj_Kumar_Assistant_Director_on_16_December_2015_1.PDF,Financial Fraud,SCC 2010 8 24,,,UNRESOLVED
Gautam_Kundu_vs_Manoj_Kumar_Assistant_Director_on_16_December_2015_1.PDF,Financial Fraud,SCC 2001 4 534,,,UNRESOLVED
Gautam_Kundu_vs_Manoj_Kumar_Assistant_Director_on_16_December_2015_1.PDF,Financial Fraud,SCC 2007 8 593,,,UNRESOLVED
Gautam_Kundu_vs_Manoj_Kumar_Assistant_Director_on_16_December_2015_1.PDF,Financial Fraud,SCC 1969 2 166,,,UNRESOLVED
Gautam_Kundu_vs_Manoj_Kumar_Assistant_Director_on_16_December_2015_1.PDF,Financial Fraud,SCC 2014 8 768,,,UNRESOLVED
Gautam_Kundu_vs_Manoj_Kumar_Assistant_Director_on_16_December_2015_1.PDF,Financial Fraud,SCC 2013 7 439,,,UNRESOLVED
Gautam_Kundu_vs_Manoj_Kumar_Assistant_Director_on_16_December_2015_1.PDF,Financial Fraud,SCC 2011 10 235,,,UNRESOLVED
Gautam_Kundu_vs_Manoj_Kumar_Assistant_Director_on_16_December_2015_1.PDF,Financial Fraud,SCR 1961 1 970,,,UNRESOLVED
Gautam_Kundu_vs_Manoj_Kumar_Assistant_Director_on_16_December_2015_1.PDF,Financial Fraud,SCR 1982 272,,,UNRESOLVED
Krishna_Bhatacharjee_vs_Sarathi_Choudhury_And_Anr_on_20_November_2015_1.PDF,Financial Fraud,AIR 1979 GUJ 209,,,UNRESOLVED
Krishna_Bhatacharjee_vs_Sarathi_Choudhury_And_Anr_on_20_November_2015_1.PDF,Financial Fraud,AIR 1980 MAD 294,,,UNRESOLVED
Krishna_Bhatacharjee_vs_Sarathi_Choudhury_And_Anr_on_20_November_2015_1.PDF,Financial Fraud,SCC 2007 7 394,,,UNRESOLVED
Krishna_Bhatacharjee_vs_Sarathi_Choudhury_And_Anr_on_20_November_2015_1.PDF,Financial Fraud,SCC 2011 6 508,,,UNRESOLVED
Krishna_Bhatacharjee_vs_Sarathi_Choudhury_And_Anr_on_20_November_2015_1.PDF,Financial Fraud,SCC 2011 12 588,,,UNRESOLVED
Krishna_Bhatacharjee_vs_Sarathi_Choudhury_And_Anr_on_20_November_2015_1.PDF,Financial Fraud,SCC 2012 3 183,,,UNRESOLVED
Krishna_Bhatacharjee_vs_Sarathi_Choudhury_And_Anr_on_20_November_2015_1.PDF,Financial Fraud,SCC 2014 3 712,,,UNRESOLVED
Krishna_Bhatacharjee_vs_Sarathi_Choudhury_And_Anr_on_20_November_2015_1.PDF,Financial Fraud,SCC 2010 10 469,,,UNRESOLVED
Krishna_Bhatacharjee_vs_Sarathi_Choudhury_And_Anr_on_20_November_2015_1.PDF,Financial Fraud,SCC 2005 3 636,,,UNRESOLVED
Krishna_Bhatacharjee_vs_Sarathi_Choudhury_And_Anr_on_20_November_2015_1.PDF,Financial Fraud,SCC 1993 1 325,Jeet_Singh_And_Ors_vs_State_Of_U_P_And_Ors_on_25_November_1992_1.PDF,Organized Crime / Extortion,CROSS_DOMAIN
Krishna_Bhatacharjee_vs_Sarathi_Choudhury_And_Anr_on_20_November_2015_1.PDF,Financial Fraud,SCC 2001 4 125,,,UNRESOLVED
Krishna_Bhatacharjee_vs_Sarathi_Choudhury_And_Anr_on_20_November_2015_1.PDF,Financial Fraud,SCC 1985 2 370,,,UNRESOLVED
Krishna_Bhatacharjee_vs_Sarathi_Choudhury_And_Anr_on_20_November_2015_1.PDF,Financial Fraud,SCC 1997 2 397,,,UNRESOLVED
Krishna_Bhatacharjee_vs_Sarathi_Choudhury_And_Anr_on_20_November_2015_1.PDF,Financial Fraud,SCC 1984 4 222,,,UNRESOLVED
Krishna_Bhatacharjee_vs_Sarathi_Choudhury_And_Anr_on_20_November_2015_1.PDF,Financial Fraud,SCC 1972 2 890,,,UNRESOLVED
K_Anbazhagan_vs_State_Of_Karnataka_And_Others_on_15_April_2015_1.PDF,Financial Fraud,AIR 2001 SC 3435,,,UNRESOLVED
K_Anbazhagan_vs_State_Of_Karnataka_And_Others_on_15_April_2015_1.PDF,Financial Fraud,SCC 2004 3 767,,,UNRESOLVED
K_Anbazhagan_vs_State_Of_Karnataka_And_Others_on_15_April_2015_1.PDF,Financial Fraud,SCC 2014 2 401,,,UNRESOLVED
K_Anbazhagan_vs_State_Of_Karnataka_And_Others_on_15_April_2015_1.PDF,Financial Fraud,SCC 2004 3 767,,,UNRESOLVED
K_Anbazhagan_vs_State_Of_Karnataka_And_Others_on_15_April_2015_1.PDF,Financial Fraud,SCC 2008 10 180,,,UNRESOLVED
K_Anbazhagan_vs_State_Of_Karnataka_And_Others_on_15_April_2015_1.PDF,Financial Fraud,SCC 2004 3 767,,,UNRESOLVED
K_Anbazhagan_vs_State_Of_Karnataka_And_Others_on_15_April_2015_1.PDF,Financial Fraud,SCC 2004 3 767,,,UNRESOLVED
K_Anbazhagan_vs_State_Of_Karnataka_And_Others_on_15_April_2015_1.PDF,Financial Fraud,SCC 2004 3 767,,,UNRESOLVED
K_Anbazhagan_vs_State_Of_Karnataka_And_Others_on_15_April_2015_1.PDF,Financial Fraud,SCC 2004 3 767,,,UNRESOLVED
K_Anbazhagan_vs_State_Of_Karnataka_And_Others_on_15_April_2015_1.PDF,Financial Fraud,SCC 2014 2 401,,,UNRESOLVED
K_Anbazhagan_vs_State_Of_Karnataka_And_Others_on_15_April_2015_1.PDF,Financial Fraud,SCC 1999 7 467,,,UNRESOLVED
K_Anbazhagan_vs_State_Of_Karnataka_And_Others_on_15_April_2015_1.PDF,Financial Fraud,SCC 1970 1 665,,,UNRESOLVED
K_Anbazhagan_vs_State_Of_Karnataka_And_Others_on_15_April_2015_1.PDF,Financial Fraud,SCC 2004 3 767,,,UNRESOLVED
K_Anbazhagan_vs_State_Of_Karnataka_And_Others_on_15_April_2015_1.PDF,Financial Fraud,SCC 1999 5 138,,,UNRESOLVED
K_Anbazhagan_vs_State_Of_Karnataka_And_Others_on_15_April_2015_1.PDF,Financial Fraud,SCC 2004 3 767,,,UNRESOLVED
K_Anbazhagan_vs_State_Of_Karnataka_And_Others_on_15_April_2015_1.PDF,Financial Fraud,SCC 2014 2 401,,,UNRESOLVED
K_Anbazhagan_vs_State_Of_Karnataka_And_Others_on_15_April_2015_1.PDF,Financial Fraud,SCC 2004 3 767,,,UNRESOLVED
K_Anbazhagan_vs_State_Of_Karnataka_And_Others_on_15_April_2015_1.PDF,Financial Fraud,SCC 2008 10 180,,,UNRESOLVED
K_Anbazhagan_vs_State_Of_Karnataka_And_Others_on_15_April_2015_1.PDF,Financial Fraud,SCC 2004 3 767,,,UNRESOLVED
K_Anbazhagan_vs_State_Of_Karnataka_And_Others_on_15_April_2015_1.PDF,Financial Fraud,SCC 1971 2 369,,,UNRESOLVED
K_Anbazhagan_vs_State_Of_Karnataka_And_Others_on_15_April_2015_1.PDF,Financial Fraud,SCC 1981 3 132,,,UNRESOLVED
K_Anbazhagan_vs_State_Of_Karnataka_And_Others_on_15_April_2015_1.PDF,Financial Fraud,SCC 2014 2 401,,,UNRESOLVED
K_Anbazhagan_vs_State_Of_Karnataka_And_Others_on_15_April_2015_1.PDF,Financial Fraud,SCR 1967 2 347,,,UNRESOLVED
K_Anbazhagan_vs_State_Of_Karnataka_And_Others_on_15_April_2015_1.PDF,Financial Fraud,SCR 1967 2 347,,,UNRESOLVED
Madras_Bar_Association_vs_Union_Of_India_Anr_on_14_May_2015_1.PDF,Financial Fraud,SCC 2010 11 1,,,UNRESOLVED
Madras_Bar_Association_vs_Union_Of_India_Anr_on_14_May_2015_1.PDF,Financial Fraud,SCC 2014 10 1,,,UNRESOLVED
Manohar_Singh_vs_State_Of_Rajasthan_And_Ors_on_16_January_2015_1.PDF,Financial Fraud,SCC 1988 4 551,,,UNRESOLVED
Manohar_Singh_vs_State_Of_Rajasthan_And_Ors_on_16_January_2015_1.PDF,Financial Fraud,SCC 1978 4 111,,,UNRESOLVED
Manohar_Singh_vs_State_Of_Rajasthan_And_Ors_on_16_January_2015_1.PDF,Financial Fraud,SCC 1994 4 29,Balraj_vs_State_Of_U_P_on_12_April_1994_1.PDF,Violent Crime / Homicide,CROSS_DOMAIN
Manohar_Singh_vs_State_Of_Rajasthan_And_Ors_on_16_January_2015_1.PDF,Financial Fraud,SCC 1995 6 593,Baldev_Singh_Anr_vs_State_Of_Punjab_on_13_October_1995_1.PDF,Violent Crime / Homicide,CROSS_DOMAIN
Manohar_Singh_vs_State_Of_Rajasthan_And_Ors_on_16_January_2015_1.PDF,Financial Fraud,SCC 2007 6 528,,,UNRESOLVED
Manohar_Singh_vs_State_Of_Rajasthan_And_Ors_on_16_January_2015_1.PDF,Financial Fraud,SCC 2000 7 75,,,UNRESOLVED
Manohar_Singh_vs_State_Of_Rajasthan_And_Ors_on_16_January_2015_1.PDF,Financial Fraud,SCC 2010 9 486,,,UNRESOLVED
Manohar_Singh_vs_State_Of_Rajasthan_And_Ors_on_16_January_2015_1.PDF,Financial Fraud,SCC 1998 7 392,,,UNRESOLVED
Manohar_Singh_vs_State_Of_Rajasthan_And_Ors_on_16_January_2015_1.PDF,Financial Fraud,SCC 2013 6 770,,,UNRESOLVED
Manohar_Singh_vs_State_Of_Rajasthan_And_Ors_on_16_January_2015_1.PDF,Financial Fraud,SCC 2010 6 230,,,UNRESOLVED
Mr_Robert_John_D_Souza_Ors_vs_Mr_Stephen_V_Gomes_Anr_on_21_July_2015.PDF,Financial Fraud,AIR 1968 SC 700,,,UNRESOLVED
Mr_Robert_John_D_Souza_Ors_vs_Mr_Stephen_V_Gomes_Anr_on_21_July_2015.PDF,Financial Fraud,SCC 2003 3 641,,,UNRESOLVED
Mr_Robert_John_D_Souza_Ors_vs_Mr_Stephen_V_Gomes_Anr_on_21_July_2015.PDF,Financial Fraud,SCC 1988 1 692,,,UNRESOLVED
Mr_Robert_John_D_Souza_Ors_vs_Mr_Stephen_V_Gomes_Anr_on_21_July_2015.PDF,Financial Fraud,SCC 2005 3 670,,,UNRESOLVED
Mr_Robert_John_D_Souza_Ors_vs_Mr_Stephen_V_Gomes_Anr_on_21_July_2015.PDF,Financial Fraud,SCC 2007 12 1,,,UNRESOLVED
Raj_Bala_vs_State_Of_Haryana_And_Ors_Etc_Etc_on_18_August_2015_1.PDF,Financial Fraud,SCC 2013 7 545,,,UNRESOLVED
Raj_Bala_vs_State_Of_Haryana_And_Ors_Etc_Etc_on_18_August_2015_1.PDF,Financial Fraud,SCC 2006 2 359,,,UNRESOLVED
Raj_Bala_vs_State_Of_Haryana_And_Ors_Etc_Etc_on_18_August_2015_1.PDF,Financial Fraud,SCC 1991 3 471,,,UNRESOLVED
Raj_Bala_vs_State_Of_Haryana_And_Ors_Etc_Etc_on_18_August_2015_1.PDF,Financial Fraud,SCC 2014 9 281,,,UNRESOLVED
Raj_Bala_vs_State_Of_Haryana_And_Ors_Etc_Etc_on_18_August_2015_1.PDF,Financial Fraud,SCC 2015 1 222,,,UNRESOLVED
Raj_Bala_vs_State_Of_Haryana_And_Ors_Etc_Etc_on_18_August_2015_1.PDF,Financial Fraud,SCC 2015 3 441,,,UNRESOLVED
Ramdev_Food_Products_Private_Limited_vs_State_Of_Gujarat_on_16_March_2015_1.PDF,Financial Fraud,AIR 1960 SC 801,,,UNRESOLVED
Ramdev_Food_Products_Private_Limited_vs_State_Of_Gujarat_on_16_March_2015_1.PDF,Financial Fraud,AIR 1957 SC 444,,,UNRESOLVED
Ramdev_Food_Products_Private_Limited_vs_State_Of_Gujarat_on_16_March_2015_1.PDF,Financial Fraud,SCC 1994 4 260,Joginder_Kumar_vs_State_Of_U_P_on_25_April_1994_1.PDF,,OUTSIDE_DOMAINS
Ramdev_Food_Products_Private_Limited_vs_State_Of_Gujarat_on_16_March_2015_1.PDF,Financial Fraud,SCC 2008 5 668,,,UNRESOLVED
Ramdev_Food_Products_Private_Limited_vs_State_Of_Gujarat_on_16_March_2015_1.PDF,Financial Fraud,SCC 1972 2 560,,,UNRESOLVED
Ramdev_Food_Products_Private_Limited_vs_State_Of_Gujarat_on_16_March_2015_1.PDF,Financial Fraud,SCC 2000 2 636,,,UNRESOLVED
Ramdev_Food_Products_Private_Limited_vs_State_Of_Gujarat_on_16_March_2015_1.PDF,Financial Fraud,SCC 2004 7 338,,,UNRESOLVED
Ramdev_Food_Products_Private_Limited_vs_State_Of_Gujarat_on_16_March_2015_1.PDF,Financial Fraud,SCC 2014 2 1,,,UNRESOLVED
Ramdev_Food_Products_Private_Limited_vs_State_Of_Gujarat_on_16_March_2015_1.PDF,Financial Fraud,SCC 2013 10 705,,,UNRESOLVED
Ramdev_Food_Products_Private_Limited_vs_State_Of_Gujarat_on_16_March_2015_1.PDF,Financial Fraud,SCC 1999 5 209,,,UNRESOLVED
Ramdev_Food_Products_Private_Limited_vs_State_Of_Gujarat_on_16_March_2015_1.PDF,Financial Fraud,SCC 2003 2 649,,,UNRESOLVED
Ramdev_Food_Products_Private_Limited_vs_State_Of_Gujarat_on_16_March_2015_1.PDF,Financial Fraud,SCC 2006 6 736,,,UNRESOLVED
Ramdev_Food_Products_Private_Limited_vs_State_Of_Gujarat_on_16_March_2015_1.PDF,Financial Fraud,SCC 1998 5 749,,,UNRESOLVED
Ramdev_Food_Products_Private_Limited_vs_State_Of_Gujarat_on_16_March_2015_1.PDF,Financial Fraud,SCC 1976 3 736,,,UNRESOLVED
Ramdev_Food_Products_Private_Limited_vs_State_Of_Gujarat_on_16_March_2015_1.PDF,Financial Fraud,SCC 1992 2 213,,,UNRESOLVED
Ramdev_Food_Products_Private_Limited_vs_State_Of_Gujarat_on_16_March_2015_1.PDF,Financial Fraud,SCC 2012 10 517,,,UNRESOLVED
Ramdev_Food_Products_Private_Limited_vs_State_Of_Gujarat_on_16_March_2015_1.PDF,Financial Fraud,SCC 2009 2 363,,,UNRESOLVED
Ramdev_Food_Products_Private_Limited_vs_State_Of_Gujarat_on_16_March_2015_1.PDF,Financial Fraud,SCC 1976 3 252,,,UNRESOLVED
Ramdev_Food_Products_Private_Limited_vs_State_Of_Gujarat_on_16_March_2015_1.PDF,Financial Fraud,SCC 2013 2 488,,,UNRESOLVED
Ramdev_Food_Products_Private_Limited_vs_State_Of_Gujarat_on_16_March_2015_1.PDF,Financial Fraud,SCC 2013 5 615,,,UNRESOLVED
Ramdev_Food_Products_Private_Limited_vs_State_Of_Gujarat_on_16_March_2015_1.PDF,Financial Fraud,SCC 2010 4 185,,,UNRESOLVED
Ramdev_Food_Products_Private_Limited_vs_State_Of_Gujarat_on_16_March_2015_1.PDF,Financial Fraud,SCR 1960 3 177,,,UNRESOLVED
Ramdev_Food_Products_Private_Limited_vs_State_Of_Gujarat_on_16_March_2015_1.PDF,Financial Fraud,SCR 1957 370,Harish_Chandra_Bajpai_vs_Triloki_Singh_on_21_December_1956_1.PDF,,OUTSIDE_DOMAINS
Ramdev_Food_Products_Private_Limited_vs_State_Of_Gujarat_on_16_March_2015_1.PDF,Financial Fraud,SCR 1964 1 639,,,UNRESOLVED
Ramdev_Food_Products_Private_Limited_vs_State_Of_Gujarat_on_16_March_2015_1.PDF,Financial Fraud,SCR 1955 1 1150,,,UNRESOLVED
Reserve_Bank_Of_India_vs_Jayantilal_N_Mistry_on_16_December_2015_1.PDF,Financial Fraud,AIR 1975 SC 865,,,UNRESOLVED
Reserve_Bank_Of_India_vs_Jayantilal_N_Mistry_on_16_December_2015_1.PDF,Financial Fraud,AIR 1982 SC 149,S_P_Gupta_vs_President_Of_India_And_Ors_on_30_December_1981_1.PDF,Organized Crime / Extortion,CROSS_DOMAIN
Reserve_Bank_Of_India_vs_Jayantilal_N_Mistry_on_16_December_2015_1.PDF,Financial Fraud,AIR 2002 SC 2112,Union_Of_India_Uoi_vs_Association_For_Democratic_Reforms_And_on_2_May_2002_1.PDF,,OUTSIDE_DOMAINS
Reserve_Bank_Of_India_vs_Jayantilal_N_Mistry_on_16_December_2015_1.PDF,Financial Fraud,AIR 1993 SC 1435,,,UNRESOLVED
Reserve_Bank_Of_India_vs_Jayantilal_N_Mistry_on_16_December_2015_1.PDF,Financial Fraud,SCC 2011 8 497,,,UNRESOLVED
Reserve_Bank_Of_India_vs_Jayantilal_N_Mistry_on_16_December_2015_1.PDF,Financial Fraud,SCC 2003 4 399,,,UNRESOLVED
Reserve_Bank_Of_India_vs_Jayantilal_N_Mistry_on_16_December_2015_1.PDF,Financial Fraud,SCC 2011 8 497,,,UNRESOLVED
Reserve_Bank_Of_India_vs_Jayantilal_N_Mistry_on_16_December_2015_1.PDF,Financial Fraud,SCC 2004 4 311,,,UNRESOLVED
R_Dineshkumar_Deena_vs_State_Rep_By_Inspector_Of_Police_And_Ors_on_16_March_2015_1.PDF,Financial Fraud,AIR 1961 SC 1762,,,UNRESOLVED
R_Dineshkumar_Deena_vs_State_Rep_By_Inspector_Of_Police_And_Ors_on_16_March_2015_1.PDF,Financial Fraud,AIR 1963 SC 1850,,,UNRESOLVED
R_Dineshkumar_Deena_vs_State_Rep_By_Inspector_Of_Police_And_Ors_on_16_March_2015_1.PDF,Financial Fraud,AIR 1954 ALL 501,,,UNRESOLVED
R_Dineshkumar_Deena_vs_State_Rep_By_Inspector_Of_Police_And_Ors_on_16_March_2015_1.PDF,Financial Fraud,AIR 1968 SC 938,,,UNRESOLVED
R_Dineshkumar_Deena_vs_State_Rep_By_Inspector_Of_Police_And_Ors_on_16_March_2015_1.PDF,Financial Fraud,SCC 2005 11 600,,,UNRESOLVED
R_Dineshkumar_Deena_vs_State_Rep_By_Inspector_Of_Police_And_Ors_on_16_March_2015_1.PDF,Financial Fraud,SCC 2000 1 285,,,UNRESOLVED
R_Dineshkumar_Deena_vs_State_Rep_By_Inspector_Of_Police_And_Ors_on_16_March_2015_1.PDF,Financial Fraud,SCC 1978 2 424,,,UNRESOLVED
R_Dineshkumar_Deena_vs_State_Rep_By_Inspector_Of_Police_And_Ors_on_16_March_2015_1.PDF,Financial Fraud,SCC 1988 2 602,,,UNRESOLVED
R_Dineshkumar_Deena_vs_State_Rep_By_Inspector_Of_Police_And_Ors_on_16_March_2015_1.PDF,Financial Fraud,SCR 1968 2 624,,,UNRESOLVED
Sirajul_Ors_vs_The_State_Of_U_P_Anr_on_6_July_2015_1.PDF,Financial Fraud,SCC 1978 1 248,Mrs_Maneka_Gandhi_vs_Union_Of_India_Uoi_And_Anr_on_25_January_1978_1.PDF,Organized Crime / Extortion,CROSS_DOMAIN
Sirajul_Ors_vs_The_State_Of_U_P_Anr_on_6_July_2015_1.PDF,Financial Fraud,SCC 1980 1 81,,,UNRESOLVED
Sirajul_Ors_vs_The_State_Of_U_P_Anr_on_6_July_2015_1.PDF,Financial Fraud,SCC 1992 1 225,,,UNRESOLVED
Sirajul_Ors_vs_The_State_Of_U_P_Anr_on_6_July_2015_1.PDF,Financial Fraud,SCC 2002 4 578,,,UNRESOLVED
Sirajul_Ors_vs_The_State_Of_U_P_Anr_on_6_July_2015_1.PDF,Financial Fraud,SCC 2007 7 394,,,UNRESOLVED
Sirajul_Ors_vs_The_State_Of_U_P_Anr_on_6_July_2015_1.PDF,Financial Fraud,SCC 2009 3 355,,,UNRESOLVED
Sirajul_Ors_vs_The_State_Of_U_P_Anr_on_6_July_2015_1.PDF,Financial Fraud,SCC 2012 8 495,,,UNRESOLVED
Sirajul_Ors_vs_The_State_Of_U_P_Anr_on_6_July_2015_1.PDF,Financial Fraud,SCC 2010 9 368,,,UNRESOLVED
Sirajul_Ors_vs_The_State_Of_U_P_Anr_on_6_July_2015_1.PDF,Financial Fraud,SCC 2011 6 508,,,UNRESOLVED
Sonu_Gupta_vs_Deepak_Gupta_Ors_on_11_February_2015_1.PDF,Financial Fraud,AIR 1956 SC 44,,,UNRESOLVED
Sonu_Gupta_vs_Deepak_Gupta_Ors_on_11_February_2015_1.PDF,Financial Fraud,SCC 2005 13 540,,,UNRESOLVED
Sonu_Gupta_vs_Deepak_Gupta_Ors_on_11_February_2015_1.PDF,Financial Fraud,SCC 2012 11 465,,,UNRESOLVED
Sonu_Gupta_vs_Deepak_Gupta_Ors_on_11_February_2015_1.PDF,Financial Fraud,SCC 2012 9 460,,,UNRESOLVED
Sonu_Gupta_vs_Deepak_Gupta_Ors_on_11_February_2015_1.PDF,Financial Fraud,SCC 2011 11 259,,,UNRESOLVED
Sonu_Gupta_vs_Deepak_Gupta_Ors_on_11_February_2015_1.PDF,Financial Fraud,SCC 2000 3 269,,,UNRESOLVED
Sonu_Gupta_vs_Deepak_Gupta_Ors_on_11_February_2015_1.PDF,Financial Fraud,SCC 2009 6 372,,,UNRESOLVED
Sonu_Gupta_vs_Deepak_Gupta_Ors_on_11_February_2015_1.PDF,Financial Fraud,SCC 1979 4 177,,,UNRESOLVED
Sonu_Gupta_vs_Deepak_Gupta_Ors_on_11_February_2015_1.PDF,Financial Fraud,SCC 2001 6 704,,,UNRESOLVED
Sonu_Gupta_vs_Deepak_Gupta_Ors_on_11_February_2015_1.PDF,Financial Fraud,SCC 1998 5 749,,,UNRESOLVED
Sonu_Gupta_vs_Deepak_Gupta_Ors_on_11_February_2015_1.PDF,Financial Fraud,SCC 2011 13 412,,,UNRESOLVED
Sonu_Gupta_vs_Deepak_Gupta_Ors_on_11_February_2015_1.PDF,Financial Fraud,SCC 2009 9 682,,,UNRESOLVED
Sonu_Gupta_vs_Deepak_Gupta_Ors_on_11_February_2015_1.PDF,Financial Fraud,SCC 1977 2 699,,,UNRESOLVED
Sunil_Bharti_Mittal_vs_Cbi_on_9_January_2015_1.PDF,Financial Fraud,SCC 2005 8 89,,,UNRESOLVED
Sunil_Bharti_Mittal_vs_Cbi_on_9_January_2015_1.PDF,Financial Fraud,SCC 2006 10 581,,,UNRESOLVED
Sunil_Bharti_Mittal_vs_Cbi_on_9_January_2015_1.PDF,Financial Fraud,SCC 1978 4 58,,,UNRESOLVED
Sunil_Bharti_Mittal_vs_Cbi_on_9_January_2015_1.PDF,Financial Fraud,SCC 1993 2 16,Kishun_Singh_And_Ors_vs_State_Of_Bihar_on_11_January_1993_1.PDF,Financial Fraud,INTERNAL
Sunil_Bharti_Mittal_vs_Cbi_on_9_January_2015_1.PDF,Financial Fraud,SCC 2011 1 74,,,UNRESOLVED
Sunil_Bharti_Mittal_vs_Cbi_on_9_January_2015_1.PDF,Financial Fraud,SCC 2009 9 682,,,UNRESOLVED
Sunil_Bharti_Mittal_vs_Cbi_on_9_January_2015_1.PDF,Financial Fraud,SCC 2005 4 530,,,UNRESOLVED
Sunil_Bharti_Mittal_vs_Cbi_on_9_January_2015_1.PDF,Financial Fraud,SCC 1998 5 749,,,UNRESOLVED
Sunil_Bharti_Mittal_vs_Cbi_on_9_January_2015_1.PDF,Financial Fraud,SCC 2012 3 1,,,UNRESOLVED
Sunil_Bharti_Mittal_vs_Cbi_on_9_January_2015_1.PDF,Financial Fraud,SCC 2011 1 74,,,UNRESOLVED
Sunil_Bharti_Mittal_vs_Cbi_on_9_January_2015_1.PDF,Financial Fraud,SCC 2010 10 479,,,UNRESOLVED
Sunil_Bharti_Mittal_vs_Cbi_on_9_January_2015_1.PDF,Financial Fraud,SCC 2008 5 662,,,UNRESOLVED
Sunil_Bharti_Mittal_vs_Cbi_on_9_January_2015_1.PDF,Financial Fraud,SCC 2012 5 661,,,UNRESOLVED
Sunil_Bharti_Mittal_vs_Cbi_on_9_January_2015_1.PDF,Financial Fraud,SCC 2007 1 110,,,UNRESOLVED
Sunil_Bharti_Mittal_vs_Cbi_on_9_January_2015_1.PDF,Financial Fraud,SCC 1993 2 16,Kishun_Singh_And_Ors_vs_State_Of_Bihar_on_11_January_1993_1.PDF,Financial Fraud,INTERNAL
Sunil_Bharti_Mittal_vs_Cbi_on_9_January_2015_1.PDF,Financial Fraud,SCC 2014 3 306,,,UNRESOLVED
Sunil_Bharti_Mittal_vs_Cbi_on_9_January_2015_1.PDF,Financial Fraud,SCC 2012 3 132,,,UNRESOLVED
Sunil_Bharti_Mittal_vs_Cbi_on_9_January_2015_1.PDF,Financial Fraud,SCC 1996 6 129,,,UNRESOLVED
Sunil_Bharti_Mittal_vs_Cbi_on_9_January_2015_1.PDF,Financial Fraud,SCC 2005 4 530,,,UNRESOLVED
Sunil_Bharti_Mittal_vs_Cbi_on_9_January_2015_1.PDF,Financial Fraud,SCC 1989 4 630,,,UNRESOLVED
Sunil_Bharti_Mittal_vs_Cbi_on_9_January_2015_1.PDF,Financial Fraud,SCC 2003 5 257,,,UNRESOLVED
Sunil_Bharti_Mittal_vs_Cbi_on_9_January_2015_1.PDF,Financial Fraud,SCC 2008 5 668,,,UNRESOLVED
Sunil_Bharti_Mittal_vs_Cbi_on_9_January_2015_1.PDF,Financial Fraud,SCC 2009 1 516,,,UNRESOLVED
Sunil_Bharti_Mittal_vs_Cbi_on_9_January_2015_1.PDF,Financial Fraud,SCC 2009 3 375,,,UNRESOLVED
Sunil_Bharti_Mittal_vs_Cbi_on_9_January_2015_1.PDF,Financial Fraud,SCC 2009 6 475,,,UNRESOLVED
Sunil_Bharti_Mittal_vs_Cbi_on_9_January_2015_1.PDF,Financial Fraud,SCC 2013 4 505,,,UNRESOLVED
Sunil_Bharti_Mittal_vs_Cbi_on_9_January_2015_1.PDF,Financial Fraud,SCC 2008 2 492,,,UNRESOLVED
Sunil_Bharti_Mittal_vs_Cbi_on_9_January_2015_1.PDF,Financial Fraud,SCC 2001 6 670,,,UNRESOLVED
Sunil_Bharti_Mittal_vs_Cbi_on_9_January_2015_1.PDF,Financial Fraud,SCC 2003 6 195,,,UNRESOLVED
Sunil_Bharti_Mittal_vs_Cbi_on_9_January_2015_1.PDF,Financial Fraud,SCR 1967 2 423,,,UNRESOLVED
Vesa_Holdings_P_Ltd_Anr_vs_State_Kerala_Ors_on_17_March_2015_1.PDF,Financial Fraud,SCC 2005 10 336,,,UNRESOLVED
Vesa_Holdings_P_Ltd_Anr_vs_State_Kerala_Ors_on_17_March_2015_1.PDF,Financial Fraud,SCC 2007 14 776,,,UNRESOLVED
Vesa_Holdings_P_Ltd_Anr_vs_State_Kerala_Ors_on_17_March_2015_1.PDF,Financial Fraud,SCC 2009 3 78,,,UNRESOLVED
Vesa_Holdings_P_Ltd_Anr_vs_State_Kerala_Ors_on_17_March_2015_1.PDF,Financial Fraud,SCC 2014 3 389,,,UNRESOLVED
Amal_Kumar_Jha_vs_State_Of_Chhatisgarh_Anr_on_26_April_2016_1.PDF,Financial Fraud,AIR 1956 SC 44,,,UNRESOLVED
Amal_Kumar_Jha_vs_State_Of_Chhatisgarh_Anr_on_26_April_2016_1.PDF,Financial Fraud,AIR 1956 SC 44,,,UNRESOLVED
Amal_Kumar_Jha_vs_State_Of_Chhatisgarh_Anr_on_26_April_2016_1.PDF,Financial Fraud,AIR 1948 PC 128,,,UNRESOLVED
Amal_Kumar_Jha_vs_State_Of_Chhatisgarh_Anr_on_26_April_2016_1.PDF,Financial Fraud,AIR 1948 PC 156,,,UNRESOLVED
Amal_Kumar_Jha_vs_State_Of_Chhatisgarh_Anr_on_26_April_2016_1.PDF,Financial Fraud,AIR 1948 PC 128,,,UNRESOLVED
Amal_Kumar_Jha_vs_State_Of_Chhatisgarh_Anr_on_26_April_2016_1.PDF,Financial Fraud,AIR 1966 SC 220,,,UNRESOLVED
Amal_Kumar_Jha_vs_State_Of_Chhatisgarh_Anr_on_26_April_2016_1.PDF,Financial Fraud,SCC 1979 4 177,,,UNRESOLVED
Amal_Kumar_Jha_vs_State_Of_Chhatisgarh_Anr_on_26_April_2016_1.PDF,Financial Fraud,SCC 2006 4 584,,,UNRESOLVED
Amal_Kumar_Jha_vs_State_Of_Chhatisgarh_Anr_on_26_April_2016_1.PDF,Financial Fraud,SCC 1979 4 177,,,UNRESOLVED
Amal_Kumar_Jha_vs_State_Of_Chhatisgarh_Anr_on_26_April_2016_1.PDF,Financial Fraud,SCR 1955 1 1177,,,UNRESOLVED
Amal_Kumar_Jha_vs_State_Of_Chhatisgarh_Anr_on_26_April_2016_1.PDF,Financial Fraud,SCR 1955 2 925,,,UNRESOLVED
Amal_Kumar_Jha_vs_State_Of_Chhatisgarh_Anr_on_26_April_2016_1.PDF,Financial Fraud,SCR 1967 1 201,,,UNRESOLVED
Amarsang_Nathaji_As_Himself_And_As_Karta_vs_Hardik_Harshadbhai_Patel_And_Ors_on_23_November_2016_1.PDF,Financial Fraud,SCC 1992 3 178,,,UNRESOLVED
Amarsang_Nathaji_As_Himself_And_As_Karta_vs_Hardik_Harshadbhai_Patel_And_Ors_on_23_November_2016_1.PDF,Financial Fraud,SCC 2002 1 253,,,UNRESOLVED
Amarsang_Nathaji_As_Himself_And_As_Karta_vs_Hardik_Harshadbhai_Patel_And_Ors_on_23_November_2016_1.PDF,Financial Fraud,SCC 2005 4 370,,,UNRESOLVED
Anant_Prakash_Sinha_Anant_Sinha_vs_State_Of_Haryana_And_Anr_on_4_March_2016_1.PDF,Financial Fraud,AIR 1954 SC 266,Harihar_Chakravarty_vs_The_State_Of_West_Bengal_on_22_October_1953_1.PDF,,OUTSIDE_DOMAINS
Anant_Prakash_Sinha_Anant_Sinha_vs_State_Of_Haryana_And_Anr_on_4_March_2016_1.PDF,Financial Fraud,AIR 1943 PC 192,,,UNRESOLVED
Anant_Prakash_Sinha_Anant_Sinha_vs_State_Of_Haryana_And_Anr_on_4_March_2016_1.PDF,Financial Fraud,AIR 1956 SC 33,,,UNRESOLVED
Anant_Prakash_Sinha_Anant_Sinha_vs_State_Of_Haryana_And_Anr_on_4_March_2016_1.PDF,Financial Fraud,AIR 1956 SC 116,,,UNRESOLVED
Anant_Prakash_Sinha_Anant_Sinha_vs_State_Of_Haryana_And_Anr_on_4_March_2016_1.PDF,Financial Fraud,AIR 1967 SC 1326,,,UNRESOLVED
Anant_Prakash_Sinha_Anant_Sinha_vs_State_Of_Haryana_And_Anr_on_4_March_2016_1.PDF,Financial Fraud,SCC 2014 11 538,,,UNRESOLVED
Anant_Prakash_Sinha_Anant_Sinha_vs_State_Of_Haryana_And_Anr_on_4_March_2016_1.PDF,Financial Fraud,SCC 2004 5 347,,,UNRESOLVED
Anant_Prakash_Sinha_Anant_Sinha_vs_State_Of_Haryana_And_Anr_on_4_March_2016_1.PDF,Financial Fraud,SCC 2013 7 256,,,UNRESOLVED
Anant_Prakash_Sinha_Anant_Sinha_vs_State_Of_Haryana_And_Anr_on_4_March_2016_1.PDF,Financial Fraud,SCC 2013 10 591,,,UNRESOLVED
Anant_Prakash_Sinha_Anant_Sinha_vs_State_Of_Haryana_And_Anr_on_4_March_2016_1.PDF,Financial Fraud,SCC 1969 3 166,,,UNRESOLVED
Anant_Prakash_Sinha_Anant_Sinha_vs_State_Of_Haryana_And_Anr_on_4_March_2016_1.PDF,Financial Fraud,SCC 2010 15 116,,,UNRESOLVED
Anant_Prakash_Sinha_Anant_Sinha_vs_State_Of_Haryana_And_Anr_on_4_March_2016_1.PDF,Financial Fraud,SCC 1974 3 81,Amar_Singh_vs_State_On_Haryana_on_26_April_1973_1.PDF,,OUTSIDE_DOMAINS
Anant_Prakash_Sinha_Anant_Sinha_vs_State_Of_Haryana_And_Anr_on_4_March_2016_1.PDF,Financial Fraud,SCC 2012 9 650,,,UNRESOLVED
Anant_Prakash_Sinha_Anant_Sinha_vs_State_Of_Haryana_And_Anr_on_4_March_2016_1.PDF,Financial Fraud,SCC 2009 7 198,,,UNRESOLVED
Anant_Prakash_Sinha_Anant_Sinha_vs_State_Of_Haryana_And_Anr_on_4_March_2016_1.PDF,Financial Fraud,SCC 1998 6 554,,,UNRESOLVED
Anant_Prakash_Sinha_Anant_Sinha_vs_State_Of_Haryana_And_Anr_on_4_March_2016_1.PDF,Financial Fraud,SCC 2001 9 528,,,UNRESOLVED
Anant_Prakash_Sinha_Anant_Sinha_vs_State_Of_Haryana_And_Anr_on_4_March_2016_1.PDF,Financial Fraud,SCC 2005 12 615,,,UNRESOLVED
Anant_Prakash_Sinha_Anant_Sinha_vs_State_Of_Haryana_And_Anr_on_4_March_2016_1.PDF,Financial Fraud,SCC 2010 10 259,,,UNRESOLVED
Anant_Prakash_Sinha_Anant_Sinha_vs_State_Of_Haryana_And_Anr_on_4_March_2016_1.PDF,Financial Fraud,SCC 1999 7 467,,,UNRESOLVED
Avtar_Singh_vs_Union_Of_India_Ors_on_21_July_2016_1.PDF,Financial Fraud,SCC 2012 8 748,,,UNRESOLVED
Avtar_Singh_vs_Union_Of_India_Ors_on_21_July_2016_1.PDF,Financial Fraud,SCC 1983 2 145,,,UNRESOLVED
Avtar_Singh_vs_Union_Of_India_Ors_on_21_July_2016_1.PDF,Financial Fraud,SCC 1990 3 655,District_Collector_And_Chairman_vs_M_Tripura_Sundari_Devi_on_20_April_1990_1.PDF,,OUTSIDE_DOMAINS
Avtar_Singh_vs_Union_Of_India_Ors_on_21_July_2016_1.PDF,Financial Fraud,SCC 1996 11 605,,,UNRESOLVED
Avtar_Singh_vs_Union_Of_India_Ors_on_21_July_2016_1.PDF,Financial Fraud,SCC 1999 1 246,Commissioner_Of_Police_Delhi_And_Anr_vs_Dhaval_Singh_on_1_May_1998_1.PDF,,OUTSIDE_DOMAINS
Avtar_Singh_vs_Union_Of_India_Ors_on_21_July_2016_1.PDF,Financial Fraud,SCC 1999 2 247,,,UNRESOLVED
Avtar_Singh_vs_Union_Of_India_Ors_on_21_July_2016_1.PDF,Financial Fraud,SCC 2003 3 437,,,UNRESOLVED
Avtar_Singh_vs_Union_Of_India_Ors_on_21_July_2016_1.PDF,Financial Fraud,SCC 2005 2 746,,,UNRESOLVED
Avtar_Singh_vs_Union_Of_India_Ors_on_21_July_2016_1.PDF,Financial Fraud,SCC 2008 1 660,,,UNRESOLVED
Avtar_Singh_vs_Union_Of_India_Ors_on_21_July_2016_1.PDF,Financial Fraud,SCC 2008 11 314,,,UNRESOLVED
Avtar_Singh_vs_Union_Of_India_Ors_on_21_July_2016_1.PDF,Financial Fraud,SCC 2005 7 177,,,UNRESOLVED
Avtar_Singh_vs_Union_Of_India_Ors_on_21_July_2016_1.PDF,Financial Fraud,SCC 2010 2 169,,,UNRESOLVED
Avtar_Singh_vs_Union_Of_India_Ors_on_21_July_2016_1.PDF,Financial Fraud,SCC 2003 3 437,,,UNRESOLVED
Avtar_Singh_vs_Union_Of_India_Ors_on_21_July_2016_1.PDF,Financial Fraud,SCC 2003 3 437,,,UNRESOLVED
Avtar_Singh_vs_Union_Of_India_Ors_on_21_July_2016_1.PDF,Financial Fraud,SCC 2010 14 103,,,UNRESOLVED
Avtar_Singh_vs_Union_Of_India_Ors_on_21_July_2016_1.PDF,Financial Fraud,SCC 2011 10 184,,,UNRESOLVED
Avtar_Singh_vs_Union_Of_India_Ors_on_21_July_2016_1.PDF,Financial Fraud,SCC 2011 4 644,,,UNRESOLVED
Avtar_Singh_vs_Union_Of_India_Ors_on_21_July_2016_1.PDF,Financial Fraud,SCC 2011 14 709,,,UNRESOLVED
Babita_Lila_Anr_vs_Union_Of_India_on_31_August_2016_1.PDF,Financial Fraud,SCC 2007 2 181,,,UNRESOLVED
Babita_Lila_Anr_vs_Union_Of_India_on_31_August_2016_1.PDF,Financial Fraud,SCC 2004 8 100,,,UNRESOLVED
Babita_Lila_Anr_vs_Union_Of_India_on_31_August_2016_1.PDF,Financial Fraud,SCC 2008 11 103,,,UNRESOLVED
Babita_Lila_Anr_vs_Union_Of_India_on_31_August_2016_1.PDF,Financial Fraud,SCC 2010 9 567,,,UNRESOLVED
Babita_Lila_Anr_vs_Union_Of_India_on_31_August_2016_1.PDF,Financial Fraud,SCC 1998 2 493,,,UNRESOLVED
Babita_Lila_Anr_vs_Union_Of_India_on_31_August_2016_1.PDF,Financial Fraud,SCC 2015 9 209,,,UNRESOLVED
Babita_Lila_Anr_vs_Union_Of_India_on_31_August_2016_1.PDF,Financial Fraud,SCC 2015 3 353,,,UNRESOLVED
Babita_Lila_Anr_vs_Union_Of_India_on_31_August_2016_1.PDF,Financial Fraud,SCC 2014 9 129,,,UNRESOLVED
Babita_Lila_Anr_vs_Union_Of_India_on_31_August_2016_1.PDF,Financial Fraud,SCR 1956 125,,,UNRESOLVED
Babita_Lila_Anr_vs_Union_Of_India_on_31_August_2016_1.PDF,Financial Fraud,SCR 1964 6 700,,,UNRESOLVED
Balveer_Singh_And_Anr_vs_State_Of_Rajasthan_And_Anr_on_10_May_2016_1.PDF,Financial Fraud,SCC 1978 4 58,,,UNRESOLVED
Balveer_Singh_And_Anr_vs_State_Of_Rajasthan_And_Anr_on_10_May_2016_1.PDF,Financial Fraud,SCC 1978 2 39,,,UNRESOLVED
Balveer_Singh_And_Anr_vs_State_Of_Rajasthan_And_Anr_on_10_May_2016_1.PDF,Financial Fraud,SCC 2010 2 398,,,UNRESOLVED
Balveer_Singh_And_Anr_vs_State_Of_Rajasthan_And_Anr_on_10_May_2016_1.PDF,Financial Fraud,SCC 2011 2 689,,,UNRESOLVED
Balveer_Singh_And_Anr_vs_State_Of_Rajasthan_And_Anr_on_10_May_2016_1.PDF,Financial Fraud,SCC 2014 3 306,,,UNRESOLVED
Balveer_Singh_And_Anr_vs_State_Of_Rajasthan_And_Anr_on_10_May_2016_1.PDF,Financial Fraud,SCC 1995 2 23,,,UNRESOLVED
Balveer_Singh_And_Anr_vs_State_Of_Rajasthan_And_Anr_on_10_May_2016_1.PDF,Financial Fraud,SCC 2006 4 359,,,UNRESOLVED
Balveer_Singh_And_Anr_vs_State_Of_Rajasthan_And_Anr_on_10_May_2016_1.PDF,Financial Fraud,SCC 1998 7 149,,,UNRESOLVED
Balveer_Singh_And_Anr_vs_State_Of_Rajasthan_And_Anr_on_10_May_2016_1.PDF,Financial Fraud,SCC 1993 2 16,Kishun_Singh_And_Ors_vs_State_Of_Bihar_on_11_January_1993_1.PDF,Financial Fraud,INTERNAL
Balveer_Singh_And_Anr_vs_State_Of_Rajasthan_And_Anr_on_10_May_2016_1.PDF,Financial Fraud,SCC 1995 2 23,,,UNRESOLVED
Balveer_Singh_And_Anr_vs_State_Of_Rajasthan_And_Anr_on_10_May_2016_1.PDF,Financial Fraud,SCC 2014 3 92,,,UNRESOLVED
Balveer_Singh_And_Anr_vs_State_Of_Rajasthan_And_Anr_on_10_May_2016_1.PDF,Financial Fraud,SCC 2012 12 406,,,UNRESOLVED
Balveer_Singh_And_Anr_vs_State_Of_Rajasthan_And_Anr_on_10_May_2016_1.PDF,Financial Fraud,SCR 1967 2 423,,,UNRESOLVED
Hdfc_Securities_Ltd_Ors_vs_State_Of_Maharashtra_Anr_on_9_December_2016_1.PDF,Financial Fraud,SCC 2013 10 705,,,UNRESOLVED
Hdfc_Securities_Ltd_Ors_vs_State_Of_Maharashtra_Anr_on_9_December_2016_1.PDF,Financial Fraud,SCC 1976 3 252,,,UNRESOLVED
Hdfc_Securities_Ltd_Ors_vs_State_Of_Maharashtra_Anr_on_9_December_2016_1.PDF,Financial Fraud,SCC 2015 6 439,,,UNRESOLVED
Hdfc_Securities_Ltd_Ors_vs_State_Of_Maharashtra_Anr_on_9_December_2016_1.PDF,Financial Fraud,SCC 2014 2 1,,,UNRESOLVED
Hdfc_Securities_Ltd_Ors_vs_State_Of_Maharashtra_Anr_on_9_December_2016_1.PDF,Financial Fraud,SCC 2005 4 370,,,UNRESOLVED
Hdfc_Securities_Ltd_Ors_vs_State_Of_Maharashtra_Anr_on_9_December_2016_1.PDF,Financial Fraud,SCC 2008 14 1,,,UNRESOLVED
Hdfc_Securities_Ltd_Ors_vs_State_Of_Maharashtra_Anr_on_9_December_2016_1.PDF,Financial Fraud,SCC 2007 14 776,,,UNRESOLVED
Hdfc_Securities_Ltd_Ors_vs_State_Of_Maharashtra_Anr_on_9_December_2016_1.PDF,Financial Fraud,SCC 1998 1 692,,,UNRESOLVED
Hdfc_Securities_Ltd_Ors_vs_State_Of_Maharashtra_Anr_on_9_December_2016_1.PDF,Financial Fraud,SCC 2013 3 330,,,UNRESOLVED
Hdfc_Securities_Ltd_Ors_vs_State_Of_Maharashtra_Anr_on_9_December_2016_1.PDF,Financial Fraud,SCC 2014 7 215,,,UNRESOLVED
Hdfc_Securities_Ltd_Ors_vs_State_Of_Maharashtra_Anr_on_9_December_2016_1.PDF,Financial Fraud,SCC 2008 5 662,,,UNRESOLVED
Hdfc_Securities_Ltd_Ors_vs_State_Of_Maharashtra_Anr_on_9_December_2016_1.PDF,Financial Fraud,SCC 2008 5 668,,,UNRESOLVED
Hdfc_Securities_Ltd_Ors_vs_State_Of_Maharashtra_Anr_on_9_December_2016_1.PDF,Financial Fraud,SCC 2011 13 412,,,UNRESOLVED
Hdfc_Securities_Ltd_Ors_vs_State_Of_Maharashtra_Anr_on_9_December_2016_1.PDF,Financial Fraud,SCC 2015 4 609,,,UNRESOLVED
Hdfc_Securities_Ltd_Ors_vs_State_Of_Maharashtra_Anr_on_9_December_2016_1.PDF,Financial Fraud,SCC 2009 1 516,,,UNRESOLVED
Hdfc_Securities_Ltd_Ors_vs_State_Of_Maharashtra_Anr_on_9_December_2016_1.PDF,Financial Fraud,SCC 2015 12 781,,,UNRESOLVED
L_Narayana_Swamy_vs_State_Of_Karnataka_Ors_on_6_September_2016_1.PDF,Financial Fraud,AIR 1958 SC 107,,,UNRESOLVED
L_Narayana_Swamy_vs_State_Of_Karnataka_Ors_on_6_September_2016_1.PDF,Financial Fraud,AIR 1979 SC 677,,,UNRESOLVED
L_Narayana_Swamy_vs_State_Of_Karnataka_Ors_on_6_September_2016_1.PDF,Financial Fraud,SCC 2009 6 372,,,UNRESOLVED
L_Narayana_Swamy_vs_State_Of_Karnataka_Ors_on_6_September_2016_1.PDF,Financial Fraud,SCC 2004 2 349,,,UNRESOLVED
L_Narayana_Swamy_vs_State_Of_Karnataka_Ors_on_6_September_2016_1.PDF,Financial Fraud,SCC 1995 1 684,State_Of_W_B_vs_Mohammed_Khalid_on_24_November_1994_1.PDF,Organized Crime / Extortion,CROSS_DOMAIN
L_Narayana_Swamy_vs_State_Of_Karnataka_Ors_on_6_September_2016_1.PDF,Financial Fraud,SCC 2006 6 728,,,UNRESOLVED
L_Narayana_Swamy_vs_State_Of_Karnataka_Ors_on_6_September_2016_1.PDF,Financial Fraud,SCC 2012 3 64,,,UNRESOLVED
L_Narayana_Swamy_vs_State_Of_Karnataka_Ors_on_6_September_2016_1.PDF,Financial Fraud,SCC 2009 6 372,,,UNRESOLVED
L_Narayana_Swamy_vs_State_Of_Karnataka_Ors_on_6_September_2016_1.PDF,Financial Fraud,SCC 2012 3 64,,,UNRESOLVED
L_Narayana_Swamy_vs_State_Of_Karnataka_Ors_on_6_September_2016_1.PDF,Financial Fraud,SCC 1979 4 172,,,UNRESOLVED
L_Narayana_Swamy_vs_State_Of_Karnataka_Ors_on_6_September_2016_1.PDF,Financial Fraud,SCC 2013 10 705,,,UNRESOLVED
L_Narayana_Swamy_vs_State_Of_Karnataka_Ors_on_6_September_2016_1.PDF,Financial Fraud,SCC 2012 10 517,,,UNRESOLVED
L_Narayana_Swamy_vs_State_Of_Karnataka_Ors_on_6_September_2016_1.PDF,Financial Fraud,SCC 2010 14 527,,,UNRESOLVED
L_Narayana_Swamy_vs_State_Of_Karnataka_Ors_on_6_September_2016_1.PDF,Financial Fraud,SCC 1997 7 622,,,UNRESOLVED
L_Narayana_Swamy_vs_State_Of_Karnataka_Ors_on_6_September_2016_1.PDF,Financial Fraud,SCC 2011 7 141,,,UNRESOLVED
L_Narayana_Swamy_vs_State_Of_Karnataka_Ors_on_6_September_2016_1.PDF,Financial Fraud,SCC 2007 1 1,,,UNRESOLVED
L_Narayana_Swamy_vs_State_Of_Karnataka_Ors_on_6_September_2016_1.PDF,Financial Fraud,SCC 1984 2 183,,,UNRESOLVED
L_Narayana_Swamy_vs_State_Of_Karnataka_Ors_on_6_September_2016_1.PDF,Financial Fraud,SCR 1979 2 1007,,,UNRESOLVED
Prem_Sagar_Manocha_vs_State_Nct_Of_Delhi_on_6_January_2016_1.PDF,Financial Fraud,SCC 2010 6 1,,,UNRESOLVED
Prem_Sagar_Manocha_vs_State_Nct_Of_Delhi_on_6_January_2016_1.PDF,Financial Fraud,SCC 1979 4 482,Har_Gobind_And_3_Ors_vs_State_Of_Haryana_on_26_April_1979_1.PDF,,OUTSIDE_DOMAINS
Prem_Sagar_Manocha_vs_State_Nct_Of_Delhi_on_6_January_2016_1.PDF,Financial Fraud,SCC 2002 1 253,,,UNRESOLVED
Prem_Sagar_Manocha_vs_State_Nct_Of_Delhi_on_6_January_2016_1.PDF,Financial Fraud,SCC 2010 6 1,,,UNRESOLVED
Prem_Sagar_Manocha_vs_State_Nct_Of_Delhi_on_6_January_2016_1.PDF,Financial Fraud,SCC 1979 2 158,,,UNRESOLVED
Prem_Sagar_Manocha_vs_State_Nct_Of_Delhi_on_6_January_2016_1.PDF,Financial Fraud,SCC 2009 9 709,,,UNRESOLVED
Punjab_State_Warehousing_Corp_vs_Bhushan_Chander_Anr_on_29_June_2016_1.PDF,Financial Fraud,AIR 1967 SC 776,,,UNRESOLVED
Punjab_State_Warehousing_Corp_vs_Bhushan_Chander_Anr_on_29_June_2016_1.PDF,Financial Fraud,AIR 1956 SC 44,,,UNRESOLVED
Punjab_State_Warehousing_Corp_vs_Bhushan_Chander_Anr_on_29_June_2016_1.PDF,Financial Fraud,AIR 1955 SC 287,,,UNRESOLVED
Punjab_State_Warehousing_Corp_vs_Bhushan_Chander_Anr_on_29_June_2016_1.PDF,Financial Fraud,AIR 1955 SC 309,,,UNRESOLVED
Punjab_State_Warehousing_Corp_vs_Bhushan_Chander_Anr_on_29_June_2016_1.PDF,Financial Fraud,AIR 1939 FC 43,,,UNRESOLVED
Punjab_State_Warehousing_Corp_vs_Bhushan_Chander_Anr_on_29_June_2016_1.PDF,Financial Fraud,AIR 1948 PC 128,,,UNRESOLVED
Punjab_State_Warehousing_Corp_vs_Bhushan_Chander_Anr_on_29_June_2016_1.PDF,Financial Fraud,AIR 1948 PC 156,,,UNRESOLVED
Punjab_State_Warehousing_Corp_vs_Bhushan_Chander_Anr_on_29_June_2016_1.PDF,Financial Fraud,AIR 1949 PC 117,,,UNRESOLVED
Punjab_State_Warehousing_Corp_vs_Bhushan_Chander_Anr_on_29_June_2016_1.PDF,Financial Fraud,AIR 1954 SC 455,,,UNRESOLVED
Punjab_State_Warehousing_Corp_vs_Bhushan_Chander_Anr_on_29_June_2016_1.PDF,Financial Fraud,AIR 1957 SC 458,,,UNRESOLVED
Punjab_State_Warehousing_Corp_vs_Bhushan_Chander_Anr_on_29_June_2016_1.PDF,Financial Fraud,AIR 1966 SC 220,,,UNRESOLVED
Punjab_State_Warehousing_Corp_vs_Bhushan_Chander_Anr_on_29_June_2016_1.PDF,Financial Fraud,AIR 1998 SC 1945,,,UNRESOLVED
Punjab_State_Warehousing_Corp_vs_Bhushan_Chander_Anr_on_29_June_2016_1.PDF,Financial Fraud,SCC 1993 3 339,,,UNRESOLVED
Punjab_State_Warehousing_Corp_vs_Bhushan_Chander_Anr_on_29_June_2016_1.PDF,Financial Fraud,SCC 1990 4 169,,,UNRESOLVED
Punjab_State_Warehousing_Corp_vs_Bhushan_Chander_Anr_on_29_June_2016_1.PDF,Financial Fraud,SCC 2009 6 372,,,UNRESOLVED
Punjab_State_Warehousing_Corp_vs_Bhushan_Chander_Anr_on_29_June_2016_1.PDF,Financial Fraud,SCC 2008 11 289,,,UNRESOLVED
Punjab_State_Warehousing_Corp_vs_Bhushan_Chander_Anr_on_29_June_2016_1.PDF,Financial Fraud,SCC 2009 3 398,,,UNRESOLVED
Punjab_State_Warehousing_Corp_vs_Bhushan_Chander_Anr_on_29_June_2016_1.PDF,Financial Fraud,SCC 1979 4 177,,,UNRESOLVED
Punjab_State_Warehousing_Corp_vs_Bhushan_Chander_Anr_on_29_June_2016_1.PDF,Financial Fraud,SCC 1972 3 89,Harihar_Prasad_Etc_vs_State_Of_Bihar_on_7_September_1971_1.PDF,Corruption; Financial Fraud,INTERNAL
Punjab_State_Warehousing_Corp_vs_Bhushan_Chander_Anr_on_29_June_2016_1.PDF,Financial Fraud,SCC 1993 3 339,,,UNRESOLVED
Punjab_State_Warehousing_Corp_vs_Bhushan_Chander_Anr_on_29_June_2016_1.PDF,Financial Fraud,SCC 1997 5 326,,,UNRESOLVED
Punjab_State_Warehousing_Corp_vs_Bhushan_Chander_Anr_on_29_June_2016_1.PDF,Financial Fraud,SCC 1999 5 690,,,UNRESOLVED
Punjab_State_Warehousing_Corp_vs_Bhushan_Chander_Anr_on_29_June_2016_1.PDF,Financial Fraud,SCC 2004 2 349,,,UNRESOLVED
Punjab_State_Warehousing_Corp_vs_Bhushan_Chander_Anr_on_29_June_2016_1.PDF,Financial Fraud,SCC 2007 1 1,,,UNRESOLVED
Punjab_State_Warehousing_Corp_vs_Bhushan_Chander_Anr_on_29_June_2016_1.PDF,Financial Fraud,SCC 2009 3 398,,,UNRESOLVED
Punjab_State_Warehousing_Corp_vs_Bhushan_Chander_Anr_on_29_June_2016_1.PDF,Financial Fraud,SCC 1970 2 56,,,UNRESOLVED
Ramesh_Rajagopal_vs_Devi_Polymers_Pvt_Ltd_on_19_April_2016_1.PDF,Financial Fraud,SCC 1988 1 692,,,UNRESOLVED
Ramesh_Rajagopal_vs_Devi_Polymers_Pvt_Ltd_on_19_April_2016_1.PDF,Financial Fraud,SCC 1992 4 305,,,UNRESOLVED
Ramesh_Rajagopal_vs_Devi_Polymers_Pvt_Ltd_on_19_April_2016_1.PDF,Financial Fraud,SCC 2007 12 1,,,UNRESOLVED
Ramesh_Rajagopal_vs_Devi_Polymers_Pvt_Ltd_on_19_April_2016_1.PDF,Financial Fraud,SCC 2009 1 516,,,UNRESOLVED
Ramesh_Rajagopal_vs_Devi_Polymers_Pvt_Ltd_on_19_April_2016_1.PDF,Financial Fraud,SCC 2013 10 591,,,UNRESOLVED
Sri_Aurobindo_Ashram_Trust_And_Ors_vs_R_Ramanathan_And_Ors_on_5_January_2016_1.PDF,Financial Fraud,SCC 2008 4 115,,,UNRESOLVED
Sri_Aurobindo_Ashram_Trust_And_Ors_vs_R_Ramanathan_And_Ors_on_5_January_2016_1.PDF,Financial Fraud,SCC 1974 2 695,,,UNRESOLVED
Sri_Aurobindo_Ashram_Trust_And_Ors_vs_R_Ramanathan_And_Ors_on_5_January_2016_1.PDF,Financial Fraud,SCC 2008 4 115,,,UNRESOLVED
Sukh_Ram_vs_State_Of_H_P_on_25_July_2016_1.PDF,Financial Fraud,AIR 1980 SC 791,,,UNRESOLVED
Sukh_Ram_vs_State_Of_H_P_on_25_July_2016_1.PDF,Financial Fraud,AIR 1980 SC 791,,,UNRESOLVED
Sukh_Ram_vs_State_Of_H_P_on_25_July_2016_1.PDF,Financial Fraud,SCC 1994 5 152,,,UNRESOLVED
Sukh_Ram_vs_State_Of_H_P_on_25_July_2016_1.PDF,Financial Fraud,SCC 1994 6 308,,,UNRESOLVED
Sukh_Ram_vs_State_Of_H_P_on_25_July_2016_1.PDF,Financial Fraud,SCC 1980 2 343,,,UNRESOLVED
Sukh_Ram_vs_State_Of_H_P_on_25_July_2016_1.PDF,Financial Fraud,SCC 1980 2 343,,,UNRESOLVED
Surinderjit_Singh_Mand_Anr_vs_State_Of_Punjab_Anr_on_5_July_2016_1.PDF,Financial Fraud,AIR 1960 SC 266,,,UNRESOLVED
Surinderjit_Singh_Mand_Anr_vs_State_Of_Punjab_Anr_on_5_July_2016_1.PDF,Financial Fraud,AIR 1958 SC 124,,,UNRESOLVED
Surinderjit_Singh_Mand_Anr_vs_State_Of_Punjab_Anr_on_5_July_2016_1.PDF,Financial Fraud,SCC 2006 4 584,,,UNRESOLVED
Surinderjit_Singh_Mand_Anr_vs_State_Of_Punjab_Anr_on_5_July_2016_1.PDF,Financial Fraud,SCC 1996 1 478,R_Balakrishna_Pillai_vs_State_Of_Kerala_Anr_on_5_December_1995_1.PDF,Corruption,CROSS_DOMAIN
Surinderjit_Singh_Mand_Anr_vs_State_Of_Punjab_Anr_on_5_July_2016_1.PDF,Financial Fraud,SCC 1972 3 89,Harihar_Prasad_Etc_vs_State_Of_Bihar_on_7_September_1971_1.PDF,Corruption; Financial Fraud,INTERNAL
Surinderjit_Singh_Mand_Anr_vs_State_Of_Punjab_Anr_on_5_July_2016_1.PDF,Financial Fraud,SCC 1979 4 177,,,UNRESOLVED
Surinderjit_Singh_Mand_Anr_vs_State_Of_Punjab_Anr_on_5_July_2016_1.PDF,Financial Fraud,SCC 2001 6 704,,,UNRESOLVED
Surinderjit_Singh_Mand_Anr_vs_State_Of_Punjab_Anr_on_5_July_2016_1.PDF,Financial Fraud,SCC 2012 12 72,,,UNRESOLVED
Surinderjit_Singh_Mand_Anr_vs_State_Of_Punjab_Anr_on_5_July_2016_1.PDF,Financial Fraud,SCC 2004 8 40,,,UNRESOLVED
Surinderjit_Singh_Mand_Anr_vs_State_Of_Punjab_Anr_on_5_July_2016_1.PDF,Financial Fraud,SCC 2000 8 131,,,UNRESOLVED
Surinderjit_Singh_Mand_Anr_vs_State_Of_Punjab_Anr_on_5_July_2016_1.PDF,Financial Fraud,SCC 2005 12 709,,,UNRESOLVED
Surinderjit_Singh_Mand_Anr_vs_State_Of_Punjab_Anr_on_5_July_2016_1.PDF,Financial Fraud,SCC 1998 6 551,,,UNRESOLVED
Surinderjit_Singh_Mand_Anr_vs_State_Of_Punjab_Anr_on_5_July_2016_1.PDF,Financial Fraud,SCC 2005 8 130,,,UNRESOLVED
Surinderjit_Singh_Mand_Anr_vs_State_Of_Punjab_Anr_on_5_July_2016_1.PDF,Financial Fraud,SCC 2007 14 783,,,UNRESOLVED
Surinderjit_Singh_Mand_Anr_vs_State_Of_Punjab_Anr_on_5_July_2016_1.PDF,Financial Fraud,SCC 2012 3 64,,,UNRESOLVED
S_B_I_Ors_vs_Neelam_Nag_Anr_on_16_September_2016_1.PDF,Financial Fraud,SCC 2014 3 636,,,UNRESOLVED
S_B_I_Ors_vs_Neelam_Nag_Anr_on_16_September_2016_1.PDF,Financial Fraud,SCC 2012 1 442,,,UNRESOLVED
S_B_I_Ors_vs_Neelam_Nag_Anr_on_16_September_2016_1.PDF,Financial Fraud,SCC 2005 10 471,,,UNRESOLVED
S_B_I_Ors_vs_Neelam_Nag_Anr_on_16_September_2016_1.PDF,Financial Fraud,SCC 1999 3 679,,,UNRESOLVED
S_B_I_Ors_vs_Neelam_Nag_Anr_on_16_September_2016_1.PDF,Financial Fraud,SCC 1997 2 699,,,UNRESOLVED
S_B_I_Ors_vs_Neelam_Nag_Anr_on_16_September_2016_1.PDF,Financial Fraud,SCC 1996 6 417,,,UNRESOLVED
Tilak_Raj_vs_State_Of_Himachal_Pradesh_on_6_January_2016_1.PDF,Financial Fraud,SCC 1970 2 740,,,UNRESOLVED
Usmangani_Adambhai_Vahora_vs_State_Of_Gujarat_Anr_on_8_January_2016_1.PDF,Financial Fraud,AIR 1966 SC 1418,,,UNRESOLVED
Usmangani_Adambhai_Vahora_vs_State_Of_Gujarat_Anr_on_8_January_2016_1.PDF,Financial Fraud,SCC 2000 6 204,,,UNRESOLVED
Usmangani_Adambhai_Vahora_vs_State_Of_Gujarat_Anr_on_8_January_2016_1.PDF,Financial Fraud,SCC 2009 6 260,,,UNRESOLVED
Usmangani_Adambhai_Vahora_vs_State_Of_Gujarat_Anr_on_8_January_2016_1.PDF,Financial Fraud,SCC 2013 8 593,,,UNRESOLVED
Usmangani_Adambhai_Vahora_vs_State_Of_Gujarat_Anr_on_8_January_2016_1.PDF,Financial Fraud,SCC 2011 1 307,,,UNRESOLVED
Ajay_Singh_And_Anr_And_Etc_vs_State_Of_Chhattisgarh_And_Anr_on_6_January_2017_1.PDF,Financial Fraud,AIR 1962 SC 1208,,,UNRESOLVED
Ajay_Singh_And_Anr_And_Etc_vs_State_Of_Chhattisgarh_And_Anr_on_6_January_2017_1.PDF,Financial Fraud,AIR 1960 MAD 507,,,UNRESOLVED
Ajay_Singh_And_Anr_And_Etc_vs_State_Of_Chhattisgarh_And_Anr_on_6_January_2017_1.PDF,Financial Fraud,SCC 2002 1 319,,,UNRESOLVED
Ajay_Singh_And_Anr_And_Etc_vs_State_Of_Chhattisgarh_And_Anr_on_6_January_2017_1.PDF,Financial Fraud,SCC 2002 8 400,,,UNRESOLVED
Ajay_Singh_And_Anr_And_Etc_vs_State_Of_Chhattisgarh_And_Anr_on_6_January_2017_1.PDF,Financial Fraud,SCC 2003 6 675,,,UNRESOLVED
Ajay_Singh_And_Anr_And_Etc_vs_State_Of_Chhattisgarh_And_Anr_on_6_January_2017_1.PDF,Financial Fraud,SCC 2010 2 398,,,UNRESOLVED
Ajay_Singh_And_Anr_And_Etc_vs_State_Of_Chhattisgarh_And_Anr_on_6_January_2017_1.PDF,Financial Fraud,SCC 1981 1 500,,,UNRESOLVED
Ajay_Singh_And_Anr_And_Etc_vs_State_Of_Chhattisgarh_And_Anr_on_6_January_2017_1.PDF,Financial Fraud,SCC 1984 1 596,,,UNRESOLVED
Ajay_Singh_And_Anr_And_Etc_vs_State_Of_Chhattisgarh_And_Anr_on_6_January_2017_1.PDF,Financial Fraud,SCC 1997 5 76,,,UNRESOLVED
Ajay_Singh_And_Anr_And_Etc_vs_State_Of_Chhattisgarh_And_Anr_on_6_January_2017_1.PDF,Financial Fraud,SCC 1995 4 392,Ranbir_Yadav_vs_State_Of_Bihar_on_21_March_1995_1.PDF,Financial Fraud; Violent Crime / Homicide,INTERNAL
Ajay_Singh_And_Anr_And_Etc_vs_State_Of_Chhattisgarh_And_Anr_on_6_January_2017_1.PDF,Financial Fraud,SCC 1988 2 602,,,UNRESOLVED
Amrutbhai_Shambhubhai_Patel_vs_Sumanbhai_Kantibhai_Patel_Ors_on_2_February_2017_1.PDF,Financial Fraud,AIR 1945 PC 18,,,UNRESOLVED
Amrutbhai_Shambhubhai_Patel_vs_Sumanbhai_Kantibhai_Patel_Ors_on_2_February_2017_1.PDF,Financial Fraud,AIR 1968 SC 117,,,UNRESOLVED
Amrutbhai_Shambhubhai_Patel_vs_Sumanbhai_Kantibhai_Patel_Ors_on_2_February_2017_1.PDF,Financial Fraud,AIR 1962 SC 1208,,,UNRESOLVED
Amrutbhai_Shambhubhai_Patel_vs_Sumanbhai_Kantibhai_Patel_Ors_on_2_February_2017_1.PDF,Financial Fraud,AIR 1966 SC 1047,,,UNRESOLVED
Amrutbhai_Shambhubhai_Patel_vs_Sumanbhai_Kantibhai_Patel_Ors_on_2_February_2017_1.PDF,Financial Fraud,SCC 1979 2 322,Ram_Lal_Narang_Etc_Etc_vs_State_Of_Delhi_Admn_on_10_January_1979_1.PDF,Financial Fraud,INTERNAL
Amrutbhai_Shambhubhai_Patel_vs_Sumanbhai_Kantibhai_Patel_Ors_on_2_February_2017_1.PDF,Financial Fraud,SCC 1997 1 361,,,UNRESOLVED
Amrutbhai_Shambhubhai_Patel_vs_Sumanbhai_Kantibhai_Patel_Ors_on_2_February_2017_1.PDF,Financial Fraud,SCC 2004 5 347,,,UNRESOLVED
Amrutbhai_Shambhubhai_Patel_vs_Sumanbhai_Kantibhai_Patel_Ors_on_2_February_2017_1.PDF,Financial Fraud,SCC 2009 9 129,,,UNRESOLVED
Amrutbhai_Shambhubhai_Patel_vs_Sumanbhai_Kantibhai_Patel_Ors_on_2_February_2017_1.PDF,Financial Fraud,SCC 1985 2 537,,,UNRESOLVED
Amrutbhai_Shambhubhai_Patel_vs_Sumanbhai_Kantibhai_Patel_Ors_on_2_February_2017_1.PDF,Financial Fraud,SCC 1977 4 459,,,UNRESOLVED
Amrutbhai_Shambhubhai_Patel_vs_Sumanbhai_Kantibhai_Patel_Ors_on_2_February_2017_1.PDF,Financial Fraud,SCC 1976 3 252,,,UNRESOLVED
Amrutbhai_Shambhubhai_Patel_vs_Sumanbhai_Kantibhai_Patel_Ors_on_2_February_2017_1.PDF,Financial Fraud,SCC 2007 8 770,,,UNRESOLVED
Amrutbhai_Shambhubhai_Patel_vs_Sumanbhai_Kantibhai_Patel_Ors_on_2_February_2017_1.PDF,Financial Fraud,SCC 2013 5 762,,,UNRESOLVED
Amrutbhai_Shambhubhai_Patel_vs_Sumanbhai_Kantibhai_Patel_Ors_on_2_February_2017_1.PDF,Financial Fraud,SCC 2012 9 460,,,UNRESOLVED
Amrutbhai_Shambhubhai_Patel_vs_Sumanbhai_Kantibhai_Patel_Ors_on_2_February_2017_1.PDF,Financial Fraud,SCC 2011 9 182,,,UNRESOLVED
Amrutbhai_Shambhubhai_Patel_vs_Sumanbhai_Kantibhai_Patel_Ors_on_2_February_2017_1.PDF,Financial Fraud,SCC 2006 4 359,,,UNRESOLVED
Amrutbhai_Shambhubhai_Patel_vs_Sumanbhai_Kantibhai_Patel_Ors_on_2_February_2017_1.PDF,Financial Fraud,SCC 2001 7 536,,,UNRESOLVED
Amrutbhai_Shambhubhai_Patel_vs_Sumanbhai_Kantibhai_Patel_Ors_on_2_February_2017_1.PDF,Financial Fraud,SCC 2015 8 774,,,UNRESOLVED
Brijendra_Singh_Ors_vs_State_Of_Rajasthan_on_27_April_2017_1.PDF,Financial Fraud,SCC 2014 3 92,,,UNRESOLVED
Brijendra_Singh_Ors_vs_State_Of_Rajasthan_on_27_April_2017_1.PDF,Financial Fraud,SCC 2014 3 321,,,UNRESOLVED
K_Sitaram_Anr_vs_Cfl_Capital_Financial_Ser_Ltd_Anr_on_21_March_2017_1.PDF,Financial Fraud,SCC 2008 5 668,,,UNRESOLVED
K_Sitaram_Anr_vs_Cfl_Capital_Financial_Ser_Ltd_Anr_on_21_March_2017_1.PDF,Financial Fraud,SCC 1979 4 396,Sardar_Trilok_Singh_And_Ors_vs_Satya_Deo_Tripathi_on_11_January_1979_1.PDF,,OUTSIDE_DOMAINS
Neeraj_Kumar_Sainy_And_Ors_vs_State_Of_U_P_And_Ors_on_21_March_2017_1.PDF,Financial Fraud,AIR 1966 SC 1631,,,UNRESOLVED
Neeraj_Kumar_Sainy_And_Ors_vs_State_Of_U_P_And_Ors_on_21_March_2017_1.PDF,Financial Fraud,AIR 1981 GAU 41,,,UNRESOLVED
Neeraj_Kumar_Sainy_And_Ors_vs_State_Of_U_P_And_Ors_on_21_March_2017_1.PDF,Financial Fraud,AIR 1962 SC 633,,,UNRESOLVED
Neeraj_Kumar_Sainy_And_Ors_vs_State_Of_U_P_And_Ors_on_21_March_2017_1.PDF,Financial Fraud,AIR 1965 SC 1935,Bhikhi_Lal_And_Ors_vs_Tribeni_And_Ors_on_18_November_1964_1.PDF,,OUTSIDE_DOMAINS
Neeraj_Kumar_Sainy_And_Ors_vs_State_Of_U_P_And_Ors_on_21_March_2017_1.PDF,Financial Fraud,AIR 1966 SC 1047,,,UNRESOLVED
Neeraj_Kumar_Sainy_And_Ors_vs_State_Of_U_P_And_Ors_on_21_March_2017_1.PDF,Financial Fraud,AIR 1940 MAD 29,,,UNRESOLVED
Neeraj_Kumar_Sainy_And_Ors_vs_State_Of_U_P_And_Ors_on_21_March_2017_1.PDF,Financial Fraud,SCC 2016 9 749,,,UNRESOLVED
Neeraj_Kumar_Sainy_And_Ors_vs_State_Of_U_P_And_Ors_on_21_March_2017_1.PDF,Financial Fraud,SCC 2005 2 65,,,UNRESOLVED
Neeraj_Kumar_Sainy_And_Ors_vs_State_Of_U_P_And_Ors_on_21_March_2017_1.PDF,Financial Fraud,SCC 2012 7 433,,,UNRESOLVED
Neeraj_Kumar_Sainy_And_Ors_vs_State_Of_U_P_And_Ors_on_21_March_2017_1.PDF,Financial Fraud,SCC 2015 6 685,,,UNRESOLVED
Neeraj_Kumar_Sainy_And_Ors_vs_State_Of_U_P_And_Ors_on_21_March_2017_1.PDF,Financial Fraud,SCC 2002 1 428,,,UNRESOLVED
Neeraj_Kumar_Sainy_And_Ors_vs_State_Of_U_P_And_Ors_on_21_March_2017_1.PDF,Financial Fraud,SCC 2003 7 83,,,UNRESOLVED
Neeraj_Kumar_Sainy_And_Ors_vs_State_Of_U_P_And_Ors_on_21_March_2017_1.PDF,Financial Fraud,SCC 2012 8 203,,,UNRESOLVED
Neeraj_Kumar_Sainy_And_Ors_vs_State_Of_U_P_And_Ors_on_21_March_2017_1.PDF,Financial Fraud,SCC 2003 3 370,,,UNRESOLVED
Neeraj_Kumar_Sainy_And_Ors_vs_State_Of_U_P_And_Ors_on_21_March_2017_1.PDF,Financial Fraud,SCC 1970 1 573,,,UNRESOLVED
Neeraj_Kumar_Sainy_And_Ors_vs_State_Of_U_P_And_Ors_on_21_March_2017_1.PDF,Financial Fraud,SCC 1988 4 284,,,UNRESOLVED
Neeraj_Kumar_Sainy_And_Ors_vs_State_Of_U_P_And_Ors_on_21_March_2017_1.PDF,Financial Fraud,SCC 2001 4 181,,,UNRESOLVED
Neeraj_Kumar_Sainy_And_Ors_vs_State_Of_U_P_And_Ors_on_21_March_2017_1.PDF,Financial Fraud,SCC 1999 3 500,,,UNRESOLVED
Neeraj_Kumar_Sainy_And_Ors_vs_State_Of_U_P_And_Ors_on_21_March_2017_1.PDF,Financial Fraud,SCC 2010 9 437,,,UNRESOLVED
Neeraj_Kumar_Sainy_And_Ors_vs_State_Of_U_P_And_Ors_on_21_March_2017_1.PDF,Financial Fraud,SCC 2014 2 62,,,UNRESOLVED
Nikesh_Tarachand_Shah_vs_Union_Of_India_on_23_November_2017_1.PDF,Financial Fraud,AIR 1924 CAL 476,,,UNRESOLVED
Nikesh_Tarachand_Shah_vs_Union_Of_India_on_23_November_2017_1.PDF,Financial Fraud,AIR 1931 ALL 504,,,UNRESOLVED
Nikesh_Tarachand_Shah_vs_Union_Of_India_on_23_November_2017_1.PDF,Financial Fraud,AIR 1931 ALL 356,,,UNRESOLVED
Nikesh_Tarachand_Shah_vs_Union_Of_India_on_23_November_2017_1.PDF,Financial Fraud,AIR 1950 SC 27,,,UNRESOLVED
Nikesh_Tarachand_Shah_vs_Union_Of_India_on_23_November_2017_1.PDF,Financial Fraud,SCC 2005 8 21,,,UNRESOLVED
Nikesh_Tarachand_Shah_vs_Union_Of_India_on_23_November_2017_1.PDF,Financial Fraud,SCC 2015 16 1,,,UNRESOLVED
Nikesh_Tarachand_Shah_vs_Union_Of_India_on_23_November_2017_1.PDF,Financial Fraud,SCC 2011 13 706,,,UNRESOLVED
Nikesh_Tarachand_Shah_vs_Union_Of_India_on_23_November_2017_1.PDF,Financial Fraud,SCC 1980 2 565,,,UNRESOLVED
Nikesh_Tarachand_Shah_vs_Union_Of_India_on_23_November_2017_1.PDF,Financial Fraud,SCC 1978 1 240,,,UNRESOLVED
Nikesh_Tarachand_Shah_vs_Union_Of_India_on_23_November_2017_1.PDF,Financial Fraud,SCC 1978 1 118,,,UNRESOLVED
Nikesh_Tarachand_Shah_vs_Union_Of_India_on_23_November_2017_1.PDF,Financial Fraud,SCC 2017 9 1,,,UNRESOLVED
Nikesh_Tarachand_Shah_vs_Union_Of_India_on_23_November_2017_1.PDF,Financial Fraud,SCC 1996 3 709,State_Of_Andhra_Pradesh_And_Ors_Etc_vs_Mcdowell_Co_And_Ors_Etc_on_21_March_1996_1.PDF,Organized Crime / Extortion,CROSS_DOMAIN
Nikesh_Tarachand_Shah_vs_Union_Of_India_on_23_November_2017_1.PDF,Financial Fraud,SCC 1985 1 641,,,UNRESOLVED
Nikesh_Tarachand_Shah_vs_Union_Of_India_on_23_November_2017_1.PDF,Financial Fraud,SCC 1978 1 248,Mrs_Maneka_Gandhi_vs_Union_Of_India_Uoi_And_Anr_on_25_January_1978_1.PDF,Organized Crime / Extortion,CROSS_DOMAIN
Nikesh_Tarachand_Shah_vs_Union_Of_India_on_23_November_2017_1.PDF,Financial Fraud,SCC 1980 2 684,,,UNRESOLVED
Nikesh_Tarachand_Shah_vs_Union_Of_India_on_23_November_2017_1.PDF,Financial Fraud,SCC 1978 1 248,Mrs_Maneka_Gandhi_vs_Union_Of_India_Uoi_And_Anr_on_25_January_1978_1.PDF,Organized Crime / Extortion,CROSS_DOMAIN
Nikesh_Tarachand_Shah_vs_Union_Of_India_on_23_November_2017_1.PDF,Financial Fraud,SCC 1980 2 684,,,UNRESOLVED
Nikesh_Tarachand_Shah_vs_Union_Of_India_on_23_November_2017_1.PDF,Financial Fraud,SCC 1978 1 248,Mrs_Maneka_Gandhi_vs_Union_Of_India_Uoi_And_Anr_on_25_January_1978_1.PDF,Organized Crime / Extortion,CROSS_DOMAIN
Nikesh_Tarachand_Shah_vs_Union_Of_India_on_23_November_2017_1.PDF,Financial Fraud,SCC 1978 1 248,Mrs_Maneka_Gandhi_vs_Union_Of_India_Uoi_And_Anr_on_25_January_1978_1.PDF,Organized Crime / Extortion,CROSS_DOMAIN
Nikesh_Tarachand_Shah_vs_Union_Of_India_on_23_November_2017_1.PDF,Financial Fraud,SCC 1978 1 248,Mrs_Maneka_Gandhi_vs_Union_Of_India_Uoi_And_Anr_on_25_January_1978_1.PDF,Organized Crime / Extortion,CROSS_DOMAIN
Nikesh_Tarachand_Shah_vs_Union_Of_India_on_23_November_2017_1.PDF,Financial Fraud,SCC 1978 4 494,,,UNRESOLVED
Nikesh_Tarachand_Shah_vs_Union_Of_India_on_23_November_2017_1.PDF,Financial Fraud,SCC 1970 1 248,,,UNRESOLVED
Nikesh_Tarachand_Shah_vs_Union_Of_India_on_23_November_2017_1.PDF,Financial Fraud,SCC 1978 1 248,Mrs_Maneka_Gandhi_vs_Union_Of_India_Uoi_And_Anr_on_25_January_1978_1.PDF,Organized Crime / Extortion,CROSS_DOMAIN
Nikesh_Tarachand_Shah_vs_Union_Of_India_on_23_November_2017_1.PDF,Financial Fraud,SCC 1978 4 494,,,UNRESOLVED
Nikesh_Tarachand_Shah_vs_Union_Of_India_on_23_November_2017_1.PDF,Financial Fraud,SCC 1978 4 494,,,UNRESOLVED
Nikesh_Tarachand_Shah_vs_Union_Of_India_on_23_November_2017_1.PDF,Financial Fraud,SCC 1970 1 248,,,UNRESOLVED
Nikesh_Tarachand_Shah_vs_Union_Of_India_on_23_November_2017_1.PDF,Financial Fraud,SCC 1978 1 248,Mrs_Maneka_Gandhi_vs_Union_Of_India_Uoi_And_Anr_on_25_January_1978_1.PDF,Organized Crime / Extortion,CROSS_DOMAIN
Nikesh_Tarachand_Shah_vs_Union_Of_India_on_23_November_2017_1.PDF,Financial Fraud,SCC 1978 1 248,Mrs_Maneka_Gandhi_vs_Union_Of_India_Uoi_And_Anr_on_25_January_1978_1.PDF,Organized Crime / Extortion,CROSS_DOMAIN
Nikesh_Tarachand_Shah_vs_Union_Of_India_on_23_November_2017_1.PDF,Financial Fraud,SCC 1978 1 248,Mrs_Maneka_Gandhi_vs_Union_Of_India_Uoi_And_Anr_on_25_January_1978_1.PDF,Organized Crime / Extortion,CROSS_DOMAIN
Nikesh_Tarachand_Shah_vs_Union_Of_India_on_23_November_2017_1.PDF,Financial Fraud,SCC 1978 1 248,Mrs_Maneka_Gandhi_vs_Union_Of_India_Uoi_And_Anr_on_25_January_1978_1.PDF,Organized Crime / Extortion,CROSS_DOMAIN
Nikesh_Tarachand_Shah_vs_Union_Of_India_on_23_November_2017_1.PDF,Financial Fraud,SCC 1979 1 380,In_Re__The_Special_Courts_Bill_1978_vs_Unknown_on_1_December_1978_1.PDF,Organized Crime / Extortion,CROSS_DOMAIN
Nikesh_Tarachand_Shah_vs_Union_Of_India_on_23_November_2017_1.PDF,Financial Fraud,SCC 2011 1 694,,,UNRESOLVED
Nikesh_Tarachand_Shah_vs_Union_Of_India_on_23_November_2017_1.PDF,Financial Fraud,SCC 1994 3 569,Kartar_Singh_vs_State_Of_Punjab_on_11_March_1994_1.PDF,Corruption; Organized Crime / Extortion,CROSS_DOMAIN
Nikesh_Tarachand_Shah_vs_Union_Of_India_on_23_November_2017_1.PDF,Financial Fraud,SCC 2005 5 294,,,UNRESOLVED
Nikesh_Tarachand_Shah_vs_Union_Of_India_on_23_November_2017_1.PDF,Financial Fraud,SCR 1951 682,The_State_Of_Bombay_And_Another_vs_F_N_Balsara_on_25_May_1951_1.PDF,,OUTSIDE_DOMAINS
Nikesh_Tarachand_Shah_vs_Union_Of_India_on_23_November_2017_1.PDF,Financial Fraud,SCR 1955 1 1045,,,UNRESOLVED
Nikesh_Tarachand_Shah_vs_Union_Of_India_on_23_November_2017_1.PDF,Financial Fraud,SCR 1957 678,Asgarali_Nazarali_Singaporawalla_vs_The_State_Of_Bombay_on_19_February_1957_1.PDF,Corruption,CROSS_DOMAIN
Nikesh_Tarachand_Shah_vs_Union_Of_India_on_23_November_2017_1.PDF,Financial Fraud,SCR 1952 284,The_State_Of_West_Bengal_vs_Anwar_All_Sarkarhabib_Mohamed_The_on_11_January_1952_1.PDF,Organized Crime / Extortion; Violent Crime / Homicide,CROSS_DOMAIN
Nikesh_Tarachand_Shah_vs_Union_Of_India_on_23_November_2017_1.PDF,Financial Fraud,SCR 1954 30,Kedar_Nath_Bajoria_vs_The_State_Of_West_Bengal_Hari_Ram_on_22_May_1953_1.PDF,Corruption; Organized Crime / Extortion,CROSS_DOMAIN
Nikesh_Tarachand_Shah_vs_Union_Of_India_on_23_November_2017_1.PDF,Financial Fraud,SCR 1954 30,Kedar_Nath_Bajoria_vs_The_State_Of_West_Bengal_Hari_Ram_on_22_May_1953_1.PDF,Corruption; Organized Crime / Extortion,CROSS_DOMAIN
Rajiv_Kumar_vs_State_Of_Uttar_Pradesh_on_2_August_2017_1.PDF,Financial Fraud,AIR 1952 SC 16,,,UNRESOLVED
Rajiv_Kumar_vs_State_Of_Uttar_Pradesh_on_2_August_2017_1.PDF,Financial Fraud,SCC 2011 6 508,,,UNRESOLVED
Rajiv_Kumar_vs_State_Of_Uttar_Pradesh_on_2_August_2017_1.PDF,Financial Fraud,SCC 1973 1 409,,,UNRESOLVED
Rajiv_Kumar_vs_State_Of_Uttar_Pradesh_on_2_August_2017_1.PDF,Financial Fraud,SCC 1980 2 471,,,UNRESOLVED
Rajiv_Kumar_vs_State_Of_Uttar_Pradesh_on_2_August_2017_1.PDF,Financial Fraud,SCC 1985 3 1,,,UNRESOLVED
Rajiv_Kumar_vs_State_Of_Uttar_Pradesh_on_2_August_2017_1.PDF,Financial Fraud,SCC 2002 7 222,,,UNRESOLVED
Rajiv_Kumar_vs_State_Of_Uttar_Pradesh_on_2_August_2017_1.PDF,Financial Fraud,SCC 2004 9 362,,,UNRESOLVED
Rajiv_Kumar_vs_State_Of_Uttar_Pradesh_on_2_August_2017_1.PDF,Financial Fraud,SCC 2011 6 508,,,UNRESOLVED
Rajiv_Kumar_vs_State_Of_Uttar_Pradesh_on_2_August_2017_1.PDF,Financial Fraud,SCC 2004 2 65,,,UNRESOLVED
Rajiv_Kumar_vs_State_Of_Uttar_Pradesh_on_2_August_2017_1.PDF,Financial Fraud,SCC 1981 4 716,,,UNRESOLVED
Rajiv_Kumar_vs_State_Of_Uttar_Pradesh_on_2_August_2017_1.PDF,Financial Fraud,SCC 2004 2 65,,,UNRESOLVED
Rajiv_Kumar_vs_State_Of_Uttar_Pradesh_on_2_August_2017_1.PDF,Financial Fraud,SCC 2009 10 388,,,UNRESOLVED
Rajiv_Kumar_vs_State_Of_Uttar_Pradesh_on_2_August_2017_1.PDF,Financial Fraud,SCC 1977 4 540,,,UNRESOLVED
Rajiv_Kumar_vs_State_Of_Uttar_Pradesh_on_2_August_2017_1.PDF,Financial Fraud,SCC 1993 3 609,,,UNRESOLVED
Rajiv_Kumar_vs_State_Of_Uttar_Pradesh_on_2_August_2017_1.PDF,Financial Fraud,SCC 1996 4 659,State_Of_Maharashtra_Etc_Etc_vs_Som_Nath_Thapa_Etc_Etc_on_12_April_1996_1.PDF,Organized Crime / Extortion,CROSS_DOMAIN
Rajiv_Kumar_vs_State_Of_Uttar_Pradesh_on_2_August_2017_1.PDF,Financial Fraud,SCC 2003 3 641,,,UNRESOLVED
Rajiv_Kumar_vs_State_Of_Uttar_Pradesh_on_2_August_2017_1.PDF,Financial Fraud,SCC 1977 4 540,,,UNRESOLVED
Rajiv_Kumar_vs_State_Of_Uttar_Pradesh_on_2_August_2017_1.PDF,Financial Fraud,SCC 1993 3 609,,,UNRESOLVED
Rajiv_Kumar_vs_State_Of_Uttar_Pradesh_on_2_August_2017_1.PDF,Financial Fraud,SCC 1996 4 659,State_Of_Maharashtra_Etc_Etc_vs_Som_Nath_Thapa_Etc_Etc_on_12_April_1996_1.PDF,Organized Crime / Extortion,CROSS_DOMAIN
Rohit_Tandon_vs_The_Enforcement_Directorate_on_10_November_2017_1.PDF,Financial Fraud,SCC 2015 16 1,,,UNRESOLVED
Rohit_Tandon_vs_The_Enforcement_Directorate_on_10_November_2017_1.PDF,Financial Fraud,SCC 2014 8 768,,,UNRESOLVED
Rohit_Tandon_vs_The_Enforcement_Directorate_on_10_November_2017_1.PDF,Financial Fraud,SCC 2013 7 439,,,UNRESOLVED
Rohit_Tandon_vs_The_Enforcement_Directorate_on_10_November_2017_1.PDF,Financial Fraud,SCC 2011 10 235,,,UNRESOLVED
Rohit_Tandon_vs_The_Enforcement_Directorate_on_10_November_2017_1.PDF,Financial Fraud,SCC 2005 5 294,,,UNRESOLVED
Rohit_Tandon_vs_The_Enforcement_Directorate_on_10_November_2017_1.PDF,Financial Fraud,SCC 2012 10 561,,,UNRESOLVED
Rohit_Tandon_vs_The_Enforcement_Directorate_on_10_November_2017_1.PDF,Financial Fraud,SCC 2017 5 218,,,UNRESOLVED
Rohit_Tandon_vs_The_Enforcement_Directorate_on_10_November_2017_1.PDF,Financial Fraud,SCC 2012 1 40,,,UNRESOLVED
Securities_And_Exchange_Board_Of_India_vs_Classic_Credit_Ltd_on_21_August_2017_1.PDF,Financial Fraud,AIR 1966 SC 1206,Union_Of_India_Uoi_vs_Sukumar_Pyne_on_6_October_1965_1.PDF,,OUTSIDE_DOMAINS
Securities_And_Exchange_Board_Of_India_vs_Classic_Credit_Ltd_on_21_August_2017_1.PDF,Financial Fraud,AIR 1953 SC 394,,,UNRESOLVED
Securities_And_Exchange_Board_Of_India_vs_Classic_Credit_Ltd_on_21_August_2017_1.PDF,Financial Fraud,AIR 1970 SC 1636,,,UNRESOLVED
Securities_And_Exchange_Board_Of_India_vs_Classic_Credit_Ltd_on_21_August_2017_1.PDF,Financial Fraud,AIR 1957 SC 540,,,UNRESOLVED
Securities_And_Exchange_Board_Of_India_vs_Classic_Credit_Ltd_on_21_August_2017_1.PDF,Financial Fraud,AIR 1927 PC 242,,,UNRESOLVED
Securities_And_Exchange_Board_Of_India_vs_Classic_Credit_Ltd_on_21_August_2017_1.PDF,Financial Fraud,AIR 1963 SC 996,,,UNRESOLVED
Securities_And_Exchange_Board_Of_India_vs_Classic_Credit_Ltd_on_21_August_2017_1.PDF,Financial Fraud,AIR 1970 SC 1636,,,UNRESOLVED
Securities_And_Exchange_Board_Of_India_vs_Classic_Credit_Ltd_on_21_August_2017_1.PDF,Financial Fraud,AIR 1966 SC 1206,Union_Of_India_Uoi_vs_Sukumar_Pyne_on_6_October_1965_1.PDF,,OUTSIDE_DOMAINS
Securities_And_Exchange_Board_Of_India_vs_Classic_Credit_Ltd_on_21_August_2017_1.PDF,Financial Fraud,AIR 1964 SC 1541,,,UNRESOLVED
Securities_And_Exchange_Board_Of_India_vs_Classic_Credit_Ltd_on_21_August_2017_1.PDF,Financial Fraud,AIR 1967 SC 1419,,,UNRESOLVED
Securities_And_Exchange_Board_Of_India_vs_Classic_Credit_Ltd_on_21_August_2017_1.PDF,Financial Fraud,AIR 1970 SC 1636,,,UNRESOLVED
Securities_And_Exchange_Board_Of_India_vs_Classic_Credit_Ltd_on_21_August_2017_1.PDF,Financial Fraud,AIR 1958 SC 915,,,UNRESOLVED
Securities_And_Exchange_Board_Of_India_vs_Classic_Credit_Ltd_on_21_August_2017_1.PDF,Financial Fraud,AIR 1937 MAD 385,,,UNRESOLVED
Securities_And_Exchange_Board_Of_India_vs_Classic_Credit_Ltd_on_21_August_2017_1.PDF,Financial Fraud,AIR 1960 SC 979,,,UNRESOLVED
Securities_And_Exchange_Board_Of_India_vs_Classic_Credit_Ltd_on_21_August_2017_1.PDF,Financial Fraud,AIR 1959 SC 144,,,UNRESOLVED
Securities_And_Exchange_Board_Of_India_vs_Classic_Credit_Ltd_on_21_August_2017_1.PDF,Financial Fraud,AIR 1967 SC 1419,,,UNRESOLVED
Securities_And_Exchange_Board_Of_India_vs_Classic_Credit_Ltd_on_21_August_2017_1.PDF,Financial Fraud,AIR 1966 SC 1499,,,UNRESOLVED
Securities_And_Exchange_Board_Of_India_vs_Classic_Credit_Ltd_on_21_August_2017_1.PDF,Financial Fraud,AIR 1970 SC 1636,,,UNRESOLVED
Securities_And_Exchange_Board_Of_India_vs_Classic_Credit_Ltd_on_21_August_2017_1.PDF,Financial Fraud,AIR 1966 SC 1206,Union_Of_India_Uoi_vs_Sukumar_Pyne_on_6_October_1965_1.PDF,,OUTSIDE_DOMAINS
Securities_And_Exchange_Board_Of_India_vs_Classic_Credit_Ltd_on_21_August_2017_1.PDF,Financial Fraud,AIR 1970 SC 1636,,,UNRESOLVED
Securities_And_Exchange_Board_Of_India_vs_Classic_Credit_Ltd_on_21_August_2017_1.PDF,Financial Fraud,AIR 1952 SC 75,The_State_Of_West_Bengal_vs_Anwar_Ali_Sarkar_on_11_January_1952_1.PDF,Organized Crime / Extortion; Violent Crime / Homicide,CROSS_DOMAIN
Securities_And_Exchange_Board_Of_India_vs_Classic_Credit_Ltd_on_21_August_2017_1.PDF,Financial Fraud,AIR 1959 SC 144,,,UNRESOLVED
Securities_And_Exchange_Board_Of_India_vs_Classic_Credit_Ltd_on_21_August_2017_1.PDF,Financial Fraud,SCC 2013 14 696,,,UNRESOLVED
Securities_And_Exchange_Board_Of_India_vs_Classic_Credit_Ltd_on_21_August_2017_1.PDF,Financial Fraud,SCC 1975 2 840,,,UNRESOLVED
Securities_And_Exchange_Board_Of_India_vs_Classic_Credit_Ltd_on_21_August_2017_1.PDF,Financial Fraud,SCC 1994 4 602,Hitendra_Vishnu_Thakur_vs_State_Of_Maharashtra_on_12_July_1994_1.PDF,Organized Crime / Extortion,CROSS_DOMAIN
Securities_And_Exchange_Board_Of_India_vs_Classic_Credit_Ltd_on_21_August_2017_1.PDF,Financial Fraud,SCC 2006 1 141,,,UNRESOLVED
Securities_And_Exchange_Board_Of_India_vs_Classic_Credit_Ltd_on_21_August_2017_1.PDF,Financial Fraud,SCC 2013 15 460,,,UNRESOLVED
Securities_And_Exchange_Board_Of_India_vs_Classic_Credit_Ltd_on_21_August_2017_1.PDF,Financial Fraud,SCC 1988 2 602,,,UNRESOLVED
Securities_And_Exchange_Board_Of_India_vs_Classic_Credit_Ltd_on_21_August_2017_1.PDF,Financial Fraud,SCC 1995 4 392,Ranbir_Yadav_vs_State_Of_Bihar_on_21_March_1995_1.PDF,Financial Fraud; Violent Crime / Homicide,INTERNAL
Securities_And_Exchange_Board_Of_India_vs_Classic_Credit_Ltd_on_21_August_2017_1.PDF,Financial Fraud,SCC 1979 1 92,Maria_Cristina_De_Souza_Sodder_And_Ors_vs_Amria_Zurana_Pereira_Pinto_And_Ors_on_30_August_1978_1.PDF,,OUTSIDE_DOMAINS
Securities_And_Exchange_Board_Of_India_vs_Classic_Credit_Ltd_on_21_August_2017_1.PDF,Financial Fraud,SCC 1983 1 177,,,UNRESOLVED
Securities_And_Exchange_Board_Of_India_vs_Classic_Credit_Ltd_on_21_August_2017_1.PDF,Financial Fraud,SCC 1987 3 27,,,UNRESOLVED
Securities_And_Exchange_Board_Of_India_vs_Classic_Credit_Ltd_on_21_August_2017_1.PDF,Financial Fraud,SCC 2000 8 99,,,UNRESOLVED
Securities_And_Exchange_Board_Of_India_vs_Classic_Credit_Ltd_on_21_August_2017_1.PDF,Financial Fraud,SCC 1976 2 917,Jose_Da_Costa_And_Anr_vs_Bascora_Sadasiva_Sinai_Narcornim_And_on_1_August_1975_1.PDF,,OUTSIDE_DOMAINS
Securities_And_Exchange_Board_Of_India_vs_Classic_Credit_Ltd_on_21_August_2017_1.PDF,Financial Fraud,SCC 1990 1 445,,,UNRESOLVED
Securities_And_Exchange_Board_Of_India_vs_Classic_Credit_Ltd_on_21_August_2017_1.PDF,Financial Fraud,SCC 2013 15 460,,,UNRESOLVED
Securities_And_Exchange_Board_Of_India_vs_Classic_Credit_Ltd_on_21_August_2017_1.PDF,Financial Fraud,SCC 1995 4 392,Ranbir_Yadav_vs_State_Of_Bihar_on_21_March_1995_1.PDF,Financial Fraud; Violent Crime / Homicide,INTERNAL
Securities_And_Exchange_Board_Of_India_vs_Classic_Credit_Ltd_on_21_August_2017_1.PDF,Financial Fraud,SCC 2010 3 765,,,UNRESOLVED
Securities_And_Exchange_Board_Of_India_vs_Classic_Credit_Ltd_on_21_August_2017_1.PDF,Financial Fraud,SCC 1977 1 593,,,UNRESOLVED
Securities_And_Exchange_Board_Of_India_vs_Classic_Credit_Ltd_on_21_August_2017_1.PDF,Financial Fraud,SCC 1988 2 602,,,UNRESOLVED
Securities_And_Exchange_Board_Of_India_vs_Classic_Credit_Ltd_on_21_August_2017_1.PDF,Financial Fraud,SCC 2013 14 696,,,UNRESOLVED
Securities_And_Exchange_Board_Of_India_vs_Classic_Credit_Ltd_on_21_August_2017_1.PDF,Financial Fraud,SCC 1976 3 252,,,UNRESOLVED
Securities_And_Exchange_Board_Of_India_vs_Classic_Credit_Ltd_on_21_August_2017_1.PDF,Financial Fraud,SCC 1980 2 91,,,UNRESOLVED
Securities_And_Exchange_Board_Of_India_vs_Classic_Credit_Ltd_on_21_August_2017_1.PDF,Financial Fraud,SCC 1975 2 840,,,UNRESOLVED
Securities_And_Exchange_Board_Of_India_vs_Classic_Credit_Ltd_on_21_August_2017_1.PDF,Financial Fraud,SCC 1994 4 602,Hitendra_Vishnu_Thakur_vs_State_Of_Maharashtra_on_12_July_1994_1.PDF,Organized Crime / Extortion,CROSS_DOMAIN
Securities_And_Exchange_Board_Of_India_vs_Classic_Credit_Ltd_on_21_August_2017_1.PDF,Financial Fraud,SCC 1996 8 388,,,UNRESOLVED
Securities_And_Exchange_Board_Of_India_vs_Classic_Credit_Ltd_on_21_August_2017_1.PDF,Financial Fraud,SCC 2003 1 444,,,UNRESOLVED
Securities_And_Exchange_Board_Of_India_vs_Classic_Credit_Ltd_on_21_August_2017_1.PDF,Financial Fraud,SCC 1979 4 214,,,UNRESOLVED
Securities_And_Exchange_Board_Of_India_vs_Classic_Credit_Ltd_on_21_August_2017_1.PDF,Financial Fraud,SCC 1996 8 388,,,UNRESOLVED
Securities_And_Exchange_Board_Of_India_vs_Classic_Credit_Ltd_on_21_August_2017_1.PDF,Financial Fraud,SCC 2003 1 444,,,UNRESOLVED
Securities_And_Exchange_Board_Of_India_vs_Classic_Credit_Ltd_on_21_August_2017_1.PDF,Financial Fraud,SCC 2003 1 444,,,UNRESOLVED
Securities_And_Exchange_Board_Of_India_vs_Classic_Credit_Ltd_on_21_August_2017_1.PDF,Financial Fraud,SCC 2015 4 33,,,UNRESOLVED
Securities_And_Exchange_Board_Of_India_vs_Classic_Credit_Ltd_on_21_August_2017_1.PDF,Financial Fraud,SCC 2001 8 397,,,UNRESOLVED
Securities_And_Exchange_Board_Of_India_vs_Classic_Credit_Ltd_on_21_August_2017_1.PDF,Financial Fraud,SCC 2001 8 397,,,UNRESOLVED
Securities_And_Exchange_Board_Of_India_vs_Classic_Credit_Ltd_on_21_August_2017_1.PDF,Financial Fraud,SCC 1996 8 388,,,UNRESOLVED
Securities_And_Exchange_Board_Of_India_vs_Classic_Credit_Ltd_on_21_August_2017_1.PDF,Financial Fraud,SCC 2003 1 444,,,UNRESOLVED
Securities_And_Exchange_Board_Of_India_vs_Classic_Credit_Ltd_on_21_August_2017_1.PDF,Financial Fraud,SCC 2013 15 460,,,UNRESOLVED
Securities_And_Exchange_Board_Of_India_vs_Classic_Credit_Ltd_on_21_August_2017_1.PDF,Financial Fraud,SCC 1969 2 74,Shankar_Ramchandra_Abhyankar_vs_Krishnaji_Dattatreya_Bapat_on_16_April_1969_1.PDF,,OUTSIDE_DOMAINS
Securities_And_Exchange_Board_Of_India_vs_Classic_Credit_Ltd_on_21_August_2017_1.PDF,Financial Fraud,SCC 2005 9 15,,,UNRESOLVED
Securities_And_Exchange_Board_Of_India_vs_Classic_Credit_Ltd_on_21_August_2017_1.PDF,Financial Fraud,SCC 2013 15 460,,,UNRESOLVED
Securities_And_Exchange_Board_Of_India_vs_Classic_Credit_Ltd_on_21_August_2017_1.PDF,Financial Fraud,SCC 2009 10 552,,,UNRESOLVED
Securities_And_Exchange_Board_Of_India_vs_Classic_Credit_Ltd_on_21_August_2017_1.PDF,Financial Fraud,SCC 1977 2 424,,,UNRESOLVED
Securities_And_Exchange_Board_Of_India_vs_Classic_Credit_Ltd_on_21_August_2017_1.PDF,Financial Fraud,SCC 1975 2 840,,,UNRESOLVED
Securities_And_Exchange_Board_Of_India_vs_Classic_Credit_Ltd_on_21_August_2017_1.PDF,Financial Fraud,SCC 2010 3 765,,,UNRESOLVED
Securities_And_Exchange_Board_Of_India_vs_Classic_Credit_Ltd_on_21_August_2017_1.PDF,Financial Fraud,SCC 2013 4 696,,,UNRESOLVED
Securities_And_Exchange_Board_Of_India_vs_Classic_Credit_Ltd_on_21_August_2017_1.PDF,Financial Fraud,SCC 1994 4 602,Hitendra_Vishnu_Thakur_vs_State_Of_Maharashtra_on_12_July_1994_1.PDF,Organized Crime / Extortion,CROSS_DOMAIN
Securities_And_Exchange_Board_Of_India_vs_Classic_Credit_Ltd_on_21_August_2017_1.PDF,Financial Fraud,SCC 1995 4 392,Ranbir_Yadav_vs_State_Of_Bihar_on_21_March_1995_1.PDF,Financial Fraud; Violent Crime / Homicide,INTERNAL
Securities_And_Exchange_Board_Of_India_vs_Classic_Credit_Ltd_on_21_August_2017_1.PDF,Financial Fraud,SCC 2013 15 460,,,UNRESOLVED
Securities_And_Exchange_Board_Of_India_vs_Classic_Credit_Ltd_on_21_August_2017_1.PDF,Financial Fraud,SCC 2001 8 397,,,UNRESOLVED
Securities_And_Exchange_Board_Of_India_vs_Classic_Credit_Ltd_on_21_August_2017_1.PDF,Financial Fraud,SCC 2003 1 444,,,UNRESOLVED
Securities_And_Exchange_Board_Of_India_vs_Classic_Credit_Ltd_on_21_August_2017_1.PDF,Financial Fraud,SCC 2013 14 696,,,UNRESOLVED
Securities_And_Exchange_Board_Of_India_vs_Classic_Credit_Ltd_on_21_August_2017_1.PDF,Financial Fraud,SCC 2015 4 33,,,UNRESOLVED
Securities_And_Exchange_Board_Of_India_vs_Classic_Credit_Ltd_on_21_August_2017_1.PDF,Financial Fraud,SCC 1975 2 840,,,UNRESOLVED
Securities_And_Exchange_Board_Of_India_vs_Classic_Credit_Ltd_on_21_August_2017_1.PDF,Financial Fraud,SCC 1994 4 602,Hitendra_Vishnu_Thakur_vs_State_Of_Maharashtra_on_12_July_1994_1.PDF,Organized Crime / Extortion,CROSS_DOMAIN
Securities_And_Exchange_Board_Of_India_vs_Classic_Credit_Ltd_on_21_August_2017_1.PDF,Financial Fraud,SCC 1995 4 392,Ranbir_Yadav_vs_State_Of_Bihar_on_21_March_1995_1.PDF,Financial Fraud; Violent Crime / Homicide,INTERNAL
Securities_And_Exchange_Board_Of_India_vs_Classic_Credit_Ltd_on_21_August_2017_1.PDF,Financial Fraud,SCC 2013 15 460,,,UNRESOLVED
Securities_And_Exchange_Board_Of_India_vs_Classic_Credit_Ltd_on_21_August_2017_1.PDF,Financial Fraud,SCC 1988 2 602,,,UNRESOLVED
Securities_And_Exchange_Board_Of_India_vs_Classic_Credit_Ltd_on_21_August_2017_1.PDF,Financial Fraud,SCC 1997 4 241,,,UNRESOLVED
Securities_And_Exchange_Board_Of_India_vs_Classic_Credit_Ltd_on_21_August_2017_1.PDF,Financial Fraud,SCC 2013 15 460,,,UNRESOLVED
Securities_And_Exchange_Board_Of_India_vs_Classic_Credit_Ltd_on_21_August_2017_1.PDF,Financial Fraud,SCR 1953 1188,Rao_Shiv_Bahadur_Singh_And_Another_vs_The_State_Of_Vindhya_Pradesh_on_22_May_1953_1.PDF,Organized Crime / Extortion,CROSS_DOMAIN
Securities_And_Exchange_Board_Of_India_vs_Classic_Credit_Ltd_on_21_August_2017_1.PDF,Financial Fraud,SCR 1984 2 914,,,UNRESOLVED
Securities_And_Exchange_Board_Of_India_vs_Classic_Credit_Ltd_on_21_August_2017_1.PDF,Financial Fraud,SCR 1984 2 495,,,UNRESOLVED
State_Tr_Central_Bureau_Of_vs_Shri_Kalyan_Singh_Former_Cm_Of_Up_Ors_on_19_April_2017_1.PDF,Financial Fraud,SCC 1995 142,,,UNRESOLVED
State_Tr_Central_Bureau_Of_vs_Shri_Kalyan_Singh_Former_Cm_Of_Up_Ors_on_19_April_2017_1.PDF,Financial Fraud,SCC 1988 2 602,,,UNRESOLVED
State_Tr_Central_Bureau_Of_vs_Shri_Kalyan_Singh_Former_Cm_Of_Up_Ors_on_19_April_2017_1.PDF,Financial Fraud,SCC 2014 8 883,,,UNRESOLVED
State_Tr_Central_Bureau_Of_vs_Shri_Kalyan_Singh_Former_Cm_Of_Up_Ors_on_19_April_2017_1.PDF,Financial Fraud,SCC 2006 5 72,,,UNRESOLVED
State_Tr_Central_Bureau_Of_vs_Shri_Kalyan_Singh_Former_Cm_Of_Up_Ors_on_19_April_2017_1.PDF,Financial Fraud,SCC 2006 8 381,,,UNRESOLVED
State_Tr_Central_Bureau_Of_vs_Shri_Kalyan_Singh_Former_Cm_Of_Up_Ors_on_19_April_2017_1.PDF,Financial Fraud,SCC 2006 1 667,,,UNRESOLVED
S_Mohammed_Ispahani_vs_Yogendra_Chandak_on_4_October_2017_1.PDF,Financial Fraud,SCC 2014 3 92,,,UNRESOLVED
S_Mohammed_Ispahani_vs_Yogendra_Chandak_on_4_October_2017_1.PDF,Financial Fraud,SCC 2017 7 706,,,UNRESOLVED
S_Mohammed_Ispahani_vs_Yogendra_Chandak_on_4_October_2017_1.PDF,Financial Fraud,SCC 1989 2 132,,,UNRESOLVED
S_Mohammed_Ispahani_vs_Yogendra_Chandak_on_4_October_2017_1.PDF,Financial Fraud,SCC 2002 10 499,,,UNRESOLVED
S_Mohammed_Ispahani_vs_Yogendra_Chandak_on_4_October_2017_1.PDF,Financial Fraud,SCC 2010 1 250,,,UNRESOLVED
S_Mohammed_Ispahani_vs_Yogendra_Chandak_on_4_October_2017_1.PDF,Financial Fraud,SCC 2017 7 706,,,UNRESOLVED
S_Mohammed_Ispahani_vs_Yogendra_Chandak_on_4_October_2017_1.PDF,Financial Fraud,SCC 2014 3 321,,,UNRESOLVED
Teesta_Atul_Setalvad_vs_The_State_Of_Gujarat_on_15_December_2017_1.PDF,Financial Fraud,SCC 2012 6 760,,,UNRESOLVED
Teesta_Atul_Setalvad_vs_The_State_Of_Gujarat_on_15_December_2017_1.PDF,Financial Fraud,SCC 2005 8 771,,,UNRESOLVED
Teesta_Atul_Setalvad_vs_The_State_Of_Gujarat_on_15_December_2017_1.PDF,Financial Fraud,SCC 1999 7 685,,,UNRESOLVED
Venture_Global_Engineering_Llc_vs_Tech_Mahindra_Ltd_Anr_Etc_on_1_November_2017_1.PDF,Financial Fraud,AIR 1956 SC 415,Pritam_Singh_And_Anr_vs_The_State_Of_Punjab_on_4_November_1955_1.PDF,,OUTSIDE_DOMAINS
Venture_Global_Engineering_Llc_vs_Tech_Mahindra_Ltd_Anr_Etc_on_1_November_2017_1.PDF,Financial Fraud,AIR 1965 SC 87,,,UNRESOLVED
Venture_Global_Engineering_Llc_vs_Tech_Mahindra_Ltd_Anr_Etc_on_1_November_2017_1.PDF,Financial Fraud,AIR 1971 SC 1949,Bishwanath_Rai_vs_Sachhidanand_Singh_on_7_May_1971_1.PDF,,OUTSIDE_DOMAINS
Venture_Global_Engineering_Llc_vs_Tech_Mahindra_Ltd_Anr_Etc_on_1_November_2017_1.PDF,Financial Fraud,SCC 2002 4 105,,,UNRESOLVED
Venture_Global_Engineering_Llc_vs_Tech_Mahindra_Ltd_Anr_Etc_on_1_November_2017_1.PDF,Financial Fraud,SCC 2012 9 552,,,UNRESOLVED
Venture_Global_Engineering_Llc_vs_Tech_Mahindra_Ltd_Anr_Etc_on_1_November_2017_1.PDF,Financial Fraud,SCC 2008 4 190,,,UNRESOLVED
Venture_Global_Engineering_Llc_vs_Tech_Mahindra_Ltd_Anr_Etc_on_1_November_2017_1.PDF,Financial Fraud,SCC 2010 8 660,,,UNRESOLVED
Venture_Global_Engineering_Llc_vs_Tech_Mahindra_Ltd_Anr_Etc_on_1_November_2017_1.PDF,Financial Fraud,SCC 2010 8 660,,,UNRESOLVED
Venture_Global_Engineering_Llc_vs_Tech_Mahindra_Ltd_Anr_Etc_on_1_November_2017_1.PDF,Financial Fraud,SCC 2008 4 190,,,UNRESOLVED
Venture_Global_Engineering_Llc_vs_Tech_Mahindra_Ltd_Anr_Etc_on_1_November_2017_1.PDF,Financial Fraud,SCC 2002 4 105,,,UNRESOLVED
Venture_Global_Engineering_Llc_vs_Tech_Mahindra_Ltd_Anr_Etc_on_1_November_2017_1.PDF,Financial Fraud,SCC 2010 8 660,,,UNRESOLVED
Venture_Global_Engineering_Llc_vs_Tech_Mahindra_Ltd_Anr_Etc_on_1_November_2017_1.PDF,Financial Fraud,SCC 2012 9 552,,,UNRESOLVED
Venture_Global_Engineering_Llc_vs_Tech_Mahindra_Ltd_Anr_Etc_on_1_November_2017_1.PDF,Financial Fraud,SCC 2003 8 319,,,UNRESOLVED
Venture_Global_Engineering_Llc_vs_Tech_Mahindra_Ltd_Anr_Etc_on_1_November_2017_1.PDF,Financial Fraud,SCC 2003 5 705,,,UNRESOLVED
Venture_Global_Engineering_Llc_vs_Tech_Mahindra_Ltd_Anr_Etc_on_1_November_2017_1.PDF,Financial Fraud,SCC 2014 9 263,,,UNRESOLVED
Venture_Global_Engineering_Llc_vs_Tech_Mahindra_Ltd_Anr_Etc_on_1_November_2017_1.PDF,Financial Fraud,SCC 2015 3 49,,,UNRESOLVED
Venture_Global_Engineering_Llc_vs_Tech_Mahindra_Ltd_Anr_Etc_on_1_November_2017_1.PDF,Financial Fraud,SCC 1977 2 611,,,UNRESOLVED
Venture_Global_Engineering_Llc_vs_Tech_Mahindra_Ltd_Anr_Etc_on_1_November_2017_1.PDF,Financial Fraud,SCC 1974 3 469,,,UNRESOLVED
Venture_Global_Engineering_Llc_vs_Tech_Mahindra_Ltd_Anr_Etc_on_1_November_2017_1.PDF,Financial Fraud,SCC 1969 1 379,,,UNRESOLVED
Venture_Global_Engineering_Llc_vs_Tech_Mahindra_Ltd_Anr_Etc_on_1_November_2017_1.PDF,Financial Fraud,SCR 1964 4 19,,,UNRESOLVED
Venture_Global_Engineering_Llc_vs_Tech_Mahindra_Ltd_Anr_Etc_on_1_November_2017_1.PDF,Financial Fraud,SCR 1955 2 271,,,UNRESOLVED
Venture_Global_Engineering_Llc_vs_Tech_Mahindra_Ltd_Anr_Etc_on_1_November_2017_1.PDF,Financial Fraud,SCR 1969 1 1006,Shakuntala_Devi_Jain_vs_Kuntal_Kumari_And_Ors_on_5_September_1968_1.PDF,,OUTSIDE_DOMAINS
Venture_Global_Engineering_Llc_vs_Tech_Mahindra_Ltd_Anr_Etc_on_1_November_2017_1.PDF,Financial Fraud,SCR 1955 1 206,,,UNRESOLVED
Venture_Global_Engineering_Llc_vs_Tech_Mahindra_Ltd_Anr_Etc_on_1_November_2017_1.PDF,Financial Fraud,SCR 1972 2 646,,,UNRESOLVED
Venture_Global_Engineering_Llc_vs_Tech_Mahindra_Ltd_Anr_Etc_on_1_November_2017_1.PDF,Financial Fraud,SCR 1968 3 1,,,UNRESOLVED
Venture_Global_Engineering_Llc_vs_Tech_Mahindra_Ltd_Anr_Etc_on_1_November_2017_1.PDF,Financial Fraud,SCR 1966 3 283,,,UNRESOLVED
Venture_Global_Engineering_Llc_vs_Tech_Mahindra_Ltd_Anr_Etc_on_1_November_2017_1.PDF,Financial Fraud,SCR 1951 548,Bishundeo_Narain_And_Another_vs_Seogeni_Rai_And_Jagernath_on_4_May_1951_1.PDF,,OUTSIDE_DOMAINS
Achpal_Ramswaroop_vs_The_State_Of_Rajasthan_on_24_September_2018_1.PDF,Financial Fraud,SCC 2001 5 453,,,UNRESOLVED
Achpal_Ramswaroop_vs_The_State_Of_Rajasthan_on_24_September_2018_1.PDF,Financial Fraud,SCC 1994 4 602,Hitendra_Vishnu_Thakur_vs_State_Of_Maharashtra_on_12_July_1994_1.PDF,Organized Crime / Extortion,CROSS_DOMAIN
Achpal_Ramswaroop_vs_The_State_Of_Rajasthan_on_24_September_2018_1.PDF,Financial Fraud,SCC 1994 5 410,Sunjay_Datt_vs_State_Ii_on_9_September_1994_1.PDF,Organized Crime / Extortion,CROSS_DOMAIN
Achpal_Ramswaroop_vs_The_State_Of_Rajasthan_on_24_September_2018_1.PDF,Financial Fraud,SCC 1996 1 718,,,UNRESOLVED
Achpal_Ramswaroop_vs_The_State_Of_Rajasthan_on_24_September_2018_1.PDF,Financial Fraud,SCC 2007 5 773,,,UNRESOLVED
Achpal_Ramswaroop_vs_The_State_Of_Rajasthan_on_24_September_2018_1.PDF,Financial Fraud,SCC 2009 17 631,,,UNRESOLVED
Achpal_Ramswaroop_vs_The_State_Of_Rajasthan_on_24_September_2018_1.PDF,Financial Fraud,SCC 2014 9 457,,,UNRESOLVED
Achpal_Ramswaroop_vs_The_State_Of_Rajasthan_on_24_September_2018_1.PDF,Financial Fraud,SCC 2018 4 405,,,UNRESOLVED
Achpal_Ramswaroop_vs_The_State_Of_Rajasthan_on_24_September_2018_1.PDF,Financial Fraud,SCC 2017 15 67,,,UNRESOLVED
Anand_Kumar_Mohatta_vs_State_Govt_Of_Nct_Of_Delhi_Department_on_15_November_2018_1.PDF,Financial Fraud,SCC 2011 7 59,,,UNRESOLVED
Anand_Kumar_Mohatta_vs_State_Govt_Of_Nct_Of_Delhi_Department_on_15_November_2018_1.PDF,Financial Fraud,SCC 2000 2 636,,,UNRESOLVED
Anand_Kumar_Mohatta_vs_State_Govt_Of_Nct_Of_Delhi_Department_on_15_November_2018_1.PDF,Financial Fraud,SCC 2013 10 591,,,UNRESOLVED
Centre_For_Public_Interest_Litigation_vs_U_O_I_on_23_February_2018_1.PDF,Financial Fraud,SCC 2016 4 469,,,UNRESOLVED
Centre_For_Public_Interest_Litigation_vs_U_O_I_on_23_February_2018_1.PDF,Financial Fraud,SCC 2017 6 263,,,UNRESOLVED
Deepu_Deepak_vs_The_State_Of_Madhya_Pradesh_on_14_December_2018_1.PDF,Financial Fraud,SCC 2014 3 92,,,UNRESOLVED
Dhruvaram_Murlidhar_Sonar_vs_The_State_Of_Maharashtra_on_22_November_2018_1.PDF,Financial Fraud,SCC 1999 3 259,,,UNRESOLVED
Dhruvaram_Murlidhar_Sonar_vs_The_State_Of_Maharashtra_on_22_November_2018_1.PDF,Financial Fraud,SCC 2002 3 89,,,UNRESOLVED
Dhruvaram_Murlidhar_Sonar_vs_The_State_Of_Maharashtra_on_22_November_2018_1.PDF,Financial Fraud,SCC 2017 13 369,,,UNRESOLVED
Dhruvaram_Murlidhar_Sonar_vs_The_State_Of_Maharashtra_on_22_November_2018_1.PDF,Financial Fraud,SCC 2003 4 46,,,UNRESOLVED
Dhruvaram_Murlidhar_Sonar_vs_The_State_Of_Maharashtra_on_22_November_2018_1.PDF,Financial Fraud,SCC 2005 1 88,,,UNRESOLVED
Dhruvaram_Murlidhar_Sonar_vs_The_State_Of_Maharashtra_on_22_November_2018_1.PDF,Financial Fraud,SCC 2013 7 675,,,UNRESOLVED
Dineshbhai_Chandubhai_Patel_vs_The_State_Of_Gujarat_on_5_January_2018_1.PDF,Financial Fraud,AIR 1982 SC 949,,,UNRESOLVED
Dineshbhai_Chandubhai_Patel_vs_The_State_Of_Gujarat_on_5_January_2018_1.PDF,Financial Fraud,SCC 2015 11 730,,,UNRESOLVED
Dineshbhai_Chandubhai_Patel_vs_The_State_Of_Gujarat_on_5_January_2018_1.PDF,Financial Fraud,SCC 2011 3 351,,,UNRESOLVED
Dr_Subhash_Kashinath_Mahajan_vs_The_State_Of_Maharashtra_on_20_March_2018_1.PDF,Financial Fraud,AIR 1973 SC 1461,,,UNRESOLVED
Dr_Subhash_Kashinath_Mahajan_vs_The_State_Of_Maharashtra_on_20_March_2018_1.PDF,Financial Fraud,AIR 1962 SC 955,,,UNRESOLVED
Dr_Subhash_Kashinath_Mahajan_vs_The_State_Of_Maharashtra_on_20_March_2018_1.PDF,Financial Fraud,AIR 1964 SC 221,,,UNRESOLVED
Dr_Subhash_Kashinath_Mahajan_vs_The_State_Of_Maharashtra_on_20_March_2018_1.PDF,Financial Fraud,SCC 2005 4 303,,,UNRESOLVED
Dr_Subhash_Kashinath_Mahajan_vs_The_State_Of_Maharashtra_on_20_March_2018_1.PDF,Financial Fraud,SCC 2015 11 628,,,UNRESOLVED
Dr_Subhash_Kashinath_Mahajan_vs_The_State_Of_Maharashtra_on_20_March_2018_1.PDF,Financial Fraud,SCC 1981 3 143,,,UNRESOLVED
Dr_Subhash_Kashinath_Mahajan_vs_The_State_Of_Maharashtra_on_20_March_2018_1.PDF,Financial Fraud,SCC 1994 4 260,Joginder_Kumar_vs_State_Of_U_P_on_25_April_1994_1.PDF,,OUTSIDE_DOMAINS
Dr_Subhash_Kashinath_Mahajan_vs_The_State_Of_Maharashtra_on_20_March_2018_1.PDF,Financial Fraud,SCC 2003 2 649,,,UNRESOLVED
Dr_Subhash_Kashinath_Mahajan_vs_The_State_Of_Maharashtra_on_20_March_2018_1.PDF,Financial Fraud,SCC 2009 10 488,,,UNRESOLVED
Dr_Subhash_Kashinath_Mahajan_vs_The_State_Of_Maharashtra_on_20_March_2018_1.PDF,Financial Fraud,SCC 2014 8 273,,,UNRESOLVED
Dr_Subhash_Kashinath_Mahajan_vs_The_State_Of_Maharashtra_on_20_March_2018_1.PDF,Financial Fraud,SCC 2016 11 703,,,UNRESOLVED
Dr_Subhash_Kashinath_Mahajan_vs_The_State_Of_Maharashtra_on_20_March_2018_1.PDF,Financial Fraud,SCC 1995 3 221,State_Of_M_P_Anr_vs_Ram_Krishna_Balothia_Anr_on_6_February_1995_1.PDF,,OUTSIDE_DOMAINS
Dr_Subhash_Kashinath_Mahajan_vs_The_State_Of_Maharashtra_on_20_March_2018_1.PDF,Financial Fraud,SCC 1980 2 565,,,UNRESOLVED
Dr_Subhash_Kashinath_Mahajan_vs_The_State_Of_Maharashtra_on_20_March_2018_1.PDF,Financial Fraud,SCC 1978 1 248,Mrs_Maneka_Gandhi_vs_Union_Of_India_Uoi_And_Anr_on_25_January_1978_1.PDF,Organized Crime / Extortion,CROSS_DOMAIN
Dr_Subhash_Kashinath_Mahajan_vs_The_State_Of_Maharashtra_on_20_March_2018_1.PDF,Financial Fraud,SCC 2005 10 437,,,UNRESOLVED
Dr_Subhash_Kashinath_Mahajan_vs_The_State_Of_Maharashtra_on_20_March_2018_1.PDF,Financial Fraud,SCC 2013 11 451,,,UNRESOLVED
Dr_Subhash_Kashinath_Mahajan_vs_The_State_Of_Maharashtra_on_20_March_2018_1.PDF,Financial Fraud,SCC 2017 13 439,,,UNRESOLVED
Dr_Subhash_Kashinath_Mahajan_vs_The_State_Of_Maharashtra_on_20_March_2018_1.PDF,Financial Fraud,SCC 2012 8 795,,,UNRESOLVED
Dr_Subhash_Kashinath_Mahajan_vs_The_State_Of_Maharashtra_on_20_March_2018_1.PDF,Financial Fraud,SCC 2014 15 521,,,UNRESOLVED
Dr_Subhash_Kashinath_Mahajan_vs_The_State_Of_Maharashtra_on_20_March_2018_1.PDF,Financial Fraud,SCC 1978 1 248,Mrs_Maneka_Gandhi_vs_Union_Of_India_Uoi_And_Anr_on_25_January_1978_1.PDF,Organized Crime / Extortion,CROSS_DOMAIN
Dr_Subhash_Kashinath_Mahajan_vs_The_State_Of_Maharashtra_on_20_March_2018_1.PDF,Financial Fraud,SCC 1984 3 161,,,UNRESOLVED
Dr_Subhash_Kashinath_Mahajan_vs_The_State_Of_Maharashtra_on_20_March_2018_1.PDF,Financial Fraud,SCC 1997 6 241,,,UNRESOLVED
Dr_Subhash_Kashinath_Mahajan_vs_The_State_Of_Maharashtra_on_20_March_2018_1.PDF,Financial Fraud,SCC 1983 2 244,,,UNRESOLVED
Dr_Subhash_Kashinath_Mahajan_vs_The_State_Of_Maharashtra_on_20_March_2018_1.PDF,Financial Fraud,SCC 1996 1 753,,,UNRESOLVED
Dr_Subhash_Kashinath_Mahajan_vs_The_State_Of_Maharashtra_on_20_March_2018_1.PDF,Financial Fraud,SCC 1996 6 756,,,UNRESOLVED
Dr_Subhash_Kashinath_Mahajan_vs_The_State_Of_Maharashtra_on_20_March_2018_1.PDF,Financial Fraud,SCC 1998 4 409,,,UNRESOLVED
Dr_Subhash_Kashinath_Mahajan_vs_The_State_Of_Maharashtra_on_20_March_2018_1.PDF,Financial Fraud,SCC 2012 1 333,,,UNRESOLVED
Dr_Subhash_Kashinath_Mahajan_vs_The_State_Of_Maharashtra_on_20_March_2018_1.PDF,Financial Fraud,SCC 2011 13 706,,,UNRESOLVED
Dr_Subhash_Kashinath_Mahajan_vs_The_State_Of_Maharashtra_on_20_March_2018_1.PDF,Financial Fraud,SCC 1994 6 241,Kumari_Madhuri_Patil_vs_Addl_Commissioner_on_2_September_1994_1.PDF,,OUTSIDE_DOMAINS
Dr_Subhash_Kashinath_Mahajan_vs_The_State_Of_Maharashtra_on_20_March_2018_1.PDF,Financial Fraud,SCC 2016 1 1,,,UNRESOLVED
Dr_Subhash_Kashinath_Mahajan_vs_The_State_Of_Maharashtra_on_20_March_2018_1.PDF,Financial Fraud,SCC 2017 9 766,,,UNRESOLVED
Dr_Subhash_Kashinath_Mahajan_vs_The_State_Of_Maharashtra_on_20_March_2018_1.PDF,Financial Fraud,SCC 2007 15 337,,,UNRESOLVED
Dr_Subhash_Kashinath_Mahajan_vs_The_State_Of_Maharashtra_on_20_March_2018_1.PDF,Financial Fraud,SCC 2011 5 1,,,UNRESOLVED
Dr_Subhash_Kashinath_Mahajan_vs_The_State_Of_Maharashtra_on_20_March_2018_1.PDF,Financial Fraud,SCC 2010 5 318,,,UNRESOLVED
Dr_Subhash_Kashinath_Mahajan_vs_The_State_Of_Maharashtra_on_20_March_2018_1.PDF,Financial Fraud,SCC 2004 12 104,,,UNRESOLVED
Dr_Subhash_Kashinath_Mahajan_vs_The_State_Of_Maharashtra_on_20_March_2018_1.PDF,Financial Fraud,SCC 2010 15 57,,,UNRESOLVED
Dr_Subhash_Kashinath_Mahajan_vs_The_State_Of_Maharashtra_on_20_March_2018_1.PDF,Financial Fraud,SCC 1996 4 37,Paschim_Banga_Khet_Mazdoorsamity_Of_Ors_vs_State_Of_West_Bengal_Anr_on_6_May_1996_1.PDF,,OUTSIDE_DOMAINS
Dr_Subhash_Kashinath_Mahajan_vs_The_State_Of_Maharashtra_on_20_March_2018_1.PDF,Financial Fraud,SCC 1978 4 494,,,UNRESOLVED
Dr_Subhash_Kashinath_Mahajan_vs_The_State_Of_Maharashtra_on_20_March_2018_1.PDF,Financial Fraud,SCC 1980 1 98,,,UNRESOLVED
Dr_Subhash_Kashinath_Mahajan_vs_The_State_Of_Maharashtra_on_20_March_2018_1.PDF,Financial Fraud,SCC 1994 4 260,Joginder_Kumar_vs_State_Of_U_P_on_25_April_1994_1.PDF,,OUTSIDE_DOMAINS
Dr_Subhash_Kashinath_Mahajan_vs_The_State_Of_Maharashtra_on_20_March_2018_1.PDF,Financial Fraud,SCC 2014 8 273,,,UNRESOLVED
Dr_Subhash_Kashinath_Mahajan_vs_The_State_Of_Maharashtra_on_20_March_2018_1.PDF,Financial Fraud,SCC 1997 1 416,,,UNRESOLVED
Dr_Subhash_Kashinath_Mahajan_vs_The_State_Of_Maharashtra_on_20_March_2018_1.PDF,Financial Fraud,SCC 2016 7 221,,,UNRESOLVED
Dr_Subhash_Kashinath_Mahajan_vs_The_State_Of_Maharashtra_on_20_March_2018_1.PDF,Financial Fraud,SCC 2011 1 694,,,UNRESOLVED
Dr_Subhash_Kashinath_Mahajan_vs_The_State_Of_Maharashtra_on_20_March_2018_1.PDF,Financial Fraud,SCC 1994 6 260,,,UNRESOLVED
Dr_Subhash_Kashinath_Mahajan_vs_The_State_Of_Maharashtra_on_20_March_2018_1.PDF,Financial Fraud,SCC 1980 2 565,,,UNRESOLVED
Dr_Subhash_Kashinath_Mahajan_vs_The_State_Of_Maharashtra_on_20_March_2018_1.PDF,Financial Fraud,SCC 1994 4 260,Joginder_Kumar_vs_State_Of_U_P_on_25_April_1994_1.PDF,,OUTSIDE_DOMAINS
Dr_Subhash_Kashinath_Mahajan_vs_The_State_Of_Maharashtra_on_20_March_2018_1.PDF,Financial Fraud,SCC 2003 4 399,,,UNRESOLVED
Dr_Subhash_Kashinath_Mahajan_vs_The_State_Of_Maharashtra_on_20_March_2018_1.PDF,Financial Fraud,SCC 2014 4 453,,,UNRESOLVED
Dr_Subhash_Kashinath_Mahajan_vs_The_State_Of_Maharashtra_on_20_March_2018_1.PDF,Financial Fraud,SCC 2009 4 437,,,UNRESOLVED
Dr_Subhash_Kashinath_Mahajan_vs_The_State_Of_Maharashtra_on_20_March_2018_1.PDF,Financial Fraud,SCC 1994 3 569,Kartar_Singh_vs_State_Of_Punjab_on_11_March_1994_1.PDF,Corruption; Organized Crime / Extortion,CROSS_DOMAIN
Dr_Subhash_Kashinath_Mahajan_vs_The_State_Of_Maharashtra_on_20_March_2018_1.PDF,Financial Fraud,SCC 1978 1 248,Mrs_Maneka_Gandhi_vs_Union_Of_India_Uoi_And_Anr_on_25_January_1978_1.PDF,Organized Crime / Extortion,CROSS_DOMAIN
Dr_Subhash_Kashinath_Mahajan_vs_The_State_Of_Maharashtra_on_20_March_2018_1.PDF,Financial Fraud,SCC 1978 4 494,,,UNRESOLVED
Dr_Subhash_Kashinath_Mahajan_vs_The_State_Of_Maharashtra_on_20_March_2018_1.PDF,Financial Fraud,SCC 2012 3 346,,,UNRESOLVED
Dr_Subhash_Kashinath_Mahajan_vs_The_State_Of_Maharashtra_on_20_March_2018_1.PDF,Financial Fraud,SCC 1970 1 248,,,UNRESOLVED
Dr_Subhash_Kashinath_Mahajan_vs_The_State_Of_Maharashtra_on_20_March_2018_1.PDF,Financial Fraud,SCC 2008 16 417,,,UNRESOLVED
Dr_Subhash_Kashinath_Mahajan_vs_The_State_Of_Maharashtra_on_20_March_2018_1.PDF,Financial Fraud,SCC 1992 4 260,,,UNRESOLVED
Dr_Subhash_Kashinath_Mahajan_vs_The_State_Of_Maharashtra_on_20_March_2018_1.PDF,Financial Fraud,SCC 2000 8 437,,,UNRESOLVED
Dr_Subhash_Kashinath_Mahajan_vs_The_State_Of_Maharashtra_on_20_March_2018_1.PDF,Financial Fraud,SCC 2014 2 1,,,UNRESOLVED
Dr_Subhash_Kashinath_Mahajan_vs_The_State_Of_Maharashtra_on_20_March_2018_1.PDF,Financial Fraud,SCC 1970 1 595,,,UNRESOLVED
Dr_Subhash_Kashinath_Mahajan_vs_The_State_Of_Maharashtra_on_20_March_2018_1.PDF,Financial Fraud,SCC 1970 1 595,,,UNRESOLVED
Dr_Subhash_Kashinath_Mahajan_vs_The_State_Of_Maharashtra_on_20_March_2018_1.PDF,Financial Fraud,SCR 1976 2 347,Indira_Nehru_Gandhi_vs_Shri_Raj_Narain_Anr_on_7_November_1975_1.PDF,Organized Crime / Extortion; Violent Crime / Homicide,CROSS_DOMAIN
Dr_Subhash_Kashinath_Mahajan_vs_The_State_Of_Maharashtra_on_20_March_2018_1.PDF,Financial Fraud,SCR 1981 1 206,Minerva_Mills_Ltd_And_Ors_vs_Union_Of_India_Uoi_And_Ors_on_9_May_1980_1.PDF,,OUTSIDE_DOMAINS
Dr_Subhash_Kashinath_Mahajan_vs_The_State_Of_Maharashtra_on_20_March_2018_1.PDF,Financial Fraud,SCR 1955 2 603,,,UNRESOLVED
Dr_Subhash_Kashinath_Mahajan_vs_The_State_Of_Maharashtra_on_20_March_2018_1.PDF,Financial Fraud,SCR 1957 930,R_M_D_Chamarbaugwalla_vs_The_Union_Of_India_With_Connected_on_9_April_1957_1.PDF,,OUTSIDE_DOMAINS
Dr_Subhash_Kashinath_Mahajan_vs_The_State_Of_Maharashtra_on_20_March_2018_1.PDF,Financial Fraud,SCR 1964 3 221,,,UNRESOLVED
Himachal_Pradesh_Cricket_Association_vs_The_State_Of_Himachal_Pradesh_on_2_November_2018_1.PDF,Financial Fraud,AIR 1967 SC 1,,,UNRESOLVED
Himachal_Pradesh_Cricket_Association_vs_The_State_Of_Himachal_Pradesh_on_2_November_2018_1.PDF,Financial Fraud,SCC 1997 4 770,,,UNRESOLVED
Himachal_Pradesh_Cricket_Association_vs_The_State_Of_Himachal_Pradesh_on_2_November_2018_1.PDF,Financial Fraud,SCC 1991 4 406,,,UNRESOLVED
Himachal_Pradesh_Cricket_Association_vs_The_State_Of_Himachal_Pradesh_on_2_November_2018_1.PDF,Financial Fraud,SCC 2008 8 781,,,UNRESOLVED
Himachal_Pradesh_Cricket_Association_vs_The_State_Of_Himachal_Pradesh_on_2_November_2018_1.PDF,Financial Fraud,SCC 2013 1 205,,,UNRESOLVED
Himachal_Pradesh_Cricket_Association_vs_The_State_Of_Himachal_Pradesh_on_2_November_2018_1.PDF,Financial Fraud,SCC 2003 9 700,,,UNRESOLVED
Himachal_Pradesh_Cricket_Association_vs_The_State_Of_Himachal_Pradesh_on_2_November_2018_1.PDF,Financial Fraud,SCC 2017 13 369,,,UNRESOLVED
Himachal_Pradesh_Cricket_Association_vs_The_State_Of_Himachal_Pradesh_on_2_November_2018_1.PDF,Financial Fraud,SCC 2014 2 1,,,UNRESOLVED
Himachal_Pradesh_Cricket_Association_vs_The_State_Of_Himachal_Pradesh_on_2_November_2018_1.PDF,Financial Fraud,SCC 2006 6 736,,,UNRESOLVED
Himachal_Pradesh_Cricket_Association_vs_The_State_Of_Himachal_Pradesh_on_2_November_2018_1.PDF,Financial Fraud,SCC 1988 1 692,,,UNRESOLVED
Himachal_Pradesh_Cricket_Association_vs_The_State_Of_Himachal_Pradesh_on_2_November_2018_1.PDF,Financial Fraud,SCC 1995 6 194,Mrs_Rupan_Deol_Bajaj_Anr_vs_Kanwar_Pal_Singh_Gill_Anr_on_12_October_1995_1.PDF,Organized Crime / Extortion,CROSS_DOMAIN
Himachal_Pradesh_Cricket_Association_vs_The_State_Of_Himachal_Pradesh_on_2_November_2018_1.PDF,Financial Fraud,SCC 1996 5 591,,,UNRESOLVED
Himachal_Pradesh_Cricket_Association_vs_The_State_Of_Himachal_Pradesh_on_2_November_2018_1.PDF,Financial Fraud,SCC 1996 8 164,,,UNRESOLVED
Himachal_Pradesh_Cricket_Association_vs_The_State_Of_Himachal_Pradesh_on_2_November_2018_1.PDF,Financial Fraud,SCC 2018 259,,,UNRESOLVED
Himachal_Pradesh_Cricket_Association_vs_The_State_Of_Himachal_Pradesh_on_2_November_2018_1.PDF,Financial Fraud,SCC 2000 3 269,,,UNRESOLVED
Himachal_Pradesh_Cricket_Association_vs_The_State_Of_Himachal_Pradesh_on_2_November_2018_1.PDF,Financial Fraud,SCC 2000 4 168,,,UNRESOLVED
Himachal_Pradesh_Cricket_Association_vs_The_State_Of_Himachal_Pradesh_on_2_November_2018_1.PDF,Financial Fraud,SCC 2001 8 645,,,UNRESOLVED
Himachal_Pradesh_Cricket_Association_vs_The_State_Of_Himachal_Pradesh_on_2_November_2018_1.PDF,Financial Fraud,SCC 2005 1 122,,,UNRESOLVED
Himachal_Pradesh_Cricket_Association_vs_The_State_Of_Himachal_Pradesh_on_2_November_2018_1.PDF,Financial Fraud,SCC 2004 6 522,,,UNRESOLVED
Himachal_Pradesh_Cricket_Association_vs_The_State_Of_Himachal_Pradesh_on_2_November_2018_1.PDF,Financial Fraud,SCC 2013 10 591,,,UNRESOLVED
Himachal_Pradesh_Cricket_Association_vs_The_State_Of_Himachal_Pradesh_on_2_November_2018_1.PDF,Financial Fraud,SCC 2011 8 737,,,UNRESOLVED
Himachal_Pradesh_Cricket_Association_vs_The_State_Of_Himachal_Pradesh_on_2_November_2018_1.PDF,Financial Fraud,SCC 2011 9 286,,,UNRESOLVED
Himachal_Pradesh_Cricket_Association_vs_The_State_Of_Himachal_Pradesh_on_2_November_2018_1.PDF,Financial Fraud,SCC 2010 14 527,,,UNRESOLVED
Himachal_Pradesh_Cricket_Association_vs_The_State_Of_Himachal_Pradesh_on_2_November_2018_1.PDF,Financial Fraud,SCC 1990 4 239,,,UNRESOLVED
Himachal_Pradesh_Cricket_Association_vs_The_State_Of_Himachal_Pradesh_on_2_November_2018_1.PDF,Financial Fraud,SCC 2002 3 89,,,UNRESOLVED
Himachal_Pradesh_Cricket_Association_vs_The_State_Of_Himachal_Pradesh_on_2_November_2018_1.PDF,Financial Fraud,SCC 2002 3 89,,,UNRESOLVED
Himachal_Pradesh_Cricket_Association_vs_The_State_Of_Himachal_Pradesh_on_2_November_2018_1.PDF,Financial Fraud,SCR 1963 1 778,,,UNRESOLVED
Justice_K_S_Puttaswamy_Retd_vs_Union_Of_India_on_26_September_2018_1.PDF,Financial Fraud,AIR 1964 SC 370,,,UNRESOLVED
Justice_K_S_Puttaswamy_Retd_vs_Union_Of_India_on_26_September_2018_1.PDF,Financial Fraud,AIR 1950 SC 27,,,UNRESOLVED
Justice_K_S_Puttaswamy_Retd_vs_Union_Of_India_on_26_September_2018_1.PDF,Financial Fraud,AIR 1963 SC 1295,,,UNRESOLVED
Justice_K_S_Puttaswamy_Retd_vs_Union_Of_India_on_26_September_2018_1.PDF,Financial Fraud,AIR 1963 SC 1295,,,UNRESOLVED
Justice_K_S_Puttaswamy_Retd_vs_Union_Of_India_on_26_September_2018_1.PDF,Financial Fraud,AIR 1983 AP 356,,,UNRESOLVED
Justice_K_S_Puttaswamy_Retd_vs_Union_Of_India_on_26_September_2018_1.PDF,Financial Fraud,AIR 1984 SC 1562,,,UNRESOLVED
Justice_K_S_Puttaswamy_Retd_vs_Union_Of_India_on_26_September_2018_1.PDF,Financial Fraud,AIR 1967 SC 1836,,,UNRESOLVED
Justice_K_S_Puttaswamy_Retd_vs_Union_Of_India_on_26_September_2018_1.PDF,Financial Fraud,AIR 1974 SC 555,,,UNRESOLVED
Justice_K_S_Puttaswamy_Retd_vs_Union_Of_India_on_26_September_2018_1.PDF,Financial Fraud,AIR 2005 SC 186,,,UNRESOLVED
Justice_K_S_Puttaswamy_Retd_vs_Union_Of_India_on_26_September_2018_1.PDF,Financial Fraud,AIR 1963 SC 1295,,,UNRESOLVED
Justice_K_S_Puttaswamy_Retd_vs_Union_Of_India_on_26_September_2018_1.PDF,Financial Fraud,AIR 1952 SC 196,,,UNRESOLVED
Justice_K_S_Puttaswamy_Retd_vs_Union_Of_India_on_26_September_2018_1.PDF,Financial Fraud,AIR 1962 SC 305,,,UNRESOLVED
Justice_K_S_Puttaswamy_Retd_vs_Union_Of_India_on_26_September_2018_1.PDF,Financial Fraud,AIR 1958 SC 731,,,UNRESOLVED
Justice_K_S_Puttaswamy_Retd_vs_Union_Of_India_on_26_September_2018_1.PDF,Financial Fraud,AIR 1953 SC 333,,,UNRESOLVED
Justice_K_S_Puttaswamy_Retd_vs_Union_Of_India_on_26_September_2018_1.PDF,Financial Fraud,AIR 1953 SC 244,,,UNRESOLVED
Justice_K_S_Puttaswamy_Retd_vs_Union_Of_India_on_26_September_2018_1.PDF,Financial Fraud,AIR 1959 SC 352,,,UNRESOLVED
Justice_K_S_Puttaswamy_Retd_vs_Union_Of_India_on_26_September_2018_1.PDF,Financial Fraud,AIR 1955 SC 661,,,UNRESOLVED
Justice_K_S_Puttaswamy_Retd_vs_Union_Of_India_on_26_September_2018_1.PDF,Financial Fraud,AIR 1963 SC 1448,,,UNRESOLVED
Justice_K_S_Puttaswamy_Retd_vs_Union_Of_India_on_26_September_2018_1.PDF,Financial Fraud,AIR 1966 SC 719,,,UNRESOLVED
Justice_K_S_Puttaswamy_Retd_vs_Union_Of_India_on_26_September_2018_1.PDF,Financial Fraud,AIR 1997 SC 208,,,UNRESOLVED
Justice_K_S_Puttaswamy_Retd_vs_Union_Of_India_on_26_September_2018_1.PDF,Financial Fraud,AIR 1966 SC 870,,,UNRESOLVED
Justice_K_S_Puttaswamy_Retd_vs_Union_Of_India_on_26_September_2018_1.PDF,Financial Fraud,AIR 2004 SC 3666,,,UNRESOLVED
Justice_K_S_Puttaswamy_Retd_vs_Union_Of_India_on_26_September_2018_1.PDF,Financial Fraud,AIR 2005 SC 34,,,UNRESOLVED
Justice_K_S_Puttaswamy_Retd_vs_Union_Of_India_on_26_September_2018_1.PDF,Financial Fraud,AIR 1961 SC 838,,,UNRESOLVED
Justice_K_S_Puttaswamy_Retd_vs_Union_Of_India_on_26_September_2018_1.PDF,Financial Fraud,AIR 1965 SC 745,In_The_Matter_Of__Under_Article_143_Of_The_vs_Unknown_on_30_September_1964_1.PDF,,OUTSIDE_DOMAINS
Justice_K_S_Puttaswamy_Retd_vs_Union_Of_India_on_26_September_2018_1.PDF,Financial Fraud,AIR 1960 SC 1186,,,UNRESOLVED
Justice_K_S_Puttaswamy_Retd_vs_Union_Of_India_on_26_September_2018_1.PDF,Financial Fraud,AIR 1963 PAT 16,,,UNRESOLVED
Justice_K_S_Puttaswamy_Retd_vs_Union_Of_India_on_26_September_2018_1.PDF,Financial Fraud,AIR 1965 SC 745,In_The_Matter_Of__Under_Article_143_Of_The_vs_Unknown_on_30_September_1964_1.PDF,,OUTSIDE_DOMAINS
Justice_K_S_Puttaswamy_Retd_vs_Union_Of_India_on_26_September_2018_1.PDF,Financial Fraud,AIR 1965 SC 745,In_The_Matter_Of__Under_Article_143_Of_The_vs_Unknown_on_30_September_1964_1.PDF,,OUTSIDE_DOMAINS
Justice_K_S_Puttaswamy_Retd_vs_Union_Of_India_on_26_September_2018_1.PDF,Financial Fraud,AIR 1965 SC 745,In_The_Matter_Of__Under_Article_143_Of_The_vs_Unknown_on_30_September_1964_1.PDF,,OUTSIDE_DOMAINS
Justice_K_S_Puttaswamy_Retd_vs_Union_Of_India_on_26_September_2018_1.PDF,Financial Fraud,AIR 1960 SC 1186,,,UNRESOLVED
Justice_K_S_Puttaswamy_Retd_vs_Union_Of_India_on_26_September_2018_1.PDF,Financial Fraud,AIR 1994 SC 1998,,,UNRESOLVED
Justice_K_S_Puttaswamy_Retd_vs_Union_Of_India_on_26_September_2018_1.PDF,Financial Fraud,AIR 1967 SC 1170,,,UNRESOLVED
Justice_K_S_Puttaswamy_Retd_vs_Union_Of_India_on_26_September_2018_1.PDF,Financial Fraud,AIR 1963 SC 1295,,,UNRESOLVED
Justice_K_S_Puttaswamy_Retd_vs_Union_Of_India_on_26_September_2018_1.PDF,Financial Fraud,AIR 1961 SC 1808,,,UNRESOLVED
Justice_K_S_Puttaswamy_Retd_vs_Union_Of_India_on_26_September_2018_1.PDF,Financial Fraud,AIR 1961 SC 1808,,,UNRESOLVED
Justice_K_S_Puttaswamy_Retd_vs_Union_Of_India_on_26_September_2018_1.PDF,Financial Fraud,AIR 1952 SC 196,,,UNRESOLVED
Justice_K_S_Puttaswamy_Retd_vs_Union_Of_India_on_26_September_2018_1.PDF,Financial Fraud,AIR 1962 SC 1753,,,UNRESOLVED
Justice_K_S_Puttaswamy_Retd_vs_Union_Of_India_on_26_September_2018_1.PDF,Financial Fraud,AIR 1954 SC 251,,,UNRESOLVED
Justice_K_S_Puttaswamy_Retd_vs_Union_Of_India_on_26_September_2018_1.PDF,Financial Fraud,AIR 1959 SC 648,,,UNRESOLVED
Justice_K_S_Puttaswamy_Retd_vs_Union_Of_India_on_26_September_2018_1.PDF,Financial Fraud,AIR 1966 SC 573,,,UNRESOLVED
Justice_K_S_Puttaswamy_Retd_vs_Union_Of_India_on_26_September_2018_1.PDF,Financial Fraud,AIR 1961 SC 838,,,UNRESOLVED
Justice_K_S_Puttaswamy_Retd_vs_Union_Of_India_on_26_September_2018_1.PDF,Financial Fraud,AIR 1963 SC 439,,,UNRESOLVED
Justice_K_S_Puttaswamy_Retd_vs_Union_Of_India_on_26_September_2018_1.PDF,Financial Fraud,AIR 1954 SC 520,,,UNRESOLVED
Justice_K_S_Puttaswamy_Retd_vs_Union_Of_India_on_26_September_2018_1.PDF,Financial Fraud,AIR 1965 SC 745,In_The_Matter_Of__Under_Article_143_Of_The_vs_Unknown_on_30_September_1964_1.PDF,,OUTSIDE_DOMAINS
Justice_K_S_Puttaswamy_Retd_vs_Union_Of_India_on_26_September_2018_1.PDF,Financial Fraud,AIR 1965 SC 745,In_The_Matter_Of__Under_Article_143_Of_The_vs_Unknown_on_30_September_1964_1.PDF,,OUTSIDE_DOMAINS
Justice_K_S_Puttaswamy_Retd_vs_Union_Of_India_on_26_September_2018_1.PDF,Financial Fraud,AIR 1960 SC 1186,,,UNRESOLVED
Justice_K_S_Puttaswamy_Retd_vs_Union_Of_India_on_26_September_2018_1.PDF,Financial Fraud,AIR 1963 SC 589,,,UNRESOLVED
Justice_K_S_Puttaswamy_Retd_vs_Union_Of_India_on_26_September_2018_1.PDF,Financial Fraud,AIR 1965 SC 745,In_The_Matter_Of__Under_Article_143_Of_The_vs_Unknown_on_30_September_1964_1.PDF,,OUTSIDE_DOMAINS
Justice_K_S_Puttaswamy_Retd_vs_Union_Of_India_on_26_September_2018_1.PDF,Financial Fraud,AIR 1960 SC 1186,,,UNRESOLVED
Justice_K_S_Puttaswamy_Retd_vs_Union_Of_India_on_26_September_2018_1.PDF,Financial Fraud,SCC 2011 14 331,,,UNRESOLVED
Justice_K_S_Puttaswamy_Retd_vs_Union_Of_India_on_26_September_2018_1.PDF,Financial Fraud,SCC 2010 13 45,,,UNRESOLVED
Justice_K_S_Puttaswamy_Retd_vs_Union_Of_India_on_26_September_2018_1.PDF,Financial Fraud,SCC 2013 2 705,,,UNRESOLVED
Justice_K_S_Puttaswamy_Retd_vs_Union_Of_India_on_26_September_2018_1.PDF,Financial Fraud,SCC 2017 10 1,,,UNRESOLVED
Justice_K_S_Puttaswamy_Retd_vs_Union_Of_India_on_26_September_2018_1.PDF,Financial Fraud,SCC 1977 4 471,,,UNRESOLVED
Justice_K_S_Puttaswamy_Retd_vs_Union_Of_India_on_26_September_2018_1.PDF,Financial Fraud,SCC 1977 2 548,,,UNRESOLVED
Justice_K_S_Puttaswamy_Retd_vs_Union_Of_India_on_26_September_2018_1.PDF,Financial Fraud,SCC 1996 1 742,,,UNRESOLVED
Justice_K_S_Puttaswamy_Retd_vs_Union_Of_India_on_26_September_2018_1.PDF,Financial Fraud,SCC 2017 7 59,,,UNRESOLVED
Justice_K_S_Puttaswamy_Retd_vs_Union_Of_India_on_26_September_2018_1.PDF,Financial Fraud,SCC 1980 1 223,,,UNRESOLVED
Justice_K_S_Puttaswamy_Retd_vs_Union_Of_India_on_26_September_2018_1.PDF,Financial Fraud,SCC 1981 4 675,R_K_Garg_And_Ors_vs_Union_Of_India_Uoi_And_Ors_on_13_November_1981_1.PDF,Organized Crime / Extortion,CROSS_DOMAIN
Justice_K_S_Puttaswamy_Retd_vs_Union_Of_India_on_26_September_2018_1.PDF,Financial Fraud,SCC 2003 5 239,,,UNRESOLVED
Justice_K_S_Puttaswamy_Retd_vs_Union_Of_India_on_26_September_2018_1.PDF,Financial Fraud,SCC 2012 6 312,,,UNRESOLVED
Justice_K_S_Puttaswamy_Retd_vs_Union_Of_India_on_26_September_2018_1.PDF,Financial Fraud,SCC 2008 6 1,,,UNRESOLVED
Justice_K_S_Puttaswamy_Retd_vs_Union_Of_India_on_26_September_2018_1.PDF,Financial Fraud,SCC 1996 3 709,State_Of_Andhra_Pradesh_And_Ors_Etc_vs_Mcdowell_Co_And_Ors_Etc_on_21_March_1996_1.PDF,Organized Crime / Extortion,CROSS_DOMAIN
Justice_K_S_Puttaswamy_Retd_vs_Union_Of_India_on_26_September_2018_1.PDF,Financial Fraud,SCC 2016 2 445,,,UNRESOLVED
Justice_K_S_Puttaswamy_Retd_vs_Union_Of_India_on_26_September_2018_1.PDF,Financial Fraud,SCC 2017 9 1,,,UNRESOLVED
Justice_K_S_Puttaswamy_Retd_vs_Union_Of_India_on_26_September_2018_1.PDF,Financial Fraud,SCC 1996 3 709,State_Of_Andhra_Pradesh_And_Ors_Etc_vs_Mcdowell_Co_And_Ors_Etc_on_21_March_1996_1.PDF,Organized Crime / Extortion,CROSS_DOMAIN
Justice_K_S_Puttaswamy_Retd_vs_Union_Of_India_on_26_September_2018_1.PDF,Financial Fraud,SCC 1996 3 709,State_Of_Andhra_Pradesh_And_Ors_Etc_vs_Mcdowell_Co_And_Ors_Etc_on_21_March_1996_1.PDF,Organized Crime / Extortion,CROSS_DOMAIN
Justice_K_S_Puttaswamy_Retd_vs_Union_Of_India_on_26_September_2018_1.PDF,Financial Fraud,SCC 1998 2 1,,,UNRESOLVED
Justice_K_S_Puttaswamy_Retd_vs_Union_Of_India_on_26_September_2018_1.PDF,Financial Fraud,SCC 1996 2 226,Dr_K_R_Lakshmanan_vs_State_Of_Tamil_Nadu_And_Anr_on_12_January_1996_1.PDF,,OUTSIDE_DOMAINS
Justice_K_S_Puttaswamy_Retd_vs_Union_Of_India_on_26_September_2018_1.PDF,Financial Fraud,SCC 1978 1 248,Mrs_Maneka_Gandhi_vs_Union_Of_India_Uoi_And_Anr_on_25_January_1978_1.PDF,Organized Crime / Extortion,CROSS_DOMAIN
Justice_K_S_Puttaswamy_Retd_vs_Union_Of_India_on_26_September_2018_1.PDF,Financial Fraud,SCC 1997 2 453,,,UNRESOLVED
Justice_K_S_Puttaswamy_Retd_vs_Union_Of_India_on_26_September_2018_1.PDF,Financial Fraud,SCC 2012 6 312,,,UNRESOLVED
Justice_K_S_Puttaswamy_Retd_vs_Union_Of_India_on_26_September_2018_1.PDF,Financial Fraud,SCC 2016 2 445,,,UNRESOLVED
Justice_K_S_Puttaswamy_Retd_vs_Union_Of_India_on_26_September_2018_1.PDF,Financial Fraud,SCC 2017 7 59,,,UNRESOLVED
Justice_K_S_Puttaswamy_Retd_vs_Union_Of_India_on_26_September_2018_1.PDF,Financial Fraud,SCC 1996 3 709,State_Of_Andhra_Pradesh_And_Ors_Etc_vs_Mcdowell_Co_And_Ors_Etc_on_21_March_1996_1.PDF,Organized Crime / Extortion,CROSS_DOMAIN
Justice_K_S_Puttaswamy_Retd_vs_Union_Of_India_on_26_September_2018_1.PDF,Financial Fraud,SCC 1996 3 709,State_Of_Andhra_Pradesh_And_Ors_Etc_vs_Mcdowell_Co_And_Ors_Etc_on_21_March_1996_1.PDF,Organized Crime / Extortion,CROSS_DOMAIN
Justice_K_S_Puttaswamy_Retd_vs_Union_Of_India_on_26_September_2018_1.PDF,Financial Fraud,SCC 1996 3 709,State_Of_Andhra_Pradesh_And_Ors_Etc_vs_Mcdowell_Co_And_Ors_Etc_on_21_March_1996_1.PDF,Organized Crime / Extortion,CROSS_DOMAIN
Justice_K_S_Puttaswamy_Retd_vs_Union_Of_India_on_26_September_2018_1.PDF,Financial Fraud,SCC 1975 2 148,Gobind_vs_State_Of_Madhya_Pradesh_And_Anr_on_18_March_1975_1.PDF,,OUTSIDE_DOMAINS
Justice_K_S_Puttaswamy_Retd_vs_Union_Of_India_on_26_September_2018_1.PDF,Financial Fraud,SCC 1978 4 494,,,UNRESOLVED
Justice_K_S_Puttaswamy_Retd_vs_Union_Of_India_on_26_September_2018_1.PDF,Financial Fraud,SCC 1978 4 494,,,UNRESOLVED
Justice_K_S_Puttaswamy_Retd_vs_Union_Of_India_on_26_September_2018_1.PDF,Financial Fraud,SCC 1981 1 608,,,UNRESOLVED
Justice_K_S_Puttaswamy_Retd_vs_Union_Of_India_on_26_September_2018_1.PDF,Financial Fraud,SCC 1981 1 608,,,UNRESOLVED
Justice_K_S_Puttaswamy_Retd_vs_Union_Of_India_on_26_September_2018_1.PDF,Financial Fraud,SCC 1978 4 494,,,UNRESOLVED
Justice_K_S_Puttaswamy_Retd_vs_Union_Of_India_on_26_September_2018_1.PDF,Financial Fraud,SCC 1980 3 526,,,UNRESOLVED
Justice_K_S_Puttaswamy_Retd_vs_Union_Of_India_on_26_September_2018_1.PDF,Financial Fraud,SCC 1981 1 608,,,UNRESOLVED
Justice_K_S_Puttaswamy_Retd_vs_Union_Of_India_on_26_September_2018_1.PDF,Financial Fraud,SCC 1984 3 161,,,UNRESOLVED
Justice_K_S_Puttaswamy_Retd_vs_Union_Of_India_on_26_September_2018_1.PDF,Financial Fraud,SCC 2010 3 786,,,UNRESOLVED
Justice_K_S_Puttaswamy_Retd_vs_Union_Of_India_on_26_September_2018_1.PDF,Financial Fraud,SCC 2015 6 702,,,UNRESOLVED
Justice_K_S_Puttaswamy_Retd_vs_Union_Of_India_on_26_September_2018_1.PDF,Financial Fraud,SCC 2016 7 761,,,UNRESOLVED
Justice_K_S_Puttaswamy_Retd_vs_Union_Of_India_on_26_September_2018_1.PDF,Financial Fraud,SCC 1986 3 615,,,UNRESOLVED
Justice_K_S_Puttaswamy_Retd_vs_Union_Of_India_on_26_September_2018_1.PDF,Financial Fraud,SCC 1978 1 248,Mrs_Maneka_Gandhi_vs_Union_Of_India_Uoi_And_Anr_on_25_January_1978_1.PDF,Organized Crime / Extortion,CROSS_DOMAIN
Justice_K_S_Puttaswamy_Retd_vs_Union_Of_India_on_26_September_2018_1.PDF,Financial Fraud,SCC 1984 4 90,,,UNRESOLVED
Justice_K_S_Puttaswamy_Retd_vs_Union_Of_India_on_26_September_2018_1.PDF,Financial Fraud,SCC 1993 1 645,,,UNRESOLVED
Justice_K_S_Puttaswamy_Retd_vs_Union_Of_India_on_26_September_2018_1.PDF,Financial Fraud,SCC 1993 1 645,,,UNRESOLVED
Justice_K_S_Puttaswamy_Retd_vs_Union_Of_India_on_26_September_2018_1.PDF,Financial Fraud,SCC 1975 2 148,Gobind_vs_State_Of_Madhya_Pradesh_And_Anr_on_18_March_1975_1.PDF,,OUTSIDE_DOMAINS
Justice_K_S_Puttaswamy_Retd_vs_Union_Of_India_on_26_September_2018_1.PDF,Financial Fraud,SCC 1978 4 494,,,UNRESOLVED
Justice_K_S_Puttaswamy_Retd_vs_Union_Of_India_on_26_September_2018_1.PDF,Financial Fraud,SCC 1978 4 104,,,UNRESOLVED
Justice_K_S_Puttaswamy_Retd_vs_Union_Of_India_on_26_September_2018_1.PDF,Financial Fraud,SCC 1978 3 544,,,UNRESOLVED
Justice_K_S_Puttaswamy_Retd_vs_Union_Of_India_on_26_September_2018_1.PDF,Financial Fraud,SCC 1980 1 81,,,UNRESOLVED
Justice_K_S_Puttaswamy_Retd_vs_Union_Of_India_on_26_September_2018_1.PDF,Financial Fraud,SCC 1980 3 526,,,UNRESOLVED
Justice_K_S_Puttaswamy_Retd_vs_Union_Of_India_on_26_September_2018_1.PDF,Financial Fraud,SCC 1983 2 68,,,UNRESOLVED
Justice_K_S_Puttaswamy_Retd_vs_Union_Of_India_on_26_September_2018_1.PDF,Financial Fraud,SCC 1983 2 96,,,UNRESOLVED
Justice_K_S_Puttaswamy_Retd_vs_Union_Of_India_on_26_September_2018_1.PDF,Financial Fraud,SCC 1989 4 286,,,UNRESOLVED
Justice_K_S_Puttaswamy_Retd_vs_Union_Of_India_on_26_September_2018_1.PDF,Financial Fraud,SCC 1990 1 520,,,UNRESOLVED
Justice_K_S_Puttaswamy_Retd_vs_Union_Of_India_on_26_September_2018_1.PDF,Financial Fraud,SCC 1980 2 360,,,UNRESOLVED
Justice_K_S_Puttaswamy_Retd_vs_Union_Of_India_on_26_September_2018_1.PDF,Financial Fraud,SCC 1978 4 494,,,UNRESOLVED
Justice_K_S_Puttaswamy_Retd_vs_Union_Of_India_on_26_September_2018_1.PDF,Financial Fraud,SCC 1980 3 526,,,UNRESOLVED
Justice_K_S_Puttaswamy_Retd_vs_Union_Of_India_on_26_September_2018_1.PDF,Financial Fraud,SCC 1978 1 248,Mrs_Maneka_Gandhi_vs_Union_Of_India_Uoi_And_Anr_on_25_January_1978_1.PDF,Organized Crime / Extortion,CROSS_DOMAIN
Justice_K_S_Puttaswamy_Retd_vs_Union_Of_India_on_26_September_2018_1.PDF,Financial Fraud,SCC 1978 1 248,Mrs_Maneka_Gandhi_vs_Union_Of_India_Uoi_And_Anr_on_25_January_1978_1.PDF,Organized Crime / Extortion,CROSS_DOMAIN
Justice_K_S_Puttaswamy_Retd_vs_Union_Of_India_on_26_September_2018_1.PDF,Financial Fraud,SCC 1974 4 3,,,UNRESOLVED
Justice_K_S_Puttaswamy_Retd_vs_Union_Of_India_on_26_September_2018_1.PDF,Financial Fraud,SCC 2005 1 496,,,UNRESOLVED
Justice_K_S_Puttaswamy_Retd_vs_Union_Of_India_on_26_September_2018_1.PDF,Financial Fraud,SCC 2008 13 5,,,UNRESOLVED
Justice_K_S_Puttaswamy_Retd_vs_Union_Of_India_on_26_September_2018_1.PDF,Financial Fraud,SCC 1975 2 148,Gobind_vs_State_Of_Madhya_Pradesh_And_Anr_on_18_March_1975_1.PDF,,OUTSIDE_DOMAINS
Justice_K_S_Puttaswamy_Retd_vs_Union_Of_India_on_26_September_2018_1.PDF,Financial Fraud,SCC 2018 5 1,,,UNRESOLVED
Justice_K_S_Puttaswamy_Retd_vs_Union_Of_India_on_26_September_2018_1.PDF,Financial Fraud,SCC 2014 5 438,,,UNRESOLVED
Justice_K_S_Puttaswamy_Retd_vs_Union_Of_India_on_26_September_2018_1.PDF,Financial Fraud,SCC 2015 6 702,,,UNRESOLVED
Justice_K_S_Puttaswamy_Retd_vs_Union_Of_India_on_26_September_2018_1.PDF,Financial Fraud,SCC 2016 7 761,,,UNRESOLVED
Justice_K_S_Puttaswamy_Retd_vs_Union_Of_India_on_26_September_2018_1.PDF,Financial Fraud,SCC 2018 5 1,,,UNRESOLVED
Justice_K_S_Puttaswamy_Retd_vs_Union_Of_India_on_26_September_2018_1.PDF,Financial Fraud,SCC 2011 4 454,,,UNRESOLVED
Justice_K_S_Puttaswamy_Retd_vs_Union_Of_India_on_26_September_2018_1.PDF,Financial Fraud,SCC 1996 2 648,Smt_Gian_Kaur_vs_The_State_Of_Punjab_on_21_March_1996_1.PDF,,OUTSIDE_DOMAINS
Justice_K_S_Puttaswamy_Retd_vs_Union_Of_India_on_26_September_2018_1.PDF,Financial Fraud,SCC 2016 7 353,,,UNRESOLVED
Justice_K_S_Puttaswamy_Retd_vs_Union_Of_India_on_26_September_2018_1.PDF,Financial Fraud,SCC 2010 7 263,,,UNRESOLVED
Justice_K_S_Puttaswamy_Retd_vs_Union_Of_India_on_26_September_2018_1.PDF,Financial Fraud,SCC 2005 1 496,,,UNRESOLVED
Justice_K_S_Puttaswamy_Retd_vs_Union_Of_India_on_26_September_2018_1.PDF,Financial Fraud,SCC 2013 6 620,,,UNRESOLVED
Justice_K_S_Puttaswamy_Retd_vs_Union_Of_India_on_26_September_2018_1.PDF,Financial Fraud,SCC 1975 2 148,Gobind_vs_State_Of_Madhya_Pradesh_And_Anr_on_18_March_1975_1.PDF,,OUTSIDE_DOMAINS
Justice_K_S_Puttaswamy_Retd_vs_Union_Of_India_on_26_September_2018_1.PDF,Financial Fraud,SCC 2010 6 614,,,UNRESOLVED
Justice_K_S_Puttaswamy_Retd_vs_Union_Of_India_on_26_September_2018_1.PDF,Financial Fraud,SCC 2008 6 1,,,UNRESOLVED
Justice_K_S_Puttaswamy_Retd_vs_Union_Of_India_on_26_September_2018_1.PDF,Financial Fraud,SCC 2011 14 331,,,UNRESOLVED
Justice_K_S_Puttaswamy_Retd_vs_Union_Of_India_on_26_September_2018_1.PDF,Financial Fraud,SCC 2017 7 59,,,UNRESOLVED
Justice_K_S_Puttaswamy_Retd_vs_Union_Of_India_on_26_September_2018_1.PDF,Financial Fraud,SCC 2013 6 670,,,UNRESOLVED
Justice_K_S_Puttaswamy_Retd_vs_Union_Of_India_on_26_September_2018_1.PDF,Financial Fraud,SCC 2017 7 59,,,UNRESOLVED
Justice_K_S_Puttaswamy_Retd_vs_Union_Of_India_on_26_September_2018_1.PDF,Financial Fraud,SCC 1973 4 225,Kesavananda_Bharati_Sripadagalvaru_vs_State_Of_Kerala_And_Anr_on_24_April_1973_1.PDF,,OUTSIDE_DOMAINS
Justice_K_S_Puttaswamy_Retd_vs_Union_Of_India_on_26_September_2018_1.PDF,Financial Fraud,SCC 1996 4 37,Paschim_Banga_Khet_Mazdoorsamity_Of_Ors_vs_State_Of_West_Bengal_Anr_on_6_May_1996_1.PDF,,OUTSIDE_DOMAINS
Justice_K_S_Puttaswamy_Retd_vs_Union_Of_India_on_26_September_2018_1.PDF,Financial Fraud,SCC 1992 3 666,,,UNRESOLVED
Justice_K_S_Puttaswamy_Retd_vs_Union_Of_India_on_26_September_2018_1.PDF,Financial Fraud,SCC 1993 1 645,,,UNRESOLVED
Justice_K_S_Puttaswamy_Retd_vs_Union_Of_India_on_26_September_2018_1.PDF,Financial Fraud,SCC 2003 4 399,,,UNRESOLVED
Justice_K_S_Puttaswamy_Retd_vs_Union_Of_India_on_26_September_2018_1.PDF,Financial Fraud,SCC 2016 7 221,,,UNRESOLVED
Justice_K_S_Puttaswamy_Retd_vs_Union_Of_India_on_26_September_2018_1.PDF,Financial Fraud,SCC 1975 1 11,,,UNRESOLVED
Justice_K_S_Puttaswamy_Retd_vs_Union_Of_India_on_26_September_2018_1.PDF,Financial Fraud,SCC 1982 2 33,P_P_Enterprises_And_Ors_vs_Union_Of_India_Uoi_And_Ors_on_16_March_1982_1.PDF,,OUTSIDE_DOMAINS
Justice_K_S_Puttaswamy_Retd_vs_Union_Of_India_on_26_September_2018_1.PDF,Financial Fraud,SCC 2007 15 49,,,UNRESOLVED
Justice_K_S_Puttaswamy_Retd_vs_Union_Of_India_on_26_September_2018_1.PDF,Financial Fraud,SCC 2014 5 409,,,UNRESOLVED
Justice_K_S_Puttaswamy_Retd_vs_Union_Of_India_on_26_September_2018_1.PDF,Financial Fraud,SCC 1997 1 301,,,UNRESOLVED
Justice_K_S_Puttaswamy_Retd_vs_Union_Of_India_on_26_September_2018_1.PDF,Financial Fraud,SCC 1997 1 556,,,UNRESOLVED
Justice_K_S_Puttaswamy_Retd_vs_Union_Of_India_on_26_September_2018_1.PDF,Financial Fraud,SCC 2014 9 772,,,UNRESOLVED
Justice_K_S_Puttaswamy_Retd_vs_Union_Of_India_on_26_September_2018_1.PDF,Financial Fraud,SCC 2001 2 386,,,UNRESOLVED
Justice_K_S_Puttaswamy_Retd_vs_Union_Of_India_on_26_September_2018_1.PDF,Financial Fraud,SCC 2004 2 130,,,UNRESOLVED
Justice_K_S_Puttaswamy_Retd_vs_Union_Of_India_on_26_September_2018_1.PDF,Financial Fraud,SCC 1969 1 248,,,UNRESOLVED
Justice_K_S_Puttaswamy_Retd_vs_Union_Of_India_on_26_September_2018_1.PDF,Financial Fraud,SCC 2017 3 362,,,UNRESOLVED
Justice_K_S_Puttaswamy_Retd_vs_Union_Of_India_on_26_September_2018_1.PDF,Financial Fraud,SCC 1996 6 185,,,UNRESOLVED
Justice_K_S_Puttaswamy_Retd_vs_Union_Of_India_on_26_September_2018_1.PDF,Financial Fraud,SCC 2004 6 59,,,UNRESOLVED
Justice_K_S_Puttaswamy_Retd_vs_Union_Of_India_on_26_September_2018_1.PDF,Financial Fraud,SCC 2004 11 417,,,UNRESOLVED
Justice_K_S_Puttaswamy_Retd_vs_Union_Of_India_on_26_September_2018_1.PDF,Financial Fraud,SCC 2012 5 661,,,UNRESOLVED
Justice_K_S_Puttaswamy_Retd_vs_Union_Of_India_on_26_September_2018_1.PDF,Financial Fraud,SCC 1997 1 326,,,UNRESOLVED
Justice_K_S_Puttaswamy_Retd_vs_Union_Of_India_on_26_September_2018_1.PDF,Financial Fraud,SCC 1994 2 323,,,UNRESOLVED
Justice_K_S_Puttaswamy_Retd_vs_Union_Of_India_on_26_September_2018_1.PDF,Financial Fraud,SCC 1995 1 537,Shri_Harish_Tandon_vs_The_Addl_District_Magistrate_on_5_January_1995_1.PDF,,OUTSIDE_DOMAINS
Justice_K_S_Puttaswamy_Retd_vs_Union_Of_India_on_26_September_2018_1.PDF,Financial Fraud,SCC 2013 4 280,,,UNRESOLVED
Justice_K_S_Puttaswamy_Retd_vs_Union_Of_India_on_26_September_2018_1.PDF,Financial Fraud,SCC 1975 2 148,Gobind_vs_State_Of_Madhya_Pradesh_And_Anr_on_18_March_1975_1.PDF,,OUTSIDE_DOMAINS
Justice_K_S_Puttaswamy_Retd_vs_Union_Of_India_on_26_September_2018_1.PDF,Financial Fraud,SCC 1987 1 124,,,UNRESOLVED
Justice_K_S_Puttaswamy_Retd_vs_Union_Of_India_on_26_September_2018_1.PDF,Financial Fraud,SCC 2007 2 1,,,UNRESOLVED
Justice_K_S_Puttaswamy_Retd_vs_Union_Of_India_on_26_September_2018_1.PDF,Financial Fraud,SCC 2011 7 547,,,UNRESOLVED
Justice_K_S_Puttaswamy_Retd_vs_Union_Of_India_on_26_September_2018_1.PDF,Financial Fraud,SCC 1980 3 625,Minerva_Mills_Ltd_And_Ors_vs_Union_Of_India_Uoi_And_Ors_on_9_May_1980_1.PDF,,OUTSIDE_DOMAINS
Justice_K_S_Puttaswamy_Retd_vs_Union_Of_India_on_26_September_2018_1.PDF,Financial Fraud,SCC 1973 4 225,Kesavananda_Bharati_Sripadagalvaru_vs_State_Of_Kerala_And_Anr_on_24_April_1973_1.PDF,,OUTSIDE_DOMAINS
Justice_K_S_Puttaswamy_Retd_vs_Union_Of_India_on_26_September_2018_1.PDF,Financial Fraud,SCC 2014 9 1,,,UNRESOLVED
Justice_K_S_Puttaswamy_Retd_vs_Union_Of_India_on_26_September_2018_1.PDF,Financial Fraud,SCC 2014 9 1,,,UNRESOLVED
Justice_K_S_Puttaswamy_Retd_vs_Union_Of_India_on_26_September_2018_1.PDF,Financial Fraud,SCC 1990 1 109,,,UNRESOLVED
Justice_K_S_Puttaswamy_Retd_vs_Union_Of_India_on_26_September_2018_1.PDF,Financial Fraud,SCC 1991 4 699,,,UNRESOLVED
Justice_K_S_Puttaswamy_Retd_vs_Union_Of_India_on_26_September_2018_1.PDF,Financial Fraud,SCC 1994 3 1,,,UNRESOLVED
Justice_K_S_Puttaswamy_Retd_vs_Union_Of_India_on_26_September_2018_1.PDF,Financial Fraud,SCC 2007 3 184,,,UNRESOLVED
Justice_K_S_Puttaswamy_Retd_vs_Union_Of_India_on_26_September_2018_1.PDF,Financial Fraud,SCC 2010 4 1,,,UNRESOLVED
Justice_K_S_Puttaswamy_Retd_vs_Union_Of_India_on_26_September_2018_1.PDF,Financial Fraud,SCC 2006 7 1,,,UNRESOLVED
Justice_K_S_Puttaswamy_Retd_vs_Union_Of_India_on_26_September_2018_1.PDF,Financial Fraud,SCC 2014 11 415,,,UNRESOLVED
Justice_K_S_Puttaswamy_Retd_vs_Union_Of_India_on_26_September_2018_1.PDF,Financial Fraud,SCC 2007 3 184,,,UNRESOLVED
Justice_K_S_Puttaswamy_Retd_vs_Union_Of_India_on_26_September_2018_1.PDF,Financial Fraud,SCC 2014 11 415,,,UNRESOLVED
Justice_K_S_Puttaswamy_Retd_vs_Union_Of_India_on_26_September_2018_1.PDF,Financial Fraud,SCC 2016 3 183,,,UNRESOLVED
Justice_K_S_Puttaswamy_Retd_vs_Union_Of_India_on_26_September_2018_1.PDF,Financial Fraud,SCC 2007 3 184,,,UNRESOLVED
Justice_K_S_Puttaswamy_Retd_vs_Union_Of_India_on_26_September_2018_1.PDF,Financial Fraud,SCC 2014 11 415,,,UNRESOLVED
Justice_K_S_Puttaswamy_Retd_vs_Union_Of_India_on_26_September_2018_1.PDF,Financial Fraud,SCC 2014 11 415,,,UNRESOLVED
Justice_K_S_Puttaswamy_Retd_vs_Union_Of_India_on_26_September_2018_1.PDF,Financial Fraud,SCC 2010 4 1,,,UNRESOLVED
Justice_K_S_Puttaswamy_Retd_vs_Union_Of_India_on_26_September_2018_1.PDF,Financial Fraud,SCC 2002 8 228,,,UNRESOLVED
Justice_K_S_Puttaswamy_Retd_vs_Union_Of_India_on_26_September_2018_1.PDF,Financial Fraud,SCC 2016 7 221,,,UNRESOLVED
Justice_K_S_Puttaswamy_Retd_vs_Union_Of_India_on_26_September_2018_1.PDF,Financial Fraud,SCC 2011 8 1,,,UNRESOLVED
Justice_K_S_Puttaswamy_Retd_vs_Union_Of_India_on_26_September_2018_1.PDF,Financial Fraud,SCC 1995 3 100,,,UNRESOLVED
Justice_K_S_Puttaswamy_Retd_vs_Union_Of_India_on_26_September_2018_1.PDF,Financial Fraud,SCC 2017 7 155,,,UNRESOLVED
Justice_K_S_Puttaswamy_Retd_vs_Union_Of_India_on_26_September_2018_1.PDF,Financial Fraud,SCC 2017 10 1,,,UNRESOLVED
Justice_K_S_Puttaswamy_Retd_vs_Union_Of_India_on_26_September_2018_1.PDF,Financial Fraud,SCC 2017 10 1,,,UNRESOLVED
Justice_K_S_Puttaswamy_Retd_vs_Union_Of_India_on_26_September_2018_1.PDF,Financial Fraud,SCC 2014 5 438,,,UNRESOLVED
Justice_K_S_Puttaswamy_Retd_vs_Union_Of_India_on_26_September_2018_1.PDF,Financial Fraud,SCC 2016 7 221,,,UNRESOLVED
Justice_K_S_Puttaswamy_Retd_vs_Union_Of_India_on_26_September_2018_1.PDF,Financial Fraud,SCC 2017 7 59,,,UNRESOLVED
Justice_K_S_Puttaswamy_Retd_vs_Union_Of_India_on_26_September_2018_1.PDF,Financial Fraud,SCC 2017 9 1,,,UNRESOLVED
Justice_K_S_Puttaswamy_Retd_vs_Union_Of_India_on_26_September_2018_1.PDF,Financial Fraud,SCC 2011 14 331,,,UNRESOLVED
Justice_K_S_Puttaswamy_Retd_vs_Union_Of_India_on_26_September_2018_1.PDF,Financial Fraud,SCC 2016 7 353,,,UNRESOLVED
Justice_K_S_Puttaswamy_Retd_vs_Union_Of_India_on_26_September_2018_1.PDF,Financial Fraud,SCC 2018 7 1,,,UNRESOLVED
Justice_K_S_Puttaswamy_Retd_vs_Union_Of_India_on_26_September_2018_1.PDF,Financial Fraud,SCC 1971 1 396,,,UNRESOLVED
Justice_K_S_Puttaswamy_Retd_vs_Union_Of_India_on_26_September_2018_1.PDF,Financial Fraud,SCC 1985 3 398,,,UNRESOLVED
Justice_K_S_Puttaswamy_Retd_vs_Union_Of_India_on_26_September_2018_1.PDF,Financial Fraud,SCC 2017 3 1,,,UNRESOLVED
Justice_K_S_Puttaswamy_Retd_vs_Union_Of_India_on_26_September_2018_1.PDF,Financial Fraud,SCC 2010 4 1,,,UNRESOLVED
Justice_K_S_Puttaswamy_Retd_vs_Union_Of_India_on_26_September_2018_1.PDF,Financial Fraud,SCC 2007 3 184,,,UNRESOLVED
Justice_K_S_Puttaswamy_Retd_vs_Union_Of_India_on_26_September_2018_1.PDF,Financial Fraud,SCC 2014 11 415,,,UNRESOLVED
Justice_K_S_Puttaswamy_Retd_vs_Union_Of_India_on_26_September_2018_1.PDF,Financial Fraud,SCC 2016 3 183,,,UNRESOLVED
Justice_K_S_Puttaswamy_Retd_vs_Union_Of_India_on_26_September_2018_1.PDF,Financial Fraud,SCC 2006 7 1,,,UNRESOLVED
Justice_K_S_Puttaswamy_Retd_vs_Union_Of_India_on_26_September_2018_1.PDF,Financial Fraud,SCC 2017 3 1,,,UNRESOLVED
Justice_K_S_Puttaswamy_Retd_vs_Union_Of_India_on_26_September_2018_1.PDF,Financial Fraud,SCC 2008 13 5,,,UNRESOLVED
Justice_K_S_Puttaswamy_Retd_vs_Union_Of_India_on_26_September_2018_1.PDF,Financial Fraud,SCC 2002 8 228,,,UNRESOLVED
Justice_K_S_Puttaswamy_Retd_vs_Union_Of_India_on_26_September_2018_1.PDF,Financial Fraud,SCC 1980 3 625,Minerva_Mills_Ltd_And_Ors_vs_Union_Of_India_Uoi_And_Ors_on_9_May_1980_1.PDF,,OUTSIDE_DOMAINS
Justice_K_S_Puttaswamy_Retd_vs_Union_Of_India_on_26_September_2018_1.PDF,Financial Fraud,SCC 2014 5 438,,,UNRESOLVED
Justice_K_S_Puttaswamy_Retd_vs_Union_Of_India_on_26_September_2018_1.PDF,Financial Fraud,SCC 2012 10 1,,,UNRESOLVED
Justice_K_S_Puttaswamy_Retd_vs_Union_Of_India_on_26_September_2018_1.PDF,Financial Fraud,SCC 2012 3 1,,,UNRESOLVED
Justice_K_S_Puttaswamy_Retd_vs_Union_Of_India_on_26_September_2018_1.PDF,Financial Fraud,SCC 2017 4 269,,,UNRESOLVED
Justice_K_S_Puttaswamy_Retd_vs_Union_Of_India_on_26_September_2018_1.PDF,Financial Fraud,SCC 2003 4 399,,,UNRESOLVED
Justice_K_S_Puttaswamy_Retd_vs_Union_Of_India_on_26_September_2018_1.PDF,Financial Fraud,SCC 2013 16 82,,,UNRESOLVED
Justice_K_S_Puttaswamy_Retd_vs_Union_Of_India_on_26_September_2018_1.PDF,Financial Fraud,SCC 2013 6 620,,,UNRESOLVED
Justice_K_S_Puttaswamy_Retd_vs_Union_Of_India_on_26_September_2018_1.PDF,Financial Fraud,SCC 2016 7 221,,,UNRESOLVED
Justice_K_S_Puttaswamy_Retd_vs_Union_Of_India_on_26_September_2018_1.PDF,Financial Fraud,SCC 2017 4 397,,,UNRESOLVED
Justice_K_S_Puttaswamy_Retd_vs_Union_Of_India_on_26_September_2018_1.PDF,Financial Fraud,SCC 2001 2 386,,,UNRESOLVED
Justice_K_S_Puttaswamy_Retd_vs_Union_Of_India_on_26_September_2018_1.PDF,Financial Fraud,SCC 1969 3 337,State_Of_Bihar_vs_Kamla_Kant_Misra_And_Ors_on_29_October_1969_1.PDF,,OUTSIDE_DOMAINS
Justice_K_S_Puttaswamy_Retd_vs_Union_Of_India_on_26_September_2018_1.PDF,Financial Fraud,SCC 1969 1 853,,,UNRESOLVED
Justice_K_S_Puttaswamy_Retd_vs_Union_Of_India_on_26_September_2018_1.PDF,Financial Fraud,SCC 1982 1 39,,,UNRESOLVED
Justice_K_S_Puttaswamy_Retd_vs_Union_Of_India_on_26_September_2018_1.PDF,Financial Fraud,SCC 2001 2 386,,,UNRESOLVED
Justice_K_S_Puttaswamy_Retd_vs_Union_Of_India_on_26_September_2018_1.PDF,Financial Fraud,SCC 2004 2 130,,,UNRESOLVED
Justice_K_S_Puttaswamy_Retd_vs_Union_Of_India_on_26_September_2018_1.PDF,Financial Fraud,SCC 2016 7 353,,,UNRESOLVED
Justice_K_S_Puttaswamy_Retd_vs_Union_Of_India_on_26_September_2018_1.PDF,Financial Fraud,SCC 2017 10 1,,,UNRESOLVED
Justice_K_S_Puttaswamy_Retd_vs_Union_Of_India_on_26_September_2018_1.PDF,Financial Fraud,SCC 2012 11 1,,,UNRESOLVED
Justice_K_S_Puttaswamy_Retd_vs_Union_Of_India_on_26_September_2018_1.PDF,Financial Fraud,SCC 1978 1 248,Mrs_Maneka_Gandhi_vs_Union_Of_India_Uoi_And_Anr_on_25_January_1978_1.PDF,Organized Crime / Extortion,CROSS_DOMAIN
Justice_K_S_Puttaswamy_Retd_vs_Union_Of_India_on_26_September_2018_1.PDF,Financial Fraud,SCC 1997 6 241,,,UNRESOLVED
Justice_K_S_Puttaswamy_Retd_vs_Union_Of_India_on_26_September_2018_1.PDF,Financial Fraud,SCC 1999 2 228,,,UNRESOLVED
Justice_K_S_Puttaswamy_Retd_vs_Union_Of_India_on_26_September_2018_1.PDF,Financial Fraud,SCC 2008 3 1,,,UNRESOLVED
Justice_K_S_Puttaswamy_Retd_vs_Union_Of_India_on_26_September_2018_1.PDF,Financial Fraud,SCC 2014 5 438,,,UNRESOLVED
Justice_K_S_Puttaswamy_Retd_vs_Union_Of_India_on_26_September_2018_1.PDF,Financial Fraud,SCC 1996 5 125,Madhu_Kishwar_Ors_vs_State_Of_Bihar_Ors_on_17_April_1996_1.PDF,,OUTSIDE_DOMAINS
Justice_K_S_Puttaswamy_Retd_vs_Union_Of_India_on_26_September_2018_1.PDF,Financial Fraud,SCC 2011 7 547,,,UNRESOLVED
Justice_K_S_Puttaswamy_Retd_vs_Union_Of_India_on_26_September_2018_1.PDF,Financial Fraud,SCC 2017 7 59,,,UNRESOLVED
Justice_K_S_Puttaswamy_Retd_vs_Union_Of_India_on_26_September_2018_1.PDF,Financial Fraud,SCC 1996 3 709,State_Of_Andhra_Pradesh_And_Ors_Etc_vs_Mcdowell_Co_And_Ors_Etc_on_21_March_1996_1.PDF,Organized Crime / Extortion,CROSS_DOMAIN
Justice_K_S_Puttaswamy_Retd_vs_Union_Of_India_on_26_September_2018_1.PDF,Financial Fraud,SCC 2012 6 312,,,UNRESOLVED
Justice_K_S_Puttaswamy_Retd_vs_Union_Of_India_on_26_September_2018_1.PDF,Financial Fraud,SCC 2016 2 445,,,UNRESOLVED
Justice_K_S_Puttaswamy_Retd_vs_Union_Of_India_on_26_September_2018_1.PDF,Financial Fraud,SCC 2017 9 1,,,UNRESOLVED
Justice_K_S_Puttaswamy_Retd_vs_Union_Of_India_on_26_September_2018_1.PDF,Financial Fraud,SCC 1981 1 722,,,UNRESOLVED
Justice_K_S_Puttaswamy_Retd_vs_Union_Of_India_on_26_September_2018_1.PDF,Financial Fraud,SCC 1996 2 226,Dr_K_R_Lakshmanan_vs_State_Of_Tamil_Nadu_And_Anr_on_12_January_1996_1.PDF,,OUTSIDE_DOMAINS
Justice_K_S_Puttaswamy_Retd_vs_Union_Of_India_on_26_September_2018_1.PDF,Financial Fraud,SCC 1974 4 3,,,UNRESOLVED
Justice_K_S_Puttaswamy_Retd_vs_Union_Of_India_on_26_September_2018_1.PDF,Financial Fraud,SCC 1998 2 1,,,UNRESOLVED
Justice_K_S_Puttaswamy_Retd_vs_Union_Of_India_on_26_September_2018_1.PDF,Financial Fraud,SCC 2004 4 311,,,UNRESOLVED
Justice_K_S_Puttaswamy_Retd_vs_Union_Of_India_on_26_September_2018_1.PDF,Financial Fraud,SCC 2011 8 737,,,UNRESOLVED
Justice_K_S_Puttaswamy_Retd_vs_Union_Of_India_on_26_September_2018_1.PDF,Financial Fraud,SCC 2011 9 286,,,UNRESOLVED
Justice_K_S_Puttaswamy_Retd_vs_Union_Of_India_on_26_September_2018_1.PDF,Financial Fraud,SCC 2011 9 1,,,UNRESOLVED
Justice_K_S_Puttaswamy_Retd_vs_Union_Of_India_on_26_September_2018_1.PDF,Financial Fraud,SCC 2012 5 275,,,UNRESOLVED
Justice_K_S_Puttaswamy_Retd_vs_Union_Of_India_on_26_September_2018_1.PDF,Financial Fraud,SCC 2017 7 155,,,UNRESOLVED
Justice_K_S_Puttaswamy_Retd_vs_Union_Of_India_on_26_September_2018_1.PDF,Financial Fraud,SCC 2006 3 434,,,UNRESOLVED
Justice_K_S_Puttaswamy_Retd_vs_Union_Of_India_on_26_September_2018_1.PDF,Financial Fraud,SCC 2007 13 673,,,UNRESOLVED
Justice_K_S_Puttaswamy_Retd_vs_Union_Of_India_on_26_September_2018_1.PDF,Financial Fraud,SCC 1969 1 248,,,UNRESOLVED
Justice_K_S_Puttaswamy_Retd_vs_Union_Of_India_on_26_September_2018_1.PDF,Financial Fraud,SCC 1972 2 239,,,UNRESOLVED
Justice_K_S_Puttaswamy_Retd_vs_Union_Of_India_on_26_September_2018_1.PDF,Financial Fraud,SCC 2017 3 362,,,UNRESOLVED
Justice_K_S_Puttaswamy_Retd_vs_Union_Of_India_on_26_September_2018_1.PDF,Financial Fraud,SCC 1974 4 827,,,UNRESOLVED
Justice_K_S_Puttaswamy_Retd_vs_Union_Of_India_on_26_September_2018_1.PDF,Financial Fraud,SCC 1975 2 302,,,UNRESOLVED
Justice_K_S_Puttaswamy_Retd_vs_Union_Of_India_on_26_September_2018_1.PDF,Financial Fraud,SCC 2017 3 362,,,UNRESOLVED
Justice_K_S_Puttaswamy_Retd_vs_Union_Of_India_on_26_September_2018_1.PDF,Financial Fraud,SCC 2014 4 583,,,UNRESOLVED
Justice_K_S_Puttaswamy_Retd_vs_Union_Of_India_on_26_September_2018_1.PDF,Financial Fraud,SCC 1969 2 283,,,UNRESOLVED
Justice_K_S_Puttaswamy_Retd_vs_Union_Of_India_on_26_September_2018_1.PDF,Financial Fraud,SCC 1973 4 225,Kesavananda_Bharati_Sripadagalvaru_vs_State_Of_Kerala_And_Anr_on_24_April_1973_1.PDF,,OUTSIDE_DOMAINS
Justice_K_S_Puttaswamy_Retd_vs_Union_Of_India_on_26_September_2018_1.PDF,Financial Fraud,SCC 2000 4 640,,,UNRESOLVED
Justice_K_S_Puttaswamy_Retd_vs_Union_Of_India_on_26_September_2018_1.PDF,Financial Fraud,SCC 2007 2 1,,,UNRESOLVED
Justice_K_S_Puttaswamy_Retd_vs_Union_Of_India_on_26_September_2018_1.PDF,Financial Fraud,SCC 2014 12 696,,,UNRESOLVED
Justice_K_S_Puttaswamy_Retd_vs_Union_Of_India_on_26_September_2018_1.PDF,Financial Fraud,SCC 1976 2 521,Additional_District_Magistrate_vs_Shivakant_Shukla_on_28_April_1976_1.PDF,Organized Crime / Extortion,CROSS_DOMAIN
Justice_K_S_Puttaswamy_Retd_vs_Union_Of_India_on_26_September_2018_1.PDF,Financial Fraud,SCC 1997 3 261,,,UNRESOLVED
Justice_K_S_Puttaswamy_Retd_vs_Union_Of_India_on_26_September_2018_1.PDF,Financial Fraud,SCC 2007 2 1,,,UNRESOLVED
Justice_K_S_Puttaswamy_Retd_vs_Union_Of_India_on_26_September_2018_1.PDF,Financial Fraud,SCC 2017 3 1,,,UNRESOLVED
Justice_K_S_Puttaswamy_Retd_vs_Union_Of_India_on_26_September_2018_1.PDF,Financial Fraud,SCC 1983 2 96,,,UNRESOLVED
Justice_K_S_Puttaswamy_Retd_vs_Union_Of_India_on_26_September_2018_1.PDF,Financial Fraud,SCC 1987 1 124,,,UNRESOLVED
Justice_K_S_Puttaswamy_Retd_vs_Union_Of_India_on_26_September_2018_1.PDF,Financial Fraud,SCC 2007 2 1,,,UNRESOLVED
Justice_K_S_Puttaswamy_Retd_vs_Union_Of_India_on_26_September_2018_1.PDF,Financial Fraud,SCC 2011 9 1,,,UNRESOLVED
Justice_K_S_Puttaswamy_Retd_vs_Union_Of_India_on_26_September_2018_1.PDF,Financial Fraud,SCC 2009 5 694,,,UNRESOLVED
Justice_K_S_Puttaswamy_Retd_vs_Union_Of_India_on_26_September_2018_1.PDF,Financial Fraud,SCC 1994 6 77,Bhubaneshwar_Singh_vs_Union_Of_India_on_14_July_1994_1.PDF,,OUTSIDE_DOMAINS
Justice_K_S_Puttaswamy_Retd_vs_Union_Of_India_on_26_September_2018_1.PDF,Financial Fraud,SCC 1987 1 362,,,UNRESOLVED
Justice_K_S_Puttaswamy_Retd_vs_Union_Of_India_on_26_September_2018_1.PDF,Financial Fraud,SCC 2002 3 343,,,UNRESOLVED
Justice_K_S_Puttaswamy_Retd_vs_Union_Of_India_on_26_September_2018_1.PDF,Financial Fraud,SCC 2011 7 547,,,UNRESOLVED
Justice_K_S_Puttaswamy_Retd_vs_Union_Of_India_on_26_September_2018_1.PDF,Financial Fraud,SCC 2014 9 1,,,UNRESOLVED
Justice_K_S_Puttaswamy_Retd_vs_Union_Of_India_on_26_September_2018_1.PDF,Financial Fraud,SCC 2017 10 1,,,UNRESOLVED
Justice_K_S_Puttaswamy_Retd_vs_Union_Of_India_on_26_September_2018_1.PDF,Financial Fraud,SCC 2017 7 59,,,UNRESOLVED
Justice_K_S_Puttaswamy_Retd_vs_Union_Of_India_on_26_September_2018_1.PDF,Financial Fraud,SCC 1982 2 33,P_P_Enterprises_And_Ors_vs_Union_Of_India_Uoi_And_Ors_on_16_March_1982_1.PDF,,OUTSIDE_DOMAINS
Justice_K_S_Puttaswamy_Retd_vs_Union_Of_India_on_26_September_2018_1.PDF,Financial Fraud,SCC 1998 8 227,,,UNRESOLVED
Justice_K_S_Puttaswamy_Retd_vs_Union_Of_India_on_26_September_2018_1.PDF,Financial Fraud,SCC 2013 6 620,,,UNRESOLVED
Justice_K_S_Puttaswamy_Retd_vs_Union_Of_India_on_26_September_2018_1.PDF,Financial Fraud,SCC 2011 14 331,,,UNRESOLVED
Justice_K_S_Puttaswamy_Retd_vs_Union_Of_India_on_26_September_2018_1.PDF,Financial Fraud,SCC 2013 14 368,,,UNRESOLVED
Justice_K_S_Puttaswamy_Retd_vs_Union_Of_India_on_26_September_2018_1.PDF,Financial Fraud,SCC 2013 11 783,,,UNRESOLVED
Justice_K_S_Puttaswamy_Retd_vs_Union_Of_India_on_26_September_2018_1.PDF,Financial Fraud,SCC 1997 1 556,,,UNRESOLVED
Justice_K_S_Puttaswamy_Retd_vs_Union_Of_India_on_26_September_2018_1.PDF,Financial Fraud,SCC 2014 9 772,,,UNRESOLVED
Justice_K_S_Puttaswamy_Retd_vs_Union_Of_India_on_26_September_2018_1.PDF,Financial Fraud,SCC 2001 2 386,,,UNRESOLVED
Justice_K_S_Puttaswamy_Retd_vs_Union_Of_India_on_26_September_2018_1.PDF,Financial Fraud,SCC 2016 7 353,,,UNRESOLVED
Justice_K_S_Puttaswamy_Retd_vs_Union_Of_India_on_26_September_2018_1.PDF,Financial Fraud,SCC 1969 1 248,,,UNRESOLVED
Justice_K_S_Puttaswamy_Retd_vs_Union_Of_India_on_26_September_2018_1.PDF,Financial Fraud,SCC 1998 5 39,,,UNRESOLVED
Justice_K_S_Puttaswamy_Retd_vs_Union_Of_India_on_26_September_2018_1.PDF,Financial Fraud,SCC 2017 3 362,,,UNRESOLVED
Justice_K_S_Puttaswamy_Retd_vs_Union_Of_India_on_26_September_2018_1.PDF,Financial Fraud,SCC 2012 5 661,,,UNRESOLVED
Justice_K_S_Puttaswamy_Retd_vs_Union_Of_India_on_26_September_2018_1.PDF,Financial Fraud,SCC 1997 1 326,,,UNRESOLVED
Justice_K_S_Puttaswamy_Retd_vs_Union_Of_India_on_26_September_2018_1.PDF,Financial Fraud,SCC 1994 2 323,,,UNRESOLVED
Justice_K_S_Puttaswamy_Retd_vs_Union_Of_India_on_26_September_2018_1.PDF,Financial Fraud,SCC 1995 1 537,Shri_Harish_Tandon_vs_The_Addl_District_Magistrate_on_5_January_1995_1.PDF,,OUTSIDE_DOMAINS
Justice_K_S_Puttaswamy_Retd_vs_Union_Of_India_on_26_September_2018_1.PDF,Financial Fraud,SCC 2017 7 155,,,UNRESOLVED
Justice_K_S_Puttaswamy_Retd_vs_Union_Of_India_on_26_September_2018_1.PDF,Financial Fraud,SCC 2017 7 155,,,UNRESOLVED
Justice_K_S_Puttaswamy_Retd_vs_Union_Of_India_on_26_September_2018_1.PDF,Financial Fraud,SCC 1979 2 124,,,UNRESOLVED
Justice_K_S_Puttaswamy_Retd_vs_Union_Of_India_on_26_September_2018_1.PDF,Financial Fraud,SCC 1984 4 27,,,UNRESOLVED
Justice_K_S_Puttaswamy_Retd_vs_Union_Of_India_on_26_September_2018_1.PDF,Financial Fraud,SCC 2003 3 321,,,UNRESOLVED
Justice_K_S_Puttaswamy_Retd_vs_Union_Of_India_on_26_September_2018_1.PDF,Financial Fraud,SCC 2011 10 543,,,UNRESOLVED
Justice_K_S_Puttaswamy_Retd_vs_Union_Of_India_on_26_September_2018_1.PDF,Financial Fraud,SCC 2007 3 184,,,UNRESOLVED
Justice_K_S_Puttaswamy_Retd_vs_Union_Of_India_on_26_September_2018_1.PDF,Financial Fraud,SCC 1992 4 506,,,UNRESOLVED
Justice_K_S_Puttaswamy_Retd_vs_Union_Of_India_on_26_September_2018_1.PDF,Financial Fraud,SCC 1991 4 699,,,UNRESOLVED
Justice_K_S_Puttaswamy_Retd_vs_Union_Of_India_on_26_September_2018_1.PDF,Financial Fraud,SCC 2014 11 415,,,UNRESOLVED
Justice_K_S_Puttaswamy_Retd_vs_Union_Of_India_on_26_September_2018_1.PDF,Financial Fraud,SCC 2016 3 1,,,UNRESOLVED
Justice_K_S_Puttaswamy_Retd_vs_Union_Of_India_on_26_September_2018_1.PDF,Financial Fraud,SCC 2007 3 184,,,UNRESOLVED
Justice_K_S_Puttaswamy_Retd_vs_Union_Of_India_on_26_September_2018_1.PDF,Financial Fraud,SCC 2014 11 415,,,UNRESOLVED
Justice_K_S_Puttaswamy_Retd_vs_Union_Of_India_on_26_September_2018_1.PDF,Financial Fraud,SCC 2017 7 59,,,UNRESOLVED
Justice_K_S_Puttaswamy_Retd_vs_Union_Of_India_on_26_September_2018_1.PDF,Financial Fraud,SCC 2017 9 1,,,UNRESOLVED
Justice_K_S_Puttaswamy_Retd_vs_Union_Of_India_on_26_September_2018_1.PDF,Financial Fraud,SCC 2013 1 745,,,UNRESOLVED
Justice_K_S_Puttaswamy_Retd_vs_Union_Of_India_on_26_September_2018_1.PDF,Financial Fraud,SCR 1954 1077,M_P_Sharma_And_Others_vs_Satish_Chandra_District_on_15_March_1954_1.PDF,Organized Crime / Extortion,CROSS_DOMAIN
Justice_K_S_Puttaswamy_Retd_vs_Union_Of_India_on_26_September_2018_1.PDF,Financial Fraud,SCR 1950 594,Romesh_Thappar_vs_The_State_Of_Madras_on_26_May_1950_1.PDF,Violent Crime / Homicide,CROSS_DOMAIN
Justice_K_S_Puttaswamy_Retd_vs_Union_Of_India_on_26_September_2018_1.PDF,Financial Fraud,SCR 1950 88,A_K_Gopalan_vs_The_State_Of_Madras_Union_Of_India__on_19_May_1950_1.PDF,Organized Crime / Extortion,CROSS_DOMAIN
Justice_K_S_Puttaswamy_Retd_vs_Union_Of_India_on_26_September_2018_1.PDF,Financial Fraud,SCR 1964 1 332,,,UNRESOLVED
Justice_K_S_Puttaswamy_Retd_vs_Union_Of_India_on_26_September_2018_1.PDF,Financial Fraud,SCR 1964 1 332,,,UNRESOLVED
Justice_K_S_Puttaswamy_Retd_vs_Union_Of_India_on_26_September_2018_1.PDF,Financial Fraud,SCR 1964 1 332,,,UNRESOLVED
Justice_K_S_Puttaswamy_Retd_vs_Union_Of_India_on_26_September_2018_1.PDF,Financial Fraud,SCR 1988 2 417,,,UNRESOLVED
Justice_K_S_Puttaswamy_Retd_vs_Union_Of_India_on_26_September_2018_1.PDF,Financial Fraud,SCR 1967 3 525,,,UNRESOLVED
Justice_K_S_Puttaswamy_Retd_vs_Union_Of_India_on_26_September_2018_1.PDF,Financial Fraud,SCR 1986 1 103,,,UNRESOLVED
Justice_K_S_Puttaswamy_Retd_vs_Union_Of_India_on_26_September_2018_1.PDF,Financial Fraud,SCR 1986 1 103,,,UNRESOLVED
Justice_K_S_Puttaswamy_Retd_vs_Union_Of_India_on_26_September_2018_1.PDF,Financial Fraud,SCR 1964 1 332,,,UNRESOLVED
Justice_K_S_Puttaswamy_Retd_vs_Union_Of_India_on_26_September_2018_1.PDF,Financial Fraud,SCR 1981 2 516,,,UNRESOLVED
Justice_K_S_Puttaswamy_Retd_vs_Union_Of_India_on_26_September_2018_1.PDF,Financial Fraud,SCR 1962 3 842,,,UNRESOLVED
Justice_K_S_Puttaswamy_Retd_vs_Union_Of_India_on_26_September_2018_1.PDF,Financial Fraud,SCR 1986 1 103,,,UNRESOLVED
Justice_K_S_Puttaswamy_Retd_vs_Union_Of_India_on_26_September_2018_1.PDF,Financial Fraud,SCR 1984 2 66,,,UNRESOLVED
Justice_K_S_Puttaswamy_Retd_vs_Union_Of_India_on_26_September_2018_1.PDF,Financial Fraud,SCR 1998 1 493,,,UNRESOLVED
Justice_K_S_Puttaswamy_Retd_vs_Union_Of_India_on_26_September_2018_1.PDF,Financial Fraud,SCR 1992 2 731,,,UNRESOLVED
Justice_K_S_Puttaswamy_Retd_vs_Union_Of_India_on_26_September_2018_1.PDF,Financial Fraud,SCR 1985 1 295,,,UNRESOLVED
Justice_K_S_Puttaswamy_Retd_vs_Union_Of_India_on_26_September_2018_1.PDF,Financial Fraud,SCR 1963 2 747,,,UNRESOLVED
Justice_K_S_Puttaswamy_Retd_vs_Union_Of_India_on_26_September_2018_1.PDF,Financial Fraud,SCR 1966 2 158,,,UNRESOLVED
Justice_K_S_Puttaswamy_Retd_vs_Union_Of_India_on_26_September_2018_1.PDF,Financial Fraud,SCR 1967 2 454,,,UNRESOLVED
Justice_K_S_Puttaswamy_Retd_vs_Union_Of_India_on_26_September_2018_1.PDF,Financial Fraud,SCR 1967 2 454,,,UNRESOLVED
Justice_K_S_Puttaswamy_Retd_vs_Union_Of_India_on_26_September_2018_1.PDF,Financial Fraud,SCR 1969 1 478,,,UNRESOLVED
Justice_K_S_Puttaswamy_Retd_vs_Union_Of_India_on_26_September_2018_1.PDF,Financial Fraud,SCR 1957 399,A_S_Krishna_vs_State_Of_Madras_With_Connected_on_28_November_1956_1.PDF,,OUTSIDE_DOMAINS
Justice_K_S_Puttaswamy_Retd_vs_Union_Of_India_on_26_September_2018_1.PDF,Financial Fraud,SCR 1952 218,N_P_Ponnuswami_vs_Returning_Officer_on_21_January_1952_1.PDF,,OUTSIDE_DOMAINS
Justice_K_S_Puttaswamy_Retd_vs_Union_Of_India_on_26_September_2018_1.PDF,Financial Fraud,SCR 1965 1 413,,,UNRESOLVED
Justice_K_S_Puttaswamy_Retd_vs_Union_Of_India_on_26_September_2018_1.PDF,Financial Fraud,SCR 1965 1 413,,,UNRESOLVED
Justice_K_S_Puttaswamy_Retd_vs_Union_Of_India_on_26_September_2018_1.PDF,Financial Fraud,SCR 1957 399,A_S_Krishna_vs_State_Of_Madras_With_Connected_on_28_November_1956_1.PDF,,OUTSIDE_DOMAINS
Justice_K_S_Puttaswamy_Retd_vs_Union_Of_India_on_26_September_2018_1.PDF,Financial Fraud,SCR 1950 759,Chintaman_Rao_vs_The_State_Of_Madhya_Pradeshram_on_8_November_1950_1.PDF,,OUTSIDE_DOMAINS
Justice_K_S_Puttaswamy_Retd_vs_Union_Of_India_on_26_September_2018_1.PDF,Financial Fraud,SCR 1952 597,State_Of_Madras_vs_V_G_Row_Union_Of_India_State_on_31_March_1952_1.PDF,,OUTSIDE_DOMAINS
Justice_K_S_Puttaswamy_Retd_vs_Union_Of_India_on_26_September_2018_1.PDF,Financial Fraud,SCR 1963 2 747,,,UNRESOLVED
Justice_K_S_Puttaswamy_Retd_vs_Union_Of_India_on_26_September_2018_1.PDF,Financial Fraud,SCR 1966 1 523,,,UNRESOLVED
Justice_K_S_Puttaswamy_Retd_vs_Union_Of_India_on_26_September_2018_1.PDF,Financial Fraud,SCR 1966 2 158,,,UNRESOLVED
Justice_K_S_Puttaswamy_Retd_vs_Union_Of_India_on_26_September_2018_1.PDF,Financial Fraud,SCR 1955 2 225,Rai_Sahib_Ram_Jawaya_Kapur_And_Ors_vs_The_State_Of_Punjab_on_12_April_1955_1.PDF,,OUTSIDE_DOMAINS
Justice_K_S_Puttaswamy_Retd_vs_Union_Of_India_on_26_September_2018_1.PDF,Financial Fraud,SCR 1967 2 703,,,UNRESOLVED
Justice_K_S_Puttaswamy_Retd_vs_Union_Of_India_on_26_September_2018_1.PDF,Financial Fraud,SCR 1965 1 413,,,UNRESOLVED
Justice_K_S_Puttaswamy_Retd_vs_Union_Of_India_on_26_September_2018_1.PDF,Financial Fraud,SCR 1967 2 454,,,UNRESOLVED
Justice_K_S_Puttaswamy_Retd_vs_Union_Of_India_on_26_September_2018_1.PDF,Financial Fraud,SCR 1950 1077,,,UNRESOLVED
Justice_K_S_Puttaswamy_Retd_vs_Union_Of_India_on_26_September_2018_1.PDF,Financial Fraud,SCR 1962 1 332,,,UNRESOLVED
Justice_K_S_Puttaswamy_Retd_vs_Union_Of_India_on_26_September_2018_1.PDF,Financial Fraud,SCR 1959 629,Mohd_Hanif_Quareshi_Others_vs_The_State_Of_Bihar_And_Connected_on_23_April_1958_1.PDF,,OUTSIDE_DOMAINS
Justice_K_S_Puttaswamy_Retd_vs_Union_Of_India_on_26_September_2018_1.PDF,Financial Fraud,SCR 1986 1 103,,,UNRESOLVED
Justice_K_S_Puttaswamy_Retd_vs_Union_Of_India_on_26_September_2018_1.PDF,Financial Fraud,SCR 1971 3 483,,,UNRESOLVED
Justice_K_S_Puttaswamy_Retd_vs_Union_Of_India_on_26_September_2018_1.PDF,Financial Fraud,SCR 1965 3 53,,,UNRESOLVED
Justice_K_S_Puttaswamy_Retd_vs_Union_Of_India_on_26_September_2018_1.PDF,Financial Fraud,SCR 1971 3 483,,,UNRESOLVED
Mazdoor_Kisan_Shakti_Sanghatan_vs_Union_Of_India_on_23_July_2018_1.PDF,Financial Fraud,AIR 1961 SC 884,,,UNRESOLVED
Mazdoor_Kisan_Shakti_Sanghatan_vs_Union_Of_India_on_23_July_2018_1.PDF,Financial Fraud,AIR 1984 SC 51,,,UNRESOLVED
Mazdoor_Kisan_Shakti_Sanghatan_vs_Union_Of_India_on_23_July_2018_1.PDF,Financial Fraud,AIR 1985 CAL 222,,,UNRESOLVED
Mazdoor_Kisan_Shakti_Sanghatan_vs_Union_Of_India_on_23_July_2018_1.PDF,Financial Fraud,AIR 1993 KERALA 1,,,UNRESOLVED
Mazdoor_Kisan_Shakti_Sanghatan_vs_Union_Of_India_on_23_July_2018_1.PDF,Financial Fraud,SCC 1970 3 746,,,UNRESOLVED
Mazdoor_Kisan_Shakti_Sanghatan_vs_Union_Of_India_on_23_July_2018_1.PDF,Financial Fraud,SCC 2012 5 1,,,UNRESOLVED
Mazdoor_Kisan_Shakti_Sanghatan_vs_Union_Of_India_on_23_July_2018_1.PDF,Financial Fraud,SCC 1978 1 226,,,UNRESOLVED
Mazdoor_Kisan_Shakti_Sanghatan_vs_Union_Of_India_on_23_July_2018_1.PDF,Financial Fraud,SCC 1973 1 227,,,UNRESOLVED
Mazdoor_Kisan_Shakti_Sanghatan_vs_Union_Of_India_on_23_July_2018_1.PDF,Financial Fraud,SCC 1983 4 522,,,UNRESOLVED
Mazdoor_Kisan_Shakti_Sanghatan_vs_Union_Of_India_on_23_July_2018_1.PDF,Financial Fraud,SCC 1970 3 746,,,UNRESOLVED
Mazdoor_Kisan_Shakti_Sanghatan_vs_Union_Of_India_on_23_July_2018_1.PDF,Financial Fraud,SCC 2016 15 525,,,UNRESOLVED
Mazdoor_Kisan_Shakti_Sanghatan_vs_Union_Of_India_on_23_July_2018_1.PDF,Financial Fraud,SCC 2012 5 1,,,UNRESOLVED
Mazdoor_Kisan_Shakti_Sanghatan_vs_Union_Of_India_on_23_July_2018_1.PDF,Financial Fraud,SCC 2005 5 733,,,UNRESOLVED
Mazdoor_Kisan_Shakti_Sanghatan_vs_Union_Of_India_on_23_July_2018_1.PDF,Financial Fraud,SCC 2015 7 779,,,UNRESOLVED
Mazdoor_Kisan_Shakti_Sanghatan_vs_Union_Of_India_on_23_July_2018_1.PDF,Financial Fraud,SCC 1973 1 227,,,UNRESOLVED
Mazdoor_Kisan_Shakti_Sanghatan_vs_Union_Of_India_on_23_July_2018_1.PDF,Financial Fraud,SCC 2016 7 221,,,UNRESOLVED
Mazdoor_Kisan_Shakti_Sanghatan_vs_Union_Of_India_on_23_July_2018_1.PDF,Financial Fraud,SCC 2017 4 397,,,UNRESOLVED
Mazdoor_Kisan_Shakti_Sanghatan_vs_Union_Of_India_on_23_July_2018_1.PDF,Financial Fraud,SCR 1961 3 423,,,UNRESOLVED
Mazdoor_Kisan_Shakti_Sanghatan_vs_Union_Of_India_on_23_July_2018_1.PDF,Financial Fraud,SCR 1952 597,State_Of_Madras_vs_V_G_Row_Union_Of_India_State_on_31_March_1952_1.PDF,,OUTSIDE_DOMAINS
Mazdoor_Kisan_Shakti_Sanghatan_vs_Union_Of_India_on_23_July_2018_1.PDF,Financial Fraud,SCR 1961 3 423,,,UNRESOLVED
Pankaj_Jain_vs_Union_Of_India_on_23_February_2018_1.PDF,Financial Fraud,AIR 1963 SC 1618,,,UNRESOLVED
Pankaj_Jain_vs_Union_Of_India_on_23_February_2018_1.PDF,Financial Fraud,AIR 1963 SC 1088,,,UNRESOLVED
Pankaj_Jain_vs_Union_Of_India_on_23_February_2018_1.PDF,Financial Fraud,AIR 1971 SC 2481,,,UNRESOLVED
Pankaj_Jain_vs_Union_Of_India_on_23_February_2018_1.PDF,Financial Fraud,AIR 1924 CAL 476,,,UNRESOLVED
Pankaj_Jain_vs_Union_Of_India_on_23_February_2018_1.PDF,Financial Fraud,AIR 1931 ALL 356,,,UNRESOLVED
Pankaj_Jain_vs_Union_Of_India_on_23_February_2018_1.PDF,Financial Fraud,SCC 2013 6 573,,,UNRESOLVED
Pankaj_Jain_vs_Union_Of_India_on_23_February_2018_1.PDF,Financial Fraud,SCC 1970 3 739,,,UNRESOLVED
Pankaj_Jain_vs_Union_Of_India_on_23_February_2018_1.PDF,Financial Fraud,SCC 1980 2 565,,,UNRESOLVED
Prof_Chintamani_Malviya_vs_High_Court_Of_Madhya_Pradesh_on_27_April_2018_1.PDF,Financial Fraud,AIR 1967 SC 68,,,UNRESOLVED
Prof_Chintamani_Malviya_vs_High_Court_Of_Madhya_Pradesh_on_27_April_2018_1.PDF,Financial Fraud,SCC 1971 1 774,,,UNRESOLVED
Prof_Chintamani_Malviya_vs_High_Court_Of_Madhya_Pradesh_on_27_April_2018_1.PDF,Financial Fraud,SCC 1992 3 178,,,UNRESOLVED
Prof_Chintamani_Malviya_vs_High_Court_Of_Madhya_Pradesh_on_27_April_2018_1.PDF,Financial Fraud,SCC 2017 1 113,,,UNRESOLVED
Sheila_Sebastian_vs_R_Jawaharaj_on_11_May_2018_1.PDF,Financial Fraud,SCC 2009 8 751,,,UNRESOLVED
Sheila_Sebastian_vs_R_Jawaharaj_on_11_May_2018_1.PDF,Financial Fraud,SCC 2009 15 643,,,UNRESOLVED
Sheila_Sebastian_vs_R_Jawaharaj_on_11_May_2018_1.PDF,Financial Fraud,SCC 2018 3 66,,,UNRESOLVED
State_Of_Gujarat_vs_Utility_Users_Welfare_Association_on_12_April_2018_1.PDF,Financial Fraud,AIR 1992 SC 1341,,,UNRESOLVED
State_Of_Gujarat_vs_Utility_Users_Welfare_Association_on_12_April_2018_1.PDF,Financial Fraud,AIR 1950 SC 188,,,UNRESOLVED
State_Of_Gujarat_vs_Utility_Users_Welfare_Association_on_12_April_2018_1.PDF,Financial Fraud,AIR 1963 SC 874,,,UNRESOLVED
State_Of_Gujarat_vs_Utility_Users_Welfare_Association_on_12_April_2018_1.PDF,Financial Fraud,SCC 2014 11 53,,,UNRESOLVED
State_Of_Gujarat_vs_Utility_Users_Welfare_Association_on_12_April_2018_1.PDF,Financial Fraud,SCC 2008 14 107,,,UNRESOLVED
State_Of_Gujarat_vs_Utility_Users_Welfare_Association_on_12_April_2018_1.PDF,Financial Fraud,SCC 2014 10 1,,,UNRESOLVED
State_Of_Gujarat_vs_Utility_Users_Welfare_Association_on_12_April_2018_1.PDF,Financial Fraud,SCC 2010 11 1,,,UNRESOLVED
State_Of_Gujarat_vs_Utility_Users_Welfare_Association_on_12_April_2018_1.PDF,Financial Fraud,SCC 2008 4 755,,,UNRESOLVED
State_Of_Gujarat_vs_Utility_Users_Welfare_Association_on_12_April_2018_1.PDF,Financial Fraud,SCC 2016 9 103,,,UNRESOLVED
State_Of_Gujarat_vs_Utility_Users_Welfare_Association_on_12_April_2018_1.PDF,Financial Fraud,SCC 2011 12 400,,,UNRESOLVED
State_Of_Gujarat_vs_Utility_Users_Welfare_Association_on_12_April_2018_1.PDF,Financial Fraud,SCC 2012 10 1,,,UNRESOLVED
State_Of_Gujarat_vs_Utility_Users_Welfare_Association_on_12_April_2018_1.PDF,Financial Fraud,SCC 2005 2 431,,,UNRESOLVED
State_Of_Gujarat_vs_Utility_Users_Welfare_Association_on_12_April_2018_1.PDF,Financial Fraud,SCC 2013 1 501,,,UNRESOLVED
State_Of_Gujarat_vs_Utility_Users_Welfare_Association_on_12_April_2018_1.PDF,Financial Fraud,SCC 2002 6 269,,,UNRESOLVED
State_Of_Gujarat_vs_Utility_Users_Welfare_Association_on_12_April_2018_1.PDF,Financial Fraud,SCC 2008 12 372,,,UNRESOLVED
State_Of_Gujarat_vs_Utility_Users_Welfare_Association_on_12_April_2018_1.PDF,Financial Fraud,SCC 2016 3 468,,,UNRESOLVED
State_Of_Gujarat_vs_Utility_Users_Welfare_Association_on_12_April_2018_1.PDF,Financial Fraud,SCC 2013 10 359,,,UNRESOLVED
State_Of_Gujarat_vs_Utility_Users_Welfare_Association_on_12_April_2018_1.PDF,Financial Fraud,SCC 1999 7 209,,,UNRESOLVED
State_Of_Gujarat_vs_Utility_Users_Welfare_Association_on_12_April_2018_1.PDF,Financial Fraud,SCC 1992 4 506,,,UNRESOLVED
State_Of_Gujarat_vs_Utility_Users_Welfare_Association_on_12_April_2018_1.PDF,Financial Fraud,SCC 2012 10 353,,,UNRESOLVED
State_Of_Gujarat_vs_Utility_Users_Welfare_Association_on_12_April_2018_1.PDF,Financial Fraud,SCR 1955 1 206,,,UNRESOLVED
State_Of_Gujarat_vs_Utility_Users_Welfare_Association_on_12_April_2018_1.PDF,Financial Fraud,SCR 1962 1 517,,,UNRESOLVED
State_Of_Gujarat_vs_Utility_Users_Welfare_Association_on_12_April_2018_1.PDF,Financial Fraud,SCR 1961 2 679,,,UNRESOLVED
State_Of_Gujarat_vs_Utility_Users_Welfare_Association_on_12_April_2018_1.PDF,Financial Fraud,SCR 1964 6 594,,,UNRESOLVED
State_Of_Gujarat_vs_Utility_Users_Welfare_Association_on_12_April_2018_1.PDF,Financial Fraud,SCR 1965 2 366,,,UNRESOLVED
V_Ravi_Kumar_vs_The_State_Rep_By_Inspector_Of_Police_on_14_December_2018_1.PDF,Financial Fraud,AIR 1962 SC 876,,,UNRESOLVED
V_Ravi_Kumar_vs_The_State_Rep_By_Inspector_Of_Police_on_14_December_2018_1.PDF,Financial Fraud,SCC 2012 1 130,,,UNRESOLVED
V_Ravi_Kumar_vs_The_State_Rep_By_Inspector_Of_Police_on_14_December_2018_1.PDF,Financial Fraud,SCC 2010 2 631,,,UNRESOLVED
V_Ravi_Kumar_vs_The_State_Rep_By_Inspector_Of_Police_on_14_December_2018_1.PDF,Financial Fraud,SCC 1992 4 15,,,UNRESOLVED
V_Ravi_Kumar_vs_The_State_Rep_By_Inspector_Of_Police_on_14_December_2018_1.PDF,Financial Fraud,SCC 2000 4 168,,,UNRESOLVED
V_Ravi_Kumar_vs_The_State_Rep_By_Inspector_Of_Police_on_14_December_2018_1.PDF,Financial Fraud,SCC 2004 13 437,,,UNRESOLVED
V_Ravi_Kumar_vs_The_State_Rep_By_Inspector_Of_Police_on_14_December_2018_1.PDF,Financial Fraud,SCC 1992 4 305,,,UNRESOLVED
V_Ravi_Kumar_vs_The_State_Rep_By_Inspector_Of_Police_on_14_December_2018_1.PDF,Financial Fraud,SCC 2015 8 293,,,UNRESOLVED
63_Moons_Technologies_Ltd_Formerly_vs_Union_Of_India_on_30_April_2019_1.PDF,Financial Fraud,AIR 1981 SC 271,,,UNRESOLVED
63_Moons_Technologies_Ltd_Formerly_vs_Union_Of_India_on_30_April_2019_1.PDF,Financial Fraud,AIR 1943 FC 75,,,UNRESOLVED
63_Moons_Technologies_Ltd_Formerly_vs_Union_Of_India_on_30_April_2019_1.PDF,Financial Fraud,AIR 1952 SC 16,,,UNRESOLVED
63_Moons_Technologies_Ltd_Formerly_vs_Union_Of_India_on_30_April_2019_1.PDF,Financial Fraud,AIR 1950 FC 129,,,UNRESOLVED
63_Moons_Technologies_Ltd_Formerly_vs_Union_Of_India_on_30_April_2019_1.PDF,Financial Fraud,AIR 1964 SC 72,,,UNRESOLVED
63_Moons_Technologies_Ltd_Formerly_vs_Union_Of_India_on_30_April_2019_1.PDF,Financial Fraud,AIR 1970 SC 1157,,,UNRESOLVED
63_Moons_Technologies_Ltd_Formerly_vs_Union_Of_India_on_30_April_2019_1.PDF,Financial Fraud,AIR 1957 SC 414,,,UNRESOLVED
63_Moons_Technologies_Ltd_Formerly_vs_Union_Of_India_on_30_April_2019_1.PDF,Financial Fraud,AIR 1960 SC 475,Union_Of_India_Uoi_And_Ors_And_State_Of_vs_Bhanamal_Gulzarimal_Ltd_And_Ors_on_16_December_1959_1.PDF,,OUTSIDE_DOMAINS
63_Moons_Technologies_Ltd_Formerly_vs_Union_Of_India_on_30_April_2019_1.PDF,Financial Fraud,AIR 1952 SC 252,Visweshwar_Rao_vs_The_State_Of_Madhya_Pradesh_on_2_May_1952_1.PDF,,OUTSIDE_DOMAINS
63_Moons_Technologies_Ltd_Formerly_vs_Union_Of_India_on_30_April_2019_1.PDF,Financial Fraud,AIR 1952 SC 16,,,UNRESOLVED
63_Moons_Technologies_Ltd_Formerly_vs_Union_Of_India_on_30_April_2019_1.PDF,Financial Fraud,SCC 2006 10 645,,,UNRESOLVED
63_Moons_Technologies_Ltd_Formerly_vs_Union_Of_India_on_30_April_2019_1.PDF,Financial Fraud,SCC 1978 1 405,,,UNRESOLVED
63_Moons_Technologies_Ltd_Formerly_vs_Union_Of_India_on_30_April_2019_1.PDF,Financial Fraud,SCC 1987 4 431,,,UNRESOLVED
63_Moons_Technologies_Ltd_Formerly_vs_Union_Of_India_on_30_April_2019_1.PDF,Financial Fraud,SCC 1997 7 463,,,UNRESOLVED
63_Moons_Technologies_Ltd_Formerly_vs_Union_Of_India_on_30_April_2019_1.PDF,Financial Fraud,SCC 2001 2 386,,,UNRESOLVED
63_Moons_Technologies_Ltd_Formerly_vs_Union_Of_India_on_30_April_2019_1.PDF,Financial Fraud,SCC 2002 3 496,,,UNRESOLVED
63_Moons_Technologies_Ltd_Formerly_vs_Union_Of_India_on_30_April_2019_1.PDF,Financial Fraud,SCC 1983 4 616,,,UNRESOLVED
63_Moons_Technologies_Ltd_Formerly_vs_Union_Of_India_on_30_April_2019_1.PDF,Financial Fraud,SCC 1981 2 362,,,UNRESOLVED
63_Moons_Technologies_Ltd_Formerly_vs_Union_Of_India_on_30_April_2019_1.PDF,Financial Fraud,SCC 1978 3 459,Prag_Ice_And_Oil_Mills_And_Anr_Etc_Etc_vs_Union_Of_India_Uoi__Alongwith_Writ_on_21_February_1978.PDF,,OUTSIDE_DOMAINS
63_Moons_Technologies_Ltd_Formerly_vs_Union_Of_India_on_30_April_2019_1.PDF,Financial Fraud,SCC 1987 2 720,,,UNRESOLVED
63_Moons_Technologies_Ltd_Formerly_vs_Union_Of_India_on_30_April_2019_1.PDF,Financial Fraud,SCC 1987 2 720,,,UNRESOLVED
63_Moons_Technologies_Ltd_Formerly_vs_Union_Of_India_on_30_April_2019_1.PDF,Financial Fraud,SCC 1987 2 720,,,UNRESOLVED
63_Moons_Technologies_Ltd_Formerly_vs_Union_Of_India_on_30_April_2019_1.PDF,Financial Fraud,SCC 1996 8 407,,,UNRESOLVED
63_Moons_Technologies_Ltd_Formerly_vs_Union_Of_India_on_30_April_2019_1.PDF,Financial Fraud,SCC 1987 4 431,,,UNRESOLVED
63_Moons_Technologies_Ltd_Formerly_vs_Union_Of_India_on_30_April_2019_1.PDF,Financial Fraud,SCC 1987 4 431,,,UNRESOLVED
63_Moons_Technologies_Ltd_Formerly_vs_Union_Of_India_on_30_April_2019_1.PDF,Financial Fraud,SCC 1987 4 431,,,UNRESOLVED
63_Moons_Technologies_Ltd_Formerly_vs_Union_Of_India_on_30_April_2019_1.PDF,Financial Fraud,SCC 1987 4 431,,,UNRESOLVED
63_Moons_Technologies_Ltd_Formerly_vs_Union_Of_India_on_30_April_2019_1.PDF,Financial Fraud,SCC 2000 8 655,,,UNRESOLVED
63_Moons_Technologies_Ltd_Formerly_vs_Union_Of_India_on_30_April_2019_1.PDF,Financial Fraud,SCC 1981 1 722,,,UNRESOLVED
63_Moons_Technologies_Ltd_Formerly_vs_Union_Of_India_on_30_April_2019_1.PDF,Financial Fraud,SCC 1987 1 395,,,UNRESOLVED
63_Moons_Technologies_Ltd_Formerly_vs_Union_Of_India_on_30_April_2019_1.PDF,Financial Fraud,SCC 1969 1 817,,,UNRESOLVED
63_Moons_Technologies_Ltd_Formerly_vs_Union_Of_India_on_30_April_2019_1.PDF,Financial Fraud,SCC 1975 2 81,,,UNRESOLVED
63_Moons_Technologies_Ltd_Formerly_vs_Union_Of_India_on_30_April_2019_1.PDF,Financial Fraud,SCC 1994 6 651,Tata_Cellular_vs_Union_Of_India_on_26_July_1994_1.PDF,,OUTSIDE_DOMAINS
63_Moons_Technologies_Ltd_Formerly_vs_Union_Of_India_on_30_April_2019_1.PDF,Financial Fraud,SCC 2008 4 144,,,UNRESOLVED
63_Moons_Technologies_Ltd_Formerly_vs_Union_Of_India_on_30_April_2019_1.PDF,Financial Fraud,SCC 1999 5 138,,,UNRESOLVED
63_Moons_Technologies_Ltd_Formerly_vs_Union_Of_India_on_30_April_2019_1.PDF,Financial Fraud,SCC 2018 13 491,,,UNRESOLVED
63_Moons_Technologies_Ltd_Formerly_vs_Union_Of_India_on_30_April_2019_1.PDF,Financial Fraud,SCC 1983 2 195,,,UNRESOLVED
63_Moons_Technologies_Ltd_Formerly_vs_Union_Of_India_on_30_April_2019_1.PDF,Financial Fraud,SCC 1992 4 305,,,UNRESOLVED
63_Moons_Technologies_Ltd_Formerly_vs_Union_Of_India_on_30_April_2019_1.PDF,Financial Fraud,SCC 1986 3 20,,,UNRESOLVED
63_Moons_Technologies_Ltd_Formerly_vs_Union_Of_India_on_30_April_2019_1.PDF,Financial Fraud,SCC 2003 7 309,,,UNRESOLVED
63_Moons_Technologies_Ltd_Formerly_vs_Union_Of_India_on_30_April_2019_1.PDF,Financial Fraud,SCC 2012 13 61,,,UNRESOLVED
63_Moons_Technologies_Ltd_Formerly_vs_Union_Of_India_on_30_April_2019_1.PDF,Financial Fraud,SCC 2010 6 614,,,UNRESOLVED
63_Moons_Technologies_Ltd_Formerly_vs_Union_Of_India_on_30_April_2019_1.PDF,Financial Fraud,SCC 1978 1 405,,,UNRESOLVED
63_Moons_Technologies_Ltd_Formerly_vs_Union_Of_India_on_30_April_2019_1.PDF,Financial Fraud,SCC 1998 9 236,Madhyamic_Shiksha_Mandal_M_P_vs_Abhilash_Shiksha_Prasar_Samiti_And_Ors_on_21_January_1997_1.PDF,,OUTSIDE_DOMAINS
63_Moons_Technologies_Ltd_Formerly_vs_Union_Of_India_on_30_April_2019_1.PDF,Financial Fraud,SCC 1978 1 405,,,UNRESOLVED
63_Moons_Technologies_Ltd_Formerly_vs_Union_Of_India_on_30_April_2019_1.PDF,Financial Fraud,SCC 2014 13 692,,,UNRESOLVED
63_Moons_Technologies_Ltd_Formerly_vs_Union_Of_India_on_30_April_2019_1.PDF,Financial Fraud,SCC 1986 1 264,,,UNRESOLVED
63_Moons_Technologies_Ltd_Formerly_vs_Union_Of_India_on_30_April_2019_1.PDF,Financial Fraud,SCC 1997 1 579,,,UNRESOLVED
63_Moons_Technologies_Ltd_Formerly_vs_Union_Of_India_on_30_April_2019_1.PDF,Financial Fraud,SCC 1990 1 613,,,UNRESOLVED
63_Moons_Technologies_Ltd_Formerly_vs_Union_Of_India_on_30_April_2019_1.PDF,Financial Fraud,SCR 1969 2 866,,,UNRESOLVED
63_Moons_Technologies_Ltd_Formerly_vs_Union_Of_India_on_30_April_2019_1.PDF,Financial Fraud,SCR 1955 1 876,,,UNRESOLVED
63_Moons_Technologies_Ltd_Formerly_vs_Union_Of_India_on_30_April_2019_1.PDF,Financial Fraud,SCR 1969 3 108,,,UNRESOLVED
63_Moons_Technologies_Ltd_Formerly_vs_Union_Of_India_on_30_April_2019_1.PDF,Financial Fraud,SCR 1981 2 1,,,UNRESOLVED
63_Moons_Technologies_Ltd_Formerly_vs_Union_Of_India_on_30_April_2019_1.PDF,Financial Fraud,SCR 1970 2 10,Bhudan_Singh_And_Anr_vs_Nabi_Bux_And_Anr_on_20_August_1969_1.PDF,,OUTSIDE_DOMAINS
63_Moons_Technologies_Ltd_Formerly_vs_Union_Of_India_on_30_April_2019_1.PDF,Financial Fraud,SCR 1988 1 188,,,UNRESOLVED
63_Moons_Technologies_Ltd_Formerly_vs_Union_Of_India_on_30_April_2019_1.PDF,Financial Fraud,SCR 1988 1 188,,,UNRESOLVED
63_Moons_Technologies_Ltd_Formerly_vs_Union_Of_India_on_30_April_2019_1.PDF,Financial Fraud,SCR 1988 1 188,,,UNRESOLVED
63_Moons_Technologies_Ltd_Formerly_vs_Union_Of_India_on_30_April_2019_1.PDF,Financial Fraud,SCR 1988 1 188,,,UNRESOLVED
63_Moons_Technologies_Ltd_Formerly_vs_Union_Of_India_on_30_April_2019_1.PDF,Financial Fraud,SCR 1960 2 671,,,UNRESOLVED
63_Moons_Technologies_Ltd_Formerly_vs_Union_Of_India_on_30_April_2019_1.PDF,Financial Fraud,SCR 1951 451,Ram_Singh_vs_The_State_Of_Delhi_And_Anotherbalraj_on_6_April_1951_1.PDF,Organized Crime / Extortion,CROSS_DOMAIN
63_Moons_Technologies_Ltd_Formerly_vs_Union_Of_India_on_30_April_2019_1.PDF,Financial Fraud,SCR 1959 12,,,UNRESOLVED
63_Moons_Technologies_Ltd_Formerly_vs_Union_Of_India_on_30_April_2019_1.PDF,Financial Fraud,SCR 1962 3 842,,,UNRESOLVED
63_Moons_Technologies_Ltd_Formerly_vs_Union_Of_India_on_30_April_2019_1.PDF,Financial Fraud,SCR 1954 674,Dwarkadas_Shrinivas_Of_Bombay_vs_The_Sholapur_Spinning_Weaving_on_18_December_1953_1.PDF,,OUTSIDE_DOMAINS
63_Moons_Technologies_Ltd_Formerly_vs_Union_Of_India_on_30_April_2019_1.PDF,Financial Fraud,SCR 1970 2 177,,,UNRESOLVED
63_Moons_Technologies_Ltd_Formerly_vs_Union_Of_India_on_30_April_2019_1.PDF,Financial Fraud,SCR 1975 2 93,,,UNRESOLVED
63_Moons_Technologies_Ltd_Formerly_vs_Union_Of_India_on_30_April_2019_1.PDF,Financial Fraud,SCR 1952 135,Commissioner_Of_Police_Bombay_vs_Gordhandas_Bhanji_on_23_November_1951_1.PDF,,OUTSIDE_DOMAINS
63_Moons_Technologies_Ltd_Formerly_vs_Union_Of_India_on_30_April_2019_1.PDF,Financial Fraud,SCR 1964 4 733,,,UNRESOLVED
63_Moons_Technologies_Ltd_Formerly_vs_Union_Of_India_on_30_April_2019_1.PDF,Financial Fraud,SCR 1952 3 63,,,UNRESOLVED
63_Moons_Technologies_Ltd_Formerly_vs_Union_Of_India_on_30_April_2019_1.PDF,Financial Fraud,SCR 1969 2 392,,,UNRESOLVED
63_Moons_Technologies_Ltd_Formerly_vs_Union_Of_India_on_30_April_2019_1.PDF,Financial Fraud,SCR 1966 2 367,,,UNRESOLVED
63_Moons_Technologies_Ltd_Formerly_vs_Union_Of_India_on_30_April_2019_1.PDF,Financial Fraud,SCR 1986 3 1049,,,UNRESOLVED
Anurag_Soni_vs_The_State_Of_Chhattisgarh_on_9_April_2019_1.PDF,Financial Fraud,SCC 2016 4 140,,,UNRESOLVED
Anurag_Soni_vs_The_State_Of_Chhattisgarh_on_9_April_2019_1.PDF,Financial Fraud,SCC 2013 7 675,,,UNRESOLVED
Anurag_Soni_vs_The_State_Of_Chhattisgarh_on_9_April_2019_1.PDF,Financial Fraud,SCC 2003 4 46,,,UNRESOLVED
Anurag_Soni_vs_The_State_Of_Chhattisgarh_on_9_April_2019_1.PDF,Financial Fraud,SCC 2005 1 88,,,UNRESOLVED
Anurag_Soni_vs_The_State_Of_Chhattisgarh_on_9_April_2019_1.PDF,Financial Fraud,SCC 2013 9 113,,,UNRESOLVED
Anurag_Soni_vs_The_State_Of_Chhattisgarh_on_9_April_2019_1.PDF,Financial Fraud,SCC 2000 7 224,,,UNRESOLVED
Anurag_Soni_vs_The_State_Of_Chhattisgarh_on_9_April_2019_1.PDF,Financial Fraud,SCC 2013 7 675,,,UNRESOLVED
Anurag_Soni_vs_The_State_Of_Chhattisgarh_on_9_April_2019_1.PDF,Financial Fraud,SCC 2006 11 615,,,UNRESOLVED
Anurag_Soni_vs_The_State_Of_Chhattisgarh_on_9_April_2019_1.PDF,Financial Fraud,SCC 2013 16 651,,,UNRESOLVED
Birla_Corporation_Ltd_vs_Adventz_Investments_And_Holdings_Ltd_on_9_May_2019_1.PDF,Financial Fraud,AIR 1963 SC 1430,,,UNRESOLVED
Birla_Corporation_Ltd_vs_Adventz_Investments_And_Holdings_Ltd_on_9_May_2019_1.PDF,Financial Fraud,AIR 1963 SC 1094,,,UNRESOLVED
Birla_Corporation_Ltd_vs_Adventz_Investments_And_Holdings_Ltd_on_9_May_2019_1.PDF,Financial Fraud,AIR 1957 SC 369,,,UNRESOLVED
Birla_Corporation_Ltd_vs_Adventz_Investments_And_Holdings_Ltd_on_9_May_2019_1.PDF,Financial Fraud,SCC 1976 3 736,,,UNRESOLVED
Birla_Corporation_Ltd_vs_Adventz_Investments_And_Holdings_Ltd_on_9_May_2019_1.PDF,Financial Fraud,SCC 2013 2 488,,,UNRESOLVED
Birla_Corporation_Ltd_vs_Adventz_Investments_And_Holdings_Ltd_on_9_May_2019_1.PDF,Financial Fraud,SCC 2015 12 420,,,UNRESOLVED
Birla_Corporation_Ltd_vs_Adventz_Investments_And_Holdings_Ltd_on_9_May_2019_1.PDF,Financial Fraud,SCC 2012 5 424,,,UNRESOLVED
Birla_Corporation_Ltd_vs_Adventz_Investments_And_Holdings_Ltd_on_9_May_2019_1.PDF,Financial Fraud,SCC 2008 2 492,,,UNRESOLVED
Birla_Corporation_Ltd_vs_Adventz_Investments_And_Holdings_Ltd_on_9_May_2019_1.PDF,Financial Fraud,SCC 2014 14 638,,,UNRESOLVED
Birla_Corporation_Ltd_vs_Adventz_Investments_And_Holdings_Ltd_on_9_May_2019_1.PDF,Financial Fraud,SCC 2017 3 528,,,UNRESOLVED
Birla_Corporation_Ltd_vs_Adventz_Investments_And_Holdings_Ltd_on_9_May_2019_1.PDF,Financial Fraud,SCC 2013 2 488,,,UNRESOLVED
Birla_Corporation_Ltd_vs_Adventz_Investments_And_Holdings_Ltd_on_9_May_2019_1.PDF,Financial Fraud,SCC 1998 5 749,,,UNRESOLVED
Birla_Corporation_Ltd_vs_Adventz_Investments_And_Holdings_Ltd_on_9_May_2019_1.PDF,Financial Fraud,SCC 2013 4 505,,,UNRESOLVED
Birla_Corporation_Ltd_vs_Adventz_Investments_And_Holdings_Ltd_on_9_May_2019_1.PDF,Financial Fraud,SCC 2004 4 432,,,UNRESOLVED
Birla_Corporation_Ltd_vs_Adventz_Investments_And_Holdings_Ltd_on_9_May_2019_1.PDF,Financial Fraud,SCC 2015 4 609,,,UNRESOLVED
Birla_Corporation_Ltd_vs_Adventz_Investments_And_Holdings_Ltd_on_9_May_2019_1.PDF,Financial Fraud,SCC 1974 1 345,,,UNRESOLVED
Birla_Corporation_Ltd_vs_Adventz_Investments_And_Holdings_Ltd_on_9_May_2019_1.PDF,Financial Fraud,SCC 1976 3 736,,,UNRESOLVED
Birla_Corporation_Ltd_vs_Adventz_Investments_And_Holdings_Ltd_on_9_May_2019_1.PDF,Financial Fraud,SCC 2006 6 736,,,UNRESOLVED
Birla_Corporation_Ltd_vs_Adventz_Investments_And_Holdings_Ltd_on_9_May_2019_1.PDF,Financial Fraud,SCC 1988 1 692,,,UNRESOLVED
Brig_Sukhjeet_Singh_Retd_Mvc_vs_The_State_Of_Uttar_Pradesh_on_25_January_2019_1.PDF,Financial Fraud,AIR 2010 SC 840,,,UNRESOLVED
Brig_Sukhjeet_Singh_Retd_Mvc_vs_The_State_Of_Uttar_Pradesh_on_25_January_2019_1.PDF,Financial Fraud,AIR 1965 SC 1887,,,UNRESOLVED
Brig_Sukhjeet_Singh_Retd_Mvc_vs_The_State_Of_Uttar_Pradesh_on_25_January_2019_1.PDF,Financial Fraud,SCC 2010 1 322,,,UNRESOLVED
Brig_Sukhjeet_Singh_Retd_Mvc_vs_The_State_Of_Uttar_Pradesh_on_25_January_2019_1.PDF,Financial Fraud,SCC 2001 4 759,,,UNRESOLVED
Dr_Lakshman_vs_The_State_Of_Karnataka_on_17_October_2019_1.PDF,Financial Fraud,SCC 2002 1 241,,,UNRESOLVED
Dr_Lakshman_vs_The_State_Of_Karnataka_on_17_October_2019_1.PDF,Financial Fraud,SCC 2005 10 228,,,UNRESOLVED
General_Manager_Electrical_Rengali_vs_Sri_Giridhari_Sahu_on_12_September_2019_1.PDF,Financial Fraud,AIR 1964 SC 477,Syed_Yakoob_vs_K_S_Radhakrishnan_And_Ors_on_9_October_1963_1.PDF,,OUTSIDE_DOMAINS
General_Manager_Electrical_Rengali_vs_Sri_Giridhari_Sahu_on_12_September_2019_1.PDF,Financial Fraud,AIR 1952 SC 179,,,UNRESOLVED
General_Manager_Electrical_Rengali_vs_Sri_Giridhari_Sahu_on_12_September_2019_1.PDF,Financial Fraud,AIR 1954 SC 440,,,UNRESOLVED
General_Manager_Electrical_Rengali_vs_Sri_Giridhari_Sahu_on_12_September_2019_1.PDF,Financial Fraud,AIR 1955 SC 233,,,UNRESOLVED
General_Manager_Electrical_Rengali_vs_Sri_Giridhari_Sahu_on_12_September_2019_1.PDF,Financial Fraud,AIR 1957 SC 264,,,UNRESOLVED
General_Manager_Electrical_Rengali_vs_Sri_Giridhari_Sahu_on_12_September_2019_1.PDF,Financial Fraud,AIR 1964 SC 477,Syed_Yakoob_vs_K_S_Radhakrishnan_And_Ors_on_9_October_1963_1.PDF,,OUTSIDE_DOMAINS
General_Manager_Electrical_Rengali_vs_Sri_Giridhari_Sahu_on_12_September_2019_1.PDF,Financial Fraud,AIR 1955 SC 233,,,UNRESOLVED
General_Manager_Electrical_Rengali_vs_Sri_Giridhari_Sahu_on_12_September_2019_1.PDF,Financial Fraud,AIR 1958 SC 398,,,UNRESOLVED
General_Manager_Electrical_Rengali_vs_Sri_Giridhari_Sahu_on_12_September_2019_1.PDF,Financial Fraud,AIR 1960 SC 1168,Kaushalya_Devi_And_Ors_vs_Bachittar_Singh_And_Ors_on_8_April_1959_1.PDF,,OUTSIDE_DOMAINS
General_Manager_Electrical_Rengali_vs_Sri_Giridhari_Sahu_on_12_September_2019_1.PDF,Financial Fraud,AIR 1970 SC 1334,,,UNRESOLVED
General_Manager_Electrical_Rengali_vs_Sri_Giridhari_Sahu_on_12_September_2019_1.PDF,Financial Fraud,AIR 1970 SC 1334,,,UNRESOLVED
General_Manager_Electrical_Rengali_vs_Sri_Giridhari_Sahu_on_12_September_2019_1.PDF,Financial Fraud,AIR 1973 SC 878,,,UNRESOLVED
General_Manager_Electrical_Rengali_vs_Sri_Giridhari_Sahu_on_12_September_2019_1.PDF,Financial Fraud,AIR 1976 SC 98,,,UNRESOLVED
General_Manager_Electrical_Rengali_vs_Sri_Giridhari_Sahu_on_12_September_2019_1.PDF,Financial Fraud,SCC 2003 5 163,,,UNRESOLVED
General_Manager_Electrical_Rengali_vs_Sri_Giridhari_Sahu_on_12_September_2019_1.PDF,Financial Fraud,SCC 2004 2 193,,,UNRESOLVED
General_Manager_Electrical_Rengali_vs_Sri_Giridhari_Sahu_on_12_September_2019_1.PDF,Financial Fraud,SCC 2006 9 177,,,UNRESOLVED
General_Manager_Electrical_Rengali_vs_Sri_Giridhari_Sahu_on_12_September_2019_1.PDF,Financial Fraud,SCC 2004 9 36,,,UNRESOLVED
General_Manager_Electrical_Rengali_vs_Sri_Giridhari_Sahu_on_12_September_2019_1.PDF,Financial Fraud,SCC 2003 2 721,,,UNRESOLVED
General_Manager_Electrical_Rengali_vs_Sri_Giridhari_Sahu_on_12_September_2019_1.PDF,Financial Fraud,SCC 2016 9 375,,,UNRESOLVED
General_Manager_Electrical_Rengali_vs_Sri_Giridhari_Sahu_on_12_September_2019_1.PDF,Financial Fraud,SCC 2006 3 708,,,UNRESOLVED
General_Manager_Electrical_Rengali_vs_Sri_Giridhari_Sahu_on_12_September_2019_1.PDF,Financial Fraud,SCC 2015 4 482,,,UNRESOLVED
General_Manager_Electrical_Rengali_vs_Sri_Giridhari_Sahu_on_12_September_2019_1.PDF,Financial Fraud,SCC 2003 1 250,,,UNRESOLVED
General_Manager_Electrical_Rengali_vs_Sri_Giridhari_Sahu_on_12_September_2019_1.PDF,Financial Fraud,SCC 2005 3 193,,,UNRESOLVED
General_Manager_Electrical_Rengali_vs_Sri_Giridhari_Sahu_on_12_September_2019_1.PDF,Financial Fraud,SCC 2004 10 460,,,UNRESOLVED
General_Manager_Electrical_Rengali_vs_Sri_Giridhari_Sahu_on_12_September_2019_1.PDF,Financial Fraud,SCC 1978 1 156,,,UNRESOLVED
General_Manager_Electrical_Rengali_vs_Sri_Giridhari_Sahu_on_12_September_2019_1.PDF,Financial Fraud,SCC 2003 2 721,,,UNRESOLVED
General_Manager_Electrical_Rengali_vs_Sri_Giridhari_Sahu_on_12_September_2019_1.PDF,Financial Fraud,SCC 2003 1 250,,,UNRESOLVED
General_Manager_Electrical_Rengali_vs_Sri_Giridhari_Sahu_on_12_September_2019_1.PDF,Financial Fraud,SCC 1996 11 77,,,UNRESOLVED
General_Manager_Electrical_Rengali_vs_Sri_Giridhari_Sahu_on_12_September_2019_1.PDF,Financial Fraud,SCR 1955 250,T_C_Basappa_vs_T_Nagappa_And_Another_on_5_May_1954_1.PDF,,OUTSIDE_DOMAINS
General_Manager_Electrical_Rengali_vs_Sri_Giridhari_Sahu_on_12_September_2019_1.PDF,Financial Fraud,SCR 1957 152,Dharangadhara_Chemical_Works_Ltd_vs_State_Of_Saurashtra_on_23_November_1956_1.PDF,,OUTSIDE_DOMAINS
General_Manager_Electrical_Rengali_vs_Sri_Giridhari_Sahu_on_12_September_2019_1.PDF,Financial Fraud,SCR 1969 2 976,,,UNRESOLVED
Hari_Steel_And_General_Industries_Ltd_vs_Daljit_Singh_on_24_April_2019_1.PDF,Financial Fraud,AIR 1967 SC 341,,,UNRESOLVED
Hari_Steel_And_General_Industries_Ltd_vs_Daljit_Singh_on_24_April_2019_1.PDF,Financial Fraud,AIR 2005 DELHI 319,,,UNRESOLVED
Hari_Steel_And_General_Industries_Ltd_vs_Daljit_Singh_on_24_April_2019_1.PDF,Financial Fraud,AIR 1994 SC 542,,,UNRESOLVED
Hari_Steel_And_General_Industries_Ltd_vs_Daljit_Singh_on_24_April_2019_1.PDF,Financial Fraud,SCC 2015 9 287,,,UNRESOLVED
Hari_Steel_And_General_Industries_Ltd_vs_Daljit_Singh_on_24_April_2019_1.PDF,Financial Fraud,SCC 2011 15 273,,,UNRESOLVED
Hari_Steel_And_General_Industries_Ltd_vs_Daljit_Singh_on_24_April_2019_1.PDF,Financial Fraud,SCC 1999 8 396,,,UNRESOLVED
Hari_Steel_And_General_Industries_Ltd_vs_Daljit_Singh_on_24_April_2019_1.PDF,Financial Fraud,SCC 2011 12 18,,,UNRESOLVED
Hari_Steel_And_General_Industries_Ltd_vs_Daljit_Singh_on_24_April_2019_1.PDF,Financial Fraud,SCC 2006 6 498,,,UNRESOLVED
Hari_Steel_And_General_Industries_Ltd_vs_Daljit_Singh_on_24_April_2019_1.PDF,Financial Fraud,SCC 2007 5 602,,,UNRESOLVED
Hari_Steel_And_General_Industries_Ltd_vs_Daljit_Singh_on_24_April_2019_1.PDF,Financial Fraud,SCC 2000 7 120,,,UNRESOLVED
Hari_Steel_And_General_Industries_Ltd_vs_Daljit_Singh_on_24_April_2019_1.PDF,Financial Fraud,SCC 2010 4 753,,,UNRESOLVED
Hari_Steel_And_General_Industries_Ltd_vs_Daljit_Singh_on_24_April_2019_1.PDF,Financial Fraud,SCC 2011 11 571,,,UNRESOLVED
Hari_Steel_And_General_Industries_Ltd_vs_Daljit_Singh_on_24_April_2019_1.PDF,Financial Fraud,SCC 2007 14 63,,,UNRESOLVED
Hari_Steel_And_General_Industries_Ltd_vs_Daljit_Singh_on_24_April_2019_1.PDF,Financial Fraud,SCC 2005 7 534,,,UNRESOLVED
Hari_Steel_And_General_Industries_Ltd_vs_Daljit_Singh_on_24_April_2019_1.PDF,Financial Fraud,SCC 2000 7 120,,,UNRESOLVED
Hari_Steel_And_General_Industries_Ltd_vs_Daljit_Singh_on_24_April_2019_1.PDF,Financial Fraud,SCC 2010 4 753,,,UNRESOLVED
Hari_Steel_And_General_Industries_Ltd_vs_Daljit_Singh_on_24_April_2019_1.PDF,Financial Fraud,SCC 2010 6 601,,,UNRESOLVED
Mani_Pushpak_Joshi_vs_The_State_Of_Uttarakhand_on_17_October_2019_1.PDF,Financial Fraud,AIR 2019 SC 734,,,UNRESOLVED
Mani_Pushpak_Joshi_vs_The_State_Of_Uttarakhand_on_17_October_2019_1.PDF,Financial Fraud,SCC 2014 3 92,,,UNRESOLVED
M_S_New_India_Assurance_Co_Ltd_vs_M_S_Luxra_Enterprises_Pvt_Ltd_on_1_May_2019_1.PDF,Financial Fraud,SCC 2009 8 507,,,UNRESOLVED
Nevada_Properties_Pvt_Ltd_Through_Its_vs_The_State_Of_Maharashtra_on_24_September_2019_1.PDF,Financial Fraud,AIR 1962 SC 1821,,,UNRESOLVED
Nevada_Properties_Pvt_Ltd_Through_Its_vs_The_State_Of_Maharashtra_on_24_September_2019_1.PDF,Financial Fraud,AIR 1960 AII 405,,,UNRESOLVED
Nevada_Properties_Pvt_Ltd_Through_Its_vs_The_State_Of_Maharashtra_on_24_September_2019_1.PDF,Financial Fraud,SCC 1999 7 685,,,UNRESOLVED
Nevada_Properties_Pvt_Ltd_Through_Its_vs_The_State_Of_Maharashtra_on_24_September_2019_1.PDF,Financial Fraud,SCC 2018 6 21,,,UNRESOLVED
Nevada_Properties_Pvt_Ltd_Through_Its_vs_The_State_Of_Maharashtra_on_24_September_2019_1.PDF,Financial Fraud,SCC 2007 11 92,,,UNRESOLVED
Nevada_Properties_Pvt_Ltd_Through_Its_vs_The_State_Of_Maharashtra_on_24_September_2019_1.PDF,Financial Fraud,SCC 1992 4 363,,,UNRESOLVED
Nevada_Properties_Pvt_Ltd_Through_Its_vs_The_State_Of_Maharashtra_on_24_September_2019_1.PDF,Financial Fraud,SCC 1979 4 1,,,UNRESOLVED
Nevada_Properties_Pvt_Ltd_Through_Its_vs_The_State_Of_Maharashtra_on_24_September_2019_1.PDF,Financial Fraud,SCC 2018 2 372,,,UNRESOLVED
Nevada_Properties_Pvt_Ltd_Through_Its_vs_The_State_Of_Maharashtra_on_24_September_2019_1.PDF,Financial Fraud,SCC 2014 10 663,,,UNRESOLVED
Nevada_Properties_Pvt_Ltd_Through_Its_vs_The_State_Of_Maharashtra_on_24_September_2019_1.PDF,Financial Fraud,SCC 1999 7 685,,,UNRESOLVED
N_Ramamurthy_vs_State_By_Central_Bureau_Of_on_26_April_2019_1.PDF,Financial Fraud,SCC 2007 2 574,,,UNRESOLVED
N_Ramamurthy_vs_State_By_Central_Bureau_Of_on_26_April_2019_1.PDF,Financial Fraud,SCC 2007 2 574,,,UNRESOLVED
N_Ramamurthy_vs_State_By_Central_Bureau_Of_on_26_April_2019_1.PDF,Financial Fraud,SCC 2001 6 584,,,UNRESOLVED
Prof_R_K_Vijayasarathy_vs_Sudha_Seetharam_on_15_February_2019_1.PDF,Financial Fraud,SCC 2006 6 736,,,UNRESOLVED
Prof_R_K_Vijayasarathy_vs_Sudha_Seetharam_on_15_February_2019_1.PDF,Financial Fraud,SCC 2014 10 663,,,UNRESOLVED
Prof_R_K_Vijayasarathy_vs_Sudha_Seetharam_on_15_February_2019_1.PDF,Financial Fraud,SCC 1999 3 259,,,UNRESOLVED
Prof_R_K_Vijayasarathy_vs_Sudha_Seetharam_on_15_February_2019_1.PDF,Financial Fraud,SCC 1977 2 699,,,UNRESOLVED
P_Chidambaram_vs_Directorate_Of_Enforcement_on_5_September_2019_1.PDF,Financial Fraud,AIR 1953 SC 394,,,UNRESOLVED
P_Chidambaram_vs_Directorate_Of_Enforcement_on_5_September_2019_1.PDF,Financial Fraud,AIR 1945 PC 18,,,UNRESOLVED
P_Chidambaram_vs_Directorate_Of_Enforcement_on_5_September_2019_1.PDF,Financial Fraud,AIR 1968 SC 117,,,UNRESOLVED
P_Chidambaram_vs_Directorate_Of_Enforcement_on_5_September_2019_1.PDF,Financial Fraud,AIR 1944 PC 18,,,UNRESOLVED
P_Chidambaram_vs_Directorate_Of_Enforcement_on_5_September_2019_1.PDF,Financial Fraud,SCC 1980 2 565,,,UNRESOLVED
P_Chidambaram_vs_Directorate_Of_Enforcement_on_5_September_2019_1.PDF,Financial Fraud,SCC 1976 2 521,Additional_District_Magistrate_vs_Shivakant_Shukla_on_28_April_1976_1.PDF,Organized Crime / Extortion,CROSS_DOMAIN
P_Chidambaram_vs_Directorate_Of_Enforcement_on_5_September_2019_1.PDF,Financial Fraud,SCC 2017 9 714,,,UNRESOLVED
P_Chidambaram_vs_Directorate_Of_Enforcement_on_5_September_2019_1.PDF,Financial Fraud,SCC 2018 10 753,,,UNRESOLVED
P_Chidambaram_vs_Directorate_Of_Enforcement_on_5_September_2019_1.PDF,Financial Fraud,SCC 2012 4 379,,,UNRESOLVED
P_Chidambaram_vs_Directorate_Of_Enforcement_on_5_September_2019_1.PDF,Financial Fraud,SCC 1997 6 647,,,UNRESOLVED
P_Chidambaram_vs_Directorate_Of_Enforcement_on_5_September_2019_1.PDF,Financial Fraud,SCC 2018 11 1,,,UNRESOLVED
P_Chidambaram_vs_Directorate_Of_Enforcement_on_5_September_2019_1.PDF,Financial Fraud,SCC 2017 7 668,,,UNRESOLVED
P_Chidambaram_vs_Directorate_Of_Enforcement_on_5_September_2019_1.PDF,Financial Fraud,SCC 2005 12 545,,,UNRESOLVED
P_Chidambaram_vs_Directorate_Of_Enforcement_on_5_September_2019_1.PDF,Financial Fraud,SCC 2008 1 632,,,UNRESOLVED
P_Chidambaram_vs_Directorate_Of_Enforcement_on_5_September_2019_1.PDF,Financial Fraud,SCC 1991 4 341,Malkiat_Singh_And_Ors_vs_State_Of_Punjab_on_10_April_1991_1.PDF,Violent Crime / Homicide,CROSS_DOMAIN
P_Chidambaram_vs_Directorate_Of_Enforcement_on_5_September_2019_1.PDF,Financial Fraud,SCC 1997 6 647,,,UNRESOLVED
P_Chidambaram_vs_Directorate_Of_Enforcement_on_5_September_2019_1.PDF,Financial Fraud,SCC 1998 1 474,,,UNRESOLVED
P_Chidambaram_vs_Directorate_Of_Enforcement_on_5_September_2019_1.PDF,Financial Fraud,SCC 2018 10 753,,,UNRESOLVED
P_Chidambaram_vs_Directorate_Of_Enforcement_on_5_September_2019_1.PDF,Financial Fraud,SCC 1980 1 554,,,UNRESOLVED
P_Chidambaram_vs_Directorate_Of_Enforcement_on_5_September_2019_1.PDF,Financial Fraud,SCC 1998 1 52,,,UNRESOLVED
P_Chidambaram_vs_Directorate_Of_Enforcement_on_5_September_2019_1.PDF,Financial Fraud,SCC 2003 2 649,,,UNRESOLVED
P_Chidambaram_vs_Directorate_Of_Enforcement_on_5_September_2019_1.PDF,Financial Fraud,SCC 2014 8 682,,,UNRESOLVED
P_Chidambaram_vs_Directorate_Of_Enforcement_on_5_September_2019_1.PDF,Financial Fraud,SCC 2008 3 542,,,UNRESOLVED
P_Chidambaram_vs_Directorate_Of_Enforcement_on_5_September_2019_1.PDF,Financial Fraud,SCC 1998 1 52,,,UNRESOLVED
P_Chidambaram_vs_Directorate_Of_Enforcement_on_5_September_2019_1.PDF,Financial Fraud,SCC 1995 3 221,State_Of_M_P_Anr_vs_Ram_Krishna_Balothia_Anr_on_6_February_1995_1.PDF,,OUTSIDE_DOMAINS
P_Chidambaram_vs_Directorate_Of_Enforcement_on_5_September_2019_1.PDF,Financial Fraud,SCC 1997 7 187,,,UNRESOLVED
P_Chidambaram_vs_Directorate_Of_Enforcement_on_5_September_2019_1.PDF,Financial Fraud,SCC 2016 1 146,,,UNRESOLVED
P_Chidambaram_vs_Directorate_Of_Enforcement_on_5_September_2019_1.PDF,Financial Fraud,SCC 2011 12 684,,,UNRESOLVED
P_Chidambaram_vs_Directorate_Of_Enforcement_on_5_September_2019_1.PDF,Financial Fraud,SCC 1997 7 187,,,UNRESOLVED
P_Chidambaram_vs_Directorate_Of_Enforcement_on_5_September_2019_1.PDF,Financial Fraud,SCC 2005 4 303,,,UNRESOLVED
P_Chidambaram_vs_Directorate_Of_Enforcement_on_5_September_2019_1.PDF,Financial Fraud,SCC 2011 1 694,,,UNRESOLVED
P_Chidambaram_vs_Directorate_Of_Enforcement_on_5_September_2019_1.PDF,Financial Fraud,SCC 2012 4 379,,,UNRESOLVED
P_Chidambaram_vs_Directorate_Of_Enforcement_on_5_September_2019_1.PDF,Financial Fraud,SCC 2007 4 434,,,UNRESOLVED
P_Chidambaram_vs_Directorate_Of_Enforcement_on_5_September_2019_1.PDF,Financial Fraud,SCC 2008 1 213,,,UNRESOLVED
P_Chidambaram_vs_Directorate_Of_Enforcement_on_5_September_2019_1.PDF,Financial Fraud,SCC 2008 13 305,,,UNRESOLVED
P_Chidambaram_vs_Directorate_Of_Enforcement_on_5_September_2019_1.PDF,Financial Fraud,SCC 1998 2 105,,,UNRESOLVED
P_Chidambaram_vs_Directorate_Of_Enforcement_on_5_September_2019_1.PDF,Financial Fraud,SCC 1987 2 364,,,UNRESOLVED
P_Chidambaram_vs_Directorate_Of_Enforcement_on_5_September_2019_1.PDF,Financial Fraud,SCC 2013 7 439,,,UNRESOLVED
P_Chidambaram_vs_Directorate_Of_Enforcement_on_5_September_2019_1.PDF,Financial Fraud,SCC 1998 1 52,,,UNRESOLVED
P_Chidambaram_vs_Directorate_Of_Enforcement_on_5_September_2019_1.PDF,Financial Fraud,SCC 1999 5 720,,,UNRESOLVED
Rajesh_vs_The_State_Of_Haryana_on_1_May_2019_1.PDF,Financial Fraud,AIR 2001 SC 2521,,,UNRESOLVED
Rajesh_vs_The_State_Of_Haryana_on_1_May_2019_1.PDF,Financial Fraud,AIR 1998 SC 3148,,,UNRESOLVED
Rajesh_vs_The_State_Of_Haryana_on_1_May_2019_1.PDF,Financial Fraud,AIR 2007 SC 1899,,,UNRESOLVED
Rajesh_vs_The_State_Of_Haryana_on_1_May_2019_1.PDF,Financial Fraud,AIR 2007 SC 1899,,,UNRESOLVED
Rajesh_vs_The_State_Of_Haryana_on_1_May_2019_1.PDF,Financial Fraud,AIR 2007 SC 1899,,,UNRESOLVED
Rajesh_vs_The_State_Of_Haryana_on_1_May_2019_1.PDF,Financial Fraud,SCC 2014 3 92,,,UNRESOLVED
Rajesh_vs_The_State_Of_Haryana_on_1_May_2019_1.PDF,Financial Fraud,SCC 2017 7 706,,,UNRESOLVED
Rajesh_vs_The_State_Of_Haryana_on_1_May_2019_1.PDF,Financial Fraud,SCC 1985 2 537,,,UNRESOLVED
Rajesh_vs_The_State_Of_Haryana_on_1_May_2019_1.PDF,Financial Fraud,SCC 2001 6 248,,,UNRESOLVED
Rajesh_vs_The_State_Of_Haryana_on_1_May_2019_1.PDF,Financial Fraud,SCC 1998 7 149,,,UNRESOLVED
Rajesh_vs_The_State_Of_Haryana_on_1_May_2019_1.PDF,Financial Fraud,SCC 2007 14 544,,,UNRESOLVED
Rajesh_vs_The_State_Of_Haryana_on_1_May_2019_1.PDF,Financial Fraud,SCC 2009 13 608,,,UNRESOLVED
Rajesh_vs_The_State_Of_Haryana_on_1_May_2019_1.PDF,Financial Fraud,SCC 2009 16 785,,,UNRESOLVED
Rajesh_vs_The_State_Of_Haryana_on_1_May_2019_1.PDF,Financial Fraud,SCC 2007 14 544,,,UNRESOLVED
Rajesh_vs_The_State_Of_Haryana_on_1_May_2019_1.PDF,Financial Fraud,SCC 2007 14 544,,,UNRESOLVED
Rajesh_vs_The_State_Of_Haryana_on_1_May_2019_1.PDF,Financial Fraud,SCC 2009 13 608,,,UNRESOLVED
Rajesh_vs_The_State_Of_Haryana_on_1_May_2019_1.PDF,Financial Fraud,SCC 2017 16 226,,,UNRESOLVED
Rojer_Mathew_vs_South_Indian_Bank_Ltd_And_Ors_Chief_on_13_November_2019_1.PDF,Financial Fraud,AIR 1963 SC 677,,,UNRESOLVED
Rojer_Mathew_vs_South_Indian_Bank_Ltd_And_Ors_Chief_on_13_November_2019_1.PDF,Financial Fraud,AIR 1965 SC 1595,,,UNRESOLVED
Rojer_Mathew_vs_South_Indian_Bank_Ltd_And_Ors_Chief_on_13_November_2019_1.PDF,Financial Fraud,AIR 1963 SC 677,,,UNRESOLVED
Rojer_Mathew_vs_South_Indian_Bank_Ltd_And_Ors_Chief_on_13_November_2019_1.PDF,Financial Fraud,AIR 1967 SC 1895,,,UNRESOLVED
Rojer_Mathew_vs_South_Indian_Bank_Ltd_And_Ors_Chief_on_13_November_2019_1.PDF,Financial Fraud,AIR 1968 SC 1232,,,UNRESOLVED
Rojer_Mathew_vs_South_Indian_Bank_Ltd_And_Ors_Chief_on_13_November_2019_1.PDF,Financial Fraud,AIR 1965 SC 745,In_The_Matter_Of__Under_Article_143_Of_The_vs_Unknown_on_30_September_1964_1.PDF,,OUTSIDE_DOMAINS
Rojer_Mathew_vs_South_Indian_Bank_Ltd_And_Ors_Chief_on_13_November_2019_1.PDF,Financial Fraud,AIR 1965 SC 745,In_The_Matter_Of__Under_Article_143_Of_The_vs_Unknown_on_30_September_1964_1.PDF,,OUTSIDE_DOMAINS
Rojer_Mathew_vs_South_Indian_Bank_Ltd_And_Ors_Chief_on_13_November_2019_1.PDF,Financial Fraud,AIR 1963 SC 589,,,UNRESOLVED
Rojer_Mathew_vs_South_Indian_Bank_Ltd_And_Ors_Chief_on_13_November_2019_1.PDF,Financial Fraud,AIR 1965 SC 745,In_The_Matter_Of__Under_Article_143_Of_The_vs_Unknown_on_30_September_1964_1.PDF,,OUTSIDE_DOMAINS
Rojer_Mathew_vs_South_Indian_Bank_Ltd_And_Ors_Chief_on_13_November_2019_1.PDF,Financial Fraud,AIR 1960 SC 1186,,,UNRESOLVED
Rojer_Mathew_vs_South_Indian_Bank_Ltd_And_Ors_Chief_on_13_November_2019_1.PDF,Financial Fraud,AIR 1994 SC 1998,,,UNRESOLVED
Rojer_Mathew_vs_South_Indian_Bank_Ltd_And_Ors_Chief_on_13_November_2019_1.PDF,Financial Fraud,AIR 1974 SC 1660,,,UNRESOLVED
Rojer_Mathew_vs_South_Indian_Bank_Ltd_And_Ors_Chief_on_13_November_2019_1.PDF,Financial Fraud,AIR 1954 SC 465,,,UNRESOLVED
Rojer_Mathew_vs_South_Indian_Bank_Ltd_And_Ors_Chief_on_13_November_2019_1.PDF,Financial Fraud,SCC 2010 11 1,,,UNRESOLVED
Rojer_Mathew_vs_South_Indian_Bank_Ltd_And_Ors_Chief_on_13_November_2019_1.PDF,Financial Fraud,SCC 1997 3 261,,,UNRESOLVED
Rojer_Mathew_vs_South_Indian_Bank_Ltd_And_Ors_Chief_on_13_November_2019_1.PDF,Financial Fraud,SCC 2010 11 1,,,UNRESOLVED
Rojer_Mathew_vs_South_Indian_Bank_Ltd_And_Ors_Chief_on_13_November_2019_1.PDF,Financial Fraud,SCC 1997 3 261,,,UNRESOLVED
Rojer_Mathew_vs_South_Indian_Bank_Ltd_And_Ors_Chief_on_13_November_2019_1.PDF,Financial Fraud,SCC 1993 4 119,,,UNRESOLVED
Rojer_Mathew_vs_South_Indian_Bank_Ltd_And_Ors_Chief_on_13_November_2019_1.PDF,Financial Fraud,SCC 1997 3 261,,,UNRESOLVED
Rojer_Mathew_vs_South_Indian_Bank_Ltd_And_Ors_Chief_on_13_November_2019_1.PDF,Financial Fraud,SCC 2010 11 1,,,UNRESOLVED
Rojer_Mathew_vs_South_Indian_Bank_Ltd_And_Ors_Chief_on_13_November_2019_1.PDF,Financial Fraud,SCC 2014 10 1,,,UNRESOLVED
Rojer_Mathew_vs_South_Indian_Bank_Ltd_And_Ors_Chief_on_13_November_2019_1.PDF,Financial Fraud,SCC 2015 8 583,,,UNRESOLVED
Rojer_Mathew_vs_South_Indian_Bank_Ltd_And_Ors_Chief_on_13_November_2019_1.PDF,Financial Fraud,SCC 2016 9 103,,,UNRESOLVED
Rojer_Mathew_vs_South_Indian_Bank_Ltd_And_Ors_Chief_on_13_November_2019_1.PDF,Financial Fraud,SCC 2007 3 184,,,UNRESOLVED
Rojer_Mathew_vs_South_Indian_Bank_Ltd_And_Ors_Chief_on_13_November_2019_1.PDF,Financial Fraud,SCC 1971 1 396,,,UNRESOLVED
Rojer_Mathew_vs_South_Indian_Bank_Ltd_And_Ors_Chief_on_13_November_2019_1.PDF,Financial Fraud,SCC 2014 11 415,,,UNRESOLVED
Rojer_Mathew_vs_South_Indian_Bank_Ltd_And_Ors_Chief_on_13_November_2019_1.PDF,Financial Fraud,SCC 2016 3 183,,,UNRESOLVED
Rojer_Mathew_vs_South_Indian_Bank_Ltd_And_Ors_Chief_on_13_November_2019_1.PDF,Financial Fraud,SCC 2019 1 1,,,UNRESOLVED
Rojer_Mathew_vs_South_Indian_Bank_Ltd_And_Ors_Chief_on_13_November_2019_1.PDF,Financial Fraud,SCC 2015 4 770,,,UNRESOLVED
Rojer_Mathew_vs_South_Indian_Bank_Ltd_And_Ors_Chief_on_13_November_2019_1.PDF,Financial Fraud,SCC 1975 1 492,,,UNRESOLVED
Rojer_Mathew_vs_South_Indian_Bank_Ltd_And_Ors_Chief_on_13_November_2019_1.PDF,Financial Fraud,SCC 1979 1 137,,,UNRESOLVED
Rojer_Mathew_vs_South_Indian_Bank_Ltd_And_Ors_Chief_on_13_November_2019_1.PDF,Financial Fraud,SCC 1980 1 340,,,UNRESOLVED
Rojer_Mathew_vs_South_Indian_Bank_Ltd_And_Ors_Chief_on_13_November_2019_1.PDF,Financial Fraud,SCC 2015 4 770,,,UNRESOLVED
Rojer_Mathew_vs_South_Indian_Bank_Ltd_And_Ors_Chief_on_13_November_2019_1.PDF,Financial Fraud,SCC 1974 4 98,,,UNRESOLVED
Rojer_Mathew_vs_South_Indian_Bank_Ltd_And_Ors_Chief_on_13_November_2019_1.PDF,Financial Fraud,SCC 2016 5 1,,,UNRESOLVED
Rojer_Mathew_vs_South_Indian_Bank_Ltd_And_Ors_Chief_on_13_November_2019_1.PDF,Financial Fraud,SCC 1973 4 225,Kesavananda_Bharati_Sripadagalvaru_vs_State_Of_Kerala_And_Anr_on_24_April_1973_1.PDF,,OUTSIDE_DOMAINS
Rojer_Mathew_vs_South_Indian_Bank_Ltd_And_Ors_Chief_on_13_November_2019_1.PDF,Financial Fraud,SCC 2010 11 1,,,UNRESOLVED
Rojer_Mathew_vs_South_Indian_Bank_Ltd_And_Ors_Chief_on_13_November_2019_1.PDF,Financial Fraud,SCC 2014 10 1,,,UNRESOLVED
Rojer_Mathew_vs_South_Indian_Bank_Ltd_And_Ors_Chief_on_13_November_2019_1.PDF,Financial Fraud,SCC 1987 1 124,,,UNRESOLVED
Rojer_Mathew_vs_South_Indian_Bank_Ltd_And_Ors_Chief_on_13_November_2019_1.PDF,Financial Fraud,SCC 2016 5 1,,,UNRESOLVED
Rojer_Mathew_vs_South_Indian_Bank_Ltd_And_Ors_Chief_on_13_November_2019_1.PDF,Financial Fraud,SCC 2010 11 1,,,UNRESOLVED
Rojer_Mathew_vs_South_Indian_Bank_Ltd_And_Ors_Chief_on_13_November_2019_1.PDF,Financial Fraud,SCC 2005 6 344,,,UNRESOLVED
Rojer_Mathew_vs_South_Indian_Bank_Ltd_And_Ors_Chief_on_13_November_2019_1.PDF,Financial Fraud,SCC 1995 4 611,T_N_Seshan_Chief_Election_vs_Union_Of_India_Ors_on_14_July_1995_1.PDF,,OUTSIDE_DOMAINS
Rojer_Mathew_vs_South_Indian_Bank_Ltd_And_Ors_Chief_on_13_November_2019_1.PDF,Financial Fraud,SCC 1986 4 767,,,UNRESOLVED
Rojer_Mathew_vs_South_Indian_Bank_Ltd_And_Ors_Chief_on_13_November_2019_1.PDF,Financial Fraud,SCC 2015 6 773,,,UNRESOLVED
Rojer_Mathew_vs_South_Indian_Bank_Ltd_And_Ors_Chief_on_13_November_2019_1.PDF,Financial Fraud,SCC 1993 4 119,,,UNRESOLVED
Rojer_Mathew_vs_South_Indian_Bank_Ltd_And_Ors_Chief_on_13_November_2019_1.PDF,Financial Fraud,SCC 1997 5 536,,,UNRESOLVED
Rojer_Mathew_vs_South_Indian_Bank_Ltd_And_Ors_Chief_on_13_November_2019_1.PDF,Financial Fraud,SCC 1987 1 124,,,UNRESOLVED
Rojer_Mathew_vs_South_Indian_Bank_Ltd_And_Ors_Chief_on_13_November_2019_1.PDF,Financial Fraud,SCC 1997 3 261,,,UNRESOLVED
Rojer_Mathew_vs_South_Indian_Bank_Ltd_And_Ors_Chief_on_13_November_2019_1.PDF,Financial Fraud,SCC 2010 11 1,,,UNRESOLVED
Rojer_Mathew_vs_South_Indian_Bank_Ltd_And_Ors_Chief_on_13_November_2019_1.PDF,Financial Fraud,SCC 2014 10 1,,,UNRESOLVED
Rojer_Mathew_vs_South_Indian_Bank_Ltd_And_Ors_Chief_on_13_November_2019_1.PDF,Financial Fraud,SCC 2015 8 583,,,UNRESOLVED
Rojer_Mathew_vs_South_Indian_Bank_Ltd_And_Ors_Chief_on_13_November_2019_1.PDF,Financial Fraud,SCC 1971 1 396,,,UNRESOLVED
Rojer_Mathew_vs_South_Indian_Bank_Ltd_And_Ors_Chief_on_13_November_2019_1.PDF,Financial Fraud,SCC 1985 3 398,,,UNRESOLVED
Rojer_Mathew_vs_South_Indian_Bank_Ltd_And_Ors_Chief_on_13_November_2019_1.PDF,Financial Fraud,SCC 2010 4 1,,,UNRESOLVED
Rojer_Mathew_vs_South_Indian_Bank_Ltd_And_Ors_Chief_on_13_November_2019_1.PDF,Financial Fraud,SCC 2007 3 184,,,UNRESOLVED
Rojer_Mathew_vs_South_Indian_Bank_Ltd_And_Ors_Chief_on_13_November_2019_1.PDF,Financial Fraud,SCC 2014 11 415,,,UNRESOLVED
Rojer_Mathew_vs_South_Indian_Bank_Ltd_And_Ors_Chief_on_13_November_2019_1.PDF,Financial Fraud,SCC 2019 183,,,UNRESOLVED
Rojer_Mathew_vs_South_Indian_Bank_Ltd_And_Ors_Chief_on_13_November_2019_1.PDF,Financial Fraud,SCC 2014 11 415,,,UNRESOLVED
Rojer_Mathew_vs_South_Indian_Bank_Ltd_And_Ors_Chief_on_13_November_2019_1.PDF,Financial Fraud,SCC 2019 1 1,,,UNRESOLVED
Rojer_Mathew_vs_South_Indian_Bank_Ltd_And_Ors_Chief_on_13_November_2019_1.PDF,Financial Fraud,SCC 2006 7 1,,,UNRESOLVED
Rojer_Mathew_vs_South_Indian_Bank_Ltd_And_Ors_Chief_on_13_November_2019_1.PDF,Financial Fraud,SCC 1991 4 699,,,UNRESOLVED
Rojer_Mathew_vs_South_Indian_Bank_Ltd_And_Ors_Chief_on_13_November_2019_1.PDF,Financial Fraud,SCC 1994 3 1,,,UNRESOLVED
Rojer_Mathew_vs_South_Indian_Bank_Ltd_And_Ors_Chief_on_13_November_2019_1.PDF,Financial Fraud,SCC 2006 7 1,,,UNRESOLVED
Rojer_Mathew_vs_South_Indian_Bank_Ltd_And_Ors_Chief_on_13_November_2019_1.PDF,Financial Fraud,SCC 2007 3 184,,,UNRESOLVED
Rojer_Mathew_vs_South_Indian_Bank_Ltd_And_Ors_Chief_on_13_November_2019_1.PDF,Financial Fraud,SCC 2014 11 415,,,UNRESOLVED
Rojer_Mathew_vs_South_Indian_Bank_Ltd_And_Ors_Chief_on_13_November_2019_1.PDF,Financial Fraud,SCC 2016 3 183,,,UNRESOLVED
Rojer_Mathew_vs_South_Indian_Bank_Ltd_And_Ors_Chief_on_13_November_2019_1.PDF,Financial Fraud,SCC 1994 3 1,,,UNRESOLVED
Rojer_Mathew_vs_South_Indian_Bank_Ltd_And_Ors_Chief_on_13_November_2019_1.PDF,Financial Fraud,SCC 1981 4 675,R_K_Garg_And_Ors_vs_Union_Of_India_Uoi_And_Ors_on_13_November_1981_1.PDF,Organized Crime / Extortion,CROSS_DOMAIN
Rojer_Mathew_vs_South_Indian_Bank_Ltd_And_Ors_Chief_on_13_November_2019_1.PDF,Financial Fraud,SCC 2014 8 682,,,UNRESOLVED
Rojer_Mathew_vs_South_Indian_Bank_Ltd_And_Ors_Chief_on_13_November_2019_1.PDF,Financial Fraud,SCC 2010 5 538,,,UNRESOLVED
Rojer_Mathew_vs_South_Indian_Bank_Ltd_And_Ors_Chief_on_13_November_2019_1.PDF,Financial Fraud,SCC 1997 3 261,,,UNRESOLVED
Rojer_Mathew_vs_South_Indian_Bank_Ltd_And_Ors_Chief_on_13_November_2019_1.PDF,Financial Fraud,SCC 1980 2 591,,,UNRESOLVED
Rojer_Mathew_vs_South_Indian_Bank_Ltd_And_Ors_Chief_on_13_November_2019_1.PDF,Financial Fraud,SCC 1997 3 261,,,UNRESOLVED
Rojer_Mathew_vs_South_Indian_Bank_Ltd_And_Ors_Chief_on_13_November_2019_1.PDF,Financial Fraud,SCC 1973 4 225,Kesavananda_Bharati_Sripadagalvaru_vs_State_Of_Kerala_And_Anr_on_24_April_1973_1.PDF,,OUTSIDE_DOMAINS
Rojer_Mathew_vs_South_Indian_Bank_Ltd_And_Ors_Chief_on_13_November_2019_1.PDF,Financial Fraud,SCC 2010 11 1,,,UNRESOLVED
Rojer_Mathew_vs_South_Indian_Bank_Ltd_And_Ors_Chief_on_13_November_2019_1.PDF,Financial Fraud,SCC 1993 4 119,,,UNRESOLVED
Rojer_Mathew_vs_South_Indian_Bank_Ltd_And_Ors_Chief_on_13_November_2019_1.PDF,Financial Fraud,SCC 2010 11 1,,,UNRESOLVED
Rojer_Mathew_vs_South_Indian_Bank_Ltd_And_Ors_Chief_on_13_November_2019_1.PDF,Financial Fraud,SCC 2014 10 1,,,UNRESOLVED
Rojer_Mathew_vs_South_Indian_Bank_Ltd_And_Ors_Chief_on_13_November_2019_1.PDF,Financial Fraud,SCC 2015 8 583,,,UNRESOLVED
Rojer_Mathew_vs_South_Indian_Bank_Ltd_And_Ors_Chief_on_13_November_2019_1.PDF,Financial Fraud,SCC 2016 9 103,,,UNRESOLVED
Rojer_Mathew_vs_South_Indian_Bank_Ltd_And_Ors_Chief_on_13_November_2019_1.PDF,Financial Fraud,SCC 2016 8 509,,,UNRESOLVED
Rojer_Mathew_vs_South_Indian_Bank_Ltd_And_Ors_Chief_on_13_November_2019_1.PDF,Financial Fraud,SCC 1997 3 261,,,UNRESOLVED
Rojer_Mathew_vs_South_Indian_Bank_Ltd_And_Ors_Chief_on_13_November_2019_1.PDF,Financial Fraud,SCC 2010 11 1,,,UNRESOLVED
Rojer_Mathew_vs_South_Indian_Bank_Ltd_And_Ors_Chief_on_13_November_2019_1.PDF,Financial Fraud,SCC 1993 4 119,,,UNRESOLVED
Rojer_Mathew_vs_South_Indian_Bank_Ltd_And_Ors_Chief_on_13_November_2019_1.PDF,Financial Fraud,SCR 1955 1 267,,,UNRESOLVED
Rojer_Mathew_vs_South_Indian_Bank_Ltd_And_Ors_Chief_on_13_November_2019_1.PDF,Financial Fraud,SCR 1997 2 1186,,,UNRESOLVED
Rojer_Mathew_vs_South_Indian_Bank_Ltd_And_Ors_Chief_on_13_November_2019_1.PDF,Financial Fraud,SCR 1955 2 1,,,UNRESOLVED
Rojer_Mathew_vs_South_Indian_Bank_Ltd_And_Ors_Chief_on_13_November_2019_1.PDF,Financial Fraud,SCR 1952 218,N_P_Ponnuswami_vs_Returning_Officer_on_21_January_1952_1.PDF,,OUTSIDE_DOMAINS
Rojer_Mathew_vs_South_Indian_Bank_Ltd_And_Ors_Chief_on_13_November_2019_1.PDF,Financial Fraud,SCR 1960 1 605,,,UNRESOLVED
Rojer_Mathew_vs_South_Indian_Bank_Ltd_And_Ors_Chief_on_13_November_2019_1.PDF,Financial Fraud,SCR 1952 284,The_State_Of_West_Bengal_vs_Anwar_All_Sarkarhabib_Mohamed_The_on_11_January_1952_1.PDF,Organized Crime / Extortion; Violent Crime / Homicide,CROSS_DOMAIN
Rojer_Mathew_vs_South_Indian_Bank_Ltd_And_Ors_Chief_on_13_November_2019_1.PDF,Financial Fraud,SCR 1957 930,R_M_D_Chamarbaugwalla_vs_The_Union_Of_India_With_Connected_on_9_April_1957_1.PDF,,OUTSIDE_DOMAINS
Rojer_Mathew_vs_South_Indian_Bank_Ltd_And_Ors_Chief_on_13_November_2019_1.PDF,Financial Fraud,SCR 1951 682,The_State_Of_Bombay_And_Another_vs_F_N_Balsara_on_25_May_1951_1.PDF,,OUTSIDE_DOMAINS
Rojer_Mathew_vs_South_Indian_Bank_Ltd_And_Ors_Chief_on_13_November_2019_1.PDF,Financial Fraud,SCR 1953 1069,The_State_Of_Bombay_And_Another_vs_The_United_Motors_India_Ltd_And_on_30_March_1953_1.PDF,,OUTSIDE_DOMAINS
Sasikala_Pushpa_vs_The_State_Of_Tamil_Nadu_on_7_May_2019_1.PDF,Financial Fraud,SCC 1998 2 493,,,UNRESOLVED
Sasikala_Pushpa_vs_The_State_Of_Tamil_Nadu_on_7_May_2019_1.PDF,Financial Fraud,SCC 2005 4 370,,,UNRESOLVED
Sasikala_Pushpa_vs_The_State_Of_Tamil_Nadu_on_7_May_2019_1.PDF,Financial Fraud,SCC 2017 1 117,,,UNRESOLVED
Sasikala_Pushpa_vs_The_State_Of_Tamil_Nadu_on_7_May_2019_1.PDF,Financial Fraud,SCC 1992 3 178,,,UNRESOLVED
Sasikala_Pushpa_vs_The_State_Of_Tamil_Nadu_on_7_May_2019_1.PDF,Financial Fraud,SCC 2018 6 15,,,UNRESOLVED
Sasikala_Pushpa_vs_The_State_Of_Tamil_Nadu_on_7_May_2019_1.PDF,Financial Fraud,SCC 1998 5 749,,,UNRESOLVED
Sasikala_Pushpa_vs_The_State_Of_Tamil_Nadu_on_7_May_2019_1.PDF,Financial Fraud,SCC 2006 7 188,,,UNRESOLVED
Satishchandra_Ratanlal_Shah_vs_The_State_Of_Gujarat_on_3_January_2019_1.PDF,Financial Fraud,SCC 2000 4 168,,,UNRESOLVED
Satishchandra_Ratanlal_Shah_vs_The_State_Of_Gujarat_on_3_January_2019_1.PDF,Financial Fraud,SCC 2012 10 303,,,UNRESOLVED
Serious_Fraud_Investigation_Office_vs_Nittin_Johari_on_12_September_2019_1.PDF,Financial Fraud,SCC 2013 7 439,,,UNRESOLVED
Serious_Fraud_Investigation_Office_vs_Nittin_Johari_on_12_September_2019_1.PDF,Financial Fraud,SCC 2004 3 549,,,UNRESOLVED
Serious_Fraud_Investigation_Office_vs_Nittin_Johari_on_12_September_2019_1.PDF,Financial Fraud,SCC 2018 11 1,,,UNRESOLVED
Serious_Fraud_Investigation_Office_vs_Nittin_Johari_on_12_September_2019_1.PDF,Financial Fraud,SCC 1969 3 904,,,UNRESOLVED
Serious_Fraud_Investigation_Office_vs_Nittin_Johari_on_12_September_2019_1.PDF,Financial Fraud,SCC 2012 1 40,,,UNRESOLVED
Serious_Fraud_Investigation_Office_vs_Nittin_Johari_on_12_September_2019_1.PDF,Financial Fraud,SCC 2015 16 1,,,UNRESOLVED
Serious_Fraud_Investigation_Office_vs_Nittin_Johari_on_12_September_2019_1.PDF,Financial Fraud,SCC 2017 13 751,,,UNRESOLVED
Serious_Fraud_Investigation_Office_vs_Nittin_Johari_on_12_September_2019_1.PDF,Financial Fraud,SCC 2005 5 294,,,UNRESOLVED
Serious_Fraud_Investigation_Office_vs_Rahul_Modi_on_27_March_2019_1.PDF,Financial Fraud,SCC 1970 3 926,,,UNRESOLVED
Serious_Fraud_Investigation_Office_vs_Rahul_Modi_on_27_March_2019_1.PDF,Financial Fraud,SCC 1971 3 118,Talib_Hussain_vs_State_Of_Jammu_And_Kashmir_on_7_July_1970_1.PDF,,OUTSIDE_DOMAINS
Serious_Fraud_Investigation_Office_vs_Rahul_Modi_on_27_March_2019_1.PDF,Financial Fraud,SCC 1972 3 256,Col_Dr_B_Ramachandra_Rao_vs_The_State_Of_Orissa_And_Ors_on_11_August_1971_1.PDF,,OUTSIDE_DOMAINS
Serious_Fraud_Investigation_Office_vs_Rahul_Modi_on_27_March_2019_1.PDF,Financial Fraud,SCC 1974 4 141,,,UNRESOLVED
Serious_Fraud_Investigation_Office_vs_Rahul_Modi_on_27_March_2019_1.PDF,Financial Fraud,SCC 2013 1 314,,,UNRESOLVED
Serious_Fraud_Investigation_Office_vs_Rahul_Modi_on_27_March_2019_1.PDF,Financial Fraud,SCC 1994 5 410,Sunjay_Datt_vs_State_Ii_on_9_September_1994_1.PDF,Organized Crime / Extortion,CROSS_DOMAIN
Serious_Fraud_Investigation_Office_vs_Rahul_Modi_on_27_March_2019_1.PDF,Financial Fraud,SCC 2014 13 436,,,UNRESOLVED
Serious_Fraud_Investigation_Office_vs_Rahul_Modi_on_27_March_2019_1.PDF,Financial Fraud,SCC 2018 9 745,,,UNRESOLVED
Serious_Fraud_Investigation_Office_vs_Rahul_Modi_on_27_March_2019_1.PDF,Financial Fraud,SCC 2004 5 729,,,UNRESOLVED
Serious_Fraud_Investigation_Office_vs_Rahul_Modi_on_27_March_2019_1.PDF,Financial Fraud,SCC 2000 7 640,,,UNRESOLVED
Serious_Fraud_Investigation_Office_vs_Rahul_Modi_on_27_March_2019_1.PDF,Financial Fraud,SCC 2014 9 129,,,UNRESOLVED
Serious_Fraud_Investigation_Office_vs_Rahul_Modi_on_27_March_2019_1.PDF,Financial Fraud,SCC 1999 7 510,,,UNRESOLVED
Serious_Fraud_Investigation_Office_vs_Rahul_Modi_on_27_March_2019_1.PDF,Financial Fraud,SCR 1952 395,Naranjan_Sigh_Nathawan_vs_The_State_Of_Punjab_And_13_Other_on_25_January_1952_1.PDF,,OUTSIDE_DOMAINS
Serious_Fraud_Investigation_Office_vs_Rahul_Modi_on_27_March_2019_1.PDF,Financial Fraud,SCR 1953 652,Ram_Narayan_Singh_vs_The_State_Of_Delhi_And_Others_on_12_March_1953_1.PDF,Financial Fraud,INTERNAL
Serious_Fraud_Investigation_Office_vs_Rahul_Modi_on_27_March_2019_1.PDF,Financial Fraud,SCR 1966 2 427,,,UNRESOLVED
Shiv_Kumar_Jatia_vs_State_Of_Nct_Of_Delhi_on_23_August_2019_1.PDF,Financial Fraud,AIR 2015 SC 675,,,UNRESOLVED
Shiv_Kumar_Jatia_vs_State_Of_Nct_Of_Delhi_on_23_August_2019_1.PDF,Financial Fraud,SCC 2014 6 173,,,UNRESOLVED
Shiv_Kumar_Jatia_vs_State_Of_Nct_Of_Delhi_on_23_August_2019_1.PDF,Financial Fraud,SCC 2015 4 609,,,UNRESOLVED
Shiv_Kumar_Jatia_vs_State_Of_Nct_Of_Delhi_on_23_August_2019_1.PDF,Financial Fraud,SCC 2008 5 668,,,UNRESOLVED
Shiv_Kumar_Jatia_vs_State_Of_Nct_Of_Delhi_on_23_August_2019_1.PDF,Financial Fraud,SCC 2015 12 781,,,UNRESOLVED
Shiv_Kumar_Jatia_vs_State_Of_Nct_Of_Delhi_on_23_August_2019_1.PDF,Financial Fraud,SCC 2011 2 772,,,UNRESOLVED
Shiv_Kumar_Jatia_vs_State_Of_Nct_Of_Delhi_on_23_August_2019_1.PDF,Financial Fraud,SCC 2018 12 30,,,UNRESOLVED
Shiv_Prakash_Mishra_vs_The_State_Of_Uttar_Pradesh_on_23_July_2019_1.PDF,Financial Fraud,SCC 2014 3 92,,,UNRESOLVED
Shiv_Prakash_Mishra_vs_The_State_Of_Uttar_Pradesh_on_23_July_2019_1.PDF,Financial Fraud,SCC 2017 7 706,,,UNRESOLVED
Shiv_Prakash_Mishra_vs_The_State_Of_Uttar_Pradesh_on_23_July_2019_1.PDF,Financial Fraud,SCC 2008 14 51,,,UNRESOLVED
Shiv_Prakash_Mishra_vs_The_State_Of_Uttar_Pradesh_on_23_July_2019_1.PDF,Financial Fraud,SCC 2014 3 92,,,UNRESOLVED
Sh_Narendra_Kumar_Srivastava_vs_The_State_Of_Bihar_on_4_February_2019_1.PDF,Financial Fraud,SCC 1998 2 493,,,UNRESOLVED
Sh_Narendra_Kumar_Srivastava_vs_The_State_Of_Bihar_on_4_February_2019_1.PDF,Financial Fraud,SCC 2000 1 278,,,UNRESOLVED
Sh_Narendra_Kumar_Srivastava_vs_The_State_Of_Bihar_on_4_February_2019_1.PDF,Financial Fraud,SCC 1971 1 774,,,UNRESOLVED
Sh_Narendra_Kumar_Srivastava_vs_The_State_Of_Bihar_on_4_February_2019_1.PDF,Financial Fraud,SCC 1973 2 406,,,UNRESOLVED
Sri_Suresh_Kumar_Goyal_vs_The_State_Of_Uttar_Pradesh_on_11_January_2019_1.PDF,Financial Fraud,SCC 2013 3 330,,,UNRESOLVED
Sugreev_Kumar_vs_The_State_Of_Punjab_on_15_March_2019_1.PDF,Financial Fraud,SCC 2014 3 92,,,UNRESOLVED
Sugreev_Kumar_vs_The_State_Of_Punjab_on_15_March_2019_1.PDF,Financial Fraud,SCC 2017 7 706,,,UNRESOLVED
The_State_Of_Gujarat_vs_Afroz_Mohammed_Hasanfatta_on_5_February_2019_1.PDF,Financial Fraud,SCC 1998 5 749,,,UNRESOLVED
The_State_Of_Gujarat_vs_Afroz_Mohammed_Hasanfatta_on_5_February_2019_1.PDF,Financial Fraud,SCC 2012 5 424,,,UNRESOLVED
The_State_Of_Gujarat_vs_Afroz_Mohammed_Hasanfatta_on_5_February_2019_1.PDF,Financial Fraud,SCC 2008 2 492,,,UNRESOLVED
The_State_Of_Gujarat_vs_Afroz_Mohammed_Hasanfatta_on_5_February_2019_1.PDF,Financial Fraud,SCC 2015 12 420,,,UNRESOLVED
The_State_Of_Gujarat_vs_Afroz_Mohammed_Hasanfatta_on_5_February_2019_1.PDF,Financial Fraud,SCC 1998 5 749,,,UNRESOLVED
The_State_Of_Gujarat_vs_Afroz_Mohammed_Hasanfatta_on_5_February_2019_1.PDF,Financial Fraud,SCC 1977 4 137,,,UNRESOLVED
The_State_Of_Gujarat_vs_Afroz_Mohammed_Hasanfatta_on_5_February_2019_1.PDF,Financial Fraud,SCC 2000 6 195,,,UNRESOLVED
The_State_Of_Gujarat_vs_Afroz_Mohammed_Hasanfatta_on_5_February_2019_1.PDF,Financial Fraud,SCC 1977 4 137,,,UNRESOLVED
The_State_Of_Gujarat_vs_Afroz_Mohammed_Hasanfatta_on_5_February_2019_1.PDF,Financial Fraud,SCC 1977 4 551,,,UNRESOLVED
The_State_Of_Gujarat_vs_Afroz_Mohammed_Hasanfatta_on_5_February_2019_1.PDF,Financial Fraud,SCC 1999 3 134,,,UNRESOLVED
The_State_Of_Gujarat_vs_Afroz_Mohammed_Hasanfatta_on_5_February_2019_1.PDF,Financial Fraud,SCC 2013 15 624,,,UNRESOLVED
The_State_Of_Gujarat_vs_Afroz_Mohammed_Hasanfatta_on_5_February_2019_1.PDF,Financial Fraud,SCC 1999 3 134,,,UNRESOLVED
The_State_Of_Gujarat_vs_Afroz_Mohammed_Hasanfatta_on_5_February_2019_1.PDF,Financial Fraud,SCC 1977 4 137,,,UNRESOLVED
The_State_Of_Gujarat_vs_Afroz_Mohammed_Hasanfatta_on_5_February_2019_1.PDF,Financial Fraud,SCC 1977 4 551,,,UNRESOLVED
The_State_Of_Gujarat_vs_Afroz_Mohammed_Hasanfatta_on_5_February_2019_1.PDF,Financial Fraud,SCC 2000 6 195,,,UNRESOLVED
The_State_Of_Gujarat_vs_Afroz_Mohammed_Hasanfatta_on_5_February_2019_1.PDF,Financial Fraud,SCC 1999 3 134,,,UNRESOLVED
The_State_Of_Gujarat_vs_Afroz_Mohammed_Hasanfatta_on_5_February_2019_1.PDF,Financial Fraud,SCC 2000 6 195,,,UNRESOLVED
The_State_Of_Gujarat_vs_Afroz_Mohammed_Hasanfatta_on_5_February_2019_1.PDF,Financial Fraud,SCC 1997 9 338,,,UNRESOLVED
The_State_Of_Gujarat_vs_Afroz_Mohammed_Hasanfatta_on_5_February_2019_1.PDF,Financial Fraud,SCC 2012 11 465,,,UNRESOLVED
The_State_Of_Gujarat_vs_Afroz_Mohammed_Hasanfatta_on_5_February_2019_1.PDF,Financial Fraud,SCC 2008 9 140,,,UNRESOLVED
Vishnu_Kumar_Tiwari_vs_The_State_Of_Uttar_Pradesh_on_9_July_2019_1.PDF,Financial Fraud,AIR 1968 SC 117,,,UNRESOLVED
Vishnu_Kumar_Tiwari_vs_The_State_Of_Uttar_Pradesh_on_9_July_2019_1.PDF,Financial Fraud,AIR 1962 SC 876,,,UNRESOLVED
Vishnu_Kumar_Tiwari_vs_The_State_Of_Uttar_Pradesh_on_9_July_2019_1.PDF,Financial Fraud,AIR 1985 SC 1285,,,UNRESOLVED
Vishnu_Kumar_Tiwari_vs_The_State_Of_Uttar_Pradesh_on_9_July_2019_1.PDF,Financial Fraud,AIR 1989 SC 885,,,UNRESOLVED
Vishnu_Kumar_Tiwari_vs_The_State_Of_Uttar_Pradesh_on_9_July_2019_1.PDF,Financial Fraud,AIR 1985 SC 1285,,,UNRESOLVED
Vishnu_Kumar_Tiwari_vs_The_State_Of_Uttar_Pradesh_on_9_July_2019_1.PDF,Financial Fraud,AIR 1985 SC 1285,,,UNRESOLVED
Vishnu_Kumar_Tiwari_vs_The_State_Of_Uttar_Pradesh_on_9_July_2019_1.PDF,Financial Fraud,SCC 1980 4 631,,,UNRESOLVED
Vishnu_Kumar_Tiwari_vs_The_State_Of_Uttar_Pradesh_on_9_July_2019_1.PDF,Financial Fraud,SCC 2003 1 734,,,UNRESOLVED
Vishnu_Kumar_Tiwari_vs_The_State_Of_Uttar_Pradesh_on_9_July_2019_1.PDF,Financial Fraud,SCC 1985 2 537,,,UNRESOLVED
Vishnu_Kumar_Tiwari_vs_The_State_Of_Uttar_Pradesh_on_9_July_2019_1.PDF,Financial Fraud,SCC 2004 7 768,,,UNRESOLVED
Vishnu_Kumar_Tiwari_vs_The_State_Of_Uttar_Pradesh_on_9_July_2019_1.PDF,Financial Fraud,SCC 1989 2 132,,,UNRESOLVED
Vishnu_Kumar_Tiwari_vs_The_State_Of_Uttar_Pradesh_on_9_July_2019_1.PDF,Financial Fraud,SCC 1985 2 537,,,UNRESOLVED
Vishnu_Kumar_Tiwari_vs_The_State_Of_Uttar_Pradesh_on_9_July_2019_1.PDF,Financial Fraud,SCC 1985 2 537,,,UNRESOLVED
Vishnu_Kumar_Tiwari_vs_The_State_Of_Uttar_Pradesh_on_9_July_2019_1.PDF,Financial Fraud,SCC 2011 15 513,,,UNRESOLVED
Vishnu_Kumar_Tiwari_vs_The_State_Of_Uttar_Pradesh_on_9_July_2019_1.PDF,Financial Fraud,SCC 1982 3 510,Gopal_Vijay_Verma_vs_Bhuneshwar_Prasad_Sinha_And_Ors_on_17_November_1982_1.PDF,,OUTSIDE_DOMAINS
Vishnu_Kumar_Tiwari_vs_The_State_Of_Uttar_Pradesh_on_9_July_2019_1.PDF,Financial Fraud,SCC 2015 5 423,,,UNRESOLVED
Vishnu_Kumar_Tiwari_vs_The_State_Of_Uttar_Pradesh_on_9_July_2019_1.PDF,Financial Fraud,SCC 2003 6 675,,,UNRESOLVED
Vishnu_Kumar_Tiwari_vs_The_State_Of_Uttar_Pradesh_on_9_July_2019_1.PDF,Financial Fraud,SCC 2015 14 399,,,UNRESOLVED
Vishnu_Kumar_Tiwari_vs_The_State_Of_Uttar_Pradesh_on_9_July_2019_1.PDF,Financial Fraud,SCR 1967 3 668,,,UNRESOLVED
Amish_Devgan_vs_Union_Of_India_on_7_December_2020_1.PDF,Financial Fraud,AIR 1947 NAGPUR 1,,,UNRESOLVED
Amish_Devgan_vs_Union_Of_India_on_7_December_2020_1.PDF,Financial Fraud,AIR 1950 SC 129,,,UNRESOLVED
Amish_Devgan_vs_Union_Of_India_on_7_December_2020_1.PDF,Financial Fraud,AIR 1927 LAH 594,,,UNRESOLVED
Amish_Devgan_vs_Union_Of_India_on_7_December_2020_1.PDF,Financial Fraud,AIR 1947 PC 82,,,UNRESOLVED
Amish_Devgan_vs_Union_Of_India_on_7_December_2020_1.PDF,Financial Fraud,AIR 1971 BOM 56,,,UNRESOLVED
Amish_Devgan_vs_Union_Of_India_on_7_December_2020_1.PDF,Financial Fraud,AIR 1962 SC 955,,,UNRESOLVED
Amish_Devgan_vs_Union_Of_India_on_7_December_2020_1.PDF,Financial Fraud,AIR 1960 SC 866,,,UNRESOLVED
Amish_Devgan_vs_Union_Of_India_on_7_December_2020_1.PDF,Financial Fraud,AIR 1957 SC 620,,,UNRESOLVED
Amish_Devgan_vs_Union_Of_India_on_7_December_2020_1.PDF,Financial Fraud,AIR 1950 SC 124,,,UNRESOLVED
Amish_Devgan_vs_Union_Of_India_on_7_December_2020_1.PDF,Financial Fraud,AIR 1960 SC 633,,,UNRESOLVED
Amish_Devgan_vs_Union_Of_India_on_7_December_2020_1.PDF,Financial Fraud,AIR 1957 SC 896,,,UNRESOLVED
Amish_Devgan_vs_Union_Of_India_on_7_December_2020_1.PDF,Financial Fraud,AIR 1951 SC 118,,,UNRESOLVED
Amish_Devgan_vs_Union_Of_India_on_7_December_2020_1.PDF,Financial Fraud,AIR 1952 SC 196,,,UNRESOLVED
Amish_Devgan_vs_Union_Of_India_on_7_December_2020_1.PDF,Financial Fraud,AIR 1950 SC 211,,,UNRESOLVED
Amish_Devgan_vs_Union_Of_India_on_7_December_2020_1.PDF,Financial Fraud,AIR 1950 SC 27,,,UNRESOLVED
Amish_Devgan_vs_Union_Of_India_on_7_December_2020_1.PDF,Financial Fraud,SCC 1995 3 214,,,UNRESOLVED
Amish_Devgan_vs_Union_Of_India_on_7_December_2020_1.PDF,Financial Fraud,SCC 1997 7 431,,,UNRESOLVED
Amish_Devgan_vs_Union_Of_India_on_7_December_2020_1.PDF,Financial Fraud,SCC 1970 2 780,,,UNRESOLVED
Amish_Devgan_vs_Union_Of_India_on_7_December_2020_1.PDF,Financial Fraud,SCC 2014 2 1,,,UNRESOLVED
Amish_Devgan_vs_Union_Of_India_on_7_December_2020_1.PDF,Financial Fraud,SCC 2017 7 760,,,UNRESOLVED
Amish_Devgan_vs_Union_Of_India_on_7_December_2020_1.PDF,Financial Fraud,SCC 2007 5 1,,,UNRESOLVED
Amish_Devgan_vs_Union_Of_India_on_7_December_2020_1.PDF,Financial Fraud,SCC 2014 11 477,,,UNRESOLVED
Amish_Devgan_vs_Union_Of_India_on_7_December_2020_1.PDF,Financial Fraud,SCC 1988 1 668,,,UNRESOLVED
Amish_Devgan_vs_Union_Of_India_on_7_December_2020_1.PDF,Financial Fraud,SCC 2015 5 1,,,UNRESOLVED
Amish_Devgan_vs_Union_Of_India_on_7_December_2020_1.PDF,Financial Fraud,SCC 1996 2 37,,,UNRESOLVED
Amish_Devgan_vs_Union_Of_India_on_7_December_2020_1.PDF,Financial Fraud,SCC 1996 7 705,,,UNRESOLVED
Amish_Devgan_vs_Union_Of_India_on_7_December_2020_1.PDF,Financial Fraud,SCC 2003 6 175,,,UNRESOLVED
Amish_Devgan_vs_Union_Of_India_on_7_December_2020_1.PDF,Financial Fraud,SCC 2001 6 181,,,UNRESOLVED
Amish_Devgan_vs_Union_Of_India_on_7_December_2020_1.PDF,Financial Fraud,SCC 2005 13 540,,,UNRESOLVED
Amish_Devgan_vs_Union_Of_India_on_7_December_2020_1.PDF,Financial Fraud,SCC 1970 3 746,,,UNRESOLVED
Amish_Devgan_vs_Union_Of_India_on_7_December_2020_1.PDF,Financial Fraud,SCC 1969 1 853,,,UNRESOLVED
Amish_Devgan_vs_Union_Of_India_on_7_December_2020_1.PDF,Financial Fraud,SCC 1970 1 98,Arun_Ghosh_vs_State_Of_West_Bengal_on_2_December_1969_1.PDF,,OUTSIDE_DOMAINS
Amish_Devgan_vs_Union_Of_India_on_7_December_2020_1.PDF,Financial Fraud,SCC 2020 3 637,,,UNRESOLVED
Amish_Devgan_vs_Union_Of_India_on_7_December_2020_1.PDF,Financial Fraud,SCC 2016 7 353,,,UNRESOLVED
Amish_Devgan_vs_Union_Of_India_on_7_December_2020_1.PDF,Financial Fraud,SCC 2017 10 1,,,UNRESOLVED
Amish_Devgan_vs_Union_Of_India_on_7_December_2020_1.PDF,Financial Fraud,SCC 2016 7 221,,,UNRESOLVED
Amish_Devgan_vs_Union_Of_India_on_7_December_2020_1.PDF,Financial Fraud,SCC 1978 1 248,Mrs_Maneka_Gandhi_vs_Union_Of_India_Uoi_And_Anr_on_25_January_1978_1.PDF,Organized Crime / Extortion,CROSS_DOMAIN
Amish_Devgan_vs_Union_Of_India_on_7_December_2020_1.PDF,Financial Fraud,SCC 1970 2 298,Rustom_Cowasjee_Cooper_vs_Union_Of_India_Uoi_on_5_May_1970_1.PDF,,OUTSIDE_DOMAINS
Amish_Devgan_vs_Union_Of_India_on_7_December_2020_1.PDF,Financial Fraud,SCC 1972 2 788,,,UNRESOLVED
Amish_Devgan_vs_Union_Of_India_on_7_December_2020_1.PDF,Financial Fraud,SCC 2015 1 192,,,UNRESOLVED
Amish_Devgan_vs_Union_Of_India_on_7_December_2020_1.PDF,Financial Fraud,SCC 2019 11 1,,,UNRESOLVED
Amish_Devgan_vs_Union_Of_India_on_7_December_2020_1.PDF,Financial Fraud,SCC 2011 8 1,,,UNRESOLVED
Amish_Devgan_vs_Union_Of_India_on_7_December_2020_1.PDF,Financial Fraud,SCC 2005 5 733,,,UNRESOLVED
Amish_Devgan_vs_Union_Of_India_on_7_December_2020_1.PDF,Financial Fraud,SCC 2005 13 721,,,UNRESOLVED
Amish_Devgan_vs_Union_Of_India_on_7_December_2020_1.PDF,Financial Fraud,SCC 1980 1 398,,,UNRESOLVED
Amish_Devgan_vs_Union_Of_India_on_7_December_2020_1.PDF,Financial Fraud,SCC 2005 2 409,,,UNRESOLVED
Amish_Devgan_vs_Union_Of_India_on_7_December_2020_1.PDF,Financial Fraud,SCC 2004 4 379,,,UNRESOLVED
Amish_Devgan_vs_Union_Of_India_on_7_December_2020_1.PDF,Financial Fraud,SCC 1980 3 57,,,UNRESOLVED
Amish_Devgan_vs_Union_Of_India_on_7_December_2020_1.PDF,Financial Fraud,SCC 1973 1 537,,,UNRESOLVED
Amish_Devgan_vs_Union_Of_India_on_7_December_2020_1.PDF,Financial Fraud,SCC 2010 12 254,,,UNRESOLVED
Amish_Devgan_vs_Union_Of_India_on_7_December_2020_1.PDF,Financial Fraud,SCR 1990 3 697,,,UNRESOLVED
Amish_Devgan_vs_Union_Of_India_on_7_December_2020_1.PDF,Financial Fraud,SCR 1992 2 731,,,UNRESOLVED
Amish_Devgan_vs_Union_Of_India_on_7_December_2020_1.PDF,Financial Fraud,SCR 2013 1 467,,,UNRESOLVED
Amish_Devgan_vs_Union_Of_India_on_7_December_2020_1.PDF,Financial Fraud,SCR 1966 123,Mrs_Veeda_Menezes_vs_Yusuf_Khan_And_Anr_on_31_March_1966_1.PDF,,OUTSIDE_DOMAINS
Amish_Devgan_vs_Union_Of_India_on_7_December_2020_1.PDF,Financial Fraud,SCR 1990 3 892,,,UNRESOLVED
Avitel_Post_Studioz_Limited_And_Ors_vs_Hsbc_Pi_Holding_Mauritius_Limited_on_19_August_2020_1.PDF,Financial Fraud,AIR 1962 SC 406,,,UNRESOLVED
Avitel_Post_Studioz_Limited_And_Ors_vs_Hsbc_Pi_Holding_Mauritius_Limited_on_19_August_2020_1.PDF,Financial Fraud,AIR 1962 SC 406,,,UNRESOLVED
Avitel_Post_Studioz_Limited_And_Ors_vs_Hsbc_Pi_Holding_Mauritius_Limited_on_19_August_2020_1.PDF,Financial Fraud,AIR 1962 SC 406,,,UNRESOLVED
Avitel_Post_Studioz_Limited_And_Ors_vs_Hsbc_Pi_Holding_Mauritius_Limited_on_19_August_2020_1.PDF,Financial Fraud,AIR 1962 SC 406,,,UNRESOLVED
Avitel_Post_Studioz_Limited_And_Ors_vs_Hsbc_Pi_Holding_Mauritius_Limited_on_19_August_2020_1.PDF,Financial Fraud,AIR 1954 SC 397,,,UNRESOLVED
Avitel_Post_Studioz_Limited_And_Ors_vs_Hsbc_Pi_Holding_Mauritius_Limited_on_19_August_2020_1.PDF,Financial Fraud,AIR 1954 SC 397,,,UNRESOLVED
Avitel_Post_Studioz_Limited_And_Ors_vs_Hsbc_Pi_Holding_Mauritius_Limited_on_19_August_2020_1.PDF,Financial Fraud,AIR 1954 SC 397,,,UNRESOLVED
Avitel_Post_Studioz_Limited_And_Ors_vs_Hsbc_Pi_Holding_Mauritius_Limited_on_19_August_2020_1.PDF,Financial Fraud,AIR 2002 SC 3372,,,UNRESOLVED
Avitel_Post_Studioz_Limited_And_Ors_vs_Hsbc_Pi_Holding_Mauritius_Limited_on_19_August_2020_1.PDF,Financial Fraud,AIR 1945 PC 18,,,UNRESOLVED
Avitel_Post_Studioz_Limited_And_Ors_vs_Hsbc_Pi_Holding_Mauritius_Limited_on_19_August_2020_1.PDF,Financial Fraud,AIR 2008 SC 1884,,,UNRESOLVED
Avitel_Post_Studioz_Limited_And_Ors_vs_Hsbc_Pi_Holding_Mauritius_Limited_on_19_August_2020_1.PDF,Financial Fraud,AIR 1971 SC 1244,Karam_Chand_Ganga_Prasad_And_Anr_vs_Union_Of_India_Uoi_And_Ors_on_12_October_1970_1.PDF,,OUTSIDE_DOMAINS
Avitel_Post_Studioz_Limited_And_Ors_vs_Hsbc_Pi_Holding_Mauritius_Limited_on_19_August_2020_1.PDF,Financial Fraud,AIR 1954 SC 397,,,UNRESOLVED
Avitel_Post_Studioz_Limited_And_Ors_vs_Hsbc_Pi_Holding_Mauritius_Limited_on_19_August_2020_1.PDF,Financial Fraud,AIR 1971 SC 1244,Karam_Chand_Ganga_Prasad_And_Anr_vs_Union_Of_India_Uoi_And_Ors_on_12_October_1970_1.PDF,,OUTSIDE_DOMAINS
Avitel_Post_Studioz_Limited_And_Ors_vs_Hsbc_Pi_Holding_Mauritius_Limited_on_19_August_2020_1.PDF,Financial Fraud,AIR 2002 SC 3372,,,UNRESOLVED
Avitel_Post_Studioz_Limited_And_Ors_vs_Hsbc_Pi_Holding_Mauritius_Limited_on_19_August_2020_1.PDF,Financial Fraud,AIR 1922 BOM 303,,,UNRESOLVED
Avitel_Post_Studioz_Limited_And_Ors_vs_Hsbc_Pi_Holding_Mauritius_Limited_on_19_August_2020_1.PDF,Financial Fraud,AIR 1939 CAL 473,,,UNRESOLVED
Avitel_Post_Studioz_Limited_And_Ors_vs_Hsbc_Pi_Holding_Mauritius_Limited_on_19_August_2020_1.PDF,Financial Fraud,SCC 2014 6 677,,,UNRESOLVED
Avitel_Post_Studioz_Limited_And_Ors_vs_Hsbc_Pi_Holding_Mauritius_Limited_on_19_August_2020_1.PDF,Financial Fraud,SCC 2010 1 72,,,UNRESOLVED
Avitel_Post_Studioz_Limited_And_Ors_vs_Hsbc_Pi_Holding_Mauritius_Limited_on_19_August_2020_1.PDF,Financial Fraud,SCC 2015 1 32,,,UNRESOLVED
Avitel_Post_Studioz_Limited_And_Ors_vs_Hsbc_Pi_Holding_Mauritius_Limited_on_19_August_2020_1.PDF,Financial Fraud,SCC 2019 8 710,,,UNRESOLVED
Avitel_Post_Studioz_Limited_And_Ors_vs_Hsbc_Pi_Holding_Mauritius_Limited_on_19_August_2020_1.PDF,Financial Fraud,SCC 2016 10 386,,,UNRESOLVED
Avitel_Post_Studioz_Limited_And_Ors_vs_Hsbc_Pi_Holding_Mauritius_Limited_on_19_August_2020_1.PDF,Financial Fraud,SCC 2003 6 503,,,UNRESOLVED
Avitel_Post_Studioz_Limited_And_Ors_vs_Hsbc_Pi_Holding_Mauritius_Limited_on_19_August_2020_1.PDF,Financial Fraud,SCC 2010 8 24,,,UNRESOLVED
Avitel_Post_Studioz_Limited_And_Ors_vs_Hsbc_Pi_Holding_Mauritius_Limited_on_19_August_2020_1.PDF,Financial Fraud,SCC 2011 5 532,,,UNRESOLVED
Avitel_Post_Studioz_Limited_And_Ors_vs_Hsbc_Pi_Holding_Mauritius_Limited_on_19_August_2020_1.PDF,Financial Fraud,SCC 1999 5 688,,,UNRESOLVED
Avitel_Post_Studioz_Limited_And_Ors_vs_Hsbc_Pi_Holding_Mauritius_Limited_on_19_August_2020_1.PDF,Financial Fraud,SCC 2000 4 539,,,UNRESOLVED
Avitel_Post_Studioz_Limited_And_Ors_vs_Hsbc_Pi_Holding_Mauritius_Limited_on_19_August_2020_1.PDF,Financial Fraud,SCC 2016 8 788,,,UNRESOLVED
Avitel_Post_Studioz_Limited_And_Ors_vs_Hsbc_Pi_Holding_Mauritius_Limited_on_19_August_2020_1.PDF,Financial Fraud,SCC 2011 5 532,,,UNRESOLVED
Avitel_Post_Studioz_Limited_And_Ors_vs_Hsbc_Pi_Holding_Mauritius_Limited_on_19_August_2020_1.PDF,Financial Fraud,SCC 2014 6 677,,,UNRESOLVED
Avitel_Post_Studioz_Limited_And_Ors_vs_Hsbc_Pi_Holding_Mauritius_Limited_on_19_August_2020_1.PDF,Financial Fraud,SCC 2010 1 72,,,UNRESOLVED
Avitel_Post_Studioz_Limited_And_Ors_vs_Hsbc_Pi_Holding_Mauritius_Limited_on_19_August_2020_1.PDF,Financial Fraud,SCC 2015 1 32,,,UNRESOLVED
Avitel_Post_Studioz_Limited_And_Ors_vs_Hsbc_Pi_Holding_Mauritius_Limited_on_19_August_2020_1.PDF,Financial Fraud,SCC 2014 6 677,,,UNRESOLVED
Avitel_Post_Studioz_Limited_And_Ors_vs_Hsbc_Pi_Holding_Mauritius_Limited_on_19_August_2020_1.PDF,Financial Fraud,SCC 2005 8 618,,,UNRESOLVED
Avitel_Post_Studioz_Limited_And_Ors_vs_Hsbc_Pi_Holding_Mauritius_Limited_on_19_August_2020_1.PDF,Financial Fraud,SCC 2010 1 72,,,UNRESOLVED
Avitel_Post_Studioz_Limited_And_Ors_vs_Hsbc_Pi_Holding_Mauritius_Limited_on_19_August_2020_1.PDF,Financial Fraud,SCC 2010 1 72,,,UNRESOLVED
Avitel_Post_Studioz_Limited_And_Ors_vs_Hsbc_Pi_Holding_Mauritius_Limited_on_19_August_2020_1.PDF,Financial Fraud,SCC 2010 1 72,,,UNRESOLVED
Avitel_Post_Studioz_Limited_And_Ors_vs_Hsbc_Pi_Holding_Mauritius_Limited_on_19_August_2020_1.PDF,Financial Fraud,SCC 2010 1 72,,,UNRESOLVED
Avitel_Post_Studioz_Limited_And_Ors_vs_Hsbc_Pi_Holding_Mauritius_Limited_on_19_August_2020_1.PDF,Financial Fraud,SCC 2010 1 72,,,UNRESOLVED
Avitel_Post_Studioz_Limited_And_Ors_vs_Hsbc_Pi_Holding_Mauritius_Limited_on_19_August_2020_1.PDF,Financial Fraud,SCC 2010 1 72,,,UNRESOLVED
Avitel_Post_Studioz_Limited_And_Ors_vs_Hsbc_Pi_Holding_Mauritius_Limited_on_19_August_2020_1.PDF,Financial Fraud,SCC 2010 1 72,,,UNRESOLVED
Avitel_Post_Studioz_Limited_And_Ors_vs_Hsbc_Pi_Holding_Mauritius_Limited_on_19_August_2020_1.PDF,Financial Fraud,SCC 2010 1 72,,,UNRESOLVED
Avitel_Post_Studioz_Limited_And_Ors_vs_Hsbc_Pi_Holding_Mauritius_Limited_on_19_August_2020_1.PDF,Financial Fraud,SCC 2018 15 678,,,UNRESOLVED
Avitel_Post_Studioz_Limited_And_Ors_vs_Hsbc_Pi_Holding_Mauritius_Limited_on_19_August_2020_1.PDF,Financial Fraud,SCC 2002 8 87,,,UNRESOLVED
Avitel_Post_Studioz_Limited_And_Ors_vs_Hsbc_Pi_Holding_Mauritius_Limited_on_19_August_2020_1.PDF,Financial Fraud,SCC 1995 5 767,V_M_Shah_vs_The_State_Of_Maharashtra_Anr_K_on_25_August_1995_1.PDF,,OUTSIDE_DOMAINS
Avitel_Post_Studioz_Limited_And_Ors_vs_Hsbc_Pi_Holding_Mauritius_Limited_on_19_August_2020_1.PDF,Financial Fraud,SCC 1995 5 767,V_M_Shah_vs_The_State_Of_Maharashtra_Anr_K_on_25_August_1995_1.PDF,,OUTSIDE_DOMAINS
Avitel_Post_Studioz_Limited_And_Ors_vs_Hsbc_Pi_Holding_Mauritius_Limited_on_19_August_2020_1.PDF,Financial Fraud,SCC 1995 5 767,V_M_Shah_vs_The_State_Of_Maharashtra_Anr_K_on_25_August_1995_1.PDF,,OUTSIDE_DOMAINS
Avitel_Post_Studioz_Limited_And_Ors_vs_Hsbc_Pi_Holding_Mauritius_Limited_on_19_August_2020_1.PDF,Financial Fraud,SCC 1970 3 694,Karam_Chand_Ganga_Prasad_And_Anr_vs_Union_Of_India_Uoi_And_Ors_on_12_October_1970_1.PDF,,OUTSIDE_DOMAINS
Avitel_Post_Studioz_Limited_And_Ors_vs_Hsbc_Pi_Holding_Mauritius_Limited_on_19_August_2020_1.PDF,Financial Fraud,SCC 2008 5 765,,,UNRESOLVED
Avitel_Post_Studioz_Limited_And_Ors_vs_Hsbc_Pi_Holding_Mauritius_Limited_on_19_August_2020_1.PDF,Financial Fraud,SCC 2005 4 370,,,UNRESOLVED
Avitel_Post_Studioz_Limited_And_Ors_vs_Hsbc_Pi_Holding_Mauritius_Limited_on_19_August_2020_1.PDF,Financial Fraud,SCC 2005 12 226,,,UNRESOLVED
Avitel_Post_Studioz_Limited_And_Ors_vs_Hsbc_Pi_Holding_Mauritius_Limited_on_19_August_2020_1.PDF,Financial Fraud,SCC 2009 5 528,,,UNRESOLVED
Avitel_Post_Studioz_Limited_And_Ors_vs_Hsbc_Pi_Holding_Mauritius_Limited_on_19_August_2020_1.PDF,Financial Fraud,SCC 2002 8 87,,,UNRESOLVED
Avitel_Post_Studioz_Limited_And_Ors_vs_Hsbc_Pi_Holding_Mauritius_Limited_on_19_August_2020_1.PDF,Financial Fraud,SCC 1970 3 694,Karam_Chand_Ganga_Prasad_And_Anr_vs_Union_Of_India_Uoi_And_Ors_on_12_October_1970_1.PDF,,OUTSIDE_DOMAINS
Avitel_Post_Studioz_Limited_And_Ors_vs_Hsbc_Pi_Holding_Mauritius_Limited_on_19_August_2020_1.PDF,Financial Fraud,SCC 2010 8 775,,,UNRESOLVED
Avitel_Post_Studioz_Limited_And_Ors_vs_Hsbc_Pi_Holding_Mauritius_Limited_on_19_August_2020_1.PDF,Financial Fraud,SCC 1995 5 767,V_M_Shah_vs_The_State_Of_Maharashtra_Anr_K_on_25_August_1995_1.PDF,,OUTSIDE_DOMAINS
Avitel_Post_Studioz_Limited_And_Ors_vs_Hsbc_Pi_Holding_Mauritius_Limited_on_19_August_2020_1.PDF,Financial Fraud,SCC 1995 5 767,V_M_Shah_vs_The_State_Of_Maharashtra_Anr_K_on_25_August_1995_1.PDF,,OUTSIDE_DOMAINS
Avitel_Post_Studioz_Limited_And_Ors_vs_Hsbc_Pi_Holding_Mauritius_Limited_on_19_August_2020_1.PDF,Financial Fraud,SCC 2002 8 87,,,UNRESOLVED
Avitel_Post_Studioz_Limited_And_Ors_vs_Hsbc_Pi_Holding_Mauritius_Limited_on_19_August_2020_1.PDF,Financial Fraud,SCC 1995 5 767,V_M_Shah_vs_The_State_Of_Maharashtra_Anr_K_on_25_August_1995_1.PDF,,OUTSIDE_DOMAINS
Avitel_Post_Studioz_Limited_And_Ors_vs_Hsbc_Pi_Holding_Mauritius_Limited_on_19_August_2020_1.PDF,Financial Fraud,SCC 2008 5 765,,,UNRESOLVED
Avitel_Post_Studioz_Limited_And_Ors_vs_Hsbc_Pi_Holding_Mauritius_Limited_on_19_August_2020_1.PDF,Financial Fraud,SCC 2005 4 370,,,UNRESOLVED
Avitel_Post_Studioz_Limited_And_Ors_vs_Hsbc_Pi_Holding_Mauritius_Limited_on_19_August_2020_1.PDF,Financial Fraud,SCC 2009 5 528,,,UNRESOLVED
Avitel_Post_Studioz_Limited_And_Ors_vs_Hsbc_Pi_Holding_Mauritius_Limited_on_19_August_2020_1.PDF,Financial Fraud,SCC 1970 3 694,Karam_Chand_Ganga_Prasad_And_Anr_vs_Union_Of_India_Uoi_And_Ors_on_12_October_1970_1.PDF,,OUTSIDE_DOMAINS
Avitel_Post_Studioz_Limited_And_Ors_vs_Hsbc_Pi_Holding_Mauritius_Limited_on_19_August_2020_1.PDF,Financial Fraud,SCC 2009 13 729,,,UNRESOLVED
Avitel_Post_Studioz_Limited_And_Ors_vs_Hsbc_Pi_Holding_Mauritius_Limited_on_19_August_2020_1.PDF,Financial Fraud,SCC 1970 3 694,Karam_Chand_Ganga_Prasad_And_Anr_vs_Union_Of_India_Uoi_And_Ors_on_12_October_1970_1.PDF,,OUTSIDE_DOMAINS
Avitel_Post_Studioz_Limited_And_Ors_vs_Hsbc_Pi_Holding_Mauritius_Limited_on_19_August_2020_1.PDF,Financial Fraud,SCC 2002 8 87,,,UNRESOLVED
Avitel_Post_Studioz_Limited_And_Ors_vs_Hsbc_Pi_Holding_Mauritius_Limited_on_19_August_2020_1.PDF,Financial Fraud,SCC 2013 7 622,,,UNRESOLVED
Avitel_Post_Studioz_Limited_And_Ors_vs_Hsbc_Pi_Holding_Mauritius_Limited_on_19_August_2020_1.PDF,Financial Fraud,SCC 2002 8 87,,,UNRESOLVED
Avitel_Post_Studioz_Limited_And_Ors_vs_Hsbc_Pi_Holding_Mauritius_Limited_on_19_August_2020_1.PDF,Financial Fraud,SCR 1962 3 702,,,UNRESOLVED
Avitel_Post_Studioz_Limited_And_Ors_vs_Hsbc_Pi_Holding_Mauritius_Limited_on_19_August_2020_1.PDF,Financial Fraud,SCR 1954 1144,,,UNRESOLVED
Avitel_Post_Studioz_Limited_And_Ors_vs_Hsbc_Pi_Holding_Mauritius_Limited_on_19_August_2020_1.PDF,Financial Fraud,SCR 1951 1,The_State_Of_Tripura_vs_The_Province_Of_East_Bengalunion_Of_on_4_December_1950_1.PDF,,OUTSIDE_DOMAINS
Dr_Nallapareddy_Sridhar_Reddy_vs_The_State_Of_Andhra_Pradesh_on_21_January_2020_1.PDF,Financial Fraud,SCC 2008 2 561,,,UNRESOLVED
Dr_Nallapareddy_Sridhar_Reddy_vs_The_State_Of_Andhra_Pradesh_on_21_January_2020_1.PDF,Financial Fraud,SCC 2000 4 168,,,UNRESOLVED
Dr_Nallapareddy_Sridhar_Reddy_vs_The_State_Of_Andhra_Pradesh_on_21_January_2020_1.PDF,Financial Fraud,SCC 2016 6 105,,,UNRESOLVED
Dr_Nallapareddy_Sridhar_Reddy_vs_The_State_Of_Andhra_Pradesh_on_21_January_2020_1.PDF,Financial Fraud,SCC 2010 9 368,,,UNRESOLVED
Dr_Nallapareddy_Sridhar_Reddy_vs_The_State_Of_Andhra_Pradesh_on_21_January_2020_1.PDF,Financial Fraud,SCC 2017 3 347,,,UNRESOLVED
Dr_Nallapareddy_Sridhar_Reddy_vs_The_State_Of_Andhra_Pradesh_on_21_January_2020_1.PDF,Financial Fraud,SCC 2016 6 105,,,UNRESOLVED
Dr_Nallapareddy_Sridhar_Reddy_vs_The_State_Of_Andhra_Pradesh_on_21_January_2020_1.PDF,Financial Fraud,SCC 2014 11 538,,,UNRESOLVED
Dr_Nallapareddy_Sridhar_Reddy_vs_The_State_Of_Andhra_Pradesh_on_21_January_2020_1.PDF,Financial Fraud,SCC 2013 7 256,,,UNRESOLVED
Dr_Nallapareddy_Sridhar_Reddy_vs_The_State_Of_Andhra_Pradesh_on_21_January_2020_1.PDF,Financial Fraud,SCC 2008 2 561,,,UNRESOLVED
D_Devaraja_vs_Owais_Sabeer_Hussain_on_18_June_2020_1.PDF,Financial Fraud,AIR 1963 SC 849,,,UNRESOLVED
D_Devaraja_vs_Owais_Sabeer_Hussain_on_18_June_2020_1.PDF,Financial Fraud,AIR 1966 SC 1786,,,UNRESOLVED
D_Devaraja_vs_Owais_Sabeer_Hussain_on_18_June_2020_1.PDF,Financial Fraud,AIR 1968 SC 1323,,,UNRESOLVED
D_Devaraja_vs_Owais_Sabeer_Hussain_on_18_June_2020_1.PDF,Financial Fraud,AIR 1964 SC 33,,,UNRESOLVED
D_Devaraja_vs_Owais_Sabeer_Hussain_on_18_June_2020_1.PDF,Financial Fraud,AIR 1956 SC 44,,,UNRESOLVED
D_Devaraja_vs_Owais_Sabeer_Hussain_on_18_June_2020_1.PDF,Financial Fraud,AIR 1955 SC 309,,,UNRESOLVED
D_Devaraja_vs_Owais_Sabeer_Hussain_on_18_June_2020_1.PDF,Financial Fraud,AIR 1939 FC 43,,,UNRESOLVED
D_Devaraja_vs_Owais_Sabeer_Hussain_on_18_June_2020_1.PDF,Financial Fraud,AIR 1947 FC 9,,,UNRESOLVED
D_Devaraja_vs_Owais_Sabeer_Hussain_on_18_June_2020_1.PDF,Financial Fraud,AIR 1948 PC 128,,,UNRESOLVED
D_Devaraja_vs_Owais_Sabeer_Hussain_on_18_June_2020_1.PDF,Financial Fraud,AIR 1955 SC 287,,,UNRESOLVED
D_Devaraja_vs_Owais_Sabeer_Hussain_on_18_June_2020_1.PDF,Financial Fraud,AIR 1967 SC 776,,,UNRESOLVED
D_Devaraja_vs_Owais_Sabeer_Hussain_on_18_June_2020_1.PDF,Financial Fraud,AIR 1960 SC 266,,,UNRESOLVED
D_Devaraja_vs_Owais_Sabeer_Hussain_on_18_June_2020_1.PDF,Financial Fraud,AIR 1948 PC 128,,,UNRESOLVED
D_Devaraja_vs_Owais_Sabeer_Hussain_on_18_June_2020_1.PDF,Financial Fraud,AIR 1947 FC 9,,,UNRESOLVED
D_Devaraja_vs_Owais_Sabeer_Hussain_on_18_June_2020_1.PDF,Financial Fraud,AIR 1955 SC 287,,,UNRESOLVED
D_Devaraja_vs_Owais_Sabeer_Hussain_on_18_June_2020_1.PDF,Financial Fraud,AIR 1955 SC 309,,,UNRESOLVED
D_Devaraja_vs_Owais_Sabeer_Hussain_on_18_June_2020_1.PDF,Financial Fraud,AIR 1956 SC 44,,,UNRESOLVED
D_Devaraja_vs_Owais_Sabeer_Hussain_on_18_June_2020_1.PDF,Financial Fraud,AIR 1956 SC 44,,,UNRESOLVED
D_Devaraja_vs_Owais_Sabeer_Hussain_on_18_June_2020_1.PDF,Financial Fraud,AIR 1939 FC 43,,,UNRESOLVED
D_Devaraja_vs_Owais_Sabeer_Hussain_on_18_June_2020_1.PDF,Financial Fraud,AIR 1939 FC 43,,,UNRESOLVED
D_Devaraja_vs_Owais_Sabeer_Hussain_on_18_June_2020_1.PDF,Financial Fraud,AIR 1956 SC 44,,,UNRESOLVED
D_Devaraja_vs_Owais_Sabeer_Hussain_on_18_June_2020_1.PDF,Financial Fraud,SCC 2015 12 231,,,UNRESOLVED
D_Devaraja_vs_Owais_Sabeer_Hussain_on_18_June_2020_1.PDF,Financial Fraud,SCC 2006 4 584,,,UNRESOLVED
D_Devaraja_vs_Owais_Sabeer_Hussain_on_18_June_2020_1.PDF,Financial Fraud,SCC 2000 6 195,,,UNRESOLVED
D_Devaraja_vs_Owais_Sabeer_Hussain_on_18_June_2020_1.PDF,Financial Fraud,SCC 2004 8 40,,,UNRESOLVED
D_Devaraja_vs_Owais_Sabeer_Hussain_on_18_June_2020_1.PDF,Financial Fraud,SCC 2016 12 87,,,UNRESOLVED
D_Devaraja_vs_Owais_Sabeer_Hussain_on_18_June_2020_1.PDF,Financial Fraud,SCC 2011 6 1,,,UNRESOLVED
D_Devaraja_vs_Owais_Sabeer_Hussain_on_18_June_2020_1.PDF,Financial Fraud,SCC 1987 4 663,,,UNRESOLVED
D_Devaraja_vs_Owais_Sabeer_Hussain_on_18_June_2020_1.PDF,Financial Fraud,SCC 2012 12 72,,,UNRESOLVED
D_Devaraja_vs_Owais_Sabeer_Hussain_on_18_June_2020_1.PDF,Financial Fraud,SCC 1973 2 701,,,UNRESOLVED
D_Devaraja_vs_Owais_Sabeer_Hussain_on_18_June_2020_1.PDF,Financial Fraud,SCC 1979 4 177,,,UNRESOLVED
D_Devaraja_vs_Owais_Sabeer_Hussain_on_18_June_2020_1.PDF,Financial Fraud,SCC 2004 8 40,,,UNRESOLVED
D_Devaraja_vs_Owais_Sabeer_Hussain_on_18_June_2020_1.PDF,Financial Fraud,SCC 2006 4 584,,,UNRESOLVED
D_Devaraja_vs_Owais_Sabeer_Hussain_on_18_June_2020_1.PDF,Financial Fraud,SCC 1973 2 701,,,UNRESOLVED
D_Devaraja_vs_Owais_Sabeer_Hussain_on_18_June_2020_1.PDF,Financial Fraud,SCC 1979 4 177,,,UNRESOLVED
D_Devaraja_vs_Owais_Sabeer_Hussain_on_18_June_2020_1.PDF,Financial Fraud,SCC 1987 4 663,,,UNRESOLVED
D_Devaraja_vs_Owais_Sabeer_Hussain_on_18_June_2020_1.PDF,Financial Fraud,SCC 2001 5 7,,,UNRESOLVED
D_Devaraja_vs_Owais_Sabeer_Hussain_on_18_June_2020_1.PDF,Financial Fraud,SCC 2000 6 195,,,UNRESOLVED
D_Devaraja_vs_Owais_Sabeer_Hussain_on_18_June_2020_1.PDF,Financial Fraud,SCC 1977 4 137,,,UNRESOLVED
D_Devaraja_vs_Owais_Sabeer_Hussain_on_18_June_2020_1.PDF,Financial Fraud,SCC 1977 4 551,,,UNRESOLVED
D_Devaraja_vs_Owais_Sabeer_Hussain_on_18_June_2020_1.PDF,Financial Fraud,SCC 1999 3 134,,,UNRESOLVED
D_Devaraja_vs_Owais_Sabeer_Hussain_on_18_June_2020_1.PDF,Financial Fraud,SCC 2005 1 122,,,UNRESOLVED
D_Devaraja_vs_Owais_Sabeer_Hussain_on_18_June_2020_1.PDF,Financial Fraud,SCC 2001 5 7,,,UNRESOLVED
Internet_And_Mobile_Association_Of_vs_Reserve_Bank_Of_India_on_4_March_2020_1.PDF,Financial Fraud,AIR 1961 SC 751,,,UNRESOLVED
Internet_And_Mobile_Association_Of_vs_Reserve_Bank_Of_India_on_4_March_2020_1.PDF,Financial Fraud,AIR 1984 AP 75,,,UNRESOLVED
Internet_And_Mobile_Association_Of_vs_Reserve_Bank_Of_India_on_4_March_2020_1.PDF,Financial Fraud,AIR 1964 SC 648,,,UNRESOLVED
Internet_And_Mobile_Association_Of_vs_Reserve_Bank_Of_India_on_4_March_2020_1.PDF,Financial Fraud,SCC 1999 3 346,,,UNRESOLVED
Internet_And_Mobile_Association_Of_vs_Reserve_Bank_Of_India_on_4_March_2020_1.PDF,Financial Fraud,SCC 2006 5 624,,,UNRESOLVED
Internet_And_Mobile_Association_Of_vs_Reserve_Bank_Of_India_on_4_March_2020_1.PDF,Financial Fraud,SCC 2015 4 770,,,UNRESOLVED
Internet_And_Mobile_Association_Of_vs_Reserve_Bank_Of_India_on_4_March_2020_1.PDF,Financial Fraud,SCC 2019 2 104,,,UNRESOLVED
Internet_And_Mobile_Association_Of_vs_Reserve_Bank_Of_India_on_4_March_2020_1.PDF,Financial Fraud,SCC 2004 7 68,,,UNRESOLVED
Internet_And_Mobile_Association_Of_vs_Reserve_Bank_Of_India_on_4_March_2020_1.PDF,Financial Fraud,SCC 1995 1 574,Khoday_Distilleries_Ltd_vs_State_Of_Karnataka_on_19_October_1994_1.PDF,,OUTSIDE_DOMAINS
Internet_And_Mobile_Association_Of_vs_Reserve_Bank_Of_India_on_4_March_2020_1.PDF,Financial Fraud,SCC 2005 12 77,,,UNRESOLVED
Internet_And_Mobile_Association_Of_vs_Reserve_Bank_Of_India_on_4_March_2020_1.PDF,Financial Fraud,SCC 1987 2 720,,,UNRESOLVED
Internet_And_Mobile_Association_Of_vs_Reserve_Bank_Of_India_on_4_March_2020_1.PDF,Financial Fraud,SCC 2003 3 321,,,UNRESOLVED
Internet_And_Mobile_Association_Of_vs_Reserve_Bank_Of_India_on_4_March_2020_1.PDF,Financial Fraud,SCC 2007 10 306,,,UNRESOLVED
Internet_And_Mobile_Association_Of_vs_Reserve_Bank_Of_India_on_4_March_2020_1.PDF,Financial Fraud,SCC 1992 2 343,,,UNRESOLVED
Internet_And_Mobile_Association_Of_vs_Reserve_Bank_Of_India_on_4_March_2020_1.PDF,Financial Fraud,SCC 2010 10 1,,,UNRESOLVED
Internet_And_Mobile_Association_Of_vs_Reserve_Bank_Of_India_on_4_March_2020_1.PDF,Financial Fraud,SCC 1990 3 223,,,UNRESOLVED
Internet_And_Mobile_Association_Of_vs_Reserve_Bank_Of_India_on_4_March_2020_1.PDF,Financial Fraud,SCC 2006 10 645,,,UNRESOLVED
Internet_And_Mobile_Association_Of_vs_Reserve_Bank_Of_India_on_4_March_2020_1.PDF,Financial Fraud,SCC 1980 2 471,,,UNRESOLVED
Internet_And_Mobile_Association_Of_vs_Reserve_Bank_Of_India_on_4_March_2020_1.PDF,Financial Fraud,SCC 1985 3 1,,,UNRESOLVED
Internet_And_Mobile_Association_Of_vs_Reserve_Bank_Of_India_on_4_March_2020_1.PDF,Financial Fraud,SCC 2010 9 437,,,UNRESOLVED
Internet_And_Mobile_Association_Of_vs_Reserve_Bank_Of_India_on_4_March_2020_1.PDF,Financial Fraud,SCC 2009 6 171,,,UNRESOLVED
Internet_And_Mobile_Association_Of_vs_Reserve_Bank_Of_India_on_4_March_2020_1.PDF,Financial Fraud,SCC 2012 13 61,,,UNRESOLVED
Internet_And_Mobile_Association_Of_vs_Reserve_Bank_Of_India_on_4_March_2020_1.PDF,Financial Fraud,SCC 1987 3 279,,,UNRESOLVED
Internet_And_Mobile_Association_Of_vs_Reserve_Bank_Of_India_on_4_March_2020_1.PDF,Financial Fraud,SCC 1978 1 405,,,UNRESOLVED
Internet_And_Mobile_Association_Of_vs_Reserve_Bank_Of_India_on_4_March_2020_1.PDF,Financial Fraud,SCC 2010 6 614,,,UNRESOLVED
Internet_And_Mobile_Association_Of_vs_Reserve_Bank_Of_India_on_4_March_2020_1.PDF,Financial Fraud,SCC 2014 13 692,,,UNRESOLVED
Internet_And_Mobile_Association_Of_vs_Reserve_Bank_Of_India_on_4_March_2020_1.PDF,Financial Fraud,SCC 1981 4 675,R_K_Garg_And_Ors_vs_Union_Of_India_Uoi_And_Ors_on_13_November_1981_1.PDF,Organized Crime / Extortion,CROSS_DOMAIN
Internet_And_Mobile_Association_Of_vs_Reserve_Bank_Of_India_on_4_March_2020_1.PDF,Financial Fraud,SCC 2002 2 333,,,UNRESOLVED
Internet_And_Mobile_Association_Of_vs_Reserve_Bank_Of_India_on_4_March_2020_1.PDF,Financial Fraud,SCC 2019 4 17,,,UNRESOLVED
Internet_And_Mobile_Association_Of_vs_Reserve_Bank_Of_India_on_4_March_2020_1.PDF,Financial Fraud,SCC 1974 4 656,,,UNRESOLVED
Internet_And_Mobile_Association_Of_vs_Reserve_Bank_Of_India_on_4_March_2020_1.PDF,Financial Fraud,SCC 1975 1 375,,,UNRESOLVED
Internet_And_Mobile_Association_Of_vs_Reserve_Bank_Of_India_on_4_March_2020_1.PDF,Financial Fraud,SCC 1986 4 566,,,UNRESOLVED
Internet_And_Mobile_Association_Of_vs_Reserve_Bank_Of_India_on_4_March_2020_1.PDF,Financial Fraud,SCC 1993 2 582,T_Velayudhan_Achari_And_Anr_vs_Union_Of_India_And_Others_on_5_February_1993_1.PDF,,OUTSIDE_DOMAINS
Internet_And_Mobile_Association_Of_vs_Reserve_Bank_Of_India_on_4_March_2020_1.PDF,Financial Fraud,SCC 1996 2 405,Delhi_Science_Fortum_Ors_vs_Union_Of_India_Anr_on_19_February_1996_1.PDF,,OUTSIDE_DOMAINS
Internet_And_Mobile_Association_Of_vs_Reserve_Bank_Of_India_on_4_March_2020_1.PDF,Financial Fraud,SCC 2000 5 471,,,UNRESOLVED
Internet_And_Mobile_Association_Of_vs_Reserve_Bank_Of_India_on_4_March_2020_1.PDF,Financial Fraud,SCC 2001 3 635,,,UNRESOLVED
Internet_And_Mobile_Association_Of_vs_Reserve_Bank_Of_India_on_4_March_2020_1.PDF,Financial Fraud,SCC 2008 4 720,,,UNRESOLVED
Internet_And_Mobile_Association_Of_vs_Reserve_Bank_Of_India_on_4_March_2020_1.PDF,Financial Fraud,SCC 2009 7 561,,,UNRESOLVED
Internet_And_Mobile_Association_Of_vs_Reserve_Bank_Of_India_on_4_March_2020_1.PDF,Financial Fraud,SCC 2016 2 226,,,UNRESOLVED
Internet_And_Mobile_Association_Of_vs_Reserve_Bank_Of_India_on_4_March_2020_1.PDF,Financial Fraud,SCC 2018 11 260,,,UNRESOLVED
Internet_And_Mobile_Association_Of_vs_Reserve_Bank_Of_India_on_4_March_2020_1.PDF,Financial Fraud,SCC 2019 8 416,,,UNRESOLVED
Internet_And_Mobile_Association_Of_vs_Reserve_Bank_Of_India_on_4_March_2020_1.PDF,Financial Fraud,SCC 1972 2 788,,,UNRESOLVED
Internet_And_Mobile_Association_Of_vs_Reserve_Bank_Of_India_on_4_March_2020_1.PDF,Financial Fraud,SCC 1969 1 853,,,UNRESOLVED
Internet_And_Mobile_Association_Of_vs_Reserve_Bank_Of_India_on_4_March_2020_1.PDF,Financial Fraud,SCC 2016 7 353,,,UNRESOLVED
Internet_And_Mobile_Association_Of_vs_Reserve_Bank_Of_India_on_4_March_2020_1.PDF,Financial Fraud,SCC 2013 8 519,,,UNRESOLVED
Internet_And_Mobile_Association_Of_vs_Reserve_Bank_Of_India_on_4_March_2020_1.PDF,Financial Fraud,SCR 1958 1102,The_Central_India_Spinning_Andweaving_vs_The_Municipal_Committee_Wardha_on_18_December_1957_1.PDF,,OUTSIDE_DOMAINS
Internet_And_Mobile_Association_Of_vs_Reserve_Bank_Of_India_on_4_March_2020_1.PDF,Financial Fraud,SCR 1952 572,Mohammad_Yasin_vs_The_Town_Area_Committee_Jalalabad_And_on_27_February_1952_1.PDF,,OUTSIDE_DOMAINS
Internet_And_Mobile_Association_Of_vs_Reserve_Bank_Of_India_on_4_March_2020_1.PDF,Financial Fraud,SCR 1986 1 103,,,UNRESOLVED
Internet_And_Mobile_Association_Of_vs_Reserve_Bank_Of_India_on_4_March_2020_1.PDF,Financial Fraud,SCR 1986 2 713,,,UNRESOLVED
Internet_And_Mobile_Association_Of_vs_Reserve_Bank_Of_India_on_4_March_2020_1.PDF,Financial Fraud,SCR 2009 2 567,,,UNRESOLVED
Kaushik_Chaterjee_vs_State_Of_Haryana_on_30_September_2020_1.PDF,Financial Fraud,AIR 1964 SC 1673,,,UNRESOLVED
Kaushik_Chaterjee_vs_State_Of_Haryana_on_30_September_2020_1.PDF,Financial Fraud,AIR 1977 SC 1101,,,UNRESOLVED
Kaushik_Chaterjee_vs_State_Of_Haryana_on_30_September_2020_1.PDF,Financial Fraud,AIR 1961 SC 1589,Purushottamdas_Dalmia_vs_The_State_Of_West_Bengal_on_19_April_1961_1.PDF,Financial Fraud,INTERNAL
Madras_Bar_Association_vs_Union_Of_India_on_27_November_2020_1.PDF,Financial Fraud,SCC 2020 6 1,,,UNRESOLVED
Madras_Bar_Association_vs_Union_Of_India_on_27_November_2020_1.PDF,Financial Fraud,SCC 1987 1 124,,,UNRESOLVED
Madras_Bar_Association_vs_Union_Of_India_on_27_November_2020_1.PDF,Financial Fraud,SCC 1997 3 261,,,UNRESOLVED
Madras_Bar_Association_vs_Union_Of_India_on_27_November_2020_1.PDF,Financial Fraud,SCC 2010 11 1,,,UNRESOLVED
Madras_Bar_Association_vs_Union_Of_India_on_27_November_2020_1.PDF,Financial Fraud,SCC 2014 10 1,,,UNRESOLVED
Madras_Bar_Association_vs_Union_Of_India_on_27_November_2020_1.PDF,Financial Fraud,SCC 2015 8 583,,,UNRESOLVED
Madras_Bar_Association_vs_Union_Of_India_on_27_November_2020_1.PDF,Financial Fraud,SCC 2020 6 1,,,UNRESOLVED
Madras_Bar_Association_vs_Union_Of_India_on_27_November_2020_1.PDF,Financial Fraud,SCC 2010 11 1,,,UNRESOLVED
Madras_Bar_Association_vs_Union_Of_India_on_27_November_2020_1.PDF,Financial Fraud,SCC 2014 10 1,,,UNRESOLVED
Madras_Bar_Association_vs_Union_Of_India_on_27_November_2020_1.PDF,Financial Fraud,SCC 2018 16 341,,,UNRESOLVED
Madras_Bar_Association_vs_Union_Of_India_on_27_November_2020_1.PDF,Financial Fraud,SCC 2014 16 623,,,UNRESOLVED
Madras_Bar_Association_vs_Union_Of_India_on_27_November_2020_1.PDF,Financial Fraud,SCC 1976 3 37,,,UNRESOLVED
Madras_Bar_Association_vs_Union_Of_India_on_27_November_2020_1.PDF,Financial Fraud,SCC 1969 2 351,,,UNRESOLVED
Madras_Bar_Association_vs_Union_Of_India_on_27_November_2020_1.PDF,Financial Fraud,SCC 1976 3 37,,,UNRESOLVED
Madras_Bar_Association_vs_Union_Of_India_on_27_November_2020_1.PDF,Financial Fraud,SCR 1956 267,Bidi_Supply_Co_vs_The_Union_Of_India_And_Others_on_20_March_1956_1.PDF,,OUTSIDE_DOMAINS
M_E_Shivalingamurthy_vs_Central_Bureau_Of_Investigation_on_7_January_2020_1.PDF,Financial Fraud,AIR 1979 SC 366,Union_Of_India_Uoi_vs_Prafulla_Kumar_Samal_And_Anr_on_6_November_1978_1.PDF,,OUTSIDE_DOMAINS
M_E_Shivalingamurthy_vs_Central_Bureau_Of_Investigation_on_7_January_2020_1.PDF,Financial Fraud,AIR 1995 SC 1954,,,UNRESOLVED
M_E_Shivalingamurthy_vs_Central_Bureau_Of_Investigation_on_7_January_2020_1.PDF,Financial Fraud,AIR 2005 SC 359,,,UNRESOLVED
M_E_Shivalingamurthy_vs_Central_Bureau_Of_Investigation_on_7_January_2020_1.PDF,Financial Fraud,SCC 2010 2 398,,,UNRESOLVED
M_S_Bandekar_Brothers_Pvt_Ltd_vs_Prasad_Vassudev_Keni_on_2_September_2020_1.PDF,Financial Fraud,AIR 1955 MAD 237,,,UNRESOLVED
M_S_Bandekar_Brothers_Pvt_Ltd_vs_Prasad_Vassudev_Keni_on_2_September_2020_1.PDF,Financial Fraud,AIR 1963 SC 1572,,,UNRESOLVED
M_S_Bandekar_Brothers_Pvt_Ltd_vs_Prasad_Vassudev_Keni_on_2_September_2020_1.PDF,Financial Fraud,SCC 2005 4 370,,,UNRESOLVED
M_S_Bandekar_Brothers_Pvt_Ltd_vs_Prasad_Vassudev_Keni_on_2_September_2020_1.PDF,Financial Fraud,SCC 1996 3 533,Surjit_Singh_Ors_vs_Balbir_Singh_on_29_February_1996_1.PDF,Financial Fraud,INTERNAL
M_S_Bandekar_Brothers_Pvt_Ltd_vs_Prasad_Vassudev_Keni_on_2_September_2020_1.PDF,Financial Fraud,SCC 1971 2 376,,,UNRESOLVED
M_S_Bandekar_Brothers_Pvt_Ltd_vs_Prasad_Vassudev_Keni_on_2_September_2020_1.PDF,Financial Fraud,SCC 1995 2 665,,,UNRESOLVED
M_S_Bandekar_Brothers_Pvt_Ltd_vs_Prasad_Vassudev_Keni_on_2_September_2020_1.PDF,Financial Fraud,SCC 1996 3 533,Surjit_Singh_Ors_vs_Balbir_Singh_on_29_February_1996_1.PDF,Financial Fraud,INTERNAL
M_S_Bandekar_Brothers_Pvt_Ltd_vs_Prasad_Vassudev_Keni_on_2_September_2020_1.PDF,Financial Fraud,SCC 1998 2 493,,,UNRESOLVED
M_S_Bandekar_Brothers_Pvt_Ltd_vs_Prasad_Vassudev_Keni_on_2_September_2020_1.PDF,Financial Fraud,SCC 1998 2 493,,,UNRESOLVED
M_S_Bandekar_Brothers_Pvt_Ltd_vs_Prasad_Vassudev_Keni_on_2_September_2020_1.PDF,Financial Fraud,SCC 1998 2 493,,,UNRESOLVED
M_S_Bandekar_Brothers_Pvt_Ltd_vs_Prasad_Vassudev_Keni_on_2_September_2020_1.PDF,Financial Fraud,SCC 2009 15 519,,,UNRESOLVED
M_S_Bandekar_Brothers_Pvt_Ltd_vs_Prasad_Vassudev_Keni_on_2_September_2020_1.PDF,Financial Fraud,SCC 2013 11 559,,,UNRESOLVED
M_S_Bandekar_Brothers_Pvt_Ltd_vs_Prasad_Vassudev_Keni_on_2_September_2020_1.PDF,Financial Fraud,SCC 2014 13 539,,,UNRESOLVED
M_S_Bandekar_Brothers_Pvt_Ltd_vs_Prasad_Vassudev_Keni_on_2_September_2020_1.PDF,Financial Fraud,SCC 2018 5 422,,,UNRESOLVED
M_S_Bandekar_Brothers_Pvt_Ltd_vs_Prasad_Vassudev_Keni_on_2_September_2020_1.PDF,Financial Fraud,SCC 2015 15 729,,,UNRESOLVED
M_S_Bandekar_Brothers_Pvt_Ltd_vs_Prasad_Vassudev_Keni_on_2_September_2020_1.PDF,Financial Fraud,SCC 2019 3 318,,,UNRESOLVED
M_S_Bandekar_Brothers_Pvt_Ltd_vs_Prasad_Vassudev_Keni_on_2_September_2020_1.PDF,Financial Fraud,SCC 1998 2 493,,,UNRESOLVED
M_S_Bandekar_Brothers_Pvt_Ltd_vs_Prasad_Vassudev_Keni_on_2_September_2020_1.PDF,Financial Fraud,SCC 1998 2 493,,,UNRESOLVED
M_S_Bandekar_Brothers_Pvt_Ltd_vs_Prasad_Vassudev_Keni_on_2_September_2020_1.PDF,Financial Fraud,SCC 1981 2 185,,,UNRESOLVED
M_S_Bandekar_Brothers_Pvt_Ltd_vs_Prasad_Vassudev_Keni_on_2_September_2020_1.PDF,Financial Fraud,SCC 2009 7 495,,,UNRESOLVED
M_S_Bandekar_Brothers_Pvt_Ltd_vs_Prasad_Vassudev_Keni_on_2_September_2020_1.PDF,Financial Fraud,SCC 2009 8 751,,,UNRESOLVED
M_S_Bandekar_Brothers_Pvt_Ltd_vs_Prasad_Vassudev_Keni_on_2_September_2020_1.PDF,Financial Fraud,SCC 2009 15 643,,,UNRESOLVED
M_S_Bandekar_Brothers_Pvt_Ltd_vs_Prasad_Vassudev_Keni_on_2_September_2020_1.PDF,Financial Fraud,SCC 2012 5 536,,,UNRESOLVED
M_S_Bandekar_Brothers_Pvt_Ltd_vs_Prasad_Vassudev_Keni_on_2_September_2020_1.PDF,Financial Fraud,SCC 1998 2 493,,,UNRESOLVED
M_S_Bandekar_Brothers_Pvt_Ltd_vs_Prasad_Vassudev_Keni_on_2_September_2020_1.PDF,Financial Fraud,SCC 2011 10 696,,,UNRESOLVED
M_S_Bandekar_Brothers_Pvt_Ltd_vs_Prasad_Vassudev_Keni_on_2_September_2020_1.PDF,Financial Fraud,SCC 2002 7 649,,,UNRESOLVED
M_S_Bandekar_Brothers_Pvt_Ltd_vs_Prasad_Vassudev_Keni_on_2_September_2020_1.PDF,Financial Fraud,SCR 1964 4 957,,,UNRESOLVED
M_S_Bandekar_Brothers_Pvt_Ltd_vs_Prasad_Vassudev_Keni_on_2_September_2020_1.PDF,Financial Fraud,SCR 1966 1 493,,,UNRESOLVED
M_S_Bandekar_Brothers_Pvt_Ltd_vs_Prasad_Vassudev_Keni_on_2_September_2020_1.PDF,Financial Fraud,SCR 1966 3 552,,,UNRESOLVED
M_S_Bandekar_Brothers_Pvt_Ltd_vs_Prasad_Vassudev_Keni_on_2_September_2020_1.PDF,Financial Fraud,SCR 1967 3 828,,,UNRESOLVED
M_S_Bandekar_Brothers_Pvt_Ltd_vs_Prasad_Vassudev_Keni_on_2_September_2020_1.PDF,Financial Fraud,SCR 1953 836,Basir_Ul_Huq_And_Others_vs_The_State_Of_West_on_10_April_1953_1.PDF,Financial Fraud,INTERNAL
M_S_Kaledonia_Jute_And_Fibres_Pvt_Ltd_vs_M_S_Axis_Nirman_And_Industries_Ltd_on_19_November_2020_1.PDF,Financial Fraud,SCR 2019 2 477,,,UNRESOLVED
M_S_New_Era_Fabrics_Ltd_vs_Bhanumati_Keshrichand_Jhaveri_on_3_March_2020_1.PDF,Financial Fraud,SCC 2001 5 289,,,UNRESOLVED
Padum_Kumar_vs_The_State_Of_Uttar_Pradesh_on_14_January_2020_1.PDF,Financial Fraud,AIR 1957 SC 381,Ram_Chandra_And_Anr_vs_State_Of_Uttar_Pradesh_on_26_November_1956_1.PDF,Organized Crime / Extortion; Violent Crime / Homicide,CROSS_DOMAIN
Padum_Kumar_vs_The_State_Of_Uttar_Pradesh_on_14_January_2020_1.PDF,Financial Fraud,AIR 1963 SC 1728,,,UNRESOLVED
Padum_Kumar_vs_The_State_Of_Uttar_Pradesh_on_14_January_2020_1.PDF,Financial Fraud,AIR 1964 SC 529,,,UNRESOLVED
Padum_Kumar_vs_The_State_Of_Uttar_Pradesh_on_14_January_2020_1.PDF,Financial Fraud,AIR 1967 SC 1326,,,UNRESOLVED
Padum_Kumar_vs_The_State_Of_Uttar_Pradesh_on_14_January_2020_1.PDF,Financial Fraud,SCC 1996 4 596,S_Gopal_Reddy_vs_State_Of_Andhra_Pradesh_on_11_July_1996_1.PDF,Organized Crime / Extortion,CROSS_DOMAIN
Padum_Kumar_vs_The_State_Of_Uttar_Pradesh_on_14_January_2020_1.PDF,Financial Fraud,SCC 1977 2 210,,,UNRESOLVED
Padum_Kumar_vs_The_State_Of_Uttar_Pradesh_on_14_January_2020_1.PDF,Financial Fraud,SCC 1977 2 210,,,UNRESOLVED
Padum_Kumar_vs_The_State_Of_Uttar_Pradesh_on_14_January_2020_1.PDF,Financial Fraud,SCC 1980 1 704,,,UNRESOLVED
Rhea_Chakraborty_vs_The_State_Of_Bihar_on_19_August_2020_1.PDF,Financial Fraud,SCC 1978 2 35,,,UNRESOLVED
Rhea_Chakraborty_vs_The_State_Of_Bihar_on_19_August_2020_1.PDF,Financial Fraud,SCC 2016 9 1,,,UNRESOLVED
Rhea_Chakraborty_vs_The_State_Of_Bihar_on_19_August_2020_1.PDF,Financial Fraud,SCC 2014 2 1,,,UNRESOLVED
Rhea_Chakraborty_vs_The_State_Of_Bihar_on_19_August_2020_1.PDF,Financial Fraud,SCC 1999 8 728,,,UNRESOLVED
Rhea_Chakraborty_vs_The_State_Of_Bihar_on_19_August_2020_1.PDF,Financial Fraud,SCC 2004 8 100,,,UNRESOLVED
Rhea_Chakraborty_vs_The_State_Of_Bihar_on_19_August_2020_1.PDF,Financial Fraud,SCC 2007 5 786,,,UNRESOLVED
Rhea_Chakraborty_vs_The_State_Of_Bihar_on_19_August_2020_1.PDF,Financial Fraud,SCC 2008 8 300,,,UNRESOLVED
Rhea_Chakraborty_vs_The_State_Of_Bihar_on_19_August_2020_1.PDF,Financial Fraud,SCC 2010 1 1,,,UNRESOLVED
Rhea_Chakraborty_vs_The_State_Of_Bihar_on_19_August_2020_1.PDF,Financial Fraud,SCC 2012 3 132,,,UNRESOLVED
Rhea_Chakraborty_vs_The_State_Of_Bihar_on_19_August_2020_1.PDF,Financial Fraud,SCC 1985 1 317,,,UNRESOLVED
Rhea_Chakraborty_vs_The_State_Of_Bihar_on_19_August_2020_1.PDF,Financial Fraud,SCC 2010 3 571,,,UNRESOLVED
Rhea_Chakraborty_vs_The_State_Of_Bihar_on_19_August_2020_1.PDF,Financial Fraud,SCC 2013 12 480,,,UNRESOLVED
Rhea_Chakraborty_vs_The_State_Of_Bihar_on_19_August_2020_1.PDF,Financial Fraud,SCC 2008 8 781,,,UNRESOLVED
Shri_Ram_Sahu_Dead_Through_Lrs_vs_Vinod_Kumar_Rawat_on_3_November_2020_1.PDF,Financial Fraud,AIR 1979 SC 1047,Babboo_Alias_Kalyandas_And_Ors_vs_State_Of_Madhya_Pradesh_on_3_November_1978_1.PDF,Violent Crime / Homicide,CROSS_DOMAIN
Shri_Ram_Sahu_Dead_Through_Lrs_vs_Vinod_Kumar_Rawat_on_3_November_2020_1.PDF,Financial Fraud,AIR 1963 SC 1909,,,UNRESOLVED
Shri_Ram_Sahu_Dead_Through_Lrs_vs_Vinod_Kumar_Rawat_on_3_November_2020_1.PDF,Financial Fraud,AIR 1960 SC 137,Satyanarayan_Laxminarayan_Hegde_And_vs_Millikarjun_Bhavanappa_Tirumale_on_25_September_1959_1.PDF,,OUTSIDE_DOMAINS
Shri_Ram_Sahu_Dead_Through_Lrs_vs_Vinod_Kumar_Rawat_on_3_November_2020_1.PDF,Financial Fraud,AIR 1922 PC 112,,,UNRESOLVED
Shri_Ram_Sahu_Dead_Through_Lrs_vs_Vinod_Kumar_Rawat_on_3_November_2020_1.PDF,Financial Fraud,AIR 1954 SC 526,,,UNRESOLVED
Shri_Ram_Sahu_Dead_Through_Lrs_vs_Vinod_Kumar_Rawat_on_3_November_2020_1.PDF,Financial Fraud,AIR 1954 SC 440,,,UNRESOLVED
Shri_Ram_Sahu_Dead_Through_Lrs_vs_Vinod_Kumar_Rawat_on_3_November_2020_1.PDF,Financial Fraud,AIR 1955 SC 233,,,UNRESOLVED
Shri_Ram_Sahu_Dead_Through_Lrs_vs_Vinod_Kumar_Rawat_on_3_November_2020_1.PDF,Financial Fraud,AIR 1964 SC 1372,,,UNRESOLVED
Shri_Ram_Sahu_Dead_Through_Lrs_vs_Vinod_Kumar_Rawat_on_3_November_2020_1.PDF,Financial Fraud,SCC 2015 3 624,,,UNRESOLVED
Shri_Ram_Sahu_Dead_Through_Lrs_vs_Vinod_Kumar_Rawat_on_3_November_2020_1.PDF,Financial Fraud,SCC 2009 5 136,,,UNRESOLVED
Shri_Ram_Sahu_Dead_Through_Lrs_vs_Vinod_Kumar_Rawat_on_3_November_2020_1.PDF,Financial Fraud,SCC 2003 7 52,,,UNRESOLVED
Shri_Ram_Sahu_Dead_Through_Lrs_vs_Vinod_Kumar_Rawat_on_3_November_2020_1.PDF,Financial Fraud,SCC 2006 4 78,,,UNRESOLVED
Shri_Ram_Sahu_Dead_Through_Lrs_vs_Vinod_Kumar_Rawat_on_3_November_2020_1.PDF,Financial Fraud,SCC 1995 1 170,Meera_Bhanja_vs_Nirmala_Kumari_Choudhury_on_16_November_1994_1.PDF,,OUTSIDE_DOMAINS
Shri_Ram_Sahu_Dead_Through_Lrs_vs_Vinod_Kumar_Rawat_on_3_November_2020_1.PDF,Financial Fraud,SCC 1979 4 389,Aribam_Tuleshwar_Sharma_vs_Aribam_Pishak_Sharma_And_Ors_on_25_January_1979_1.PDF,,OUTSIDE_DOMAINS
Shri_Ram_Sahu_Dead_Through_Lrs_vs_Vinod_Kumar_Rawat_on_3_November_2020_1.PDF,Financial Fraud,SCC 1997 8 715,,,UNRESOLVED
Shri_Ram_Sahu_Dead_Through_Lrs_vs_Vinod_Kumar_Rawat_on_3_November_2020_1.PDF,Financial Fraud,SCC 2009 14 663,,,UNRESOLVED
Shri_Ram_Sahu_Dead_Through_Lrs_vs_Vinod_Kumar_Rawat_on_3_November_2020_1.PDF,Financial Fraud,SCC 1971 3 844,Patel_Narshi_Thakershi_And_Ors_vs_Shri_Pradyumansinghji_Arjunsinghji_on_2_March_1970_1.PDF,,OUTSIDE_DOMAINS
Shri_Ram_Sahu_Dead_Through_Lrs_vs_Vinod_Kumar_Rawat_on_3_November_2020_1.PDF,Financial Fraud,SCC 1995 1 170,Meera_Bhanja_vs_Nirmala_Kumari_Choudhury_on_16_November_1994_1.PDF,,OUTSIDE_DOMAINS
Shri_Ram_Sahu_Dead_Through_Lrs_vs_Vinod_Kumar_Rawat_on_3_November_2020_1.PDF,Financial Fraud,SCC 2008 8 612,,,UNRESOLVED
Shri_Ram_Sahu_Dead_Through_Lrs_vs_Vinod_Kumar_Rawat_on_3_November_2020_1.PDF,Financial Fraud,SCC 1997 6 473,,,UNRESOLVED
Shri_Ram_Sahu_Dead_Through_Lrs_vs_Vinod_Kumar_Rawat_on_3_November_2020_1.PDF,Financial Fraud,SCC 1998 4 447,,,UNRESOLVED
Shri_Ram_Sahu_Dead_Through_Lrs_vs_Vinod_Kumar_Rawat_on_3_November_2020_1.PDF,Financial Fraud,SCC 1999 9 596,,,UNRESOLVED
Shri_Ram_Sahu_Dead_Through_Lrs_vs_Vinod_Kumar_Rawat_on_3_November_2020_1.PDF,Financial Fraud,SCC 2007 1 457,,,UNRESOLVED
Shri_Ram_Sahu_Dead_Through_Lrs_vs_Vinod_Kumar_Rawat_on_3_November_2020_1.PDF,Financial Fraud,SCC 2007 9 369,,,UNRESOLVED
Sushil_Sethi_vs_The_State_Of_Arunachal_Pradesh_on_31_January_2020_1.PDF,Financial Fraud,SCC 2003 5 257,,,UNRESOLVED
Sushil_Sethi_vs_The_State_Of_Arunachal_Pradesh_on_31_January_2020_1.PDF,Financial Fraud,SCC 2006 6 736,,,UNRESOLVED
Sushil_Sethi_vs_The_State_Of_Arunachal_Pradesh_on_31_January_2020_1.PDF,Financial Fraud,SCC 2009 3 78,,,UNRESOLVED
Sushil_Sethi_vs_The_State_Of_Arunachal_Pradesh_on_31_January_2020_1.PDF,Financial Fraud,SCC 2015 8 293,,,UNRESOLVED
Sushil_Sethi_vs_The_State_Of_Arunachal_Pradesh_on_31_January_2020_1.PDF,Financial Fraud,SCC 2015 12 781,,,UNRESOLVED
Sushil_Sethi_vs_The_State_Of_Arunachal_Pradesh_on_31_January_2020_1.PDF,Financial Fraud,SCC 1996 5 591,,,UNRESOLVED
Sushil_Sethi_vs_The_State_Of_Arunachal_Pradesh_on_31_January_2020_1.PDF,Financial Fraud,SCC 2002 2 697,,,UNRESOLVED
Sushil_Sethi_vs_The_State_Of_Arunachal_Pradesh_on_31_January_2020_1.PDF,Financial Fraud,SCC 2011 7 59,,,UNRESOLVED
Sushil_Sethi_vs_The_State_Of_Arunachal_Pradesh_on_31_January_2020_1.PDF,Financial Fraud,SCC 2007 12 1,,,UNRESOLVED
Sushil_Sethi_vs_The_State_Of_Arunachal_Pradesh_on_31_January_2020_1.PDF,Financial Fraud,SCC 2008 5 668,,,UNRESOLVED
The_State_Of_Punjab_vs_Jasbir_Singh_on_26_February_2020_1.PDF,Financial Fraud,SCC 2002 1 253,,,UNRESOLVED
The_State_Of_Punjab_vs_Jasbir_Singh_on_26_February_2020_1.PDF,Financial Fraud,SCC 2017 1 113,,,UNRESOLVED
The_State_Of_Punjab_vs_Jasbir_Singh_on_26_February_2020_1.PDF,Financial Fraud,SCC 2010 15 290,,,UNRESOLVED
The_State_Of_Punjab_vs_Jasbir_Singh_on_26_February_2020_1.PDF,Financial Fraud,SCC 2002 1 253,,,UNRESOLVED
The_State_Of_Punjab_vs_Jasbir_Singh_on_26_February_2020_1.PDF,Financial Fraud,SCC 2005 4 370,,,UNRESOLVED
Ajay_Kumar_Bittu_vs_The_State_Of_Uttarakhand_on_29_January_2021_1.PDF,Financial Fraud,SCC 2019 6 368,,,UNRESOLVED
Ajay_Kumar_Bittu_vs_The_State_Of_Uttarakhand_on_29_January_2021_1.PDF,Financial Fraud,SCC 2014 3 92,,,UNRESOLVED
Banka_Sneha_Sheela_vs_The_State_Of_Telangana_on_2_August_2021_1.PDF,Financial Fraud,AIR 1971 SC 2486,,,UNRESOLVED
Banka_Sneha_Sheela_vs_The_State_Of_Telangana_on_2_August_2021_1.PDF,Financial Fraud,AIR 1990 SC 605,,,UNRESOLVED
Banka_Sneha_Sheela_vs_The_State_Of_Telangana_on_2_August_2021_1.PDF,Financial Fraud,AIR 1989 SC 364,,,UNRESOLVED
Banka_Sneha_Sheela_vs_The_State_Of_Telangana_on_2_August_2021_1.PDF,Financial Fraud,AIR 1966 SC 740,,,UNRESOLVED
Banka_Sneha_Sheela_vs_The_State_Of_Telangana_on_2_August_2021_1.PDF,Financial Fraud,SCC 1970 3 746,,,UNRESOLVED
Banka_Sneha_Sheela_vs_The_State_Of_Telangana_on_2_August_2021_1.PDF,Financial Fraud,SCC 2004 7 467,,,UNRESOLVED
Banka_Sneha_Sheela_vs_The_State_Of_Telangana_on_2_August_2021_1.PDF,Financial Fraud,SCC 2006 6 14,,,UNRESOLVED
Banka_Sneha_Sheela_vs_The_State_Of_Telangana_on_2_August_2021_1.PDF,Financial Fraud,SCC 1984 3 14,,,UNRESOLVED
Banka_Sneha_Sheela_vs_The_State_Of_Telangana_on_2_August_2021_1.PDF,Financial Fraud,SCC 2007 10 190,,,UNRESOLVED
Banka_Sneha_Sheela_vs_The_State_Of_Telangana_on_2_August_2021_1.PDF,Financial Fraud,SCC 1990 1 568,,,UNRESOLVED
Banka_Sneha_Sheela_vs_The_State_Of_Telangana_on_2_August_2021_1.PDF,Financial Fraud,SCC 1989 1 374,,,UNRESOLVED
Banka_Sneha_Sheela_vs_The_State_Of_Telangana_on_2_August_2021_1.PDF,Financial Fraud,SCC 2011 5 244,,,UNRESOLVED
Banka_Sneha_Sheela_vs_The_State_Of_Telangana_on_2_August_2021_1.PDF,Financial Fraud,SCC 1975 3 198,,,UNRESOLVED
Banka_Sneha_Sheela_vs_The_State_Of_Telangana_on_2_August_2021_1.PDF,Financial Fraud,SCC 1975 3 198,,,UNRESOLVED
Banka_Sneha_Sheela_vs_The_State_Of_Telangana_on_2_August_2021_1.PDF,Financial Fraud,SCC 1975 3 198,,,UNRESOLVED
Banka_Sneha_Sheela_vs_The_State_Of_Telangana_on_2_August_2021_1.PDF,Financial Fraud,SCC 2008 3 613,,,UNRESOLVED
Banka_Sneha_Sheela_vs_The_State_Of_Telangana_on_2_August_2021_1.PDF,Financial Fraud,SCC 1995 4 51,,,UNRESOLVED
Banka_Sneha_Sheela_vs_The_State_Of_Telangana_on_2_August_2021_1.PDF,Financial Fraud,SCC 1981 4 481,,,UNRESOLVED
Banka_Sneha_Sheela_vs_The_State_Of_Telangana_on_2_August_2021_1.PDF,Financial Fraud,SCC 2012 4 699,,,UNRESOLVED
Banka_Sneha_Sheela_vs_The_State_Of_Telangana_on_2_August_2021_1.PDF,Financial Fraud,SCC 1987 3 367,,,UNRESOLVED
Banka_Sneha_Sheela_vs_The_State_Of_Telangana_on_2_August_2021_1.PDF,Financial Fraud,SCC 2000 7 601,,,UNRESOLVED
Banka_Sneha_Sheela_vs_The_State_Of_Telangana_on_2_August_2021_1.PDF,Financial Fraud,SCC 2000 3 409,,,UNRESOLVED
Banka_Sneha_Sheela_vs_The_State_Of_Telangana_on_2_August_2021_1.PDF,Financial Fraud,SCC 2004 7 467,,,UNRESOLVED
Banka_Sneha_Sheela_vs_The_State_Of_Telangana_on_2_August_2021_1.PDF,Financial Fraud,SCC 2012 2 176,,,UNRESOLVED
Banka_Sneha_Sheela_vs_The_State_Of_Telangana_on_2_August_2021_1.PDF,Financial Fraud,SCC 2012 2 386,,,UNRESOLVED
Banka_Sneha_Sheela_vs_The_State_Of_Telangana_on_2_August_2021_1.PDF,Financial Fraud,SCC 2011 5 244,,,UNRESOLVED
Banka_Sneha_Sheela_vs_The_State_Of_Telangana_on_2_August_2021_1.PDF,Financial Fraud,SCC 2012 2 176,,,UNRESOLVED
Banka_Sneha_Sheela_vs_The_State_Of_Telangana_on_2_August_2021_1.PDF,Financial Fraud,SCC 2011 5 244,,,UNRESOLVED
Banka_Sneha_Sheela_vs_The_State_Of_Telangana_on_2_August_2021_1.PDF,Financial Fraud,SCC 2018 12 150,,,UNRESOLVED
Banka_Sneha_Sheela_vs_The_State_Of_Telangana_on_2_August_2021_1.PDF,Financial Fraud,SCC 2005 3 666,,,UNRESOLVED
Banka_Sneha_Sheela_vs_The_State_Of_Telangana_on_2_August_2021_1.PDF,Financial Fraud,SCR 1966 1 709,,,UNRESOLVED
Banka_Sneha_Sheela_vs_The_State_Of_Telangana_on_2_August_2021_1.PDF,Financial Fraud,SCR 1980 2 1095,,,UNRESOLVED
Banka_Sneha_Sheela_vs_The_State_Of_Telangana_on_2_August_2021_1.PDF,Financial Fraud,SCR 1966 1 709,,,UNRESOLVED
Deputy_Commissioner_Of_Income_Tax_vs_M_S_Pepsi_Foods_Ltd_Now_Pepsico_India_on_6_April_2021_1.PDF,Financial Fraud,SCC 2005 13 296,,,UNRESOLVED
Deputy_Commissioner_Of_Income_Tax_vs_M_S_Pepsi_Foods_Ltd_Now_Pepsico_India_on_6_April_2021_1.PDF,Financial Fraud,SCC 2004 4 311,,,UNRESOLVED
Deputy_Commissioner_Of_Income_Tax_vs_M_S_Pepsi_Foods_Ltd_Now_Pepsico_India_on_6_April_2021_1.PDF,Financial Fraud,SCC 1996 3 465,Union_Of_India_Anr_Etc_Etc_vs_A_Sanyasi_Rao_Ors_Etc_Etc_on_13_February_1996_1.PDF,,OUTSIDE_DOMAINS
Deputy_Commissioner_Of_Income_Tax_vs_M_S_Pepsi_Foods_Ltd_Now_Pepsico_India_on_6_April_2021_1.PDF,Financial Fraud,SCC 2017 9 1,,,UNRESOLVED
Deputy_Commissioner_Of_Income_Tax_vs_M_S_Pepsi_Foods_Ltd_Now_Pepsico_India_on_6_April_2021_1.PDF,Financial Fraud,SCC 1985 1 641,,,UNRESOLVED
Deputy_Commissioner_Of_Income_Tax_vs_M_S_Pepsi_Foods_Ltd_Now_Pepsico_India_on_6_April_2021_1.PDF,Financial Fraud,SCC 2020 8 531,,,UNRESOLVED
Deputy_Commissioner_Of_Income_Tax_vs_M_S_Pepsi_Foods_Ltd_Now_Pepsico_India_on_6_April_2021_1.PDF,Financial Fraud,SCC 1988 4 284,,,UNRESOLVED
Deputy_Commissioner_Of_Income_Tax_vs_M_S_Pepsi_Foods_Ltd_Now_Pepsico_India_on_6_April_2021_1.PDF,Financial Fraud,SCC 2014 2 62,,,UNRESOLVED
Deputy_Commissioner_Of_Income_Tax_vs_M_S_Pepsi_Foods_Ltd_Now_Pepsico_India_on_6_April_2021_1.PDF,Financial Fraud,SCC 2003 8 559,,,UNRESOLVED
Deputy_Commissioner_Of_Income_Tax_vs_M_S_Pepsi_Foods_Ltd_Now_Pepsico_India_on_6_April_2021_1.PDF,Financial Fraud,SCC 2007 7 394,,,UNRESOLVED
Deputy_Commissioner_Of_Income_Tax_vs_M_S_Pepsi_Foods_Ltd_Now_Pepsico_India_on_6_April_2021_1.PDF,Financial Fraud,SCC 1993 3 4,,,UNRESOLVED
Deputy_Commissioner_Of_Income_Tax_vs_M_S_Pepsi_Foods_Ltd_Now_Pepsico_India_on_6_April_2021_1.PDF,Financial Fraud,SCC 1988 4 284,,,UNRESOLVED
Deputy_Commissioner_Of_Income_Tax_vs_M_S_Pepsi_Foods_Ltd_Now_Pepsico_India_on_6_April_2021_1.PDF,Financial Fraud,SCC 2014 2 62,,,UNRESOLVED
Deputy_Commissioner_Of_Income_Tax_vs_M_S_Pepsi_Foods_Ltd_Now_Pepsico_India_on_6_April_2021_1.PDF,Financial Fraud,SCC 2017 14 136,,,UNRESOLVED
Deputy_Commissioner_Of_Income_Tax_vs_M_S_Pepsi_Foods_Ltd_Now_Pepsico_India_on_6_April_2021_1.PDF,Financial Fraud,SCC 2016 4 1,,,UNRESOLVED
Deputy_Commissioner_Of_Income_Tax_vs_M_S_Pepsi_Foods_Ltd_Now_Pepsico_India_on_6_April_2021_1.PDF,Financial Fraud,SCC 1983 3 75,,,UNRESOLVED
Deputy_Commissioner_Of_Income_Tax_vs_M_S_Pepsi_Foods_Ltd_Now_Pepsico_India_on_6_April_2021_1.PDF,Financial Fraud,SCC 2005 2 324,,,UNRESOLVED
Deputy_Commissioner_Of_Income_Tax_vs_M_S_Pepsi_Foods_Ltd_Now_Pepsico_India_on_6_April_2021_1.PDF,Financial Fraud,SCC 1969 1 681,,,UNRESOLVED
Deputy_Commissioner_Of_Income_Tax_vs_M_S_Pepsi_Foods_Ltd_Now_Pepsico_India_on_6_April_2021_1.PDF,Financial Fraud,SCC 2018 9 1,,,UNRESOLVED
Deputy_Commissioner_Of_Income_Tax_vs_M_S_Pepsi_Foods_Ltd_Now_Pepsico_India_on_6_April_2021_1.PDF,Financial Fraud,SCC 1985 4 343,,,UNRESOLVED
Deputy_Commissioner_Of_Income_Tax_vs_M_S_Pepsi_Foods_Ltd_Now_Pepsico_India_on_6_April_2021_1.PDF,Financial Fraud,SCR 1969 2 65,,,UNRESOLVED
Deputy_Commissioner_Of_Income_Tax_vs_M_S_Pepsi_Foods_Ltd_Now_Pepsico_India_on_6_April_2021_1.PDF,Financial Fraud,SCR 1955 1 448,,,UNRESOLVED
Deputy_Commissioner_Of_Income_Tax_vs_M_S_Pepsi_Foods_Ltd_Now_Pepsico_India_on_6_April_2021_1.PDF,Financial Fraud,SCR 1961 3 77,,,UNRESOLVED
Deputy_Commissioner_Of_Income_Tax_vs_M_S_Pepsi_Foods_Ltd_Now_Pepsico_India_on_6_April_2021_1.PDF,Financial Fraud,SCR 1973 3 39,,,UNRESOLVED
Deputy_Commissioner_Of_Income_Tax_vs_M_S_Pepsi_Foods_Ltd_Now_Pepsico_India_on_6_April_2021_1.PDF,Financial Fraud,SCR 1964 6 846,,,UNRESOLVED
Franklin_Templeton_Trustee_Services_vs_Amruta_Garg_And_Ors_Etc_Etc_on_14_July_2021_1.PDF,Financial Fraud,SCC 2006 4 517,,,UNRESOLVED
Franklin_Templeton_Trustee_Services_vs_Amruta_Garg_And_Ors_Etc_Etc_on_14_July_2021_1.PDF,Financial Fraud,SCC 2017 9 1,,,UNRESOLVED
Franklin_Templeton_Trustee_Services_vs_Amruta_Garg_And_Ors_Etc_Etc_on_14_July_2021_1.PDF,Financial Fraud,SCC 1989 4 318,,,UNRESOLVED
Franklin_Templeton_Trustee_Services_vs_Amruta_Garg_And_Ors_Etc_Etc_on_14_July_2021_1.PDF,Financial Fraud,SCC 2018 7 656,,,UNRESOLVED
Franklin_Templeton_Trustee_Services_vs_Amruta_Garg_And_Ors_Etc_Etc_on_14_July_2021_1.PDF,Financial Fraud,SCC 2019 8 416,,,UNRESOLVED
Franklin_Templeton_Trustee_Services_vs_Amruta_Garg_And_Ors_Etc_Etc_on_14_July_2021_1.PDF,Financial Fraud,SCC 2020 13 56,,,UNRESOLVED
Franklin_Templeton_Trustee_Services_vs_Amruta_Garg_And_Ors_Etc_Etc_on_14_July_2021_1.PDF,Financial Fraud,SCC 2019 11 633,,,UNRESOLVED
Franklin_Templeton_Trustee_Services_vs_Amruta_Garg_And_Ors_Etc_Etc_on_14_July_2021_1.PDF,Financial Fraud,SCC 1974 2 231,Union_Of_India_Uoi_vs_Raman_Iron_Foundry_on_12_March_1974_1.PDF,,OUTSIDE_DOMAINS
Indra_Devi_vs_The_State_Of_Rajasthan_on_23_July_2021_1.PDF,Financial Fraud,SCC 1979 4 177,,,UNRESOLVED
Indra_Devi_vs_The_State_Of_Rajasthan_on_23_July_2021_1.PDF,Financial Fraud,SCC 1993 3 339,,,UNRESOLVED
Indra_Devi_vs_The_State_Of_Rajasthan_on_23_July_2021_1.PDF,Financial Fraud,SCC 2012 3 64,,,UNRESOLVED
Jaswant_Singh_vs_The_State_Of_Punjab_on_20_October_2021_1.PDF,Financial Fraud,SCC 2002 1 241,,,UNRESOLVED
Jaswant_Singh_vs_The_State_Of_Punjab_on_20_October_2021_1.PDF,Financial Fraud,SCC 2002 4 578,,,UNRESOLVED
Jaswant_Singh_vs_The_State_Of_Punjab_on_20_October_2021_1.PDF,Financial Fraud,SCC 2012 10 303,,,UNRESOLVED
Jaswant_Singh_vs_The_State_Of_Punjab_on_20_October_2021_1.PDF,Financial Fraud,SCC 2017 9 641,,,UNRESOLVED
Jaypee_Kensington_Boulevard_vs_Nbcc_India_Ltd_on_24_March_2021_1.PDF,Financial Fraud,AIR 1957 SC 832,,,UNRESOLVED
Jaypee_Kensington_Boulevard_vs_Nbcc_India_Ltd_on_24_March_2021_1.PDF,Financial Fraud,SCC 2018 18 575,,,UNRESOLVED
Jaypee_Kensington_Boulevard_vs_Nbcc_India_Ltd_on_24_March_2021_1.PDF,Financial Fraud,SCC 2020 3 328,,,UNRESOLVED
Jaypee_Kensington_Boulevard_vs_Nbcc_India_Ltd_on_24_March_2021_1.PDF,Financial Fraud,SCC 2020 8 401,,,UNRESOLVED
Jaypee_Kensington_Boulevard_vs_Nbcc_India_Ltd_on_24_March_2021_1.PDF,Financial Fraud,SCC 2019 8 416,,,UNRESOLVED
Jaypee_Kensington_Boulevard_vs_Nbcc_India_Ltd_on_24_March_2021_1.PDF,Financial Fraud,SCC 2020 11 467,,,UNRESOLVED
Jaypee_Kensington_Boulevard_vs_Nbcc_India_Ltd_on_24_March_2021_1.PDF,Financial Fraud,SCC 2019 4 1775,,,UNRESOLVED
Jaypee_Kensington_Boulevard_vs_Nbcc_India_Ltd_on_24_March_2021_1.PDF,Financial Fraud,SCC 2019 2 1,,,UNRESOLVED
Jaypee_Kensington_Boulevard_vs_Nbcc_India_Ltd_on_24_March_2021_1.PDF,Financial Fraud,SCC 2019 12 150,,,UNRESOLVED
Jaypee_Kensington_Boulevard_vs_Nbcc_India_Ltd_on_24_March_2021_1.PDF,Financial Fraud,SCC 2020 8 531,,,UNRESOLVED
Jaypee_Kensington_Boulevard_vs_Nbcc_India_Ltd_on_24_March_2021_1.PDF,Financial Fraud,SCC 2020 11 467,,,UNRESOLVED
Jaypee_Kensington_Boulevard_vs_Nbcc_India_Ltd_on_24_March_2021_1.PDF,Financial Fraud,SCC 2000 3 379,,,UNRESOLVED
Jaypee_Kensington_Boulevard_vs_Nbcc_India_Ltd_on_24_March_2021_1.PDF,Financial Fraud,SCC 2000 6 293,,,UNRESOLVED
Jaypee_Kensington_Boulevard_vs_Nbcc_India_Ltd_on_24_March_2021_1.PDF,Financial Fraud,SCC 2010 10 282,,,UNRESOLVED
Jaypee_Kensington_Boulevard_vs_Nbcc_India_Ltd_on_24_March_2021_1.PDF,Financial Fraud,SCC 2012 4 505,,,UNRESOLVED
Jaypee_Kensington_Boulevard_vs_Nbcc_India_Ltd_on_24_March_2021_1.PDF,Financial Fraud,SCC 2011 9 207,,,UNRESOLVED
Jaypee_Kensington_Boulevard_vs_Nbcc_India_Ltd_on_24_March_2021_1.PDF,Financial Fraud,SCC 1999 3 632,,,UNRESOLVED
Jaypee_Kensington_Boulevard_vs_Nbcc_India_Ltd_on_24_March_2021_1.PDF,Financial Fraud,SCC 1977 4 193,,,UNRESOLVED
Jaypee_Kensington_Boulevard_vs_Nbcc_India_Ltd_on_24_March_2021_1.PDF,Financial Fraud,SCC 2009 9 729,,,UNRESOLVED
Jaypee_Kensington_Boulevard_vs_Nbcc_India_Ltd_on_24_March_2021_1.PDF,Financial Fraud,SCC 1985 2 485,,,UNRESOLVED
Jaypee_Kensington_Boulevard_vs_Nbcc_India_Ltd_on_24_March_2021_1.PDF,Financial Fraud,SCC 2001 7 71,,,UNRESOLVED
Jaypee_Kensington_Boulevard_vs_Nbcc_India_Ltd_on_24_March_2021_1.PDF,Financial Fraud,SCC 2012 6 613,,,UNRESOLVED
Jaypee_Kensington_Boulevard_vs_Nbcc_India_Ltd_on_24_March_2021_1.PDF,Financial Fraud,SCC 2001 6 627,,,UNRESOLVED
Jaypee_Kensington_Boulevard_vs_Nbcc_India_Ltd_on_24_March_2021_1.PDF,Financial Fraud,SCC 2003 8 648,,,UNRESOLVED
Kapil_Agarwal_vs_Sanjay_Sharma_on_1_March_2021_1.PDF,Financial Fraud,SCC 2000 2 636,,,UNRESOLVED
Kapil_Agarwal_vs_Sanjay_Sharma_on_1_March_2021_1.PDF,Financial Fraud,SCC 2015 11 730,,,UNRESOLVED
Kapil_Agarwal_vs_Sanjay_Sharma_on_1_March_2021_1.PDF,Financial Fraud,SCC 2005 10 336,,,UNRESOLVED
Kapil_Agarwal_vs_Sanjay_Sharma_on_1_March_2021_1.PDF,Financial Fraud,SCC 2009 8 751,,,UNRESOLVED
Kapil_Agarwal_vs_Sanjay_Sharma_on_1_March_2021_1.PDF,Financial Fraud,SCC 2015 8 293,,,UNRESOLVED
Kapil_Agarwal_vs_Sanjay_Sharma_on_1_March_2021_1.PDF,Financial Fraud,SCC 2015 9 96,,,UNRESOLVED
Kapil_Agarwal_vs_Sanjay_Sharma_on_1_March_2021_1.PDF,Financial Fraud,SCC 2008 5 662,,,UNRESOLVED
Kapil_Agarwal_vs_Sanjay_Sharma_on_1_March_2021_1.PDF,Financial Fraud,SCC 1977 1 463,Sardar_Singh_vs_State_Of_Haryana_on_1_November_1976_1.PDF,Financial Fraud,INTERNAL
Kapil_Agarwal_vs_Sanjay_Sharma_on_1_March_2021_1.PDF,Financial Fraud,SCC 2008 5 688,,,UNRESOLVED
Kapil_Agarwal_vs_Sanjay_Sharma_on_1_March_2021_1.PDF,Financial Fraud,SCC 2020 3 240,,,UNRESOLVED
Kapil_Agarwal_vs_Sanjay_Sharma_on_1_March_2021_1.PDF,Financial Fraud,SCC 2017 9 641,,,UNRESOLVED
Kaptan_Singh_vs_The_State_Of_Uttar_Pradesh_on_13_August_2021_1.PDF,Financial Fraud,SCC 2018 3 104,,,UNRESOLVED
Kaptan_Singh_vs_The_State_Of_Uttar_Pradesh_on_13_August_2021_1.PDF,Financial Fraud,SCC 2019 18 191,,,UNRESOLVED
Kaptan_Singh_vs_The_State_Of_Uttar_Pradesh_on_13_August_2021_1.PDF,Financial Fraud,SCC 2019 10 686,,,UNRESOLVED
Kaptan_Singh_vs_The_State_Of_Uttar_Pradesh_on_13_August_2021_1.PDF,Financial Fraud,SCC 2019 19 87,,,UNRESOLVED
Kaptan_Singh_vs_The_State_Of_Uttar_Pradesh_on_13_August_2021_1.PDF,Financial Fraud,SCC 2019 10 337,,,UNRESOLVED
Lakshman_Singh_vs_State_Of_Bihar_Now_Jharkhand_on_23_July_2021_1.PDF,Financial Fraud,AIR 1966 SC 302,,,UNRESOLVED
Lakshman_Singh_vs_State_Of_Bihar_Now_Jharkhand_on_23_July_2021_1.PDF,Financial Fraud,SCC 2015 2 734,,,UNRESOLVED
Lakshman_Singh_vs_State_Of_Bihar_Now_Jharkhand_on_23_July_2021_1.PDF,Financial Fraud,SCC 2003 10 414,,,UNRESOLVED
Lakshman_Singh_vs_State_Of_Bihar_Now_Jharkhand_on_23_July_2021_1.PDF,Financial Fraud,SCC 2010 10 259,,,UNRESOLVED
Lakshman_Singh_vs_State_Of_Bihar_Now_Jharkhand_on_23_July_2021_1.PDF,Financial Fraud,SCC 2016 16 316,,,UNRESOLVED
Lakshman_Singh_vs_State_Of_Bihar_Now_Jharkhand_on_23_July_2021_1.PDF,Financial Fraud,SCC 2011 4 324,,,UNRESOLVED
Lakshman_Singh_vs_State_Of_Bihar_Now_Jharkhand_on_23_July_2021_1.PDF,Financial Fraud,SCC 2013 10 1,,,UNRESOLVED
Lakshman_Singh_vs_State_Of_Bihar_Now_Jharkhand_on_23_July_2021_1.PDF,Financial Fraud,SCR 1966 1 18,,,UNRESOLVED
Mahendra_K_C_vs_The_State_Of_Karnataka_on_29_October_2021_1.PDF,Financial Fraud,SCC 2005 13 540,,,UNRESOLVED
Mahendra_K_C_vs_The_State_Of_Karnataka_on_29_October_2021_1.PDF,Financial Fraud,SCC 2012 10 155,,,UNRESOLVED
Mahendra_K_C_vs_The_State_Of_Karnataka_on_29_October_2021_1.PDF,Financial Fraud,SCC 2019 19 87,,,UNRESOLVED
Mahendra_K_C_vs_The_State_Of_Karnataka_on_29_October_2021_1.PDF,Financial Fraud,SCC 2001 9 618,,,UNRESOLVED
Mahendra_K_C_vs_The_State_Of_Karnataka_on_29_October_2021_1.PDF,Financial Fraud,SCC 2001 9 618,,,UNRESOLVED
Mahendra_K_C_vs_The_State_Of_Karnataka_on_29_October_2021_1.PDF,Financial Fraud,SCC 2009 16 605,,,UNRESOLVED
Mahendra_K_C_vs_The_State_Of_Karnataka_on_29_October_2021_1.PDF,Financial Fraud,SCC 2010 1 707,,,UNRESOLVED
Mahendra_K_C_vs_The_State_Of_Karnataka_on_29_October_2021_1.PDF,Financial Fraud,SCC 2012 9 734,,,UNRESOLVED
Mahendra_K_C_vs_The_State_Of_Karnataka_on_29_October_2021_1.PDF,Financial Fraud,SCC 2018 7 781,,,UNRESOLVED
Mahendra_K_C_vs_The_State_Of_Karnataka_on_29_October_2021_1.PDF,Financial Fraud,SCC 2019 3 315,,,UNRESOLVED
Mahendra_K_C_vs_The_State_Of_Karnataka_on_29_October_2021_1.PDF,Financial Fraud,SCC 2019 17 301,,,UNRESOLVED
Mahendra_K_C_vs_The_State_Of_Karnataka_on_29_October_2021_1.PDF,Financial Fraud,SCC 2020 15 359,,,UNRESOLVED
Mahendra_K_C_vs_The_State_Of_Karnataka_on_29_October_2021_1.PDF,Financial Fraud,SCC 2020 10 200,,,UNRESOLVED
Mahendra_K_C_vs_The_State_Of_Karnataka_on_29_October_2021_1.PDF,Financial Fraud,SCC 2021 2 427,,,UNRESOLVED
Manish_Kumar_vs_Union_Of_India_on_19_January_2021_1.PDF,Financial Fraud,AIR 1957 SC 540,,,UNRESOLVED
Manish_Kumar_vs_Union_Of_India_on_19_January_2021_1.PDF,Financial Fraud,AIR 1952 SC 75,The_State_Of_West_Bengal_vs_Anwar_Ali_Sarkar_on_11_January_1952_1.PDF,Organized Crime / Extortion; Violent Crime / Homicide,CROSS_DOMAIN
Manish_Kumar_vs_Union_Of_India_on_19_January_2021_1.PDF,Financial Fraud,AIR 2020 SC 122,,,UNRESOLVED
Manish_Kumar_vs_Union_Of_India_on_19_January_2021_1.PDF,Financial Fraud,AIR 1956 SC 213,,,UNRESOLVED
Manish_Kumar_vs_Union_Of_India_on_19_January_2021_1.PDF,Financial Fraud,AIR 1958 SC 538,,,UNRESOLVED
Manish_Kumar_vs_Union_Of_India_on_19_January_2021_1.PDF,Financial Fraud,AIR 1958 SC 538,,,UNRESOLVED
Manish_Kumar_vs_Union_Of_India_on_19_January_2021_1.PDF,Financial Fraud,AIR 1964 SC 1135,,,UNRESOLVED
Manish_Kumar_vs_Union_Of_India_on_19_January_2021_1.PDF,Financial Fraud,AIR 1967 SC 839,,,UNRESOLVED
Manish_Kumar_vs_Union_Of_India_on_19_January_2021_1.PDF,Financial Fraud,AIR 1959 SC 1124,,,UNRESOLVED
Manish_Kumar_vs_Union_Of_India_on_19_January_2021_1.PDF,Financial Fraud,AIR 1960 SC 384,,,UNRESOLVED
Manish_Kumar_vs_Union_Of_India_on_19_January_2021_1.PDF,Financial Fraud,AIR 1961 SC 315,,,UNRESOLVED
Manish_Kumar_vs_Union_Of_India_on_19_January_2021_1.PDF,Financial Fraud,AIR 1967 SC 389,,,UNRESOLVED
Manish_Kumar_vs_Union_Of_India_on_19_January_2021_1.PDF,Financial Fraud,AIR 1977 SC 915,,,UNRESOLVED
Manish_Kumar_vs_Union_Of_India_on_19_January_2021_1.PDF,Financial Fraud,AIR 1961 SC 1040,,,UNRESOLVED
Manish_Kumar_vs_Union_Of_India_on_19_January_2021_1.PDF,Financial Fraud,AIR 1967 SC 389,,,UNRESOLVED
Manish_Kumar_vs_Union_Of_India_on_19_January_2021_1.PDF,Financial Fraud,AIR 1996 SC 1936,,,UNRESOLVED
Manish_Kumar_vs_Union_Of_India_on_19_January_2021_1.PDF,Financial Fraud,AIR 1976 SC 237,,,UNRESOLVED
Manish_Kumar_vs_Union_Of_India_on_19_January_2021_1.PDF,Financial Fraud,AIR 1976 SC 49,,,UNRESOLVED
Manish_Kumar_vs_Union_Of_India_on_19_January_2021_1.PDF,Financial Fraud,AIR 1987 SC 1217,,,UNRESOLVED
Manish_Kumar_vs_Union_Of_India_on_19_January_2021_1.PDF,Financial Fraud,AIR 1974 SC 555,,,UNRESOLVED
Manish_Kumar_vs_Union_Of_India_on_19_January_2021_1.PDF,Financial Fraud,AIR 1978 SC 597,Mrs_Maneka_Gandhi_vs_Union_Of_India_Uoi_And_Anr_on_25_January_1978_1.PDF,Organized Crime / Extortion,CROSS_DOMAIN
Manish_Kumar_vs_Union_Of_India_on_19_January_2021_1.PDF,Financial Fraud,AIR 2005 SC 3446,,,UNRESOLVED
Manish_Kumar_vs_Union_Of_India_on_19_January_2021_1.PDF,Financial Fraud,SCC 2019 8 416,,,UNRESOLVED
Manish_Kumar_vs_Union_Of_India_on_19_January_2021_1.PDF,Financial Fraud,SCC 2018 18 575,,,UNRESOLVED
Manish_Kumar_vs_Union_Of_India_on_19_January_2021_1.PDF,Financial Fraud,SCC 1979 2 409,,,UNRESOLVED
Manish_Kumar_vs_Union_Of_India_on_19_January_2021_1.PDF,Financial Fraud,SCC 1973 1 500,,,UNRESOLVED
Manish_Kumar_vs_Union_Of_India_on_19_January_2021_1.PDF,Financial Fraud,SCC 2019 11 633,,,UNRESOLVED
Manish_Kumar_vs_Union_Of_India_on_19_January_2021_1.PDF,Financial Fraud,SCC 2019 4 17,,,UNRESOLVED
Manish_Kumar_vs_Union_Of_India_on_19_January_2021_1.PDF,Financial Fraud,SCC 2011 6 739,,,UNRESOLVED
Manish_Kumar_vs_Union_Of_India_on_19_January_2021_1.PDF,Financial Fraud,SCC 2018 14 161,,,UNRESOLVED
Manish_Kumar_vs_Union_Of_India_on_19_January_2021_1.PDF,Financial Fraud,SCC 2018 6 363,,,UNRESOLVED
Manish_Kumar_vs_Union_Of_India_on_19_January_2021_1.PDF,Financial Fraud,SCC 1974 1 19,,,UNRESOLVED
Manish_Kumar_vs_Union_Of_India_on_19_January_2021_1.PDF,Financial Fraud,SCC 1974 4 428,,,UNRESOLVED
Manish_Kumar_vs_Union_Of_India_on_19_January_2021_1.PDF,Financial Fraud,SCC 1984 3 127,,,UNRESOLVED
Manish_Kumar_vs_Union_Of_India_on_19_January_2021_1.PDF,Financial Fraud,SCC 2002 4 34,,,UNRESOLVED
Manish_Kumar_vs_Union_Of_India_on_19_January_2021_1.PDF,Financial Fraud,SCC 1976 2 310,,,UNRESOLVED
Manish_Kumar_vs_Union_Of_India_on_19_January_2021_1.PDF,Financial Fraud,SCC 1993 1 479,State_Of_West_Bengal_And_Anr_vs_Rash_Behari_Sarkar_And_Anr_on_4_December_1992_1.PDF,,OUTSIDE_DOMAINS
Manish_Kumar_vs_Union_Of_India_on_19_January_2021_1.PDF,Financial Fraud,SCC 1999 7 400,,,UNRESOLVED
Manish_Kumar_vs_Union_Of_India_on_19_January_2021_1.PDF,Financial Fraud,SCC 2002 4 154,,,UNRESOLVED
Manish_Kumar_vs_Union_Of_India_on_19_January_2021_1.PDF,Financial Fraud,SCC 1985 4 369,,,UNRESOLVED
Manish_Kumar_vs_Union_Of_India_on_19_January_2021_1.PDF,Financial Fraud,SCC 1985 1 523,,,UNRESOLVED
Manish_Kumar_vs_Union_Of_India_on_19_January_2021_1.PDF,Financial Fraud,SCC 2009 13 165,,,UNRESOLVED
Manish_Kumar_vs_Union_Of_India_on_19_January_2021_1.PDF,Financial Fraud,SCC 1999 4 468,,,UNRESOLVED
Manish_Kumar_vs_Union_Of_India_on_19_January_2021_1.PDF,Financial Fraud,SCC 2004 1 663,,,UNRESOLVED
Manish_Kumar_vs_Union_Of_India_on_19_January_2021_1.PDF,Financial Fraud,SCC 2019 2 1,,,UNRESOLVED
Manish_Kumar_vs_Union_Of_India_on_19_January_2021_1.PDF,Financial Fraud,SCC 2019 4 17,,,UNRESOLVED
Manish_Kumar_vs_Union_Of_India_on_19_January_2021_1.PDF,Financial Fraud,SCC 2015 3 206,,,UNRESOLVED
Manish_Kumar_vs_Union_Of_India_on_19_January_2021_1.PDF,Financial Fraud,SCC 1980 1 149,,,UNRESOLVED
Manish_Kumar_vs_Union_Of_India_on_19_January_2021_1.PDF,Financial Fraud,SCC 1971 1 721,,,UNRESOLVED
Manish_Kumar_vs_Union_Of_India_on_19_January_2021_1.PDF,Financial Fraud,SCC 1985 1 436,Kanaya_Ram_And_Ors_vs_Rajender_Kumar_And_Ors_on_5_December_1984_1.PDF,,OUTSIDE_DOMAINS
Manish_Kumar_vs_Union_Of_India_on_19_January_2021_1.PDF,Financial Fraud,SCC 2005 1 172,,,UNRESOLVED
Manish_Kumar_vs_Union_Of_India_on_19_January_2021_1.PDF,Financial Fraud,SCC 2019 6 519,,,UNRESOLVED
Manish_Kumar_vs_Union_Of_India_on_19_January_2021_1.PDF,Financial Fraud,SCC 1985 1 591,,,UNRESOLVED
Manish_Kumar_vs_Union_Of_India_on_19_January_2021_1.PDF,Financial Fraud,SCC 1974 4 656,,,UNRESOLVED
Manish_Kumar_vs_Union_Of_India_on_19_January_2021_1.PDF,Financial Fraud,SCC 1974 4 3,,,UNRESOLVED
Manish_Kumar_vs_Union_Of_India_on_19_January_2021_1.PDF,Financial Fraud,SCC 2017 9 1,,,UNRESOLVED
Manish_Kumar_vs_Union_Of_India_on_19_January_2021_1.PDF,Financial Fraud,SCC 1985 1 641,,,UNRESOLVED
Manish_Kumar_vs_Union_Of_India_on_19_January_2021_1.PDF,Financial Fraud,SCC 2018 10 1,,,UNRESOLVED
Manish_Kumar_vs_Union_Of_India_on_19_January_2021_1.PDF,Financial Fraud,SCC 2019 3 39,,,UNRESOLVED
Manish_Kumar_vs_Union_Of_India_on_19_January_2021_1.PDF,Financial Fraud,SCC 2017 10 1,,,UNRESOLVED
Manish_Kumar_vs_Union_Of_India_on_19_January_2021_1.PDF,Financial Fraud,SCC 2015 5 1,,,UNRESOLVED
Manish_Kumar_vs_Union_Of_India_on_19_January_2021_1.PDF,Financial Fraud,SCC 1985 1 523,,,UNRESOLVED
Manish_Kumar_vs_Union_Of_India_on_19_January_2021_1.PDF,Financial Fraud,SCC 2009 13 165,,,UNRESOLVED
Manish_Kumar_vs_Union_Of_India_on_19_January_2021_1.PDF,Financial Fraud,SCC 1985 4 369,,,UNRESOLVED
Manish_Kumar_vs_Union_Of_India_on_19_January_2021_1.PDF,Financial Fraud,SCC 2019 2 1,,,UNRESOLVED
Manish_Kumar_vs_Union_Of_India_on_19_January_2021_1.PDF,Financial Fraud,SCC 2019 2 1,,,UNRESOLVED
Manish_Kumar_vs_Union_Of_India_on_19_January_2021_1.PDF,Financial Fraud,SCC 2019 11 633,,,UNRESOLVED
Manish_Kumar_vs_Union_Of_India_on_19_January_2021_1.PDF,Financial Fraud,SCC 1990 1 608,,,UNRESOLVED
Manish_Kumar_vs_Union_Of_India_on_19_January_2021_1.PDF,Financial Fraud,SCC 2019 8 416,,,UNRESOLVED
Manish_Kumar_vs_Union_Of_India_on_19_January_2021_1.PDF,Financial Fraud,SCC 2019 3 620,,,UNRESOLVED
Manish_Kumar_vs_Union_Of_India_on_19_January_2021_1.PDF,Financial Fraud,SCC 2019 4 17,,,UNRESOLVED
Manish_Kumar_vs_Union_Of_India_on_19_January_2021_1.PDF,Financial Fraud,SCC 1974 4 656,,,UNRESOLVED
Manish_Kumar_vs_Union_Of_India_on_19_January_2021_1.PDF,Financial Fraud,SCC 1993 3 677,,,UNRESOLVED
Manish_Kumar_vs_Union_Of_India_on_19_January_2021_1.PDF,Financial Fraud,SCC 2004 4 311,,,UNRESOLVED
Manish_Kumar_vs_Union_Of_India_on_19_January_2021_1.PDF,Financial Fraud,SCC 2019 9 304,,,UNRESOLVED
Manish_Kumar_vs_Union_Of_India_on_19_January_2021_1.PDF,Financial Fraud,SCC 1974 4 656,,,UNRESOLVED
Manish_Kumar_vs_Union_Of_India_on_19_January_2021_1.PDF,Financial Fraud,SCC 1979 1 380,In_Re__The_Special_Courts_Bill_1978_vs_Unknown_on_1_December_1978_1.PDF,Organized Crime / Extortion,CROSS_DOMAIN
Manish_Kumar_vs_Union_Of_India_on_19_January_2021_1.PDF,Financial Fraud,SCC 1984 3 127,,,UNRESOLVED
Manish_Kumar_vs_Union_Of_India_on_19_January_2021_1.PDF,Financial Fraud,SCC 2014 8 682,,,UNRESOLVED
Manish_Kumar_vs_Union_Of_India_on_19_January_2021_1.PDF,Financial Fraud,SCC 1976 2 310,,,UNRESOLVED
Manish_Kumar_vs_Union_Of_India_on_19_January_2021_1.PDF,Financial Fraud,SCC 1974 1 19,,,UNRESOLVED
Manish_Kumar_vs_Union_Of_India_on_19_January_2021_1.PDF,Financial Fraud,SCC 1993 1 479,State_Of_West_Bengal_And_Anr_vs_Rash_Behari_Sarkar_And_Anr_on_4_December_1992_1.PDF,,OUTSIDE_DOMAINS
Manish_Kumar_vs_Union_Of_India_on_19_January_2021_1.PDF,Financial Fraud,SCC 1999 7 400,,,UNRESOLVED
Manish_Kumar_vs_Union_Of_India_on_19_January_2021_1.PDF,Financial Fraud,SCC 2002 4 154,,,UNRESOLVED
Manish_Kumar_vs_Union_Of_India_on_19_January_2021_1.PDF,Financial Fraud,SCC 1973 4 225,Kesavananda_Bharati_Sripadagalvaru_vs_State_Of_Kerala_And_Anr_on_24_April_1973_1.PDF,,OUTSIDE_DOMAINS
Manish_Kumar_vs_Union_Of_India_on_19_January_2021_1.PDF,Financial Fraud,SCC 2018 1 407,,,UNRESOLVED
Manish_Kumar_vs_Union_Of_India_on_19_January_2021_1.PDF,Financial Fraud,SCC 1973 1 500,,,UNRESOLVED
Manish_Kumar_vs_Union_Of_India_on_19_January_2021_1.PDF,Financial Fraud,SCC 2014 8 682,,,UNRESOLVED
Manish_Kumar_vs_Union_Of_India_on_19_January_2021_1.PDF,Financial Fraud,SCC 2017 9 1,,,UNRESOLVED
Manish_Kumar_vs_Union_Of_India_on_19_January_2021_1.PDF,Financial Fraud,SCC 1985 1 591,,,UNRESOLVED
Manish_Kumar_vs_Union_Of_India_on_19_January_2021_1.PDF,Financial Fraud,SCC 1981 2 585,Ku_Sonia_Bhatia_vs_State_Of_U_P_Ors_on_17_March_1981_1.PDF,,OUTSIDE_DOMAINS
Manish_Kumar_vs_Union_Of_India_on_19_January_2021_1.PDF,Financial Fraud,SCC 2007 9 665,,,UNRESOLVED
Manish_Kumar_vs_Union_Of_India_on_19_January_2021_1.PDF,Financial Fraud,SCC 1977 2 548,,,UNRESOLVED
Manish_Kumar_vs_Union_Of_India_on_19_January_2021_1.PDF,Financial Fraud,SCC 1973 1 216,Hiralal_Rattanlal_Etc_Etc_vs_State_Of_U_P_And_Anr_Etc_Etc_on_3_October_1972_1.PDF,,OUTSIDE_DOMAINS
Manish_Kumar_vs_Union_Of_India_on_19_January_2021_1.PDF,Financial Fraud,SCC 1994 4 602,Hitendra_Vishnu_Thakur_vs_State_Of_Maharashtra_on_12_July_1994_1.PDF,Organized Crime / Extortion,CROSS_DOMAIN
Manish_Kumar_vs_Union_Of_India_on_19_January_2021_1.PDF,Financial Fraud,SCC 2001 8 397,,,UNRESOLVED
Manish_Kumar_vs_Union_Of_India_on_19_January_2021_1.PDF,Financial Fraud,SCC 2019 11 633,,,UNRESOLVED
Manish_Kumar_vs_Union_Of_India_on_19_January_2021_1.PDF,Financial Fraud,SCC 2004 1 663,,,UNRESOLVED
Manish_Kumar_vs_Union_Of_India_on_19_January_2021_1.PDF,Financial Fraud,SCC 2019 2 1,,,UNRESOLVED
Manish_Kumar_vs_Union_Of_India_on_19_January_2021_1.PDF,Financial Fraud,SCC 2019 4 17,,,UNRESOLVED
Manish_Kumar_vs_Union_Of_India_on_19_January_2021_1.PDF,Financial Fraud,SCC 2015 3 206,,,UNRESOLVED
Manish_Kumar_vs_Union_Of_India_on_19_January_2021_1.PDF,Financial Fraud,SCC 1980 1 149,,,UNRESOLVED
Manish_Kumar_vs_Union_Of_India_on_19_January_2021_1.PDF,Financial Fraud,SCC 1985 1 436,Kanaya_Ram_And_Ors_vs_Rajender_Kumar_And_Ors_on_5_December_1984_1.PDF,,OUTSIDE_DOMAINS
Manish_Kumar_vs_Union_Of_India_on_19_January_2021_1.PDF,Financial Fraud,SCC 1971 1 721,,,UNRESOLVED
Manish_Kumar_vs_Union_Of_India_on_19_January_2021_1.PDF,Financial Fraud,SCC 1974 2 484,,,UNRESOLVED
Manish_Kumar_vs_Union_Of_India_on_19_January_2021_1.PDF,Financial Fraud,SCC 1989 2 557,,,UNRESOLVED
Manish_Kumar_vs_Union_Of_India_on_19_January_2021_1.PDF,Financial Fraud,SCC 2015 2 1,,,UNRESOLVED
Manish_Kumar_vs_Union_Of_India_on_19_January_2021_1.PDF,Financial Fraud,SCC 1975 2 840,,,UNRESOLVED
Manish_Kumar_vs_Union_Of_India_on_19_January_2021_1.PDF,Financial Fraud,SCC 1991 4 333,,,UNRESOLVED
Manish_Kumar_vs_Union_Of_India_on_19_January_2021_1.PDF,Financial Fraud,SCC 1993 2 162,,,UNRESOLVED
Manish_Kumar_vs_Union_Of_India_on_19_January_2021_1.PDF,Financial Fraud,SCC 1979 4 214,,,UNRESOLVED
Manish_Kumar_vs_Union_Of_India_on_19_January_2021_1.PDF,Financial Fraud,SCC 1995 1 104,D_C_Bhatia_And_Ors_vs_Union_Of_India_Uoi_And_Anr_on_19_October_1994_1.PDF,,OUTSIDE_DOMAINS
Manish_Kumar_vs_Union_Of_India_on_19_January_2021_1.PDF,Financial Fraud,SCC 1996 9 516,,,UNRESOLVED
Manish_Kumar_vs_Union_Of_India_on_19_January_2021_1.PDF,Financial Fraud,SCC 1980 1 149,,,UNRESOLVED
Manish_Kumar_vs_Union_Of_India_on_19_January_2021_1.PDF,Financial Fraud,SCC 1976 1 194,,,UNRESOLVED
Manish_Kumar_vs_Union_Of_India_on_19_January_2021_1.PDF,Financial Fraud,SCC 1976 1 194,,,UNRESOLVED
Manish_Kumar_vs_Union_Of_India_on_19_January_2021_1.PDF,Financial Fraud,SCC 1989 2 557,,,UNRESOLVED
Manish_Kumar_vs_Union_Of_India_on_19_January_2021_1.PDF,Financial Fraud,SCC 1987 3 516,,,UNRESOLVED
Manish_Kumar_vs_Union_Of_India_on_19_January_2021_1.PDF,Financial Fraud,SCC 1985 4 221,,,UNRESOLVED
Manish_Kumar_vs_Union_Of_India_on_19_January_2021_1.PDF,Financial Fraud,SCC 1995 1 104,D_C_Bhatia_And_Ors_vs_Union_Of_India_Uoi_And_Anr_on_19_October_1994_1.PDF,,OUTSIDE_DOMAINS
Manish_Kumar_vs_Union_Of_India_on_19_January_2021_1.PDF,Financial Fraud,SCC 2004 1 663,,,UNRESOLVED
Manish_Kumar_vs_Union_Of_India_on_19_January_2021_1.PDF,Financial Fraud,SCC 2019 2 1,,,UNRESOLVED
Manish_Kumar_vs_Union_Of_India_on_19_January_2021_1.PDF,Financial Fraud,SCC 2005 7 584,,,UNRESOLVED
Manish_Kumar_vs_Union_Of_India_on_19_January_2021_1.PDF,Financial Fraud,SCC 2019 2 1,,,UNRESOLVED
Manish_Kumar_vs_Union_Of_India_on_19_January_2021_1.PDF,Financial Fraud,SCC 2008 8 205,,,UNRESOLVED
Manish_Kumar_vs_Union_Of_India_on_19_January_2021_1.PDF,Financial Fraud,SCC 1994 5 593,,,UNRESOLVED
Manish_Kumar_vs_Union_Of_India_on_19_January_2021_1.PDF,Financial Fraud,SCC 1989 3 448,,,UNRESOLVED
Manish_Kumar_vs_Union_Of_India_on_19_January_2021_1.PDF,Financial Fraud,SCC 1987 3 622,,,UNRESOLVED
Manish_Kumar_vs_Union_Of_India_on_19_January_2021_1.PDF,Financial Fraud,SCC 1976 1 906,Govind_Das_And_Ors_vs_The_Income_Tax_Officer_And_Anr_on_18_December_1975_1.PDF,,OUTSIDE_DOMAINS
Manish_Kumar_vs_Union_Of_India_on_19_January_2021_1.PDF,Financial Fraud,SCC 2019 2 1,,,UNRESOLVED
Manish_Kumar_vs_Union_Of_India_on_19_January_2021_1.PDF,Financial Fraud,SCC 2019 2 1,,,UNRESOLVED
Manish_Kumar_vs_Union_Of_India_on_19_January_2021_1.PDF,Financial Fraud,SCC 2019 11 633,,,UNRESOLVED
Manish_Kumar_vs_Union_Of_India_on_19_January_2021_1.PDF,Financial Fraud,SCC 2015 7 58,,,UNRESOLVED
Manish_Kumar_vs_Union_Of_India_on_19_January_2021_1.PDF,Financial Fraud,SCC 2004 4 311,,,UNRESOLVED
Manish_Kumar_vs_Union_Of_India_on_19_January_2021_1.PDF,Financial Fraud,SCC 1974 2 393,,,UNRESOLVED
Manish_Kumar_vs_Union_Of_India_on_19_January_2021_1.PDF,Financial Fraud,SCC 1974 4 3,,,UNRESOLVED
Manish_Kumar_vs_Union_Of_India_on_19_January_2021_1.PDF,Financial Fraud,SCC 1987 3 622,,,UNRESOLVED
Manish_Kumar_vs_Union_Of_India_on_19_January_2021_1.PDF,Financial Fraud,SCC 1978 1 248,Mrs_Maneka_Gandhi_vs_Union_Of_India_Uoi_And_Anr_on_25_January_1978_1.PDF,Organized Crime / Extortion,CROSS_DOMAIN
Manish_Kumar_vs_Union_Of_India_on_19_January_2021_1.PDF,Financial Fraud,SCC 1994 5 593,,,UNRESOLVED
Manish_Kumar_vs_Union_Of_India_on_19_January_2021_1.PDF,Financial Fraud,SCC 2005 7 584,,,UNRESOLVED
Manish_Kumar_vs_Union_Of_India_on_19_January_2021_1.PDF,Financial Fraud,SCC 1969 2 55,,,UNRESOLVED
Manish_Kumar_vs_Union_Of_India_on_19_January_2021_1.PDF,Financial Fraud,SCC 2006 6 289,,,UNRESOLVED
Manish_Kumar_vs_Union_Of_India_on_19_January_2021_1.PDF,Financial Fraud,SCR 1957 488,Garikapatti_Veeraya_vs_N_Subbiah_Choudhury_on_1_February_1957_1.PDF,,OUTSIDE_DOMAINS
Manish_Kumar_vs_Union_Of_India_on_19_January_2021_1.PDF,Financial Fraud,SCR 1953 404,Ameerunnissa_Begum_And_Others_vs_Mahboob_Begum_And_Others_on_9_December_1952_1.PDF,,OUTSIDE_DOMAINS
Manish_Kumar_vs_Union_Of_India_on_19_January_2021_1.PDF,Financial Fraud,SCR 1960 1 39,,,UNRESOLVED
Manish_Kumar_vs_Union_Of_India_on_19_January_2021_1.PDF,Financial Fraud,SCR 1959 279,Shri_Ram_Krishna_Dalmia_vs_Shri_Justice_S_R_Tendolkar_on_28_March_1958_1.PDF,,OUTSIDE_DOMAINS
Manish_Kumar_vs_Union_Of_India_on_19_January_2021_1.PDF,Financial Fraud,SCR 1959 279,Shri_Ram_Krishna_Dalmia_vs_Shri_Justice_S_R_Tendolkar_on_28_March_1958_1.PDF,,OUTSIDE_DOMAINS
Manish_Kumar_vs_Union_Of_India_on_19_January_2021_1.PDF,Financial Fraud,SCR 1964 6 679,,,UNRESOLVED
Manish_Kumar_vs_Union_Of_India_on_19_January_2021_1.PDF,Financial Fraud,SCR 1967 2 29,,,UNRESOLVED
Manish_Kumar_vs_Union_Of_India_on_19_January_2021_1.PDF,Financial Fraud,SCR 1960 1 39,,,UNRESOLVED
Manish_Kumar_vs_Union_Of_India_on_19_January_2021_1.PDF,Financial Fraud,SCR 1960 2 311,,,UNRESOLVED
Manish_Kumar_vs_Union_Of_India_on_19_January_2021_1.PDF,Financial Fraud,SCR 1974 1 771,,,UNRESOLVED
Manish_Kumar_vs_Union_Of_India_on_19_January_2021_1.PDF,Financial Fraud,SCR 1961 1 902,,,UNRESOLVED
Manish_Kumar_vs_Union_Of_India_on_19_January_2021_1.PDF,Financial Fraud,SCR 1967 1 848,,,UNRESOLVED
Manish_Kumar_vs_Union_Of_India_on_19_January_2021_1.PDF,Financial Fraud,SCR 1977 2 790,,,UNRESOLVED
Manish_Kumar_vs_Union_Of_India_on_19_January_2021_1.PDF,Financial Fraud,SCR 1961 2 493,,,UNRESOLVED
Manish_Kumar_vs_Union_Of_India_on_19_January_2021_1.PDF,Financial Fraud,SCR 1967 1 848,,,UNRESOLVED
Manish_Kumar_vs_Union_Of_India_on_19_January_2021_1.PDF,Financial Fraud,SCR 1957 488,Garikapatti_Veeraya_vs_N_Subbiah_Choudhury_on_1_February_1957_1.PDF,,OUTSIDE_DOMAINS
Manish_Kumar_vs_Union_Of_India_on_19_January_2021_1.PDF,Financial Fraud,SCR 1976 1 847,,,UNRESOLVED
Manjeet_Singh_vs_The_State_Of_Haryana_on_24_August_2021_1.PDF,Financial Fraud,AIR 1965 SC 202,,,UNRESOLVED
Manjeet_Singh_vs_The_State_Of_Haryana_on_24_August_2021_1.PDF,Financial Fraud,AIR 1960 SC 725,Shambhu_Nath_Singh_And_Ors_vs_State_Of_Bihar_on_30_October_1959_1.PDF,Violent Crime / Homicide,CROSS_DOMAIN
Manjeet_Singh_vs_The_State_Of_Haryana_on_24_August_2021_1.PDF,Financial Fraud,AIR 2013 SC 3018,,,UNRESOLVED
Manjeet_Singh_vs_The_State_Of_Haryana_on_24_August_2021_1.PDF,Financial Fraud,AIR 2013 SC 3018,,,UNRESOLVED
Manjeet_Singh_vs_The_State_Of_Haryana_on_24_August_2021_1.PDF,Financial Fraud,AIR 2001 SC 2521,,,UNRESOLVED
Manjeet_Singh_vs_The_State_Of_Haryana_on_24_August_2021_1.PDF,Financial Fraud,AIR 1998 SC 3148,,,UNRESOLVED
Manjeet_Singh_vs_The_State_Of_Haryana_on_24_August_2021_1.PDF,Financial Fraud,AIR 2007 SC 1899,,,UNRESOLVED
Manjeet_Singh_vs_The_State_Of_Haryana_on_24_August_2021_1.PDF,Financial Fraud,AIR 2007 SC 1899,,,UNRESOLVED
Manjeet_Singh_vs_The_State_Of_Haryana_on_24_August_2021_1.PDF,Financial Fraud,AIR 2007 SC 1899,,,UNRESOLVED
Manjeet_Singh_vs_The_State_Of_Haryana_on_24_August_2021_1.PDF,Financial Fraud,SCC 2014 3 92,,,UNRESOLVED
Manjeet_Singh_vs_The_State_Of_Haryana_on_24_August_2021_1.PDF,Financial Fraud,SCC 2019 6 638,,,UNRESOLVED
Manjeet_Singh_vs_The_State_Of_Haryana_on_24_August_2021_1.PDF,Financial Fraud,SCC 2017 7 706,,,UNRESOLVED
Manjeet_Singh_vs_The_State_Of_Haryana_on_24_August_2021_1.PDF,Financial Fraud,SCC 2017 16 226,,,UNRESOLVED
Manjeet_Singh_vs_The_State_Of_Haryana_on_24_August_2021_1.PDF,Financial Fraud,SCC 2019 6 368,,,UNRESOLVED
Manjeet_Singh_vs_The_State_Of_Haryana_on_24_August_2021_1.PDF,Financial Fraud,SCC 2014 3 306,,,UNRESOLVED
Manjeet_Singh_vs_The_State_Of_Haryana_on_24_August_2021_1.PDF,Financial Fraud,SCC 2014 3 306,,,UNRESOLVED
Manjeet_Singh_vs_The_State_Of_Haryana_on_24_August_2021_1.PDF,Financial Fraud,SCC 2001 6 248,,,UNRESOLVED
Manjeet_Singh_vs_The_State_Of_Haryana_on_24_August_2021_1.PDF,Financial Fraud,SCC 1998 7 149,,,UNRESOLVED
Manjeet_Singh_vs_The_State_Of_Haryana_on_24_August_2021_1.PDF,Financial Fraud,SCC 2007 14 544,,,UNRESOLVED
Manjeet_Singh_vs_The_State_Of_Haryana_on_24_August_2021_1.PDF,Financial Fraud,SCC 2009 13 608,,,UNRESOLVED
Manjeet_Singh_vs_The_State_Of_Haryana_on_24_August_2021_1.PDF,Financial Fraud,SCC 2009 16 785,,,UNRESOLVED
Manjeet_Singh_vs_The_State_Of_Haryana_on_24_August_2021_1.PDF,Financial Fraud,SCC 2007 14 544,,,UNRESOLVED
Manjeet_Singh_vs_The_State_Of_Haryana_on_24_August_2021_1.PDF,Financial Fraud,SCC 2007 14 544,,,UNRESOLVED
Manjeet_Singh_vs_The_State_Of_Haryana_on_24_August_2021_1.PDF,Financial Fraud,SCC 2009 13 608,,,UNRESOLVED
Manjeet_Singh_vs_The_State_Of_Haryana_on_24_August_2021_1.PDF,Financial Fraud,SCC 2017 16 226,,,UNRESOLVED
Manjeet_Singh_vs_The_State_Of_Haryana_on_24_August_2021_1.PDF,Financial Fraud,SCC 2019 6 368,,,UNRESOLVED
Manjeet_Singh_vs_The_State_Of_Haryana_on_24_August_2021_1.PDF,Financial Fraud,SCC 2003 10 414,,,UNRESOLVED
Manjeet_Singh_vs_The_State_Of_Haryana_on_24_August_2021_1.PDF,Financial Fraud,SCC 2010 10 259,,,UNRESOLVED
Manjeet_Singh_vs_The_State_Of_Haryana_on_24_August_2021_1.PDF,Financial Fraud,SCC 2011 4 324,,,UNRESOLVED
Mitesh_Kumar_J_Sha_vs_The_State_Of_Karnataka_on_26_October_2021_1.PDF,Financial Fraud,SCC 2002 3 89,,,UNRESOLVED
Mitesh_Kumar_J_Sha_vs_The_State_Of_Karnataka_on_26_October_2021_1.PDF,Financial Fraud,SCC 2009 1 69,,,UNRESOLVED
Mitesh_Kumar_J_Sha_vs_The_State_Of_Karnataka_on_26_October_2021_1.PDF,Financial Fraud,SCC 2000 4 168,,,UNRESOLVED
Mitesh_Kumar_J_Sha_vs_The_State_Of_Karnataka_on_26_October_2021_1.PDF,Financial Fraud,SCC 2006 6 736,,,UNRESOLVED
Mitesh_Kumar_J_Sha_vs_The_State_Of_Karnataka_on_26_October_2021_1.PDF,Financial Fraud,SCC 2000 2 636,,,UNRESOLVED
M_S_Gimpex_Private_Limited_vs_Manoj_Goel_on_8_October_2021_1.PDF,Financial Fraud,AIR 1965 SC 1818,S_A_L_Narayan_Row_And_Anr_vs_Ishwarlal_Bhagwandas_And_Anr_on_7_May_1965_1.PDF,,OUTSIDE_DOMAINS
M_S_Gimpex_Private_Limited_vs_Manoj_Goel_on_8_October_2021_1.PDF,Financial Fraud,SCC 1999 7 510,,,UNRESOLVED
M_S_Gimpex_Private_Limited_vs_Manoj_Goel_on_8_October_2021_1.PDF,Financial Fraud,SCC 2021 6 258,,,UNRESOLVED
M_S_Gimpex_Private_Limited_vs_Manoj_Goel_on_8_October_2021_1.PDF,Financial Fraud,SCC 2018 1 560,,,UNRESOLVED
M_S_Gimpex_Private_Limited_vs_Manoj_Goel_on_8_October_2021_1.PDF,Financial Fraud,SCC 2010 5 663,,,UNRESOLVED
M_S_Gimpex_Private_Limited_vs_Manoj_Goel_on_8_October_2021_1.PDF,Financial Fraud,SCC 2012 1 260,,,UNRESOLVED
M_S_Gimpex_Private_Limited_vs_Manoj_Goel_on_8_October_2021_1.PDF,Financial Fraud,SCC 2008 5 638,,,UNRESOLVED
M_S_Gimpex_Private_Limited_vs_Manoj_Goel_on_8_October_2021_1.PDF,Financial Fraud,SCC 2020 16 118,,,UNRESOLVED
M_S_Gimpex_Private_Limited_vs_Manoj_Goel_on_8_October_2021_1.PDF,Financial Fraud,SCC 2008 5 638,,,UNRESOLVED
M_S_Gimpex_Private_Limited_vs_Manoj_Goel_on_8_October_2021_1.PDF,Financial Fraud,SCC 2020 16 118,,,UNRESOLVED
M_S_Gimpex_Private_Limited_vs_Manoj_Goel_on_8_October_2021_1.PDF,Financial Fraud,SCC 2015 11 776,,,UNRESOLVED
M_S_Gimpex_Private_Limited_vs_Manoj_Goel_on_8_October_2021_1.PDF,Financial Fraud,SCC 2016 10 458,,,UNRESOLVED
M_S_Gimpex_Private_Limited_vs_Manoj_Goel_on_8_October_2021_1.PDF,Financial Fraud,SCC 2009 2 513,,,UNRESOLVED
M_S_Gimpex_Private_Limited_vs_Manoj_Goel_on_8_October_2021_1.PDF,Financial Fraud,SCC 2018 8 165,,,UNRESOLVED
M_S_Gimpex_Private_Limited_vs_Manoj_Goel_on_8_October_2021_1.PDF,Financial Fraud,SCR 1966 1 190,S_A_L_Narayan_Row_And_Anr_vs_Ishwarlal_Bhagwandas_And_Anr_on_7_May_1965_1.PDF,,OUTSIDE_DOMAINS
M_S_Neeharika_Infrastructure_Pvt_vs_The_State_Of_Maharashtra_on_13_April_2021_1.PDF,Financial Fraud,AIR 1945 PC 18,,,UNRESOLVED
M_S_Neeharika_Infrastructure_Pvt_vs_The_State_Of_Maharashtra_on_13_April_2021_1.PDF,Financial Fraud,AIR 1960 SC 866,,,UNRESOLVED
M_S_Neeharika_Infrastructure_Pvt_vs_The_State_Of_Maharashtra_on_13_April_2021_1.PDF,Financial Fraud,AIR 1964 SC 703,,,UNRESOLVED
M_S_Neeharika_Infrastructure_Pvt_vs_The_State_Of_Maharashtra_on_13_April_2021_1.PDF,Financial Fraud,AIR 1987 RAJ 52,,,UNRESOLVED
M_S_Neeharika_Infrastructure_Pvt_vs_The_State_Of_Maharashtra_on_13_April_2021_1.PDF,Financial Fraud,AIR 1958 BOM 406,,,UNRESOLVED
M_S_Neeharika_Infrastructure_Pvt_vs_The_State_Of_Maharashtra_on_13_April_2021_1.PDF,Financial Fraud,AIR 1993 SC 892,Janata_Dal_vs_H_S_Chowdhary_And_Ors_on_28_August_1992_1.PDF,Corruption,CROSS_DOMAIN
M_S_Neeharika_Infrastructure_Pvt_vs_The_State_Of_Maharashtra_on_13_April_2021_1.PDF,Financial Fraud,AIR 1964 SC 1,,,UNRESOLVED
M_S_Neeharika_Infrastructure_Pvt_vs_The_State_Of_Maharashtra_on_13_April_2021_1.PDF,Financial Fraud,AIR 1982 SC 949,,,UNRESOLVED
M_S_Neeharika_Infrastructure_Pvt_vs_The_State_Of_Maharashtra_on_13_April_2021_1.PDF,Financial Fraud,AIR 2000 SC 754,,,UNRESOLVED
M_S_Neeharika_Infrastructure_Pvt_vs_The_State_Of_Maharashtra_on_13_April_2021_1.PDF,Financial Fraud,AIR 1988 SC 709,,,UNRESOLVED
M_S_Neeharika_Infrastructure_Pvt_vs_The_State_Of_Maharashtra_on_13_April_2021_1.PDF,Financial Fraud,AIR 1944 PC 18,,,UNRESOLVED
M_S_Neeharika_Infrastructure_Pvt_vs_The_State_Of_Maharashtra_on_13_April_2021_1.PDF,Financial Fraud,AIR 1945 PC 18,,,UNRESOLVED
M_S_Neeharika_Infrastructure_Pvt_vs_The_State_Of_Maharashtra_on_13_April_2021_1.PDF,Financial Fraud,SCC 2017 2 779,,,UNRESOLVED
M_S_Neeharika_Infrastructure_Pvt_vs_The_State_Of_Maharashtra_on_13_April_2021_1.PDF,Financial Fraud,SCC 1977 4 451,Kurukshetra_University_And_Anr_vs_State_Of_Haryana_And_Anr_on_22_March_1977_1.PDF,,OUTSIDE_DOMAINS
M_S_Neeharika_Infrastructure_Pvt_vs_The_State_Of_Maharashtra_on_13_April_2021_1.PDF,Financial Fraud,SCC 2004 6 522,,,UNRESOLVED
M_S_Neeharika_Infrastructure_Pvt_vs_The_State_Of_Maharashtra_on_13_April_2021_1.PDF,Financial Fraud,SCC 2005 1 122,,,UNRESOLVED
M_S_Neeharika_Infrastructure_Pvt_vs_The_State_Of_Maharashtra_on_13_April_2021_1.PDF,Financial Fraud,SCC 2007 13 165,,,UNRESOLVED
M_S_Neeharika_Infrastructure_Pvt_vs_The_State_Of_Maharashtra_on_13_April_2021_1.PDF,Financial Fraud,SCC 2009 1 114,,,UNRESOLVED
M_S_Neeharika_Infrastructure_Pvt_vs_The_State_Of_Maharashtra_on_13_April_2021_1.PDF,Financial Fraud,SCC 2010 9 701,,,UNRESOLVED
M_S_Neeharika_Infrastructure_Pvt_vs_The_State_Of_Maharashtra_on_13_April_2021_1.PDF,Financial Fraud,SCC 2012 4 547,,,UNRESOLVED
M_S_Neeharika_Infrastructure_Pvt_vs_The_State_Of_Maharashtra_on_13_April_2021_1.PDF,Financial Fraud,SCC 2012 2 688,,,UNRESOLVED
M_S_Neeharika_Infrastructure_Pvt_vs_The_State_Of_Maharashtra_on_13_April_2021_1.PDF,Financial Fraud,SCC 2018 16 299,,,UNRESOLVED
M_S_Neeharika_Infrastructure_Pvt_vs_The_State_Of_Maharashtra_on_13_April_2021_1.PDF,Financial Fraud,SCC 1977 2 699,,,UNRESOLVED
M_S_Neeharika_Infrastructure_Pvt_vs_The_State_Of_Maharashtra_on_13_April_2021_1.PDF,Financial Fraud,SCC 2013 3 330,,,UNRESOLVED
M_S_Neeharika_Infrastructure_Pvt_vs_The_State_Of_Maharashtra_on_13_April_2021_1.PDF,Financial Fraud,SCC 2010 11 226,,,UNRESOLVED
M_S_Neeharika_Infrastructure_Pvt_vs_The_State_Of_Maharashtra_on_13_April_2021_1.PDF,Financial Fraud,SCC 2010 11 618,,,UNRESOLVED
M_S_Neeharika_Infrastructure_Pvt_vs_The_State_Of_Maharashtra_on_13_April_2021_1.PDF,Financial Fraud,SCC 2015 17 539,,,UNRESOLVED
M_S_Neeharika_Infrastructure_Pvt_vs_The_State_Of_Maharashtra_on_13_April_2021_1.PDF,Financial Fraud,SCC 2021 1 1,,,UNRESOLVED
M_S_Neeharika_Infrastructure_Pvt_vs_The_State_Of_Maharashtra_on_13_April_2021_1.PDF,Financial Fraud,SCC 1992 4 305,,,UNRESOLVED
M_S_Neeharika_Infrastructure_Pvt_vs_The_State_Of_Maharashtra_on_13_April_2021_1.PDF,Financial Fraud,SCC 1982 1 561,,,UNRESOLVED
M_S_Neeharika_Infrastructure_Pvt_vs_The_State_Of_Maharashtra_on_13_April_2021_1.PDF,Financial Fraud,SCC 1998 5 749,,,UNRESOLVED
M_S_Neeharika_Infrastructure_Pvt_vs_The_State_Of_Maharashtra_on_13_April_2021_1.PDF,Financial Fraud,SCC 2000 2 636,,,UNRESOLVED
M_S_Neeharika_Infrastructure_Pvt_vs_The_State_Of_Maharashtra_on_13_April_2021_1.PDF,Financial Fraud,SCC 2003 3 11,,,UNRESOLVED
M_S_Neeharika_Infrastructure_Pvt_vs_The_State_Of_Maharashtra_on_13_April_2021_1.PDF,Financial Fraud,SCC 1988 1 692,,,UNRESOLVED
M_S_Neeharika_Infrastructure_Pvt_vs_The_State_Of_Maharashtra_on_13_April_2021_1.PDF,Financial Fraud,SCC 1980 1 554,,,UNRESOLVED
M_S_Neeharika_Infrastructure_Pvt_vs_The_State_Of_Maharashtra_on_13_April_2021_1.PDF,Financial Fraud,SCC 1970 1 653,,,UNRESOLVED
M_S_Neeharika_Infrastructure_Pvt_vs_The_State_Of_Maharashtra_on_13_April_2021_1.PDF,Financial Fraud,SCC 2003 6 195,,,UNRESOLVED
M_S_Neeharika_Infrastructure_Pvt_vs_The_State_Of_Maharashtra_on_13_April_2021_1.PDF,Financial Fraud,SCC 1999 8 728,,,UNRESOLVED
M_S_Neeharika_Infrastructure_Pvt_vs_The_State_Of_Maharashtra_on_13_April_2021_1.PDF,Financial Fraud,SCC 1982 1 561,,,UNRESOLVED
M_S_Neeharika_Infrastructure_Pvt_vs_The_State_Of_Maharashtra_on_13_April_2021_1.PDF,Financial Fraud,SCC 1985 2 370,,,UNRESOLVED
M_S_Neeharika_Infrastructure_Pvt_vs_The_State_Of_Maharashtra_on_13_April_2021_1.PDF,Financial Fraud,SCC 1999 2 651,,,UNRESOLVED
M_S_Neeharika_Infrastructure_Pvt_vs_The_State_Of_Maharashtra_on_13_April_2021_1.PDF,Financial Fraud,SCC 1996 7 705,,,UNRESOLVED
M_S_Neeharika_Infrastructure_Pvt_vs_The_State_Of_Maharashtra_on_13_April_2021_1.PDF,Financial Fraud,SCC 1997 2 397,,,UNRESOLVED
M_S_Neeharika_Infrastructure_Pvt_vs_The_State_Of_Maharashtra_on_13_April_2021_1.PDF,Financial Fraud,SCC 2003 6 175,,,UNRESOLVED
M_S_Neeharika_Infrastructure_Pvt_vs_The_State_Of_Maharashtra_on_13_April_2021_1.PDF,Financial Fraud,SCC 2011 4 324,,,UNRESOLVED
M_S_Neeharika_Infrastructure_Pvt_vs_The_State_Of_Maharashtra_on_13_April_2021_1.PDF,Financial Fraud,SCC 2019 9 24,,,UNRESOLVED
M_S_Neeharika_Infrastructure_Pvt_vs_The_State_Of_Maharashtra_on_13_April_2021_1.PDF,Financial Fraud,SCC 1998 1 52,,,UNRESOLVED
M_S_Neeharika_Infrastructure_Pvt_vs_The_State_Of_Maharashtra_on_13_April_2021_1.PDF,Financial Fraud,SCC 2001 7 659,,,UNRESOLVED
M_S_Neeharika_Infrastructure_Pvt_vs_The_State_Of_Maharashtra_on_13_April_2021_1.PDF,Financial Fraud,SCC 2014 4 453,,,UNRESOLVED
M_S_Neeharika_Infrastructure_Pvt_vs_The_State_Of_Maharashtra_on_13_April_2021_1.PDF,Financial Fraud,SCC 2004 3 440,,,UNRESOLVED
M_S_Neeharika_Infrastructure_Pvt_vs_The_State_Of_Maharashtra_on_13_April_2021_1.PDF,Financial Fraud,SCC 2005 12 454,,,UNRESOLVED
M_S_Neeharika_Infrastructure_Pvt_vs_The_State_Of_Maharashtra_on_13_April_2021_1.PDF,Financial Fraud,SCC 1998 2 242,,,UNRESOLVED
M_S_Neeharika_Infrastructure_Pvt_vs_The_State_Of_Maharashtra_on_13_April_2021_1.PDF,Financial Fraud,SCC 2010 9 496,,,UNRESOLVED
M_S_Radha_Krishan_Industries_vs_The_State_Of_Himachal_Pradesh_on_20_April_2021_1.PDF,Financial Fraud,AIR 1961 SC 372,,,UNRESOLVED
M_S_Radha_Krishan_Industries_vs_The_State_Of_Himachal_Pradesh_on_20_April_2021_1.PDF,Financial Fraud,AIR 1968 SC 49,,,UNRESOLVED
M_S_Radha_Krishan_Industries_vs_The_State_Of_Himachal_Pradesh_on_20_April_2021_1.PDF,Financial Fraud,AIR 2020 SC 2819,,,UNRESOLVED
M_S_Radha_Krishan_Industries_vs_The_State_Of_Himachal_Pradesh_on_20_April_2021_1.PDF,Financial Fraud,SCC 1998 8 1,,,UNRESOLVED
M_S_Radha_Krishan_Industries_vs_The_State_Of_Himachal_Pradesh_on_20_April_2021_1.PDF,Financial Fraud,SCC 1998 8 1,,,UNRESOLVED
M_S_Radha_Krishan_Industries_vs_The_State_Of_Himachal_Pradesh_on_20_April_2021_1.PDF,Financial Fraud,SCC 1998 8 1,,,UNRESOLVED
M_S_Radha_Krishan_Industries_vs_The_State_Of_Himachal_Pradesh_on_20_April_2021_1.PDF,Financial Fraud,SCC 2003 2 107,,,UNRESOLVED
M_S_Radha_Krishan_Industries_vs_The_State_Of_Himachal_Pradesh_on_20_April_2021_1.PDF,Financial Fraud,SCC 2003 5 399,,,UNRESOLVED
M_S_Radha_Krishan_Industries_vs_The_State_Of_Himachal_Pradesh_on_20_April_2021_1.PDF,Financial Fraud,SCC 1974 2 706,,,UNRESOLVED
M_S_Radha_Krishan_Industries_vs_The_State_Of_Himachal_Pradesh_on_20_April_2021_1.PDF,Financial Fraud,SCC 2008 5 632,,,UNRESOLVED
M_S_Radha_Krishan_Industries_vs_The_State_Of_Himachal_Pradesh_on_20_April_2021_1.PDF,Financial Fraud,SCC 2010 2 723,,,UNRESOLVED
M_S_Radha_Krishan_Industries_vs_The_State_Of_Himachal_Pradesh_on_20_April_2021_1.PDF,Financial Fraud,SCC 2018 6 685,,,UNRESOLVED
Nasib_Singh_vs_The_State_Of_Punjab_on_8_October_2021_1.PDF,Financial Fraud,AIR 1963 SC 1850,,,UNRESOLVED
Nasib_Singh_vs_The_State_Of_Punjab_on_8_October_2021_1.PDF,Financial Fraud,SCC 2001 7 679,,,UNRESOLVED
Nasib_Singh_vs_The_State_Of_Punjab_on_8_October_2021_1.PDF,Financial Fraud,SCC 2000 2 504,,,UNRESOLVED
Nasib_Singh_vs_The_State_Of_Punjab_on_8_October_2021_1.PDF,Financial Fraud,SCC 2004 4 158,,,UNRESOLVED
Nasib_Singh_vs_The_State_Of_Punjab_on_8_October_2021_1.PDF,Financial Fraud,SCC 2004 4 158,,,UNRESOLVED
Nasib_Singh_vs_The_State_Of_Punjab_on_8_October_2021_1.PDF,Financial Fraud,SCC 2004 4 158,,,UNRESOLVED
Nasib_Singh_vs_The_State_Of_Punjab_on_8_October_2021_1.PDF,Financial Fraud,SCC 2004 4 158,,,UNRESOLVED
Nasib_Singh_vs_The_State_Of_Punjab_on_8_October_2021_1.PDF,Financial Fraud,SCC 2004 4 158,,,UNRESOLVED
Nasib_Singh_vs_The_State_Of_Punjab_on_8_October_2021_1.PDF,Financial Fraud,SCC 2012 9 408,,,UNRESOLVED
Nasib_Singh_vs_The_State_Of_Punjab_on_8_October_2021_1.PDF,Financial Fraud,SCC 2015 1 496,,,UNRESOLVED
Nasib_Singh_vs_The_State_Of_Punjab_on_8_October_2021_1.PDF,Financial Fraud,SCC 2017 12 699,,,UNRESOLVED
Nasib_Singh_vs_The_State_Of_Punjab_on_8_October_2021_1.PDF,Financial Fraud,SCC 2018 2 278,,,UNRESOLVED
Nasib_Singh_vs_The_State_Of_Punjab_on_8_October_2021_1.PDF,Financial Fraud,SCC 2014 14 477,,,UNRESOLVED
Nasib_Singh_vs_The_State_Of_Punjab_on_8_October_2021_1.PDF,Financial Fraud,SCC 2015 7 497,,,UNRESOLVED
Nasib_Singh_vs_The_State_Of_Punjab_on_8_October_2021_1.PDF,Financial Fraud,SCR 1964 1 926,,,UNRESOLVED
National_Spot_Exchange_Limited_vs_Anil_Kohli_Resolution_Professional_For_on_14_September_2021_1.PDF,Financial Fraud,AIR 1966 SC 529,,,UNRESOLVED
National_Spot_Exchange_Limited_vs_Anil_Kohli_Resolution_Professional_For_on_14_September_2021_1.PDF,Financial Fraud,AIR 2017 SC 1352,,,UNRESOLVED
National_Spot_Exchange_Limited_vs_Anil_Kohli_Resolution_Professional_For_on_14_September_2021_1.PDF,Financial Fraud,AIR 1950 SC 265,,,UNRESOLVED
National_Spot_Exchange_Limited_vs_Anil_Kohli_Resolution_Professional_For_on_14_September_2021_1.PDF,Financial Fraud,AIR 1955 SC 661,,,UNRESOLVED
National_Spot_Exchange_Limited_vs_Anil_Kohli_Resolution_Professional_For_on_14_September_2021_1.PDF,Financial Fraud,AIR 1963 SC 1128,,,UNRESOLVED
National_Spot_Exchange_Limited_vs_Anil_Kohli_Resolution_Professional_For_on_14_September_2021_1.PDF,Financial Fraud,AIR 1966 SC 529,,,UNRESOLVED
National_Spot_Exchange_Limited_vs_Anil_Kohli_Resolution_Professional_For_on_14_September_2021_1.PDF,Financial Fraud,AIR 1963 SC 1633,,,UNRESOLVED
National_Spot_Exchange_Limited_vs_Anil_Kohli_Resolution_Professional_For_on_14_September_2021_1.PDF,Financial Fraud,AIR 1988 SC 1895,,,UNRESOLVED
National_Spot_Exchange_Limited_vs_Anil_Kohli_Resolution_Professional_For_on_14_September_2021_1.PDF,Financial Fraud,AIR 1988 SC 1531,,,UNRESOLVED
National_Spot_Exchange_Limited_vs_Anil_Kohli_Resolution_Professional_For_on_14_September_2021_1.PDF,Financial Fraud,AIR 1963 SC 996,,,UNRESOLVED
National_Spot_Exchange_Limited_vs_Anil_Kohli_Resolution_Professional_For_on_14_September_2021_1.PDF,Financial Fraud,AIR 2010 SC 2061,,,UNRESOLVED
National_Spot_Exchange_Limited_vs_Anil_Kohli_Resolution_Professional_For_on_14_September_2021_1.PDF,Financial Fraud,SCC 2018 18 575,,,UNRESOLVED
National_Spot_Exchange_Limited_vs_Anil_Kohli_Resolution_Professional_For_on_14_September_2021_1.PDF,Financial Fraud,SCC 2020 3 328,,,UNRESOLVED
National_Spot_Exchange_Limited_vs_Anil_Kohli_Resolution_Professional_For_on_14_September_2021_1.PDF,Financial Fraud,SCC 2021 3 673,,,UNRESOLVED
National_Spot_Exchange_Limited_vs_Anil_Kohli_Resolution_Professional_For_on_14_September_2021_1.PDF,Financial Fraud,SCC 2001 8 470,,,UNRESOLVED
National_Spot_Exchange_Limited_vs_Anil_Kohli_Resolution_Professional_For_on_14_September_2021_1.PDF,Financial Fraud,SCC 2020 5 757,,,UNRESOLVED
National_Spot_Exchange_Limited_vs_Anil_Kohli_Resolution_Professional_For_on_14_September_2021_1.PDF,Financial Fraud,SCC 2013 11 451,,,UNRESOLVED
National_Spot_Exchange_Limited_vs_Anil_Kohli_Resolution_Professional_For_on_14_September_2021_1.PDF,Financial Fraud,SCC 2011 14 739,,,UNRESOLVED
National_Spot_Exchange_Limited_vs_Anil_Kohli_Resolution_Professional_For_on_14_September_2021_1.PDF,Financial Fraud,SCC 2007 2 230,,,UNRESOLVED
National_Spot_Exchange_Limited_vs_Anil_Kohli_Resolution_Professional_For_on_14_September_2021_1.PDF,Financial Fraud,SCC 2013 10 765,,,UNRESOLVED
National_Spot_Exchange_Limited_vs_Anil_Kohli_Resolution_Professional_For_on_14_September_2021_1.PDF,Financial Fraud,SCC 2002 6 635,,,UNRESOLVED
National_Spot_Exchange_Limited_vs_Anil_Kohli_Resolution_Professional_For_on_14_September_2021_1.PDF,Financial Fraud,SCC 1983 2 235,,,UNRESOLVED
National_Spot_Exchange_Limited_vs_Anil_Kohli_Resolution_Professional_For_on_14_September_2021_1.PDF,Financial Fraud,SCC 1973 1 442,,,UNRESOLVED
National_Spot_Exchange_Limited_vs_Anil_Kohli_Resolution_Professional_For_on_14_September_2021_1.PDF,Financial Fraud,SCC 2009 16 659,,,UNRESOLVED
National_Spot_Exchange_Limited_vs_Anil_Kohli_Resolution_Professional_For_on_14_September_2021_1.PDF,Financial Fraud,SCC 2004 2 130,,,UNRESOLVED
Naveen_Singh_vs_The_State_Of_Uttar_Pradesh_on_15_March_2021_1.PDF,Financial Fraud,SCC 2020 13 337,,,UNRESOLVED
Naveen_Singh_vs_The_State_Of_Uttar_Pradesh_on_15_March_2021_1.PDF,Financial Fraud,SCC 2018 14 493,,,UNRESOLVED
Naveen_Singh_vs_The_State_Of_Uttar_Pradesh_on_15_March_2021_1.PDF,Financial Fraud,SCC 2018 16 10,,,UNRESOLVED
Naveen_Singh_vs_The_State_Of_Uttar_Pradesh_on_15_March_2021_1.PDF,Financial Fraud,SCC 2019 4 340,,,UNRESOLVED
Naveen_Singh_vs_The_State_Of_Uttar_Pradesh_on_15_March_2021_1.PDF,Financial Fraud,SCC 2016 6 699,,,UNRESOLVED
Opto_Circuit_India_Ltd_vs_Axis_Bank_on_3_February_2021_1.PDF,Financial Fraud,SCC 1978 1 405,,,UNRESOLVED
Opto_Circuit_India_Ltd_vs_Axis_Bank_on_3_February_2021_1.PDF,Financial Fraud,SCC 1999 8 266,,,UNRESOLVED
Pradeep_S_Wodeyar_vs_The_State_Of_Karnataka_on_29_November_2021_1.PDF,Financial Fraud,AIR 1994 SC 1229,Santosh_De_vs_Archna_Guha_And_Others_on_26_August_1993_1.PDF,Violent Crime / Homicide,CROSS_DOMAIN
Pradeep_S_Wodeyar_vs_The_State_Of_Karnataka_on_29_November_2021_1.PDF,Financial Fraud,AIR 2009 SC 2661,,,UNRESOLVED
Pradeep_S_Wodeyar_vs_The_State_Of_Karnataka_on_29_November_2021_1.PDF,Financial Fraud,AIR 1964 SC 1284,,,UNRESOLVED
Pradeep_S_Wodeyar_vs_The_State_Of_Karnataka_on_29_November_2021_1.PDF,Financial Fraud,AIR 1963 SC 1561,,,UNRESOLVED
Pradeep_S_Wodeyar_vs_The_State_Of_Karnataka_on_29_November_2021_1.PDF,Financial Fraud,AIR 1968 SC 594,,,UNRESOLVED
Pradeep_S_Wodeyar_vs_The_State_Of_Karnataka_on_29_November_2021_1.PDF,Financial Fraud,SCC 2000 2 504,,,UNRESOLVED
Pradeep_S_Wodeyar_vs_The_State_Of_Karnataka_on_29_November_2021_1.PDF,Financial Fraud,SCC 2001 7 679,,,UNRESOLVED
Pradeep_S_Wodeyar_vs_The_State_Of_Karnataka_on_29_November_2021_1.PDF,Financial Fraud,SCC 2004 4 584,,,UNRESOLVED
Pradeep_S_Wodeyar_vs_The_State_Of_Karnataka_on_29_November_2021_1.PDF,Financial Fraud,SCC 2004 1 215,,,UNRESOLVED
Pradeep_S_Wodeyar_vs_The_State_Of_Karnataka_on_29_November_2021_1.PDF,Financial Fraud,SCC 2012 4 516,,,UNRESOLVED
Pradeep_S_Wodeyar_vs_The_State_Of_Karnataka_on_29_November_2021_1.PDF,Financial Fraud,SCC 2014 3 306,,,UNRESOLVED
Pradeep_S_Wodeyar_vs_The_State_Of_Karnataka_on_29_November_2021_1.PDF,Financial Fraud,SCC 2000 2 504,,,UNRESOLVED
Pradeep_S_Wodeyar_vs_The_State_Of_Karnataka_on_29_November_2021_1.PDF,Financial Fraud,SCC 2014 3 92,,,UNRESOLVED
Pradeep_S_Wodeyar_vs_The_State_Of_Karnataka_on_29_November_2021_1.PDF,Financial Fraud,SCC 1993 2 16,Kishun_Singh_And_Ors_vs_State_Of_Bihar_on_11_January_1993_1.PDF,Financial Fraud,INTERNAL
Pradeep_S_Wodeyar_vs_The_State_Of_Karnataka_on_29_November_2021_1.PDF,Financial Fraud,SCC 2008 2 492,,,UNRESOLVED
Pradeep_S_Wodeyar_vs_The_State_Of_Karnataka_on_29_November_2021_1.PDF,Financial Fraud,SCC 2008 17 157,,,UNRESOLVED
Pradeep_S_Wodeyar_vs_The_State_Of_Karnataka_on_29_November_2021_1.PDF,Financial Fraud,SCC 1995 1 684,State_Of_W_B_vs_Mohammed_Khalid_on_24_November_1994_1.PDF,Organized Crime / Extortion,CROSS_DOMAIN
Pradeep_S_Wodeyar_vs_The_State_Of_Karnataka_on_29_November_2021_1.PDF,Financial Fraud,SCC 1998 7 149,,,UNRESOLVED
Pradeep_S_Wodeyar_vs_The_State_Of_Karnataka_on_29_November_2021_1.PDF,Financial Fraud,SCC 2015 1 48,,,UNRESOLVED
Pradeep_S_Wodeyar_vs_The_State_Of_Karnataka_on_29_November_2021_1.PDF,Financial Fraud,SCC 2010 8 257,,,UNRESOLVED
Pradeep_S_Wodeyar_vs_The_State_Of_Karnataka_on_29_November_2021_1.PDF,Financial Fraud,SCC 2001 4 713,,,UNRESOLVED
Pradeep_S_Wodeyar_vs_The_State_Of_Karnataka_on_29_November_2021_1.PDF,Financial Fraud,SCC 2003 7 389,,,UNRESOLVED
Pradeep_S_Wodeyar_vs_The_State_Of_Karnataka_on_29_November_2021_1.PDF,Financial Fraud,SCC 2015 17 65,,,UNRESOLVED
Pradeep_S_Wodeyar_vs_The_State_Of_Karnataka_on_29_November_2021_1.PDF,Financial Fraud,SCC 2010 8 257,,,UNRESOLVED
Pradeep_S_Wodeyar_vs_The_State_Of_Karnataka_on_29_November_2021_1.PDF,Financial Fraud,SCC 1984 2 500,,,UNRESOLVED
Pradeep_S_Wodeyar_vs_The_State_Of_Karnataka_on_29_November_2021_1.PDF,Financial Fraud,SCC 1998 5 749,,,UNRESOLVED
Pradeep_S_Wodeyar_vs_The_State_Of_Karnataka_on_29_November_2021_1.PDF,Financial Fraud,SCC 2008 17 157,,,UNRESOLVED
Pradeep_S_Wodeyar_vs_The_State_Of_Karnataka_on_29_November_2021_1.PDF,Financial Fraud,SCC 2015 12 420,,,UNRESOLVED
Pradeep_S_Wodeyar_vs_The_State_Of_Karnataka_on_29_November_2021_1.PDF,Financial Fraud,SCC 2015 4 609,,,UNRESOLVED
Pradeep_S_Wodeyar_vs_The_State_Of_Karnataka_on_29_November_2021_1.PDF,Financial Fraud,SCC 2012 5 424,,,UNRESOLVED
Pradeep_S_Wodeyar_vs_The_State_Of_Karnataka_on_29_November_2021_1.PDF,Financial Fraud,SCC 2019 20 539,,,UNRESOLVED
Pradeep_S_Wodeyar_vs_The_State_Of_Karnataka_on_29_November_2021_1.PDF,Financial Fraud,SCC 2014 9 772,,,UNRESOLVED
Pradeep_S_Wodeyar_vs_The_State_Of_Karnataka_on_29_November_2021_1.PDF,Financial Fraud,SCC 2020 14 331,,,UNRESOLVED
Pradeep_S_Wodeyar_vs_The_State_Of_Karnataka_on_29_November_2021_1.PDF,Financial Fraud,SCC 2021 2 670,,,UNRESOLVED
Pradeep_S_Wodeyar_vs_The_State_Of_Karnataka_on_29_November_2021_1.PDF,Financial Fraud,SCC 2019 17 193,,,UNRESOLVED
Pradeep_S_Wodeyar_vs_The_State_Of_Karnataka_on_29_November_2021_1.PDF,Financial Fraud,SCC 2020 3 240,,,UNRESOLVED
Pradeep_S_Wodeyar_vs_The_State_Of_Karnataka_on_29_November_2021_1.PDF,Financial Fraud,SCC 2012 5 661,,,UNRESOLVED
Pradeep_S_Wodeyar_vs_The_State_Of_Karnataka_on_29_November_2021_1.PDF,Financial Fraud,SCC 2005 8 89,,,UNRESOLVED
Pradeep_S_Wodeyar_vs_The_State_Of_Karnataka_on_29_November_2021_1.PDF,Financial Fraud,SCC 2010 3 330,,,UNRESOLVED
Pradeep_S_Wodeyar_vs_The_State_Of_Karnataka_on_29_November_2021_1.PDF,Financial Fraud,SCC 2015 9 622,,,UNRESOLVED
Pradeep_S_Wodeyar_vs_The_State_Of_Karnataka_on_29_November_2021_1.PDF,Financial Fraud,SCR 1959 2 8,,,UNRESOLVED
Pradeep_S_Wodeyar_vs_The_State_Of_Karnataka_on_29_November_2021_1.PDF,Financial Fraud,SCR 1968 1 695,,,UNRESOLVED
Pravat_Chandra_Mohanty_vs_The_State_Of_Odisha_on_11_February_2021_1.PDF,Financial Fraud,SCC 2019 18 571,,,UNRESOLVED
Pravat_Chandra_Mohanty_vs_The_State_Of_Odisha_on_11_February_2021_1.PDF,Financial Fraud,SCC 2011 10 765,,,UNRESOLVED
Pravat_Chandra_Mohanty_vs_The_State_Of_Odisha_on_11_February_2021_1.PDF,Financial Fraud,SCC 2008 15 667,,,UNRESOLVED
Priti_Saraf_vs_State_Of_Nct_Of_Delhi_on_10_March_2021_1.PDF,Financial Fraud,SCR 1960 3 388,,,UNRESOLVED
Priti_Saraf_vs_State_Of_Nct_Of_Delhi_on_10_March_2021_1.PDF,Financial Fraud,SCR 1964 3 480,,,UNRESOLVED
P_Mohanraj_vs_M_S_Shah_Brothers_Ispat_Pvt_Ltd_on_1_March_2021_1.PDF,Financial Fraud,AIR 1960 SC 610,,,UNRESOLVED
P_Mohanraj_vs_M_S_Shah_Brothers_Ispat_Pvt_Ltd_on_1_March_2021_1.PDF,Financial Fraud,AIR 1960 SC 610,,,UNRESOLVED
P_Mohanraj_vs_M_S_Shah_Brothers_Ispat_Pvt_Ltd_on_1_March_2021_1.PDF,Financial Fraud,AIR 1960 SC 610,,,UNRESOLVED
P_Mohanraj_vs_M_S_Shah_Brothers_Ispat_Pvt_Ltd_on_1_March_2021_1.PDF,Financial Fraud,AIR 1964 SC 1230,,,UNRESOLVED
P_Mohanraj_vs_M_S_Shah_Brothers_Ispat_Pvt_Ltd_on_1_March_2021_1.PDF,Financial Fraud,AIR 1936 PC 141,,,UNRESOLVED
P_Mohanraj_vs_M_S_Shah_Brothers_Ispat_Pvt_Ltd_on_1_March_2021_1.PDF,Financial Fraud,AIR 1961 SC 1367,B_K_Kar_vs_The_Chief_Justice_And_His_Companion_on_14_March_1961_1.PDF,,OUTSIDE_DOMAINS
P_Mohanraj_vs_M_S_Shah_Brothers_Ispat_Pvt_Ltd_on_1_March_2021_1.PDF,Financial Fraud,AIR 1954 SC 186,,,UNRESOLVED
P_Mohanraj_vs_M_S_Shah_Brothers_Ispat_Pvt_Ltd_on_1_March_2021_1.PDF,Financial Fraud,AIR 1936 PC 141,,,UNRESOLVED
P_Mohanraj_vs_M_S_Shah_Brothers_Ispat_Pvt_Ltd_on_1_March_2021_1.PDF,Financial Fraud,AIR 1976 SC 859,,,UNRESOLVED
P_Mohanraj_vs_M_S_Shah_Brothers_Ispat_Pvt_Ltd_on_1_March_2021_1.PDF,Financial Fraud,AIR 2002 SC 1405,,,UNRESOLVED
P_Mohanraj_vs_M_S_Shah_Brothers_Ispat_Pvt_Ltd_on_1_March_2021_1.PDF,Financial Fraud,AIR 2009 SC 1314,,,UNRESOLVED
P_Mohanraj_vs_M_S_Shah_Brothers_Ispat_Pvt_Ltd_on_1_March_2021_1.PDF,Financial Fraud,AIR 2001 SC 1293,,,UNRESOLVED
P_Mohanraj_vs_M_S_Shah_Brothers_Ispat_Pvt_Ltd_on_1_March_2021_1.PDF,Financial Fraud,AIR 1992 SC 2153,V_G_Nigam_And_Others_vs_Kedar_Nath_Gupta_And_Another_on_24_September_1992_1.PDF,,OUTSIDE_DOMAINS
P_Mohanraj_vs_M_S_Shah_Brothers_Ispat_Pvt_Ltd_on_1_March_2021_1.PDF,Financial Fraud,AIR 2000 SC 833,,,UNRESOLVED
P_Mohanraj_vs_M_S_Shah_Brothers_Ispat_Pvt_Ltd_on_1_March_2021_1.PDF,Financial Fraud,SCC 2012 5 661,,,UNRESOLVED
P_Mohanraj_vs_M_S_Shah_Brothers_Ispat_Pvt_Ltd_on_1_March_2021_1.PDF,Financial Fraud,SCC 2018 17 394,,,UNRESOLVED
P_Mohanraj_vs_M_S_Shah_Brothers_Ispat_Pvt_Ltd_on_1_March_2021_1.PDF,Financial Fraud,SCC 2001 9 432,,,UNRESOLVED
P_Mohanraj_vs_M_S_Shah_Brothers_Ispat_Pvt_Ltd_on_1_March_2021_1.PDF,Financial Fraud,SCC 1978 2 213,,,UNRESOLVED
P_Mohanraj_vs_M_S_Shah_Brothers_Ispat_Pvt_Ltd_on_1_March_2021_1.PDF,Financial Fraud,SCC 1990 3 447,,,UNRESOLVED
P_Mohanraj_vs_M_S_Shah_Brothers_Ispat_Pvt_Ltd_on_1_March_2021_1.PDF,Financial Fraud,SCC 1999 4 135,,,UNRESOLVED
P_Mohanraj_vs_M_S_Shah_Brothers_Ispat_Pvt_Ltd_on_1_March_2021_1.PDF,Financial Fraud,SCC 1999 6 275,,,UNRESOLVED
P_Mohanraj_vs_M_S_Shah_Brothers_Ispat_Pvt_Ltd_on_1_March_2021_1.PDF,Financial Fraud,SCC 2005 2 515,,,UNRESOLVED
P_Mohanraj_vs_M_S_Shah_Brothers_Ispat_Pvt_Ltd_on_1_March_2021_1.PDF,Financial Fraud,SCC 1981 2 141,Rainbow_Steels_Ltd_Muzaffarnagar_And_vs_C_S_T_U_P_And_State_Of_U_P_on_30_January_1981_1.PDF,,OUTSIDE_DOMAINS
P_Mohanraj_vs_M_S_Shah_Brothers_Ispat_Pvt_Ltd_on_1_March_2021_1.PDF,Financial Fraud,SCC 2015 9 502,,,UNRESOLVED
P_Mohanraj_vs_M_S_Shah_Brothers_Ispat_Pvt_Ltd_on_1_March_2021_1.PDF,Financial Fraud,SCC 1989 2 458,,,UNRESOLVED
P_Mohanraj_vs_M_S_Shah_Brothers_Ispat_Pvt_Ltd_on_1_March_2021_1.PDF,Financial Fraud,SCC 1969 3 99,,,UNRESOLVED
P_Mohanraj_vs_M_S_Shah_Brothers_Ispat_Pvt_Ltd_on_1_March_2021_1.PDF,Financial Fraud,SCC 1978 4 16,,,UNRESOLVED
P_Mohanraj_vs_M_S_Shah_Brothers_Ispat_Pvt_Ltd_on_1_March_2021_1.PDF,Financial Fraud,SCC 1989 2 458,,,UNRESOLVED
P_Mohanraj_vs_M_S_Shah_Brothers_Ispat_Pvt_Ltd_on_1_March_2021_1.PDF,Financial Fraud,SCC 2002 4 297,,,UNRESOLVED
P_Mohanraj_vs_M_S_Shah_Brothers_Ispat_Pvt_Ltd_on_1_March_2021_1.PDF,Financial Fraud,SCC 2019 8 416,,,UNRESOLVED
P_Mohanraj_vs_M_S_Shah_Brothers_Ispat_Pvt_Ltd_on_1_March_2021_1.PDF,Financial Fraud,SCC 1976 4 643,,,UNRESOLVED
P_Mohanraj_vs_M_S_Shah_Brothers_Ispat_Pvt_Ltd_on_1_March_2021_1.PDF,Financial Fraud,SCC 2016 7 221,,,UNRESOLVED
P_Mohanraj_vs_M_S_Shah_Brothers_Ispat_Pvt_Ltd_on_1_March_2021_1.PDF,Financial Fraud,SCC 2005 2 515,,,UNRESOLVED
P_Mohanraj_vs_M_S_Shah_Brothers_Ispat_Pvt_Ltd_on_1_March_2021_1.PDF,Financial Fraud,SCC 2004 1 755,,,UNRESOLVED
P_Mohanraj_vs_M_S_Shah_Brothers_Ispat_Pvt_Ltd_on_1_March_2021_1.PDF,Financial Fraud,SCC 2019 4 17,,,UNRESOLVED
P_Mohanraj_vs_M_S_Shah_Brothers_Ispat_Pvt_Ltd_on_1_March_2021_1.PDF,Financial Fraud,SCC 2018 2 674,,,UNRESOLVED
P_Mohanraj_vs_M_S_Shah_Brothers_Ispat_Pvt_Ltd_on_1_March_2021_1.PDF,Financial Fraud,SCC 2019 5 192,,,UNRESOLVED
P_Mohanraj_vs_M_S_Shah_Brothers_Ispat_Pvt_Ltd_on_1_March_2021_1.PDF,Financial Fraud,SCC 2003 3 232,,,UNRESOLVED
P_Mohanraj_vs_M_S_Shah_Brothers_Ispat_Pvt_Ltd_on_1_March_2021_1.PDF,Financial Fraud,SCC 2008 2 305,,,UNRESOLVED
P_Mohanraj_vs_M_S_Shah_Brothers_Ispat_Pvt_Ltd_on_1_March_2021_1.PDF,Financial Fraud,SCC 1996 2 739,,,UNRESOLVED
P_Mohanraj_vs_M_S_Shah_Brothers_Ispat_Pvt_Ltd_on_1_March_2021_1.PDF,Financial Fraud,SCC 2010 5 663,,,UNRESOLVED
P_Mohanraj_vs_M_S_Shah_Brothers_Ispat_Pvt_Ltd_on_1_March_2021_1.PDF,Financial Fraud,SCC 2010 1 798,,,UNRESOLVED
P_Mohanraj_vs_M_S_Shah_Brothers_Ispat_Pvt_Ltd_on_1_March_2021_1.PDF,Financial Fraud,SCC 2012 3 255,,,UNRESOLVED
P_Mohanraj_vs_M_S_Shah_Brothers_Ispat_Pvt_Ltd_on_1_March_2021_1.PDF,Financial Fraud,SCC 2010 5 663,,,UNRESOLVED
P_Mohanraj_vs_M_S_Shah_Brothers_Ispat_Pvt_Ltd_on_1_March_2021_1.PDF,Financial Fraud,SCC 2011 4 593,,,UNRESOLVED
P_Mohanraj_vs_M_S_Shah_Brothers_Ispat_Pvt_Ltd_on_1_March_2021_1.PDF,Financial Fraud,SCC 2012 1 260,,,UNRESOLVED
P_Mohanraj_vs_M_S_Shah_Brothers_Ispat_Pvt_Ltd_on_1_March_2021_1.PDF,Financial Fraud,SCC 2010 5 663,,,UNRESOLVED
P_Mohanraj_vs_M_S_Shah_Brothers_Ispat_Pvt_Ltd_on_1_March_2021_1.PDF,Financial Fraud,SCC 2014 9 129,,,UNRESOLVED
P_Mohanraj_vs_M_S_Shah_Brothers_Ispat_Pvt_Ltd_on_1_March_2021_1.PDF,Financial Fraud,SCC 1990 1 400,,,UNRESOLVED
P_Mohanraj_vs_M_S_Shah_Brothers_Ispat_Pvt_Ltd_on_1_March_2021_1.PDF,Financial Fraud,SCC 1999 8 577,,,UNRESOLVED
P_Mohanraj_vs_M_S_Shah_Brothers_Ispat_Pvt_Ltd_on_1_March_2021_1.PDF,Financial Fraud,SCC 2014 13 779,,,UNRESOLVED
P_Mohanraj_vs_M_S_Shah_Brothers_Ispat_Pvt_Ltd_on_1_March_2021_1.PDF,Financial Fraud,SCC 2001 1 631,,,UNRESOLVED
P_Mohanraj_vs_M_S_Shah_Brothers_Ispat_Pvt_Ltd_on_1_March_2021_1.PDF,Financial Fraud,SCC 2001 1 631,,,UNRESOLVED
P_Mohanraj_vs_M_S_Shah_Brothers_Ispat_Pvt_Ltd_on_1_March_2021_1.PDF,Financial Fraud,SCC 2018 1 560,,,UNRESOLVED
P_Mohanraj_vs_M_S_Shah_Brothers_Ispat_Pvt_Ltd_on_1_March_2021_1.PDF,Financial Fraud,SCC 2004 2 235,,,UNRESOLVED
P_Mohanraj_vs_M_S_Shah_Brothers_Ispat_Pvt_Ltd_on_1_March_2021_1.PDF,Financial Fraud,SCC 2008 2 305,,,UNRESOLVED
P_Mohanraj_vs_M_S_Shah_Brothers_Ispat_Pvt_Ltd_on_1_March_2021_1.PDF,Financial Fraud,SCC 2010 11 441,,,UNRESOLVED
P_Mohanraj_vs_M_S_Shah_Brothers_Ispat_Pvt_Ltd_on_1_March_2021_1.PDF,Financial Fraud,SCC 2012 1 260,,,UNRESOLVED
P_Mohanraj_vs_M_S_Shah_Brothers_Ispat_Pvt_Ltd_on_1_March_2021_1.PDF,Financial Fraud,SCC 2014 13 779,,,UNRESOLVED
P_Mohanraj_vs_M_S_Shah_Brothers_Ispat_Pvt_Ltd_on_1_March_2021_1.PDF,Financial Fraud,SCC 2019 9 606,,,UNRESOLVED
P_Mohanraj_vs_M_S_Shah_Brothers_Ispat_Pvt_Ltd_on_1_March_2021_1.PDF,Financial Fraud,SCC 2019 16 730,,,UNRESOLVED
P_Mohanraj_vs_M_S_Shah_Brothers_Ispat_Pvt_Ltd_on_1_March_2021_1.PDF,Financial Fraud,SCC 2020 4 695,,,UNRESOLVED
P_Mohanraj_vs_M_S_Shah_Brothers_Ispat_Pvt_Ltd_on_1_March_2021_1.PDF,Financial Fraud,SCC 2004 4 158,,,UNRESOLVED
P_Mohanraj_vs_M_S_Shah_Brothers_Ispat_Pvt_Ltd_on_1_March_2021_1.PDF,Financial Fraud,SCC 1995 3 732,Smt_Abhilash_Vinodkumar_Jain_vs_Cox_Kings_India_Ltd_Ors_on_21_March_1995_1.PDF,,OUTSIDE_DOMAINS
P_Mohanraj_vs_M_S_Shah_Brothers_Ispat_Pvt_Ltd_on_1_March_2021_1.PDF,Financial Fraud,SCC 1994 6 332,Niaz_Mohammad_vs_Statee_Of_Harayana_on_20_September_1994_1.PDF,,OUTSIDE_DOMAINS
P_Mohanraj_vs_M_S_Shah_Brothers_Ispat_Pvt_Ltd_on_1_March_2021_1.PDF,Financial Fraud,SCC 2006 5 1,,,UNRESOLVED
P_Mohanraj_vs_M_S_Shah_Brothers_Ispat_Pvt_Ltd_on_1_March_2021_1.PDF,Financial Fraud,SCC 2010 3 705,,,UNRESOLVED
P_Mohanraj_vs_M_S_Shah_Brothers_Ispat_Pvt_Ltd_on_1_March_2021_1.PDF,Financial Fraud,SCC 1976 1 975,,,UNRESOLVED
P_Mohanraj_vs_M_S_Shah_Brothers_Ispat_Pvt_Ltd_on_1_March_2021_1.PDF,Financial Fraud,SCC 2001 7 530,,,UNRESOLVED
P_Mohanraj_vs_M_S_Shah_Brothers_Ispat_Pvt_Ltd_on_1_March_2021_1.PDF,Financial Fraud,SCC 2002 4 21,,,UNRESOLVED
P_Mohanraj_vs_M_S_Shah_Brothers_Ispat_Pvt_Ltd_on_1_March_2021_1.PDF,Financial Fraud,SCC 2004 5 26,,,UNRESOLVED
P_Mohanraj_vs_M_S_Shah_Brothers_Ispat_Pvt_Ltd_on_1_March_2021_1.PDF,Financial Fraud,SCC 2009 5 417,,,UNRESOLVED
P_Mohanraj_vs_M_S_Shah_Brothers_Ispat_Pvt_Ltd_on_1_March_2021_1.PDF,Financial Fraud,SCC 2001 3 739,,,UNRESOLVED
P_Mohanraj_vs_M_S_Shah_Brothers_Ispat_Pvt_Ltd_on_1_March_2021_1.PDF,Financial Fraud,SCC 1992 4 697,,,UNRESOLVED
P_Mohanraj_vs_M_S_Shah_Brothers_Ispat_Pvt_Ltd_on_1_March_2021_1.PDF,Financial Fraud,SCC 2000 2 367,,,UNRESOLVED
P_Mohanraj_vs_M_S_Shah_Brothers_Ispat_Pvt_Ltd_on_1_March_2021_1.PDF,Financial Fraud,SCC 2012 1 273,,,UNRESOLVED
P_Mohanraj_vs_M_S_Shah_Brothers_Ispat_Pvt_Ltd_on_1_March_2021_1.PDF,Financial Fraud,SCC 2012 4 307,,,UNRESOLVED
P_Mohanraj_vs_M_S_Shah_Brothers_Ispat_Pvt_Ltd_on_1_March_2021_1.PDF,Financial Fraud,SCC 2014 14 446,,,UNRESOLVED
P_Mohanraj_vs_M_S_Shah_Brothers_Ispat_Pvt_Ltd_on_1_March_2021_1.PDF,Financial Fraud,SCC 2000 2 737,,,UNRESOLVED
P_Mohanraj_vs_M_S_Shah_Brothers_Ispat_Pvt_Ltd_on_1_March_2021_1.PDF,Financial Fraud,SCC 1993 2 144,Maharashtra_Tubes_Ltd_vs_State_Industrial_And_Investment_on_29_January_1993_1.PDF,,OUTSIDE_DOMAINS
P_Mohanraj_vs_M_S_Shah_Brothers_Ispat_Pvt_Ltd_on_1_March_2021_1.PDF,Financial Fraud,SCC 2000 2 745,,,UNRESOLVED
P_Mohanraj_vs_M_S_Shah_Brothers_Ispat_Pvt_Ltd_on_1_March_2021_1.PDF,Financial Fraud,SCC 1972 1 438,,,UNRESOLVED
P_Mohanraj_vs_M_S_Shah_Brothers_Ispat_Pvt_Ltd_on_1_March_2021_1.PDF,Financial Fraud,SCC 1984 4 657,,,UNRESOLVED
P_Mohanraj_vs_M_S_Shah_Brothers_Ispat_Pvt_Ltd_on_1_March_2021_1.PDF,Financial Fraud,SCC 1994 4 159,,,UNRESOLVED
P_Mohanraj_vs_M_S_Shah_Brothers_Ispat_Pvt_Ltd_on_1_March_2021_1.PDF,Financial Fraud,SCC 1974 4 313,,,UNRESOLVED
P_Mohanraj_vs_M_S_Shah_Brothers_Ispat_Pvt_Ltd_on_1_March_2021_1.PDF,Financial Fraud,SCC 1984 4 352,,,UNRESOLVED
P_Mohanraj_vs_M_S_Shah_Brothers_Ispat_Pvt_Ltd_on_1_March_2021_1.PDF,Financial Fraud,SCC 1970 3 491,State_Of_Madras_vs_C_V_Parekh_And_Anr_on_28_October_1970_1.PDF,,OUTSIDE_DOMAINS
P_Mohanraj_vs_M_S_Shah_Brothers_Ispat_Pvt_Ltd_on_1_March_2021_1.PDF,Financial Fraud,SCC 2000 1 1,,,UNRESOLVED
P_Mohanraj_vs_M_S_Shah_Brothers_Ispat_Pvt_Ltd_on_1_March_2021_1.PDF,Financial Fraud,SCC 1970 3 491,State_Of_Madras_vs_C_V_Parekh_And_Anr_on_28_October_1970_1.PDF,,OUTSIDE_DOMAINS
P_Mohanraj_vs_M_S_Shah_Brothers_Ispat_Pvt_Ltd_on_1_March_2021_1.PDF,Financial Fraud,SCC 1984 4 352,,,UNRESOLVED
P_Mohanraj_vs_M_S_Shah_Brothers_Ispat_Pvt_Ltd_on_1_March_2021_1.PDF,Financial Fraud,SCC 2000 1 1,,,UNRESOLVED
P_Mohanraj_vs_M_S_Shah_Brothers_Ispat_Pvt_Ltd_on_1_March_2021_1.PDF,Financial Fraud,SCC 1987 3 684,,,UNRESOLVED
P_Mohanraj_vs_M_S_Shah_Brothers_Ispat_Pvt_Ltd_on_1_March_2021_1.PDF,Financial Fraud,SCR 1967 1 454,,,UNRESOLVED
P_Mohanraj_vs_M_S_Shah_Brothers_Ispat_Pvt_Ltd_on_1_March_2021_1.PDF,Financial Fraud,SCR 1964 8 50,,,UNRESOLVED
P_Mohanraj_vs_M_S_Shah_Brothers_Ispat_Pvt_Ltd_on_1_March_2021_1.PDF,Financial Fraud,SCR 1967 3 377,,,UNRESOLVED
P_Mohanraj_vs_M_S_Shah_Brothers_Ispat_Pvt_Ltd_on_1_March_2021_1.PDF,Financial Fraud,SCR 1960 2 866,,,UNRESOLVED
P_Mohanraj_vs_M_S_Shah_Brothers_Ispat_Pvt_Ltd_on_1_March_2021_1.PDF,Financial Fraud,SCR 1960 2 866,,,UNRESOLVED
P_Mohanraj_vs_M_S_Shah_Brothers_Ispat_Pvt_Ltd_on_1_March_2021_1.PDF,Financial Fraud,SCR 1960 2 866,,,UNRESOLVED
P_Mohanraj_vs_M_S_Shah_Brothers_Ispat_Pvt_Ltd_on_1_March_2021_1.PDF,Financial Fraud,SCR 1964 6 784,,,UNRESOLVED
P_Mohanraj_vs_M_S_Shah_Brothers_Ispat_Pvt_Ltd_on_1_March_2021_1.PDF,Financial Fraud,SCR 1966 1 190,S_A_L_Narayan_Row_And_Anr_vs_Ishwarlal_Bhagwandas_And_Anr_on_7_May_1965_1.PDF,,OUTSIDE_DOMAINS
Ravindranatha_Bajpe_vs_Mangalore_Special_Economic_Zone_Ltd_on_27_September_2021_1.PDF,Financial Fraud,SCC 2013 4 505,,,UNRESOLVED
Ravindranatha_Bajpe_vs_Mangalore_Special_Economic_Zone_Ltd_on_27_September_2021_1.PDF,Financial Fraud,SCC 2015 4 609,,,UNRESOLVED
Ravindranatha_Bajpe_vs_Mangalore_Special_Economic_Zone_Ltd_on_27_September_2021_1.PDF,Financial Fraud,SCC 2012 5 661,,,UNRESOLVED
Ravindranatha_Bajpe_vs_Mangalore_Special_Economic_Zone_Ltd_on_27_September_2021_1.PDF,Financial Fraud,SCC 2008 5 668,,,UNRESOLVED
Ravindranatha_Bajpe_vs_Mangalore_Special_Economic_Zone_Ltd_on_27_September_2021_1.PDF,Financial Fraud,SCC 1998 5 749,,,UNRESOLVED
Sartaj_Singh_vs_The_State_Of_Haryana_on_15_March_2021_1.PDF,Financial Fraud,AIR 2013 SC 3018,,,UNRESOLVED
Sartaj_Singh_vs_The_State_Of_Haryana_on_15_March_2021_1.PDF,Financial Fraud,AIR 2013 SC 3018,,,UNRESOLVED
Sartaj_Singh_vs_The_State_Of_Haryana_on_15_March_2021_1.PDF,Financial Fraud,AIR 2001 SC 2521,,,UNRESOLVED
Sartaj_Singh_vs_The_State_Of_Haryana_on_15_March_2021_1.PDF,Financial Fraud,AIR 1998 SC 3148,,,UNRESOLVED
Sartaj_Singh_vs_The_State_Of_Haryana_on_15_March_2021_1.PDF,Financial Fraud,AIR 2007 SC 1899,,,UNRESOLVED
Sartaj_Singh_vs_The_State_Of_Haryana_on_15_March_2021_1.PDF,Financial Fraud,AIR 2007 SC 1899,,,UNRESOLVED
Sartaj_Singh_vs_The_State_Of_Haryana_on_15_March_2021_1.PDF,Financial Fraud,AIR 2007 SC 1899,,,UNRESOLVED
Sartaj_Singh_vs_The_State_Of_Haryana_on_15_March_2021_1.PDF,Financial Fraud,SCC 2014 3 92,,,UNRESOLVED
Sartaj_Singh_vs_The_State_Of_Haryana_on_15_March_2021_1.PDF,Financial Fraud,SCC 2019 6 638,,,UNRESOLVED
Sartaj_Singh_vs_The_State_Of_Haryana_on_15_March_2021_1.PDF,Financial Fraud,SCC 2014 3 306,,,UNRESOLVED
Sartaj_Singh_vs_The_State_Of_Haryana_on_15_March_2021_1.PDF,Financial Fraud,SCC 2014 3 306,,,UNRESOLVED
Sartaj_Singh_vs_The_State_Of_Haryana_on_15_March_2021_1.PDF,Financial Fraud,SCC 2001 6 248,,,UNRESOLVED
Sartaj_Singh_vs_The_State_Of_Haryana_on_15_March_2021_1.PDF,Financial Fraud,SCC 1998 7 149,,,UNRESOLVED
Sartaj_Singh_vs_The_State_Of_Haryana_on_15_March_2021_1.PDF,Financial Fraud,SCC 2007 14 544,,,UNRESOLVED
Sartaj_Singh_vs_The_State_Of_Haryana_on_15_March_2021_1.PDF,Financial Fraud,SCC 2009 13 608,,,UNRESOLVED
Sartaj_Singh_vs_The_State_Of_Haryana_on_15_March_2021_1.PDF,Financial Fraud,SCC 2009 16 785,,,UNRESOLVED
Sartaj_Singh_vs_The_State_Of_Haryana_on_15_March_2021_1.PDF,Financial Fraud,SCC 2007 14 544,,,UNRESOLVED
Sartaj_Singh_vs_The_State_Of_Haryana_on_15_March_2021_1.PDF,Financial Fraud,SCC 2007 14 544,,,UNRESOLVED
Sartaj_Singh_vs_The_State_Of_Haryana_on_15_March_2021_1.PDF,Financial Fraud,SCC 2009 13 608,,,UNRESOLVED
Sartaj_Singh_vs_The_State_Of_Haryana_on_15_March_2021_1.PDF,Financial Fraud,SCC 2017 16 226,,,UNRESOLVED
Sartaj_Singh_vs_The_State_Of_Haryana_on_15_March_2021_1.PDF,Financial Fraud,SCC 2019 6 368,,,UNRESOLVED
Sripati_Singh_Since_Deceased_Through_vs_The_State_Of_Jharkhand_on_28_October_2021_1.PDF,Financial Fraud,SCC 2008 7 137,,,UNRESOLVED
Sripati_Singh_Since_Deceased_Through_vs_The_State_Of_Jharkhand_on_28_October_2021_1.PDF,Financial Fraud,SCC 2018 14 233,,,UNRESOLVED
Sripati_Singh_Since_Deceased_Through_vs_The_State_Of_Jharkhand_on_28_October_2021_1.PDF,Financial Fraud,SCC 2014 12 539,,,UNRESOLVED
Tata_Consultancy_Services_Limited_vs_Cyrus_Investments_Pvt_Ltd_on_26_March_2021_1.PDF,Financial Fraud,AIR 1965 SC 1288,Central_Bank_Of_India_Ltd_vs_Hartford_Fire_Insurance_Co_Ltd_on_11_September_1964_1.PDF,,OUTSIDE_DOMAINS
Tata_Consultancy_Services_Limited_vs_Cyrus_Investments_Pvt_Ltd_on_26_March_2021_1.PDF,Financial Fraud,AIR 1965 SC 1535,Shanti_Prasad_Jain_vs_Kalinga_Tubes_Ltd_on_14_January_1965_1.PDF,,OUTSIDE_DOMAINS
Tata_Consultancy_Services_Limited_vs_Cyrus_Investments_Pvt_Ltd_on_26_March_2021_1.PDF,Financial Fraud,SCC 2001 4 420,,,UNRESOLVED
Tata_Consultancy_Services_Limited_vs_Cyrus_Investments_Pvt_Ltd_on_26_March_2021_1.PDF,Financial Fraud,SCC 1999 6 464,,,UNRESOLVED
Tata_Consultancy_Services_Limited_vs_Cyrus_Investments_Pvt_Ltd_on_26_March_2021_1.PDF,Financial Fraud,SCC 1981 3 333,,,UNRESOLVED
Tata_Consultancy_Services_Limited_vs_Cyrus_Investments_Pvt_Ltd_on_26_March_2021_1.PDF,Financial Fraud,SCC 1987 4 398,,,UNRESOLVED
Tata_Consultancy_Services_Limited_vs_Cyrus_Investments_Pvt_Ltd_on_26_March_2021_1.PDF,Financial Fraud,SCC 2000 4 342,,,UNRESOLVED
Tata_Consultancy_Services_Limited_vs_Cyrus_Investments_Pvt_Ltd_on_26_March_2021_1.PDF,Financial Fraud,SCC 2012 6 613,,,UNRESOLVED
Tata_Consultancy_Services_Limited_vs_Cyrus_Investments_Pvt_Ltd_on_26_March_2021_1.PDF,Financial Fraud,SCC 1981 3 333,,,UNRESOLVED
Tata_Consultancy_Services_Limited_vs_Cyrus_Investments_Pvt_Ltd_on_26_March_2021_1.PDF,Financial Fraud,SCC 2009 8 709,,,UNRESOLVED
Tata_Consultancy_Services_Limited_vs_Cyrus_Investments_Pvt_Ltd_on_26_March_2021_1.PDF,Financial Fraud,SCC 2015 14 277,,,UNRESOLVED
Tata_Consultancy_Services_Limited_vs_Cyrus_Investments_Pvt_Ltd_on_26_March_2021_1.PDF,Financial Fraud,SCR 1955 2 1066,,,UNRESOLVED
Tata_Consultancy_Services_Limited_vs_Cyrus_Investments_Pvt_Ltd_on_26_March_2021_1.PDF,Financial Fraud,SCR 1959 1236,Dr_S_B_Dutt_vs_University_Of_Delhi_on_3_September_1958_1.PDF,,OUTSIDE_DOMAINS
Amritlal_vs_Shantilal_Soni_on_28_February_2022_1.PDF,Financial Fraud,AIR 1963 SC 151,,,UNRESOLVED
Amritlal_vs_Shantilal_Soni_on_28_February_2022_1.PDF,Financial Fraud,SCC 2014 2 62,,,UNRESOLVED
Amritlal_vs_Shantilal_Soni_on_28_February_2022_1.PDF,Financial Fraud,SCC 1981 3 34,,,UNRESOLVED
Amritlal_vs_Shantilal_Soni_on_28_February_2022_1.PDF,Financial Fraud,SCC 2003 8 559,,,UNRESOLVED
Amritlal_vs_Shantilal_Soni_on_28_February_2022_1.PDF,Financial Fraud,SCC 2007 7 394,,,UNRESOLVED
Amritlal_vs_Shantilal_Soni_on_28_February_2022_1.PDF,Financial Fraud,SCC 2003 8 559,,,UNRESOLVED
Amritlal_vs_Shantilal_Soni_on_28_February_2022_1.PDF,Financial Fraud,SCC 2007 7 394,,,UNRESOLVED
Babu_Venkatesh_vs_The_State_Of_Karnataka_on_18_February_2022_1.PDF,Financial Fraud,SCC 2015 6 287,,,UNRESOLVED
Babu_Venkatesh_vs_The_State_Of_Karnataka_on_18_February_2022_1.PDF,Financial Fraud,SCC 2014 2 1,,,UNRESOLVED
Devas_Multimedia_Private_Limited_vs_Antrix_Corporation_Limited_on_17_January_2022_1.PDF,Financial Fraud,AIR 1968 SC 279,,,UNRESOLVED
Devas_Multimedia_Private_Limited_vs_Antrix_Corporation_Limited_on_17_January_2022_1.PDF,Financial Fraud,AIR 1962 CAL 115,,,UNRESOLVED
Devas_Multimedia_Private_Limited_vs_Antrix_Corporation_Limited_on_17_January_2022_1.PDF,Financial Fraud,SCC 1983 4 625,,,UNRESOLVED
Devas_Multimedia_Private_Limited_vs_Antrix_Corporation_Limited_on_17_January_2022_1.PDF,Financial Fraud,SCC 2020 15 517,,,UNRESOLVED
Devas_Multimedia_Private_Limited_vs_Antrix_Corporation_Limited_on_17_January_2022_1.PDF,Financial Fraud,SCC 2019 10 750,,,UNRESOLVED
Devas_Multimedia_Private_Limited_vs_Antrix_Corporation_Limited_on_17_January_2022_1.PDF,Financial Fraud,SCC 2021 7 313,,,UNRESOLVED
Devas_Multimedia_Private_Limited_vs_Antrix_Corporation_Limited_on_17_January_2022_1.PDF,Financial Fraud,SCC 2021 8 481,,,UNRESOLVED
Devas_Multimedia_Private_Limited_vs_Antrix_Corporation_Limited_on_17_January_2022_1.PDF,Financial Fraud,SCC 2021 6 366,,,UNRESOLVED
Devas_Multimedia_Private_Limited_vs_Antrix_Corporation_Limited_on_17_January_2022_1.PDF,Financial Fraud,SCC 2006 6 94,,,UNRESOLVED
Devas_Multimedia_Private_Limited_vs_Antrix_Corporation_Limited_on_17_January_2022_1.PDF,Financial Fraud,SCC 1994 1 502,Svenska_Handelsbanken_vs_Indian_Charge_Chrome_Dayal_J_on_15_October_1993_1.PDF,,OUTSIDE_DOMAINS
Devas_Multimedia_Private_Limited_vs_Antrix_Corporation_Limited_on_17_January_2022_1.PDF,Financial Fraud,SCC 2019 14 568,,,UNRESOLVED
Devas_Multimedia_Private_Limited_vs_Antrix_Corporation_Limited_on_17_January_2022_1.PDF,Financial Fraud,SCC 1983 1 228,,,UNRESOLVED
Devendra_Nath_Singh_vs_The_State_Of_Bihar_on_12_October_2022_1.PDF,Financial Fraud,SCC 2014 3 306,,,UNRESOLVED
Devendra_Nath_Singh_vs_The_State_Of_Bihar_on_12_October_2022_1.PDF,Financial Fraud,SCC 2019 17 1,,,UNRESOLVED
Devendra_Nath_Singh_vs_The_State_Of_Bihar_on_12_October_2022_1.PDF,Financial Fraud,SCC 2018 12 30,,,UNRESOLVED
Devendra_Nath_Singh_vs_The_State_Of_Bihar_on_12_October_2022_1.PDF,Financial Fraud,SCC 2006 7 296,,,UNRESOLVED
Devendra_Nath_Singh_vs_The_State_Of_Bihar_on_12_October_2022_1.PDF,Financial Fraud,SCC 2008 3 542,,,UNRESOLVED
Devendra_Nath_Singh_vs_The_State_Of_Bihar_on_12_October_2022_1.PDF,Financial Fraud,SCC 2012 10 517,,,UNRESOLVED
Devendra_Nath_Singh_vs_The_State_Of_Bihar_on_12_October_2022_1.PDF,Financial Fraud,SCC 2013 5 762,,,UNRESOLVED
Devendra_Nath_Singh_vs_The_State_Of_Bihar_on_12_October_2022_1.PDF,Financial Fraud,SCC 2011 9 182,,,UNRESOLVED
Devendra_Nath_Singh_vs_The_State_Of_Bihar_on_12_October_2022_1.PDF,Financial Fraud,SCC 2020 16 777,,,UNRESOLVED
Devendra_Nath_Singh_vs_The_State_Of_Bihar_on_12_October_2022_1.PDF,Financial Fraud,SCC 2011 13 337,,,UNRESOLVED
Devendra_Nath_Singh_vs_The_State_Of_Bihar_on_12_October_2022_1.PDF,Financial Fraud,SCC 1998 1 226,,,UNRESOLVED
Devendra_Nath_Singh_vs_The_State_Of_Bihar_on_12_October_2022_1.PDF,Financial Fraud,SCC 1996 6 500,,,UNRESOLVED
Devendra_Nath_Singh_vs_The_State_Of_Bihar_on_12_October_2022_1.PDF,Financial Fraud,SCC 2010 2 200,,,UNRESOLVED
Devendra_Nath_Singh_vs_The_State_Of_Bihar_on_12_October_2022_1.PDF,Financial Fraud,SCC 2009 6 332,,,UNRESOLVED
Devendra_Nath_Singh_vs_The_State_Of_Bihar_on_12_October_2022_1.PDF,Financial Fraud,SCC 2008 5 413,,,UNRESOLVED
Devendra_Nath_Singh_vs_The_State_Of_Bihar_on_12_October_2022_1.PDF,Financial Fraud,SCR 1967 3 668,,,UNRESOLVED
Geeta_Devi_vs_State_Of_U_P_on_18_January_2022_1.PDF,Financial Fraud,AIR 1954 SC 1,Tulsiram_Kanu_vs_The_State_on_29_January_1951_1.PDF,,OUTSIDE_DOMAINS
Geeta_Devi_vs_State_Of_U_P_on_18_January_2022_1.PDF,Financial Fraud,AIR 1957 SC 216,Balbir_Singh_vs_State_Of_Punjab_on_27_September_1956_1.PDF,Violent Crime / Homicide,CROSS_DOMAIN
Geeta_Devi_vs_State_Of_U_P_on_18_January_2022_1.PDF,Financial Fraud,AIR 1963 SC 200,,,UNRESOLVED
Geeta_Devi_vs_State_Of_U_P_on_18_January_2022_1.PDF,Financial Fraud,AIR 1955 SC 807,Atley_vs_State_Of_Uttar_Pradesh_on_16_September_1955_1.PDF,Violent Crime / Homicide,CROSS_DOMAIN
Geeta_Devi_vs_State_Of_U_P_on_18_January_2022_1.PDF,Financial Fraud,AIR 1955 SC 807,Atley_vs_State_Of_Uttar_Pradesh_on_16_September_1955_1.PDF,Violent Crime / Homicide,CROSS_DOMAIN
Geeta_Devi_vs_State_Of_U_P_on_18_January_2022_1.PDF,Financial Fraud,SCC 1978 1 228,,,UNRESOLVED
Geeta_Devi_vs_State_Of_U_P_on_18_January_2022_1.PDF,Financial Fraud,SCC 2021 6 116,,,UNRESOLVED
Geeta_Devi_vs_State_Of_U_P_on_18_January_2022_1.PDF,Financial Fraud,SCC 2010 9 189,,,UNRESOLVED
Geeta_Devi_vs_State_Of_U_P_on_18_January_2022_1.PDF,Financial Fraud,SCC 1975 3 219,,,UNRESOLVED
Geeta_Devi_vs_State_Of_U_P_on_18_January_2022_1.PDF,Financial Fraud,SCC 1990 4 17,,,UNRESOLVED
Geeta_Devi_vs_State_Of_U_P_on_18_January_2022_1.PDF,Financial Fraud,SCC 2003 1 761,,,UNRESOLVED
Geeta_Devi_vs_State_Of_U_P_on_18_January_2022_1.PDF,Financial Fraud,SCC 2004 10 699,,,UNRESOLVED
Geeta_Devi_vs_State_Of_U_P_on_18_January_2022_1.PDF,Financial Fraud,SCC 2006 9 731,,,UNRESOLVED
Geeta_Devi_vs_State_Of_U_P_on_18_January_2022_1.PDF,Financial Fraud,SCC 2007 13 102,,,UNRESOLVED
Geeta_Devi_vs_State_Of_U_P_on_18_January_2022_1.PDF,Financial Fraud,SCC 2008 5 535,,,UNRESOLVED
Geeta_Devi_vs_State_Of_U_P_on_18_January_2022_1.PDF,Financial Fraud,SCC 2009 10 206,,,UNRESOLVED
Geeta_Devi_vs_State_Of_U_P_on_18_January_2022_1.PDF,Financial Fraud,SCC 2009 16 98,,,UNRESOLVED
Geeta_Devi_vs_State_Of_U_P_on_18_January_2022_1.PDF,Financial Fraud,SCC 2010 2 445,,,UNRESOLVED
Geeta_Devi_vs_State_Of_U_P_on_18_January_2022_1.PDF,Financial Fraud,SCC 1970 2 450,,,UNRESOLVED
Geeta_Devi_vs_State_Of_U_P_on_18_January_2022_1.PDF,Financial Fraud,SCC 1998 5 412,,,UNRESOLVED
Geeta_Devi_vs_State_Of_U_P_on_18_January_2022_1.PDF,Financial Fraud,SCC 2002 4 85,,,UNRESOLVED
Geeta_Devi_vs_State_Of_U_P_on_18_January_2022_1.PDF,Financial Fraud,SCC 2007 3 755,,,UNRESOLVED
Geeta_Devi_vs_State_Of_U_P_on_18_January_2022_1.PDF,Financial Fraud,SCC 2007 4 415,,,UNRESOLVED
Geeta_Devi_vs_State_Of_U_P_on_18_January_2022_1.PDF,Financial Fraud,SCC 2008 10 450,,,UNRESOLVED
Geeta_Devi_vs_State_Of_U_P_on_18_January_2022_1.PDF,Financial Fraud,SCC 2009 9 368,,,UNRESOLVED
Geeta_Devi_vs_State_Of_U_P_on_18_January_2022_1.PDF,Financial Fraud,SCC 2009 4 271,,,UNRESOLVED
Geeta_Devi_vs_State_Of_U_P_on_18_January_2022_1.PDF,Financial Fraud,SCC 2009 4 271,,,UNRESOLVED
Geeta_Devi_vs_State_Of_U_P_on_18_January_2022_1.PDF,Financial Fraud,SCC 2009 10 401,,,UNRESOLVED
Geeta_Devi_vs_State_Of_U_P_on_18_January_2022_1.PDF,Financial Fraud,SCC 2010 9 189,,,UNRESOLVED
Geeta_Devi_vs_State_Of_U_P_on_18_January_2022_1.PDF,Financial Fraud,SCC 1984 4 635,,,UNRESOLVED
Geeta_Devi_vs_State_Of_U_P_on_18_January_2022_1.PDF,Financial Fraud,SCC 2001 1 501,,,UNRESOLVED
Geeta_Devi_vs_State_Of_U_P_on_18_January_2022_1.PDF,Financial Fraud,SCC 2009 10 206,,,UNRESOLVED
Geeta_Devi_vs_State_Of_U_P_on_18_January_2022_1.PDF,Financial Fraud,SCC 2009 10 636,,,UNRESOLVED
Geeta_Devi_vs_State_Of_U_P_on_18_January_2022_1.PDF,Financial Fraud,SCC 1999 2 10,,,UNRESOLVED
Geeta_Devi_vs_State_Of_U_P_on_18_January_2022_1.PDF,Financial Fraud,SCC 2019 5 436,,,UNRESOLVED
Geeta_Devi_vs_State_Of_U_P_on_18_January_2022_1.PDF,Financial Fraud,SCC 1978 1 228,,,UNRESOLVED
Geeta_Devi_vs_State_Of_U_P_on_18_January_2022_1.PDF,Financial Fraud,SCC 1998 5 412,,,UNRESOLVED
Geeta_Devi_vs_State_Of_U_P_on_18_January_2022_1.PDF,Financial Fraud,SCC 1996 9 225,,,UNRESOLVED
Geeta_Devi_vs_State_Of_U_P_on_18_January_2022_1.PDF,Financial Fraud,SCC 1999 3 309,,,UNRESOLVED
Geeta_Devi_vs_State_Of_U_P_on_18_January_2022_1.PDF,Financial Fraud,SCC 1951 1207,,,UNRESOLVED
Geeta_Devi_vs_State_Of_U_P_on_18_January_2022_1.PDF,Financial Fraud,SCC 1951 898,,,UNRESOLVED
Geeta_Devi_vs_State_Of_U_P_on_18_January_2022_1.PDF,Financial Fraud,SCC 1979 1 355,,,UNRESOLVED
Geeta_Devi_vs_State_Of_U_P_on_18_January_2022_1.PDF,Financial Fraud,SCC 1978 1 228,,,UNRESOLVED
Geeta_Devi_vs_State_Of_U_P_on_18_January_2022_1.PDF,Financial Fraud,SCC 1951 1207,,,UNRESOLVED
Geeta_Devi_vs_State_Of_U_P_on_18_January_2022_1.PDF,Financial Fraud,SCC 1951 898,,,UNRESOLVED
Geeta_Devi_vs_State_Of_U_P_on_18_January_2022_1.PDF,Financial Fraud,SCC 1979 1 355,,,UNRESOLVED
J_Sekar_Sekar_Reddy_vs_Directorate_Of_Enforcement_on_5_May_2022_1.PDF,Financial Fraud,SCC 2011 3 581,,,UNRESOLVED
J_Sekar_Sekar_Reddy_vs_Directorate_Of_Enforcement_on_5_May_2022_1.PDF,Financial Fraud,SCC 2020 9 636,,,UNRESOLVED
J_Vedhasingh_vs_R_M_Govindan_on_11_August_2022_1.PDF,Financial Fraud,SCC 2012 7 621,,,UNRESOLVED
J_Vedhasingh_vs_R_M_Govindan_on_11_August_2022_1.PDF,Financial Fraud,SCC 2011 2 703,,,UNRESOLVED
J_Vedhasingh_vs_R_M_Govindan_on_11_August_2022_1.PDF,Financial Fraud,SCC 2000 2 636,,,UNRESOLVED
J_Vedhasingh_vs_R_M_Govindan_on_11_August_2022_1.PDF,Financial Fraud,SCC 2000 2 636,,,UNRESOLVED
J_Vedhasingh_vs_R_M_Govindan_on_11_August_2022_1.PDF,Financial Fraud,SCC 2011 2 703,,,UNRESOLVED
J_Vedhasingh_vs_R_M_Govindan_on_11_August_2022_1.PDF,Financial Fraud,SCC 2001 2 135,,,UNRESOLVED
Kamatchi_vs_Lakshmi_Narayanan_on_13_April_2022_1.PDF,Financial Fraud,SCC 2014 2 62,,,UNRESOLVED
Kamatchi_vs_Lakshmi_Narayanan_on_13_April_2022_1.PDF,Financial Fraud,SCC 2004 7 338,,,UNRESOLVED
Kamatchi_vs_Lakshmi_Narayanan_on_13_April_2022_1.PDF,Financial Fraud,SCC 1984 2 500,,,UNRESOLVED
Kamatchi_vs_Lakshmi_Narayanan_on_13_April_2022_1.PDF,Financial Fraud,SCC 2003 8 559,,,UNRESOLVED
Kamatchi_vs_Lakshmi_Narayanan_on_13_April_2022_1.PDF,Financial Fraud,SCC 1997 2 397,,,UNRESOLVED
Kamatchi_vs_Lakshmi_Narayanan_on_13_April_2022_1.PDF,Financial Fraud,SCC 2000 1 230,,,UNRESOLVED
Kamatchi_vs_Lakshmi_Narayanan_on_13_April_2022_1.PDF,Financial Fraud,SCC 2007 7 394,,,UNRESOLVED
Kamatchi_vs_Lakshmi_Narayanan_on_13_April_2022_1.PDF,Financial Fraud,SCC 2014 2 102,,,UNRESOLVED
Kamatchi_vs_Lakshmi_Narayanan_on_13_April_2022_1.PDF,Financial Fraud,SCC 2014 2 104,,,UNRESOLVED
Kamatchi_vs_Lakshmi_Narayanan_on_13_April_2022_1.PDF,Financial Fraud,SCC 2008 10 139,,,UNRESOLVED
Kamatchi_vs_Lakshmi_Narayanan_on_13_April_2022_1.PDF,Financial Fraud,SCC 2007 3 700,,,UNRESOLVED
Kamatchi_vs_Lakshmi_Narayanan_on_13_April_2022_1.PDF,Financial Fraud,SCC 1976 3 684,,,UNRESOLVED
Kamatchi_vs_Lakshmi_Narayanan_on_13_April_2022_1.PDF,Financial Fraud,SCC 1977 1 300,,,UNRESOLVED
Kamatchi_vs_Lakshmi_Narayanan_on_13_April_2022_1.PDF,Financial Fraud,SCC 2003 3 272,,,UNRESOLVED
Kamatchi_vs_Lakshmi_Narayanan_on_13_April_2022_1.PDF,Financial Fraud,SCC 2004 8 312,,,UNRESOLVED
Kamatchi_vs_Lakshmi_Narayanan_on_13_April_2022_1.PDF,Financial Fraud,SCC 2005 4 480,,,UNRESOLVED
Kamatchi_vs_Lakshmi_Narayanan_on_13_April_2022_1.PDF,Financial Fraud,SCC 2011 12 588,,,UNRESOLVED
Kamatchi_vs_Lakshmi_Narayanan_on_13_April_2022_1.PDF,Financial Fraud,SCC 2010 8 383,,,UNRESOLVED
Kamatchi_vs_Lakshmi_Narayanan_on_13_April_2022_1.PDF,Financial Fraud,SCC 1996 1 435,State_Of_Kerala_vs_M_K_Kunhikannan_Nambiar_on_4_December_1995_1.PDF,,OUTSIDE_DOMAINS
Kamatchi_vs_Lakshmi_Narayanan_on_13_April_2022_1.PDF,Financial Fraud,SCC 1997 3 443,,,UNRESOLVED
Kamatchi_vs_Lakshmi_Narayanan_on_13_April_2022_1.PDF,Financial Fraud,SCC 2011 6 508,,,UNRESOLVED
Kamatchi_vs_Lakshmi_Narayanan_on_13_April_2022_1.PDF,Financial Fraud,SCC 2016 2 705,,,UNRESOLVED
M_N_G_Bharateesh_Reddy_vs_Ramesh_Ranganathan_on_18_August_2022_1.PDF,Financial Fraud,SCC 2000 4 168,,,UNRESOLVED
M_N_G_Bharateesh_Reddy_vs_Ramesh_Ranganathan_on_18_August_2022_1.PDF,Financial Fraud,SCC 2009 14 696,,,UNRESOLVED
M_N_G_Bharateesh_Reddy_vs_Ramesh_Ranganathan_on_18_August_2022_1.PDF,Financial Fraud,SCC 2003 3 11,,,UNRESOLVED
M_N_G_Bharateesh_Reddy_vs_Ramesh_Ranganathan_on_18_August_2022_1.PDF,Financial Fraud,SCC 2003 10 521,,,UNRESOLVED
M_N_G_Bharateesh_Reddy_vs_Ramesh_Ranganathan_on_18_August_2022_1.PDF,Financial Fraud,SCC 2022 7 124,,,UNRESOLVED
Satender_Kumar_Antil_vs_Central_Bureau_Of_Investigation_on_11_July_2022_1.PDF,Financial Fraud,AIR 1924 CAL 476,,,UNRESOLVED
Satender_Kumar_Antil_vs_Central_Bureau_Of_Investigation_on_11_July_2022_1.PDF,Financial Fraud,AIR 1931 ALL 504,,,UNRESOLVED
Satender_Kumar_Antil_vs_Central_Bureau_Of_Investigation_on_11_July_2022_1.PDF,Financial Fraud,AIR 1931 ALL 356,,,UNRESOLVED
Satender_Kumar_Antil_vs_Central_Bureau_Of_Investigation_on_11_July_2022_1.PDF,Financial Fraud,AIR 1926 RANG 51,,,UNRESOLVED
Satender_Kumar_Antil_vs_Central_Bureau_Of_Investigation_on_11_July_2022_1.PDF,Financial Fraud,AIR 1927 NAG 53,,,UNRESOLVED
Satender_Kumar_Antil_vs_Central_Bureau_Of_Investigation_on_11_July_2022_1.PDF,Financial Fraud,SCC 2012 1 40,,,UNRESOLVED
Satender_Kumar_Antil_vs_Central_Bureau_Of_Investigation_on_11_July_2022_1.PDF,Financial Fraud,SCC 2018 11 1,,,UNRESOLVED
Satender_Kumar_Antil_vs_Central_Bureau_Of_Investigation_on_11_July_2022_1.PDF,Financial Fraud,SCC 1980 2 565,,,UNRESOLVED
Satender_Kumar_Antil_vs_Central_Bureau_Of_Investigation_on_11_July_2022_1.PDF,Financial Fraud,SCC 1978 1 240,,,UNRESOLVED
Satender_Kumar_Antil_vs_Central_Bureau_Of_Investigation_on_11_July_2022_1.PDF,Financial Fraud,SCC 1978 1 118,,,UNRESOLVED
Satender_Kumar_Antil_vs_Central_Bureau_Of_Investigation_on_11_July_2022_1.PDF,Financial Fraud,SCC 1978 1 248,Mrs_Maneka_Gandhi_vs_Union_Of_India_Uoi_And_Anr_on_25_January_1978_1.PDF,Organized Crime / Extortion,CROSS_DOMAIN
Satender_Kumar_Antil_vs_Central_Bureau_Of_Investigation_on_11_July_2022_1.PDF,Financial Fraud,SCC 2012 1 40,,,UNRESOLVED
Satender_Kumar_Antil_vs_Central_Bureau_Of_Investigation_on_11_July_2022_1.PDF,Financial Fraud,SCC 2019 18,,,UNRESOLVED
Satender_Kumar_Antil_vs_Central_Bureau_Of_Investigation_on_11_July_2022_1.PDF,Financial Fraud,SCC 2017 27,,,UNRESOLVED
Satender_Kumar_Antil_vs_Central_Bureau_Of_Investigation_on_11_July_2022_1.PDF,Financial Fraud,SCC 2015 27,,,UNRESOLVED
Satender_Kumar_Antil_vs_Central_Bureau_Of_Investigation_on_11_July_2022_1.PDF,Financial Fraud,SCC 2014 8 273,,,UNRESOLVED
Satender_Kumar_Antil_vs_Central_Bureau_Of_Investigation_on_11_July_2022_1.PDF,Financial Fraud,SCC 2007 12 1,,,UNRESOLVED
Satender_Kumar_Antil_vs_Central_Bureau_Of_Investigation_on_11_July_2022_1.PDF,Financial Fraud,SCC 2007 12 1,,,UNRESOLVED
Satender_Kumar_Antil_vs_Central_Bureau_Of_Investigation_on_11_July_2022_1.PDF,Financial Fraud,SCC 2018 5 743,,,UNRESOLVED
Satender_Kumar_Antil_vs_Central_Bureau_Of_Investigation_on_11_July_2022_1.PDF,Financial Fraud,SCC 2021 2 485,,,UNRESOLVED
Satender_Kumar_Antil_vs_Central_Bureau_Of_Investigation_on_11_July_2022_1.PDF,Financial Fraud,SCC 2001 5 453,,,UNRESOLVED
Satender_Kumar_Antil_vs_Central_Bureau_Of_Investigation_on_11_July_2022_1.PDF,Financial Fraud,SCC 1978 1 248,Mrs_Maneka_Gandhi_vs_Union_Of_India_Uoi_And_Anr_on_25_January_1978_1.PDF,Organized Crime / Extortion,CROSS_DOMAIN
Satender_Kumar_Antil_vs_Central_Bureau_Of_Investigation_on_11_July_2022_1.PDF,Financial Fraud,SCC 2017 15 67,,,UNRESOLVED
Satender_Kumar_Antil_vs_Central_Bureau_Of_Investigation_on_11_July_2022_1.PDF,Financial Fraud,SCC 2017 15 67,,,UNRESOLVED
Satender_Kumar_Antil_vs_Central_Bureau_Of_Investigation_on_11_July_2022_1.PDF,Financial Fraud,SCC 2021 12 1,,,UNRESOLVED
Satender_Kumar_Antil_vs_Central_Bureau_Of_Investigation_on_11_July_2022_1.PDF,Financial Fraud,SCC 2021 1 676,,,UNRESOLVED
Satender_Kumar_Antil_vs_Central_Bureau_Of_Investigation_on_11_July_2022_1.PDF,Financial Fraud,SCC 2021 1 676,,,UNRESOLVED
Satender_Kumar_Antil_vs_Central_Bureau_Of_Investigation_on_11_July_2022_1.PDF,Financial Fraud,SCC 1994 4 260,Joginder_Kumar_vs_State_Of_U_P_on_25_April_1994_1.PDF,,OUTSIDE_DOMAINS
Satender_Kumar_Antil_vs_Central_Bureau_Of_Investigation_on_11_July_2022_1.PDF,Financial Fraud,SCC 1994 4 260,Joginder_Kumar_vs_State_Of_U_P_on_25_April_1994_1.PDF,,OUTSIDE_DOMAINS
Satender_Kumar_Antil_vs_Central_Bureau_Of_Investigation_on_11_July_2022_1.PDF,Financial Fraud,SCC 1978 1 248,Mrs_Maneka_Gandhi_vs_Union_Of_India_Uoi_And_Anr_on_25_January_1978_1.PDF,Organized Crime / Extortion,CROSS_DOMAIN
Satender_Kumar_Antil_vs_Central_Bureau_Of_Investigation_on_11_July_2022_1.PDF,Financial Fraud,SCC 1978 1 248,Mrs_Maneka_Gandhi_vs_Union_Of_India_Uoi_And_Anr_on_25_January_1978_1.PDF,Organized Crime / Extortion,CROSS_DOMAIN
Satender_Kumar_Antil_vs_Central_Bureau_Of_Investigation_on_11_July_2022_1.PDF,Financial Fraud,SCC 1978 1 248,Mrs_Maneka_Gandhi_vs_Union_Of_India_Uoi_And_Anr_on_25_January_1978_1.PDF,Organized Crime / Extortion,CROSS_DOMAIN
Satender_Kumar_Antil_vs_Central_Bureau_Of_Investigation_on_11_July_2022_1.PDF,Financial Fraud,SCC 2003 2 45,,,UNRESOLVED
Satender_Kumar_Antil_vs_Central_Bureau_Of_Investigation_on_11_July_2022_1.PDF,Financial Fraud,SCC 1995 5 326,,,UNRESOLVED
Satender_Kumar_Antil_vs_Central_Bureau_Of_Investigation_on_11_July_2022_1.PDF,Financial Fraud,SCC 2001 4 355,,,UNRESOLVED
Satender_Kumar_Antil_vs_Central_Bureau_Of_Investigation_on_11_July_2022_1.PDF,Financial Fraud,SCC 2013 5 202,,,UNRESOLVED
Satender_Kumar_Antil_vs_Central_Bureau_Of_Investigation_on_11_July_2022_1.PDF,Financial Fraud,SCC 2013 2 590,,,UNRESOLVED
Satender_Kumar_Antil_vs_Central_Bureau_Of_Investigation_on_11_July_2022_1.PDF,Financial Fraud,SCC 1994 6 731,S_C_Legal_Aid_Committee_Representrial_vs_Union_Of_India_on_7_October_1994_1.PDF,Organized Crime / Extortion,CROSS_DOMAIN
Satender_Kumar_Antil_vs_Central_Bureau_Of_Investigation_on_11_July_2022_1.PDF,Financial Fraud,SCC 2012 2 688,,,UNRESOLVED
Satender_Kumar_Antil_vs_Central_Bureau_Of_Investigation_on_11_July_2022_1.PDF,Financial Fraud,SCC 2017 3 658,,,UNRESOLVED
Satender_Kumar_Antil_vs_Central_Bureau_Of_Investigation_on_11_July_2022_1.PDF,Financial Fraud,SCC 2017 3 665,,,UNRESOLVED
Satender_Kumar_Antil_vs_Central_Bureau_Of_Investigation_on_11_July_2022_1.PDF,Financial Fraud,SCC 2003 2 45,,,UNRESOLVED
Satender_Kumar_Antil_vs_Central_Bureau_Of_Investigation_on_11_July_2022_1.PDF,Financial Fraud,SCC 1977 4 291,,,UNRESOLVED
Satender_Kumar_Antil_vs_Central_Bureau_Of_Investigation_on_11_July_2022_1.PDF,Financial Fraud,SCC 2009 3 767,,,UNRESOLVED
Satender_Kumar_Antil_vs_Central_Bureau_Of_Investigation_on_11_July_2022_1.PDF,Financial Fraud,SCC 2014 8 868,,,UNRESOLVED
Satender_Kumar_Antil_vs_Central_Bureau_Of_Investigation_on_11_July_2022_1.PDF,Financial Fraud,SCC 2015 13 605,,,UNRESOLVED
Satender_Kumar_Antil_vs_Central_Bureau_Of_Investigation_on_11_July_2022_1.PDF,Financial Fraud,SCC 2001 4 280,,,UNRESOLVED
Satender_Kumar_Antil_vs_Central_Bureau_Of_Investigation_on_11_July_2022_1.PDF,Financial Fraud,SCC 1978 4 47,,,UNRESOLVED
Satender_Kumar_Antil_vs_Central_Bureau_Of_Investigation_on_11_July_2022_1.PDF,Financial Fraud,SCC 2021 3 713,,,UNRESOLVED
Satender_Kumar_Antil_vs_Central_Bureau_Of_Investigation_on_11_July_2022_1.PDF,Financial Fraud,SCC 1994 6 731,S_C_Legal_Aid_Committee_Representrial_vs_Union_Of_India_on_7_October_1994_1.PDF,Organized Crime / Extortion,CROSS_DOMAIN
Satender_Kumar_Antil_vs_Central_Bureau_Of_Investigation_on_11_July_2022_1.PDF,Financial Fraud,SCC 1994 6 731,S_C_Legal_Aid_Committee_Representrial_vs_Union_Of_India_on_7_October_1994_1.PDF,Organized Crime / Extortion,CROSS_DOMAIN
Satender_Kumar_Antil_vs_Central_Bureau_Of_Investigation_on_11_July_2022_1.PDF,Financial Fraud,SCC 1980 1 98,,,UNRESOLVED
Satender_Kumar_Antil_vs_Central_Bureau_Of_Investigation_on_11_July_2022_1.PDF,Financial Fraud,SCC 1986 4 481,,,UNRESOLVED
Satender_Kumar_Antil_vs_Central_Bureau_Of_Investigation_on_11_July_2022_1.PDF,Financial Fraud,SCC 1983 2 104,,,UNRESOLVED
Satender_Kumar_Antil_vs_Central_Bureau_Of_Investigation_on_11_July_2022_1.PDF,Financial Fraud,SCC 1994 3 569,Kartar_Singh_vs_State_Of_Punjab_on_11_March_1994_1.PDF,Corruption; Organized Crime / Extortion,CROSS_DOMAIN
Satender_Kumar_Antil_vs_Central_Bureau_Of_Investigation_on_11_July_2022_1.PDF,Financial Fraud,SCC 1992 1 225,,,UNRESOLVED
Satender_Kumar_Antil_vs_Central_Bureau_Of_Investigation_on_11_July_2022_1.PDF,Financial Fraud,SCC 2020 13 791,,,UNRESOLVED
Satender_Kumar_Antil_vs_Central_Bureau_Of_Investigation_on_11_July_2022_1.PDF,Financial Fraud,SCC 2020 13 791,,,UNRESOLVED
Satender_Kumar_Antil_vs_Central_Bureau_Of_Investigation_on_11_July_2022_1.PDF,Financial Fraud,SCC 2012 1 40,,,UNRESOLVED
Satender_Kumar_Antil_vs_Central_Bureau_Of_Investigation_on_11_July_2022_1.PDF,Financial Fraud,SCC 2021 2 427,,,UNRESOLVED
Satender_Kumar_Antil_vs_Central_Bureau_Of_Investigation_on_11_July_2022_1.PDF,Financial Fraud,SCR 1978 2 621,Mrs_Maneka_Gandhi_vs_Union_Of_India_Uoi_And_Anr_on_25_January_1978_1.PDF,Organized Crime / Extortion,CROSS_DOMAIN
Satender_Kumar_Antil_vs_Central_Bureau_Of_Investigation_on_11_July_2022_1.PDF,Financial Fraud,SCR 1978 2 621,Mrs_Maneka_Gandhi_vs_Union_Of_India_Uoi_And_Anr_on_25_January_1978_1.PDF,Organized Crime / Extortion,CROSS_DOMAIN
Satender_Kumar_Antil_vs_Central_Bureau_Of_Investigation_on_11_July_2022_1.PDF,Financial Fraud,SCR 1978 2 621,Mrs_Maneka_Gandhi_vs_Union_Of_India_Uoi_And_Anr_on_25_January_1978_1.PDF,Organized Crime / Extortion,CROSS_DOMAIN
Satish_Chandra_Yadav_vs_Union_Of_India_on_26_September_2022_1.PDF,Financial Fraud,AIR 1950 SC 169,,,UNRESOLVED
Satish_Chandra_Yadav_vs_Union_Of_India_on_26_September_2022_1.PDF,Financial Fraud,AIR 1954 SC 462,,,UNRESOLVED
Satish_Chandra_Yadav_vs_Union_Of_India_on_26_September_2022_1.PDF,Financial Fraud,SCC 2016 8 471,,,UNRESOLVED
Satish_Chandra_Yadav_vs_Union_Of_India_on_26_September_2022_1.PDF,Financial Fraud,SCC 2021 8 347,,,UNRESOLVED
Satish_Chandra_Yadav_vs_Union_Of_India_on_26_September_2022_1.PDF,Financial Fraud,SCC 2008 2 119,,,UNRESOLVED
Satish_Chandra_Yadav_vs_Union_Of_India_on_26_September_2022_1.PDF,Financial Fraud,SCC 2022 1 1,,,UNRESOLVED
Satish_Chandra_Yadav_vs_Union_Of_India_on_26_September_2022_1.PDF,Financial Fraud,SCC 2016 8 471,,,UNRESOLVED
Satish_Chandra_Yadav_vs_Union_Of_India_on_26_September_2022_1.PDF,Financial Fraud,SCC 1996 11 605,,,UNRESOLVED
Satish_Chandra_Yadav_vs_Union_Of_India_on_26_September_2022_1.PDF,Financial Fraud,SCC 2003 3 437,,,UNRESOLVED
Satish_Chandra_Yadav_vs_Union_Of_India_on_26_September_2022_1.PDF,Financial Fraud,SCC 2010 2 169,,,UNRESOLVED
Satish_Chandra_Yadav_vs_Union_Of_India_on_26_September_2022_1.PDF,Financial Fraud,SCC 2003 3 437,,,UNRESOLVED
Satish_Chandra_Yadav_vs_Union_Of_India_on_26_September_2022_1.PDF,Financial Fraud,SCC 2008 1 660,,,UNRESOLVED
Satish_Chandra_Yadav_vs_Union_Of_India_on_26_September_2022_1.PDF,Financial Fraud,SCC 2008 11 314,,,UNRESOLVED
Satish_Chandra_Yadav_vs_Union_Of_India_on_26_September_2022_1.PDF,Financial Fraud,SCC 2010 14 103,,,UNRESOLVED
Satish_Chandra_Yadav_vs_Union_Of_India_on_26_September_2022_1.PDF,Financial Fraud,SCC 2011 4 644,,,UNRESOLVED
Satish_Chandra_Yadav_vs_Union_Of_India_on_26_September_2022_1.PDF,Financial Fraud,SCC 2012 8 748,,,UNRESOLVED
Satish_Chandra_Yadav_vs_Union_Of_India_on_26_September_2022_1.PDF,Financial Fraud,SCC 2016 8 471,,,UNRESOLVED
Satish_Chandra_Yadav_vs_Union_Of_India_on_26_September_2022_1.PDF,Financial Fraud,SCC 2013 7 685,,,UNRESOLVED
Satish_Chandra_Yadav_vs_Union_Of_India_on_26_September_2022_1.PDF,Financial Fraud,SCC 1994 1 541,Reserve_Bank_Of_India_vs_Bhopal_Singh_Panchal_on_3_November_1993_1.PDF,Violent Crime / Homicide,CROSS_DOMAIN
Satish_Chandra_Yadav_vs_Union_Of_India_on_26_September_2022_1.PDF,Financial Fraud,SCC 2018 1 797,,,UNRESOLVED
Satish_Chandra_Yadav_vs_Union_Of_India_on_26_September_2022_1.PDF,Financial Fraud,SCC 2013 7 685,,,UNRESOLVED
Satish_Chandra_Yadav_vs_Union_Of_India_on_26_September_2022_1.PDF,Financial Fraud,SCC 2015 2 591,,,UNRESOLVED
Satish_Chandra_Yadav_vs_Union_Of_India_on_26_September_2022_1.PDF,Financial Fraud,SCC 2020 17 654,,,UNRESOLVED
Satish_Chandra_Yadav_vs_Union_Of_India_on_26_September_2022_1.PDF,Financial Fraud,SCC 2021 8 774,,,UNRESOLVED
Satish_Chandra_Yadav_vs_Union_Of_India_on_26_September_2022_1.PDF,Financial Fraud,SCC 2016 8 471,,,UNRESOLVED
Satish_Chandra_Yadav_vs_Union_Of_India_on_26_September_2022_1.PDF,Financial Fraud,SCC 2022 1 1,,,UNRESOLVED
Satish_Chandra_Yadav_vs_Union_Of_India_on_26_September_2022_1.PDF,Financial Fraud,SCC 2016 8 471,,,UNRESOLVED
Satish_Chandra_Yadav_vs_Union_Of_India_on_26_September_2022_1.PDF,Financial Fraud,SCC 2021 10 136,,,UNRESOLVED
Satish_Chandra_Yadav_vs_Union_Of_India_on_26_September_2022_1.PDF,Financial Fraud,SCC 2019 17 696,,,UNRESOLVED
Satish_Chandra_Yadav_vs_Union_Of_India_on_26_September_2022_1.PDF,Financial Fraud,SCC 1996 4 17,Pawan_Kumar_vs_State_Of_Haryana_And_Anr_on_7_May_1996_1.PDF,,OUTSIDE_DOMAINS
Satish_Chandra_Yadav_vs_Union_Of_India_on_26_September_2022_1.PDF,Financial Fraud,SCC 2015 2 377,,,UNRESOLVED
Satish_Chandra_Yadav_vs_Union_Of_India_on_26_September_2022_1.PDF,Financial Fraud,SCC 2019 17 700,,,UNRESOLVED
Satish_Chandra_Yadav_vs_Union_Of_India_on_26_September_2022_1.PDF,Financial Fraud,SCC 2016 8 471,,,UNRESOLVED
Satish_Chandra_Yadav_vs_Union_Of_India_on_26_September_2022_1.PDF,Financial Fraud,SCC 2000 6 359,,,UNRESOLVED
Satish_Chandra_Yadav_vs_Union_Of_India_on_26_September_2022_1.PDF,Financial Fraud,SCC 2019 4 376,,,UNRESOLVED
Satish_Chandra_Yadav_vs_Union_Of_India_on_26_September_2022_1.PDF,Financial Fraud,SCC 1980 3 141,,,UNRESOLVED
Shafiya_Khan_Shakuntala_Prajapati_vs_State_Of_U_P_on_10_February_2022_1.PDF,Financial Fraud,AIR 2021 SC 1918,,,UNRESOLVED
Sukhpal_Singh_Khaira_vs_The_State_Of_Punjab_on_5_December_2022_1.PDF,Financial Fraud,SCC 2002 5 738,,,UNRESOLVED
Sukhpal_Singh_Khaira_vs_The_State_Of_Punjab_on_5_December_2022_1.PDF,Financial Fraud,SCC 2014 3 92,,,UNRESOLVED
Sukhpal_Singh_Khaira_vs_The_State_Of_Punjab_on_5_December_2022_1.PDF,Financial Fraud,SCC 1995 2 513,Rama_Narang_vs_Ramesh_Narang_Ors_on_19_January_1995_1.PDF,Organized Crime / Extortion,CROSS_DOMAIN
Sukhpal_Singh_Khaira_vs_The_State_Of_Punjab_on_5_December_2022_1.PDF,Financial Fraud,SCC 2013 13 1,,,UNRESOLVED
Sukhpal_Singh_Khaira_vs_The_State_Of_Punjab_on_5_December_2022_1.PDF,Financial Fraud,SCC 2007 7 378,,,UNRESOLVED
The_State_Of_Uttar_Pradesh_vs_Akhil_Sharda_on_11_July_2022_1.PDF,Financial Fraud,SCC 2020 3 317,,,UNRESOLVED
The_State_Of_Uttar_Pradesh_vs_Akhil_Sharda_on_11_July_2022_1.PDF,Financial Fraud,SCC 2013 3 330,,,UNRESOLVED
The_State_Of_Uttar_Pradesh_vs_Akhil_Sharda_on_11_July_2022_1.PDF,Financial Fraud,SCC 2008 3 542,,,UNRESOLVED
The_State_Of_Uttar_Pradesh_vs_Akhil_Sharda_on_11_July_2022_1.PDF,Financial Fraud,SCC 2001 7 318,,,UNRESOLVED
The_State_Of_Uttar_Pradesh_vs_Akhil_Sharda_on_11_July_2022_1.PDF,Financial Fraud,SCC 2006 6 736,,,UNRESOLVED
The_State_Of_Uttar_Pradesh_vs_Akhil_Sharda_on_11_July_2022_1.PDF,Financial Fraud,SCC 2015 11 730,,,UNRESOLVED
The_State_Of_Uttar_Pradesh_vs_Akhil_Sharda_on_11_July_2022_1.PDF,Financial Fraud,SCC 2000 2 13,,,UNRESOLVED
The_State_Of_Uttar_Pradesh_vs_Akhil_Sharda_on_11_July_2022_1.PDF,Financial Fraud,SCC 2018 6 110,,,UNRESOLVED
T_P_Gopalakrishnan_vs_The_State_Of_Kerala_on_8_December_2022_1.PDF,Financial Fraud,AIR 1966 SC 911,,,UNRESOLVED
T_P_Gopalakrishnan_vs_The_State_Of_Kerala_on_8_December_2022_1.PDF,Financial Fraud,AIR 1954 SC 375,,,UNRESOLVED
T_P_Gopalakrishnan_vs_The_State_Of_Kerala_on_8_December_2022_1.PDF,Financial Fraud,AIR 1953 SC 325,,,UNRESOLVED
T_P_Gopalakrishnan_vs_The_State_Of_Kerala_on_8_December_2022_1.PDF,Financial Fraud,SCC 1994 4 656,,,UNRESOLVED
T_P_Gopalakrishnan_vs_The_State_Of_Kerala_on_8_December_2022_1.PDF,Financial Fraud,SCC 2005 11 600,,,UNRESOLVED
T_Takano_vs_Securities_And_Exchange_Board_Of_India_on_18_February_2022_1.PDF,Financial Fraud,AIR 1974 SC 1589,Krishna_Chandra_Tandon_vs_The_Union_Of_India_Uoi_on_24_April_1974_1.PDF,,OUTSIDE_DOMAINS
T_Takano_vs_Securities_And_Exchange_Board_Of_India_on_18_February_2022_1.PDF,Financial Fraud,AIR 1955 SC 65,,,UNRESOLVED
T_Takano_vs_Securities_And_Exchange_Board_Of_India_on_18_February_2022_1.PDF,Financial Fraud,SCC 2010 13 255,,,UNRESOLVED
T_Takano_vs_Securities_And_Exchange_Board_Of_India_on_18_February_2022_1.PDF,Financial Fraud,SCC 1975 2 81,,,UNRESOLVED
T_Takano_vs_Securities_And_Exchange_Board_Of_India_on_18_February_2022_1.PDF,Financial Fraud,SCC 1975 2 81,,,UNRESOLVED
T_Takano_vs_Securities_And_Exchange_Board_Of_India_on_18_February_2022_1.PDF,Financial Fraud,SCC 1991 1 588,,,UNRESOLVED
T_Takano_vs_Securities_And_Exchange_Board_Of_India_on_18_February_2022_1.PDF,Financial Fraud,SCC 1993 4 727,,,UNRESOLVED
T_Takano_vs_Securities_And_Exchange_Board_Of_India_on_18_February_2022_1.PDF,Financial Fraud,SCC 1996 3 364,State_Bank_Of_Patiala_Ors_vs_S_K_Sharma_on_27_March_1996_1.PDF,,OUTSIDE_DOMAINS
T_Takano_vs_Securities_And_Exchange_Board_Of_India_on_18_February_2022_1.PDF,Financial Fraud,SCC 1978 1 405,,,UNRESOLVED
T_Takano_vs_Securities_And_Exchange_Board_Of_India_on_18_February_2022_1.PDF,Financial Fraud,SCC 1982 1 271,,,UNRESOLVED
T_Takano_vs_Securities_And_Exchange_Board_Of_India_on_18_February_2022_1.PDF,Financial Fraud,SCC 1981 1 664,,,UNRESOLVED
T_Takano_vs_Securities_And_Exchange_Board_Of_India_on_18_February_2022_1.PDF,Financial Fraud,SCC 1969 2 262,,,UNRESOLVED
T_Takano_vs_Securities_And_Exchange_Board_Of_India_on_18_February_2022_1.PDF,Financial Fraud,SCC 1984 3 465,,,UNRESOLVED
T_Takano_vs_Securities_And_Exchange_Board_Of_India_on_18_February_2022_1.PDF,Financial Fraud,SCC 1993 4 727,,,UNRESOLVED
T_Takano_vs_Securities_And_Exchange_Board_Of_India_on_18_February_2022_1.PDF,Financial Fraud,SCC 1984 1 43,,,UNRESOLVED
T_Takano_vs_Securities_And_Exchange_Board_Of_India_on_18_February_2022_1.PDF,Financial Fraud,SCC 1993 4 727,,,UNRESOLVED
T_Takano_vs_Securities_And_Exchange_Board_Of_India_on_18_February_2022_1.PDF,Financial Fraud,SCC 2002 3 443,,,UNRESOLVED
T_Takano_vs_Securities_And_Exchange_Board_Of_India_on_18_February_2022_1.PDF,Financial Fraud,SCC 1996 5 474,,,UNRESOLVED
T_Takano_vs_Securities_And_Exchange_Board_Of_India_on_18_February_2022_1.PDF,Financial Fraud,SCC 2001 6 392,,,UNRESOLVED
T_Takano_vs_Securities_And_Exchange_Board_Of_India_on_18_February_2022_1.PDF,Financial Fraud,SCC 2009 2 192,,,UNRESOLVED
T_Takano_vs_Securities_And_Exchange_Board_Of_India_on_18_February_2022_1.PDF,Financial Fraud,SCR 1988 1 1102,,,UNRESOLVED
T_Takano_vs_Securities_And_Exchange_Board_Of_India_on_18_February_2022_1.PDF,Financial Fraud,SCR 1955 1 941,,,UNRESOLVED
T_Takano_vs_Securities_And_Exchange_Board_Of_India_on_18_February_2022_1.PDF,Financial Fraud,SCR 1978 2 272,,,UNRESOLVED
Union_Of_India_vs_M_S_Ganpati_Dealcom_Pvt_Ltd_Tthrough_on_23_August_2022_1.PDF,Financial Fraud,AIR 1953 SC 394,,,UNRESOLVED
Union_Of_India_vs_M_S_Ganpati_Dealcom_Pvt_Ltd_Tthrough_on_23_August_2022_1.PDF,Financial Fraud,AIR 1957 SC 49,,,UNRESOLVED
Union_Of_India_vs_M_S_Ganpati_Dealcom_Pvt_Ltd_Tthrough_on_23_August_2022_1.PDF,Financial Fraud,AIR 1980 SC 727,Thakur_Bhim_Singh_Dead_By_Lrs_And_Anr_vs_Thakur_Kan_Singh_on_21_December_1979_1.PDF,,OUTSIDE_DOMAINS
Union_Of_India_vs_M_S_Ganpati_Dealcom_Pvt_Ltd_Tthrough_on_23_August_2022_1.PDF,Financial Fraud,AIR 1915 PC 96,,,UNRESOLVED
Union_Of_India_vs_M_S_Ganpati_Dealcom_Pvt_Ltd_Tthrough_on_23_August_2022_1.PDF,Financial Fraud,AIR 1974 SC 171,,,UNRESOLVED
Union_Of_India_vs_M_S_Ganpati_Dealcom_Pvt_Ltd_Tthrough_on_23_August_2022_1.PDF,Financial Fraud,AIR 1966 SC 43,Nathulal_vs_State_Of_Madhya_Pradesh_on_22_March_1965_1.PDF,Organized Crime / Extortion,CROSS_DOMAIN
Union_Of_India_vs_M_S_Ganpati_Dealcom_Pvt_Ltd_Tthrough_on_23_August_2022_1.PDF,Financial Fraud,AIR 1950 SC 27,,,UNRESOLVED
Union_Of_India_vs_M_S_Ganpati_Dealcom_Pvt_Ltd_Tthrough_on_23_August_2022_1.PDF,Financial Fraud,AIR 1963 SC 255,,,UNRESOLVED
Union_Of_India_vs_M_S_Ganpati_Dealcom_Pvt_Ltd_Tthrough_on_23_August_2022_1.PDF,Financial Fraud,SCC 2016 3 183,,,UNRESOLVED
Union_Of_India_vs_M_S_Ganpati_Dealcom_Pvt_Ltd_Tthrough_on_23_August_2022_1.PDF,Financial Fraud,SCC 1989 2 95,,,UNRESOLVED
Union_Of_India_vs_M_S_Ganpati_Dealcom_Pvt_Ltd_Tthrough_on_23_August_2022_1.PDF,Financial Fraud,SCC 1995 2 630,R_Rajagopal_Reddy_vs_Padmini_Chandrasekharan_on_31_January_1995_1.PDF,Organized Crime / Extortion,CROSS_DOMAIN
Union_Of_India_vs_M_S_Ganpati_Dealcom_Pvt_Ltd_Tthrough_on_23_August_2022_1.PDF,Financial Fraud,SCC 2020 17 496,,,UNRESOLVED
Union_Of_India_vs_M_S_Ganpati_Dealcom_Pvt_Ltd_Tthrough_on_23_August_2022_1.PDF,Financial Fraud,SCC 2015 1 1,,,UNRESOLVED
Union_Of_India_vs_M_S_Ganpati_Dealcom_Pvt_Ltd_Tthrough_on_23_August_2022_1.PDF,Financial Fraud,SCC 1973 4 225,Kesavananda_Bharati_Sripadagalvaru_vs_State_Of_Kerala_And_Anr_on_24_April_1973_1.PDF,,OUTSIDE_DOMAINS
Union_Of_India_vs_M_S_Ganpati_Dealcom_Pvt_Ltd_Tthrough_on_23_August_2022_1.PDF,Financial Fraud,SCC 1989 2 95,,,UNRESOLVED
Union_Of_India_vs_M_S_Ganpati_Dealcom_Pvt_Ltd_Tthrough_on_23_August_2022_1.PDF,Financial Fraud,SCC 1995 2 630,R_Rajagopal_Reddy_vs_Padmini_Chandrasekharan_on_31_January_1995_1.PDF,Organized Crime / Extortion,CROSS_DOMAIN
Union_Of_India_vs_M_S_Ganpati_Dealcom_Pvt_Ltd_Tthrough_on_23_August_2022_1.PDF,Financial Fraud,SCC 1978 1 248,Mrs_Maneka_Gandhi_vs_Union_Of_India_Uoi_And_Anr_on_25_January_1978_1.PDF,Organized Crime / Extortion,CROSS_DOMAIN
Union_Of_India_vs_M_S_Ganpati_Dealcom_Pvt_Ltd_Tthrough_on_23_August_2022_1.PDF,Financial Fraud,SCC 1978 4 494,,,UNRESOLVED
Union_Of_India_vs_M_S_Ganpati_Dealcom_Pvt_Ltd_Tthrough_on_23_August_2022_1.PDF,Financial Fraud,SCC 2017 10 1,,,UNRESOLVED
Union_Of_India_vs_M_S_Ganpati_Dealcom_Pvt_Ltd_Tthrough_on_23_August_2022_1.PDF,Financial Fraud,SCC 1980 2 684,,,UNRESOLVED
Union_Of_India_vs_M_S_Ganpati_Dealcom_Pvt_Ltd_Tthrough_on_23_August_2022_1.PDF,Financial Fraud,SCC 1983 2 277,,,UNRESOLVED
Union_Of_India_vs_M_S_Ganpati_Dealcom_Pvt_Ltd_Tthrough_on_23_August_2022_1.PDF,Financial Fraud,SCC 2017 9 1,,,UNRESOLVED
Union_Of_India_vs_M_S_Ganpati_Dealcom_Pvt_Ltd_Tthrough_on_23_August_2022_1.PDF,Financial Fraud,SCC 1996 3 709,State_Of_Andhra_Pradesh_And_Ors_Etc_vs_Mcdowell_Co_And_Ors_Etc_on_21_March_1996_1.PDF,Organized Crime / Extortion,CROSS_DOMAIN
Union_Of_India_vs_M_S_Ganpati_Dealcom_Pvt_Ltd_Tthrough_on_23_August_2022_1.PDF,Financial Fraud,SCC 1981 1 722,,,UNRESOLVED
Union_Of_India_vs_M_S_Ganpati_Dealcom_Pvt_Ltd_Tthrough_on_23_August_2022_1.PDF,Financial Fraud,SCC 2019 3 39,,,UNRESOLVED
Union_Of_India_vs_M_S_Ganpati_Dealcom_Pvt_Ltd_Tthrough_on_23_August_2022_1.PDF,Financial Fraud,SCC 2020 17 324,,,UNRESOLVED
Union_Of_India_vs_M_S_Ganpati_Dealcom_Pvt_Ltd_Tthrough_on_23_August_2022_1.PDF,Financial Fraud,SCC 1983 1 177,,,UNRESOLVED
Union_Of_India_vs_M_S_Ganpati_Dealcom_Pvt_Ltd_Tthrough_on_23_August_2022_1.PDF,Financial Fraud,SCC 1985 4 573,,,UNRESOLVED
Union_Of_India_vs_M_S_Ganpati_Dealcom_Pvt_Ltd_Tthrough_on_23_August_2022_1.PDF,Financial Fraud,SCC 2017 14 502,,,UNRESOLVED
Union_Of_India_vs_M_S_Ganpati_Dealcom_Pvt_Ltd_Tthrough_on_23_August_2022_1.PDF,Financial Fraud,SCC 2016 3 183,,,UNRESOLVED
Union_Of_India_vs_M_S_Ganpati_Dealcom_Pvt_Ltd_Tthrough_on_23_August_2022_1.PDF,Financial Fraud,SCC 2004 10 699,,,UNRESOLVED
Veena_Singh_Dead_Through_Lr_vs_The_District_Registrar__Additional_on_10_May_2022_1.PDF,Financial Fraud,AIR 1961 SC 787,,,UNRESOLVED
Veena_Singh_Dead_Through_Lr_vs_The_District_Registrar__Additional_on_10_May_2022_1.PDF,Financial Fraud,SCC 2016 10 767,,,UNRESOLVED
Veena_Singh_Dead_Through_Lr_vs_The_District_Registrar__Additional_on_10_May_2022_1.PDF,Financial Fraud,SCC 1998 7 602,,,UNRESOLVED
Veena_Singh_Dead_Through_Lr_vs_The_District_Registrar__Additional_on_10_May_2022_1.PDF,Financial Fraud,SCC 2009 7 363,,,UNRESOLVED
Vijay_Kumar_Ghai_vs_The_State_Of_West_Bengal_on_22_March_2022_1.PDF,Financial Fraud,SCC 2009 3 78,,,UNRESOLVED
Vijay_Kumar_Ghai_vs_The_State_Of_West_Bengal_on_22_March_2022_1.PDF,Financial Fraud,SCC 2005 13 699,,,UNRESOLVED
Vijay_Kumar_Ghai_vs_The_State_Of_West_Bengal_on_22_March_2022_1.PDF,Financial Fraud,SCC 2009 3 90,,,UNRESOLVED
Vijay_Kumar_Ghai_vs_The_State_Of_West_Bengal_on_22_March_2022_1.PDF,Financial Fraud,SCC 2020 14 552,,,UNRESOLVED
Vijay_Kumar_Ghai_vs_The_State_Of_West_Bengal_on_22_March_2022_1.PDF,Financial Fraud,SCC 2019 14 568,,,UNRESOLVED
Vijay_Kumar_Ghai_vs_The_State_Of_West_Bengal_on_22_March_2022_1.PDF,Financial Fraud,SCC 2006 6 736,,,UNRESOLVED
Vijay_Kumar_Ghai_vs_The_State_Of_West_Bengal_on_22_March_2022_1.PDF,Financial Fraud,SCC 2002 6 174,,,UNRESOLVED
Vijay_Kumar_Ghai_vs_The_State_Of_West_Bengal_on_22_March_2022_1.PDF,Financial Fraud,SCC 2017 5 262,,,UNRESOLVED
Vijay_Kumar_Ghai_vs_The_State_Of_West_Bengal_on_22_March_2022_1.PDF,Financial Fraud,SCC 1999 8 525,,,UNRESOLVED
Vijay_Kumar_Ghai_vs_The_State_Of_West_Bengal_on_22_March_2022_1.PDF,Financial Fraud,SCC 2013 15 790,,,UNRESOLVED
Vijay_Kumar_Ghai_vs_The_State_Of_West_Bengal_on_22_March_2022_1.PDF,Financial Fraud,SCC 2007 6 769,,,UNRESOLVED
Vijay_Kumar_Ghai_vs_The_State_Of_West_Bengal_on_22_March_2022_1.PDF,Financial Fraud,SCC 1998 5 310,,,UNRESOLVED
Vijay_Kumar_Ghai_vs_The_State_Of_West_Bengal_on_22_March_2022_1.PDF,Financial Fraud,SCC 2021 5 435,,,UNRESOLVED
Vijay_Kumar_Ghai_vs_The_State_Of_West_Bengal_on_22_March_2022_1.PDF,Financial Fraud,SCC 2001 6 181,,,UNRESOLVED
Vijay_Kumar_Ghai_vs_The_State_Of_West_Bengal_on_22_March_2022_1.PDF,Financial Fraud,SCC 2007 12 1,,,UNRESOLVED
Vijay_Kumar_Ghai_vs_The_State_Of_West_Bengal_on_22_March_2022_1.PDF,Financial Fraud,SCC 2006 6 736,,,UNRESOLVED
Vijay_Kumar_Ghai_vs_The_State_Of_West_Bengal_on_22_March_2022_1.PDF,Financial Fraud,SCC 2004 1 691,,,UNRESOLVED
Vijay_Kumar_Ghai_vs_The_State_Of_West_Bengal_on_22_March_2022_1.PDF,Financial Fraud,SCC 2000 2 636,,,UNRESOLVED
Vijay_Kumar_Ghai_vs_The_State_Of_West_Bengal_on_22_March_2022_1.PDF,Financial Fraud,SCC 2009 8 1,,,UNRESOLVED
Vijay_Kumar_Ghai_vs_The_State_Of_West_Bengal_on_22_March_2022_1.PDF,Financial Fraud,SCC 2019 16 739,,,UNRESOLVED
Vijay_Kumar_Ghai_vs_The_State_Of_West_Bengal_on_22_March_2022_1.PDF,Financial Fraud,SCC 2005 10 336,,,UNRESOLVED
Vijay_Kumar_Ghai_vs_The_State_Of_West_Bengal_on_22_March_2022_1.PDF,Financial Fraud,SCC 2000 4 168,,,UNRESOLVED
Vijay_Kumar_Ghai_vs_The_State_Of_West_Bengal_on_22_March_2022_1.PDF,Financial Fraud,SCC 2015 8 293,,,UNRESOLVED
Vijay_Kumar_Ghai_vs_The_State_Of_West_Bengal_on_22_March_2022_1.PDF,Financial Fraud,SCR 1960 3 388,,,UNRESOLVED
Vijay_Kumar_Ghai_vs_The_State_Of_West_Bengal_on_22_March_2022_1.PDF,Financial Fraud,SCR 1963 1 253,,,UNRESOLVED
Vijay_Madanlal_Choudhary_vs_Union_Of_India_on_27_July_2022_1.PDF,Financial Fraud,AIR 1964 SC 828,,,UNRESOLVED
Vijay_Madanlal_Choudhary_vs_Union_Of_India_on_27_July_2022_1.PDF,Financial Fraud,AIR 1959 SC 1012,,,UNRESOLVED
Vijay_Madanlal_Choudhary_vs_Union_Of_India_on_27_July_2022_1.PDF,Financial Fraud,AIR 1959 SC 1012,,,UNRESOLVED
Vijay_Madanlal_Choudhary_vs_Union_Of_India_on_27_July_2022_1.PDF,Financial Fraud,AIR 1961 SC 1808,,,UNRESOLVED
Vijay_Madanlal_Choudhary_vs_Union_Of_India_on_27_July_2022_1.PDF,Financial Fraud,AIR 1936 PC 169,,,UNRESOLVED
Vijay_Madanlal_Choudhary_vs_Union_Of_India_on_27_July_2022_1.PDF,Financial Fraud,AIR 1956 SC 479,,,UNRESOLVED
Vijay_Madanlal_Choudhary_vs_Union_Of_India_on_27_July_2022_1.PDF,Financial Fraud,AIR 1957 SC 688,,,UNRESOLVED
Vijay_Madanlal_Choudhary_vs_Union_Of_India_on_27_July_2022_1.PDF,Financial Fraud,AIR 1967 SC 1753,,,UNRESOLVED
Vijay_Madanlal_Choudhary_vs_Union_Of_India_on_27_July_2022_1.PDF,Financial Fraud,AIR 1954 SC 728,,,UNRESOLVED
Vijay_Madanlal_Choudhary_vs_Union_Of_India_on_27_July_2022_1.PDF,Financial Fraud,AIR 1925 PC 1,,,UNRESOLVED
Vijay_Madanlal_Choudhary_vs_Union_Of_India_on_27_July_2022_1.PDF,Financial Fraud,AIR 1952 SC 343,Hanumant_vs_The_State_Of_Madhya_Pradesh_on_23_September_1952_1.PDF,,OUTSIDE_DOMAINS
Vijay_Madanlal_Choudhary_vs_Union_Of_India_on_27_July_2022_1.PDF,Financial Fraud,AIR 1970 SC 940,,,UNRESOLVED
Vijay_Madanlal_Choudhary_vs_Union_Of_India_on_27_July_2022_1.PDF,Financial Fraud,AIR 1965 SC 1251,,,UNRESOLVED
Vijay_Madanlal_Choudhary_vs_Union_Of_India_on_27_July_2022_1.PDF,Financial Fraud,AIR 1951 SC 128,,,UNRESOLVED
Vijay_Madanlal_Choudhary_vs_Union_Of_India_on_27_July_2022_1.PDF,Financial Fraud,AIR 1967 SC 389,,,UNRESOLVED
Vijay_Madanlal_Choudhary_vs_Union_Of_India_on_27_July_2022_1.PDF,Financial Fraud,AIR 1988 SC 1531,,,UNRESOLVED
Vijay_Madanlal_Choudhary_vs_Union_Of_India_on_27_July_2022_1.PDF,Financial Fraud,AIR 1960 MAD 9,,,UNRESOLVED
Vijay_Madanlal_Choudhary_vs_Union_Of_India_on_27_July_2022_1.PDF,Financial Fraud,AIR 2009 SC 187,,,UNRESOLVED
Vijay_Madanlal_Choudhary_vs_Union_Of_India_on_27_July_2022_1.PDF,Financial Fraud,AIR 2013 SC 30,,,UNRESOLVED
Vijay_Madanlal_Choudhary_vs_Union_Of_India_on_27_July_2022_1.PDF,Financial Fraud,AIR 1963 SC 1019,,,UNRESOLVED
Vijay_Madanlal_Choudhary_vs_Union_Of_India_on_27_July_2022_1.PDF,Financial Fraud,AIR 1961 SC 578,,,UNRESOLVED
Vijay_Madanlal_Choudhary_vs_Union_Of_India_on_27_July_2022_1.PDF,Financial Fraud,AIR 1959 SC 375,,,UNRESOLVED
Vijay_Madanlal_Choudhary_vs_Union_Of_India_on_27_July_2022_1.PDF,Financial Fraud,AIR 1952 SC 369,,,UNRESOLVED
Vijay_Madanlal_Choudhary_vs_Union_Of_India_on_27_July_2022_1.PDF,Financial Fraud,AIR 1959 SC 648,,,UNRESOLVED
Vijay_Madanlal_Choudhary_vs_Union_Of_India_on_27_July_2022_1.PDF,Financial Fraud,AIR 1968 SC 565,,,UNRESOLVED
Vijay_Madanlal_Choudhary_vs_Union_Of_India_on_27_July_2022_1.PDF,Financial Fraud,AIR 1958 SC 731,,,UNRESOLVED
Vijay_Madanlal_Choudhary_vs_Union_Of_India_on_27_July_2022_1.PDF,Financial Fraud,AIR 1952 SC 123,,,UNRESOLVED
Vijay_Madanlal_Choudhary_vs_Union_Of_India_on_27_July_2022_1.PDF,Financial Fraud,AIR 1953 SC 404,,,UNRESOLVED
Vijay_Madanlal_Choudhary_vs_Union_Of_India_on_27_July_2022_1.PDF,Financial Fraud,AIR 1963 SC 1742,,,UNRESOLVED
Vijay_Madanlal_Choudhary_vs_Union_Of_India_on_27_July_2022_1.PDF,Financial Fraud,AIR 1960 SC 756,,,UNRESOLVED
Vijay_Madanlal_Choudhary_vs_Union_Of_India_on_27_July_2022_1.PDF,Financial Fraud,AIR 1961 SC 29,,,UNRESOLVED
Vijay_Madanlal_Choudhary_vs_Union_Of_India_on_27_July_2022_1.PDF,Financial Fraud,AIR 1964 SC 1552,,,UNRESOLVED
Vijay_Madanlal_Choudhary_vs_Union_Of_India_on_27_July_2022_1.PDF,Financial Fraud,AIR 1966 SC 119,,,UNRESOLVED
Vijay_Madanlal_Choudhary_vs_Union_Of_India_on_27_July_2022_1.PDF,Financial Fraud,AIR 1966 SC 1746,,,UNRESOLVED
Vijay_Madanlal_Choudhary_vs_Union_Of_India_on_27_July_2022_1.PDF,Financial Fraud,AIR 1970 SC 1065,,,UNRESOLVED
Vijay_Madanlal_Choudhary_vs_Union_Of_India_on_27_July_2022_1.PDF,Financial Fraud,AIR 1959 SC 763,,,UNRESOLVED
Vijay_Madanlal_Choudhary_vs_Union_Of_India_on_27_July_2022_1.PDF,Financial Fraud,AIR 1958 SC 61,,,UNRESOLVED
Vijay_Madanlal_Choudhary_vs_Union_Of_India_on_27_July_2022_1.PDF,Financial Fraud,AIR 1953 SCC 394,,,UNRESOLVED
Vijay_Madanlal_Choudhary_vs_Union_Of_India_on_27_July_2022_1.PDF,Financial Fraud,AIR 1967 SC 389,,,UNRESOLVED
Vijay_Madanlal_Choudhary_vs_Union_Of_India_on_27_July_2022_1.PDF,Financial Fraud,AIR 1953 SC 148,,,UNRESOLVED
Vijay_Madanlal_Choudhary_vs_Union_Of_India_on_27_July_2022_1.PDF,Financial Fraud,AIR 1949 PC 120,,,UNRESOLVED
Vijay_Madanlal_Choudhary_vs_Union_Of_India_on_27_July_2022_1.PDF,Financial Fraud,AIR 1956 SC 404,,,UNRESOLVED
Vijay_Madanlal_Choudhary_vs_Union_Of_India_on_27_July_2022_1.PDF,Financial Fraud,AIR 1958 SC 61,,,UNRESOLVED
Vijay_Madanlal_Choudhary_vs_Union_Of_India_on_27_July_2022_1.PDF,Financial Fraud,SCC 2018 11 1,,,UNRESOLVED
Vijay_Madanlal_Choudhary_vs_Union_Of_India_on_27_July_2022_1.PDF,Financial Fraud,SCC 2016 9 473,,,UNRESOLVED
Vijay_Madanlal_Choudhary_vs_Union_Of_India_on_27_July_2022_1.PDF,Financial Fraud,SCC 2021 10 598,,,UNRESOLVED
Vijay_Madanlal_Choudhary_vs_Union_Of_India_on_27_July_2022_1.PDF,Financial Fraud,SCC 2018 2 93,,,UNRESOLVED
Vijay_Madanlal_Choudhary_vs_Union_Of_India_on_27_July_2022_1.PDF,Financial Fraud,SCC 2014 2 1,,,UNRESOLVED
Vijay_Madanlal_Choudhary_vs_Union_Of_India_on_27_July_2022_1.PDF,Financial Fraud,SCC 1974 4 3,,,UNRESOLVED
Vijay_Madanlal_Choudhary_vs_Union_Of_India_on_27_July_2022_1.PDF,Financial Fraud,SCC 1981 4 173,,,UNRESOLVED
Vijay_Madanlal_Choudhary_vs_Union_Of_India_on_27_July_2022_1.PDF,Financial Fraud,SCC 2009 12 209,,,UNRESOLVED
Vijay_Madanlal_Choudhary_vs_Union_Of_India_on_27_July_2022_1.PDF,Financial Fraud,SCC 2019 9 24,,,UNRESOLVED
Vijay_Madanlal_Choudhary_vs_Union_Of_India_on_27_July_2022_1.PDF,Financial Fraud,SCC 2018 16 158,,,UNRESOLVED
Vijay_Madanlal_Choudhary_vs_Union_Of_India_on_27_July_2022_1.PDF,Financial Fraud,SCC 1978 2 424,,,UNRESOLVED
Vijay_Madanlal_Choudhary_vs_Union_Of_India_on_27_July_2022_1.PDF,Financial Fraud,SCC 2015 9 588,,,UNRESOLVED
Vijay_Madanlal_Choudhary_vs_Union_Of_India_on_27_July_2022_1.PDF,Financial Fraud,SCC 2020 7 722,,,UNRESOLVED
Vijay_Madanlal_Choudhary_vs_Union_Of_India_on_27_July_2022_1.PDF,Financial Fraud,SCC 1980 4 600,,,UNRESOLVED
Vijay_Madanlal_Choudhary_vs_Union_Of_India_on_27_July_2022_1.PDF,Financial Fraud,SCC 2010 7 263,,,UNRESOLVED
Vijay_Madanlal_Choudhary_vs_Union_Of_India_on_27_July_2022_1.PDF,Financial Fraud,SCC 1991 2 119,,,UNRESOLVED
Vijay_Madanlal_Choudhary_vs_Union_Of_India_on_27_July_2022_1.PDF,Financial Fraud,SCC 1978 1 240,,,UNRESOLVED
Vijay_Madanlal_Choudhary_vs_Union_Of_India_on_27_July_2022_1.PDF,Financial Fraud,SCC 2005 5 294,,,UNRESOLVED
Vijay_Madanlal_Choudhary_vs_Union_Of_India_on_27_July_2022_1.PDF,Financial Fraud,SCC 2008 16 417,,,UNRESOLVED
Vijay_Madanlal_Choudhary_vs_Union_Of_India_on_27_July_2022_1.PDF,Financial Fraud,SCC 2010 3 571,,,UNRESOLVED
Vijay_Madanlal_Choudhary_vs_Union_Of_India_on_27_July_2022_1.PDF,Financial Fraud,SCC 2008 2 409,,,UNRESOLVED
Vijay_Madanlal_Choudhary_vs_Union_Of_India_on_27_July_2022_1.PDF,Financial Fraud,SCC 1997 1 416,,,UNRESOLVED
Vijay_Madanlal_Choudhary_vs_Union_Of_India_on_27_July_2022_1.PDF,Financial Fraud,SCC 1994 3 440,,,UNRESOLVED
Vijay_Madanlal_Choudhary_vs_Union_Of_India_on_27_July_2022_1.PDF,Financial Fraud,SCC 1986 3 615,,,UNRESOLVED
Vijay_Madanlal_Choudhary_vs_Union_Of_India_on_27_July_2022_1.PDF,Financial Fraud,SCC 2014 8 682,,,UNRESOLVED
Vijay_Madanlal_Choudhary_vs_Union_Of_India_on_27_July_2022_1.PDF,Financial Fraud,SCC 2010 9 189,,,UNRESOLVED
Vijay_Madanlal_Choudhary_vs_Union_Of_India_on_27_July_2022_1.PDF,Financial Fraud,SCC 2021 10 773,,,UNRESOLVED
Vijay_Madanlal_Choudhary_vs_Union_Of_India_on_27_July_2022_1.PDF,Financial Fraud,SCC 1989 1 374,,,UNRESOLVED
Vijay_Madanlal_Choudhary_vs_Union_Of_India_on_27_July_2022_1.PDF,Financial Fraud,SCC 2021 3 713,,,UNRESOLVED
Vijay_Madanlal_Choudhary_vs_Union_Of_India_on_27_July_2022_1.PDF,Financial Fraud,SCC 2021 5 435,,,UNRESOLVED
Vijay_Madanlal_Choudhary_vs_Union_Of_India_on_27_July_2022_1.PDF,Financial Fraud,SCC 2017 9 1,,,UNRESOLVED
Vijay_Madanlal_Choudhary_vs_Union_Of_India_on_27_July_2022_1.PDF,Financial Fraud,SCC 2019 3 39,,,UNRESOLVED
Vijay_Madanlal_Choudhary_vs_Union_Of_India_on_27_July_2022_1.PDF,Financial Fraud,SCC 1976 1 128,,,UNRESOLVED
Vijay_Madanlal_Choudhary_vs_Union_Of_India_on_27_July_2022_1.PDF,Financial Fraud,SCC 1997 3 353,,,UNRESOLVED
Vijay_Madanlal_Choudhary_vs_Union_Of_India_on_27_July_2022_1.PDF,Financial Fraud,SCC 2021 2 427,,,UNRESOLVED
Vijay_Madanlal_Choudhary_vs_Union_Of_India_on_27_July_2022_1.PDF,Financial Fraud,SCC 2020 6 1,,,UNRESOLVED
Vijay_Madanlal_Choudhary_vs_Union_Of_India_on_27_July_2022_1.PDF,Financial Fraud,SCC 1991 4 298,,,UNRESOLVED
Vijay_Madanlal_Choudhary_vs_Union_Of_India_on_27_July_2022_1.PDF,Financial Fraud,SCC 2014 11 282,,,UNRESOLVED
Vijay_Madanlal_Choudhary_vs_Union_Of_India_on_27_July_2022_1.PDF,Financial Fraud,SCC 2014 9 737,,,UNRESOLVED
Vijay_Madanlal_Choudhary_vs_Union_Of_India_on_27_July_2022_1.PDF,Financial Fraud,SCC 1978 4 494,,,UNRESOLVED
Vijay_Madanlal_Choudhary_vs_Union_Of_India_on_27_July_2022_1.PDF,Financial Fraud,SCC 1983 2 277,,,UNRESOLVED
Vijay_Madanlal_Choudhary_vs_Union_Of_India_on_27_July_2022_1.PDF,Financial Fraud,SCC 2012 9 1,,,UNRESOLVED
Vijay_Madanlal_Choudhary_vs_Union_Of_India_on_27_July_2022_1.PDF,Financial Fraud,SCC 2011 1 307,,,UNRESOLVED
Vijay_Madanlal_Choudhary_vs_Union_Of_India_on_27_July_2022_1.PDF,Financial Fraud,SCC 2008 3 602,,,UNRESOLVED
Vijay_Madanlal_Choudhary_vs_Union_Of_India_on_27_July_2022_1.PDF,Financial Fraud,SCC 1998 1 226,,,UNRESOLVED
Vijay_Madanlal_Choudhary_vs_Union_Of_India_on_27_July_2022_1.PDF,Financial Fraud,SCC 2007 1 630,,,UNRESOLVED
Vijay_Madanlal_Choudhary_vs_Union_Of_India_on_27_July_2022_1.PDF,Financial Fraud,SCC 2014 14 295,,,UNRESOLVED
Vijay_Madanlal_Choudhary_vs_Union_Of_India_on_27_July_2022_1.PDF,Financial Fraud,SCC 2017 8 1,,,UNRESOLVED
Vijay_Madanlal_Choudhary_vs_Union_Of_India_on_27_July_2022_1.PDF,Financial Fraud,SCC 1977 4 308,,,UNRESOLVED
Vijay_Madanlal_Choudhary_vs_Union_Of_India_on_27_July_2022_1.PDF,Financial Fraud,SCC 2012 1 40,,,UNRESOLVED
Vijay_Madanlal_Choudhary_vs_Union_Of_India_on_27_July_2022_1.PDF,Financial Fraud,SCC 2011 1 784,,,UNRESOLVED
Vijay_Madanlal_Choudhary_vs_Union_Of_India_on_27_July_2022_1.PDF,Financial Fraud,SCC 1980 4 600,,,UNRESOLVED
Vijay_Madanlal_Choudhary_vs_Union_Of_India_on_27_July_2022_1.PDF,Financial Fraud,SCC 1973 1 696,,,UNRESOLVED
Vijay_Madanlal_Choudhary_vs_Union_Of_India_on_27_July_2022_1.PDF,Financial Fraud,SCC 1992 3 259,,,UNRESOLVED
Vijay_Madanlal_Choudhary_vs_Union_Of_India_on_27_July_2022_1.PDF,Financial Fraud,SCC 2008 8 205,,,UNRESOLVED
Vijay_Madanlal_Choudhary_vs_Union_Of_India_on_27_July_2022_1.PDF,Financial Fraud,SCC 2011 4 441,,,UNRESOLVED
Vijay_Madanlal_Choudhary_vs_Union_Of_India_on_27_July_2022_1.PDF,Financial Fraud,SCC 2014 3 151,,,UNRESOLVED
Vijay_Madanlal_Choudhary_vs_Union_Of_India_on_27_July_2022_1.PDF,Financial Fraud,SCC 2015 1 1,,,UNRESOLVED
Vijay_Madanlal_Choudhary_vs_Union_Of_India_on_27_July_2022_1.PDF,Financial Fraud,SCC 1977 2 548,,,UNRESOLVED
Vijay_Madanlal_Choudhary_vs_Union_Of_India_on_27_July_2022_1.PDF,Financial Fraud,SCC 1985 1 591,,,UNRESOLVED
Vijay_Madanlal_Choudhary_vs_Union_Of_India_on_27_July_2022_1.PDF,Financial Fraud,SCC 2002 9 639,,,UNRESOLVED
Vijay_Madanlal_Choudhary_vs_Union_Of_India_on_27_July_2022_1.PDF,Financial Fraud,SCC 2006 8 613,,,UNRESOLVED
Vijay_Madanlal_Choudhary_vs_Union_Of_India_on_27_July_2022_1.PDF,Financial Fraud,SCC 1981 2 790,,,UNRESOLVED
Vijay_Madanlal_Choudhary_vs_Union_Of_India_on_27_July_2022_1.PDF,Financial Fraud,SCC 1986 1 445,,,UNRESOLVED
Vijay_Madanlal_Choudhary_vs_Union_Of_India_on_27_July_2022_1.PDF,Financial Fraud,SCC 1988 2 602,,,UNRESOLVED
Vijay_Madanlal_Choudhary_vs_Union_Of_India_on_27_July_2022_1.PDF,Financial Fraud,SCC 2003 8 296,,,UNRESOLVED
Vijay_Madanlal_Choudhary_vs_Union_Of_India_on_27_July_2022_1.PDF,Financial Fraud,SCC 2007 7 35,,,UNRESOLVED
Vijay_Madanlal_Choudhary_vs_Union_Of_India_on_27_July_2022_1.PDF,Financial Fraud,SCC 1974 4 656,,,UNRESOLVED
Vijay_Madanlal_Choudhary_vs_Union_Of_India_on_27_July_2022_1.PDF,Financial Fraud,SCC 2018 16 158,,,UNRESOLVED
Vijay_Madanlal_Choudhary_vs_Union_Of_India_on_27_July_2022_1.PDF,Financial Fraud,SCC 1984 2 500,,,UNRESOLVED
Vijay_Madanlal_Choudhary_vs_Union_Of_India_on_27_July_2022_1.PDF,Financial Fraud,SCC 2011 14 1,,,UNRESOLVED
Vijay_Madanlal_Choudhary_vs_Union_Of_India_on_27_July_2022_1.PDF,Financial Fraud,SCC 1995 4 190,,,UNRESOLVED
Vijay_Madanlal_Choudhary_vs_Union_Of_India_on_27_July_2022_1.PDF,Financial Fraud,SCC 1997 1 416,,,UNRESOLVED
Vijay_Madanlal_Choudhary_vs_Union_Of_India_on_27_July_2022_1.PDF,Financial Fraud,SCC 1994 5 54,Attorney_General_For_India_vs_Amratlal_Prajivandas_on_12_May_1994_1.PDF,Organized Crime / Extortion,CROSS_DOMAIN
Vijay_Madanlal_Choudhary_vs_Union_Of_India_on_27_July_2022_1.PDF,Financial Fraud,SCC 1994 6 86,,,UNRESOLVED
Vijay_Madanlal_Choudhary_vs_Union_Of_India_on_27_July_2022_1.PDF,Financial Fraud,SCC 1969 2 662,,,UNRESOLVED
Vijay_Madanlal_Choudhary_vs_Union_Of_India_on_27_July_2022_1.PDF,Financial Fraud,SCC 2015 7 497,,,UNRESOLVED
Vijay_Madanlal_Choudhary_vs_Union_Of_India_on_27_July_2022_1.PDF,Financial Fraud,SCC 1987 2 707,,,UNRESOLVED
Vijay_Madanlal_Choudhary_vs_Union_Of_India_on_27_July_2022_1.PDF,Financial Fraud,SCC 1988 2 299,,,UNRESOLVED
Vijay_Madanlal_Choudhary_vs_Union_Of_India_on_27_July_2022_1.PDF,Financial Fraud,SCC 1991 3 617,,,UNRESOLVED
Vijay_Madanlal_Choudhary_vs_Union_Of_India_on_27_July_2022_1.PDF,Financial Fraud,SCC 2007 3 124,,,UNRESOLVED
Vijay_Madanlal_Choudhary_vs_Union_Of_India_on_27_July_2022_1.PDF,Financial Fraud,SCC 2007 3 607,,,UNRESOLVED
Vijay_Madanlal_Choudhary_vs_Union_Of_India_on_27_July_2022_1.PDF,Financial Fraud,SCC 2007 4 502,,,UNRESOLVED
Vijay_Madanlal_Choudhary_vs_Union_Of_India_on_27_July_2022_1.PDF,Financial Fraud,SCC 2010 4 728,,,UNRESOLVED
Vijay_Madanlal_Choudhary_vs_Union_Of_India_on_27_July_2022_1.PDF,Financial Fraud,SCC 2014 4 87,,,UNRESOLVED
Vijay_Madanlal_Choudhary_vs_Union_Of_India_on_27_July_2022_1.PDF,Financial Fraud,SCC 2018 11 46,,,UNRESOLVED
Vijay_Madanlal_Choudhary_vs_Union_Of_India_on_27_July_2022_1.PDF,Financial Fraud,SCC 1994 3 569,Kartar_Singh_vs_State_Of_Punjab_on_11_March_1994_1.PDF,Corruption; Organized Crime / Extortion,CROSS_DOMAIN
Vijay_Madanlal_Choudhary_vs_Union_Of_India_on_27_July_2022_1.PDF,Financial Fraud,SCC 2004 2 9,,,UNRESOLVED
Vijay_Madanlal_Choudhary_vs_Union_Of_India_on_27_July_2022_1.PDF,Financial Fraud,SCC 2016 7 221,,,UNRESOLVED
Vijay_Madanlal_Choudhary_vs_Union_Of_India_on_27_July_2022_1.PDF,Financial Fraud,SCC 1994 5 410,Sunjay_Datt_vs_State_Ii_on_9_September_1994_1.PDF,Organized Crime / Extortion,CROSS_DOMAIN
Vijay_Madanlal_Choudhary_vs_Union_Of_India_on_27_July_2022_1.PDF,Financial Fraud,SCC 2008 4 755,,,UNRESOLVED
Vijay_Madanlal_Choudhary_vs_Union_Of_India_on_27_July_2022_1.PDF,Financial Fraud,SCC 1987 3 208,,,UNRESOLVED
Vijay_Madanlal_Choudhary_vs_Union_Of_India_on_27_July_2022_1.PDF,Financial Fraud,SCC 2005 3 551,,,UNRESOLVED
Vijay_Madanlal_Choudhary_vs_Union_Of_India_on_27_July_2022_1.PDF,Financial Fraud,SCC 2014 5 438,,,UNRESOLVED
Vijay_Madanlal_Choudhary_vs_Union_Of_India_on_27_July_2022_1.PDF,Financial Fraud,SCC 2005 2 436,,,UNRESOLVED
Vijay_Madanlal_Choudhary_vs_Union_Of_India_on_27_July_2022_1.PDF,Financial Fraud,SCC 1999 2 228,,,UNRESOLVED
Vijay_Madanlal_Choudhary_vs_Union_Of_India_on_27_July_2022_1.PDF,Financial Fraud,SCC 1979 4 229,,,UNRESOLVED
Vijay_Madanlal_Choudhary_vs_Union_Of_India_on_27_July_2022_1.PDF,Financial Fraud,SCC 1987 3 340,,,UNRESOLVED
Vijay_Madanlal_Choudhary_vs_Union_Of_India_on_27_July_2022_1.PDF,Financial Fraud,SCC 1988 2 271,,,UNRESOLVED
Vijay_Madanlal_Choudhary_vs_Union_Of_India_on_27_July_2022_1.PDF,Financial Fraud,SCC 1996 9 735,,,UNRESOLVED
Vijay_Madanlal_Choudhary_vs_Union_Of_India_on_27_July_2022_1.PDF,Financial Fraud,SCC 2003 12 578,,,UNRESOLVED
Vijay_Madanlal_Choudhary_vs_Union_Of_India_on_27_July_2022_1.PDF,Financial Fraud,SCC 2009 2 1,,,UNRESOLVED
Vijay_Madanlal_Choudhary_vs_Union_Of_India_on_27_July_2022_1.PDF,Financial Fraud,SCC 2014 2 1,,,UNRESOLVED
Vijay_Madanlal_Choudhary_vs_Union_Of_India_on_27_July_2022_1.PDF,Financial Fraud,SCC 2015 16 1,,,UNRESOLVED
Vijay_Madanlal_Choudhary_vs_Union_Of_India_on_27_July_2022_1.PDF,Financial Fraud,SCC 2020 2 747,,,UNRESOLVED
Vijay_Madanlal_Choudhary_vs_Union_Of_India_on_27_July_2022_1.PDF,Financial Fraud,SCC 2009 4 94,,,UNRESOLVED
Vijay_Madanlal_Choudhary_vs_Union_Of_India_on_27_July_2022_1.PDF,Financial Fraud,SCC 2003 12 274,,,UNRESOLVED
Vijay_Madanlal_Choudhary_vs_Union_Of_India_on_27_July_2022_1.PDF,Financial Fraud,SCC 2018 1 407,,,UNRESOLVED
Vijay_Madanlal_Choudhary_vs_Union_Of_India_on_27_July_2022_1.PDF,Financial Fraud,SCC 1984 4 27,,,UNRESOLVED
Vijay_Madanlal_Choudhary_vs_Union_Of_India_on_27_July_2022_1.PDF,Financial Fraud,SCC 2011 8 539,,,UNRESOLVED
Vijay_Madanlal_Choudhary_vs_Union_Of_India_on_27_July_2022_1.PDF,Financial Fraud,SCC 1985 2 580,,,UNRESOLVED
Vijay_Madanlal_Choudhary_vs_Union_Of_India_on_27_July_2022_1.PDF,Financial Fraud,SCC 2009 7 345,,,UNRESOLVED
Vijay_Madanlal_Choudhary_vs_Union_Of_India_on_27_July_2022_1.PDF,Financial Fraud,SCC 2019 5 266,,,UNRESOLVED
Vijay_Madanlal_Choudhary_vs_Union_Of_India_on_27_July_2022_1.PDF,Financial Fraud,SCC 1997 3 721,,,UNRESOLVED
Vijay_Madanlal_Choudhary_vs_Union_Of_India_on_27_July_2022_1.PDF,Financial Fraud,SCC 2004 8 1,,,UNRESOLVED
Vijay_Madanlal_Choudhary_vs_Union_Of_India_on_27_July_2022_1.PDF,Financial Fraud,SCC 2008 9 622,,,UNRESOLVED
Vijay_Madanlal_Choudhary_vs_Union_Of_India_on_27_July_2022_1.PDF,Financial Fraud,SCC 2003 5 461,,,UNRESOLVED
Vijay_Madanlal_Choudhary_vs_Union_Of_India_on_27_July_2022_1.PDF,Financial Fraud,SCC 2008 17 28,,,UNRESOLVED
Vijay_Madanlal_Choudhary_vs_Union_Of_India_on_27_July_2022_1.PDF,Financial Fraud,SCC 2014 4 513,,,UNRESOLVED
Vijay_Madanlal_Choudhary_vs_Union_Of_India_on_27_July_2022_1.PDF,Financial Fraud,SCC 2015 1 1,,,UNRESOLVED
Vijay_Madanlal_Choudhary_vs_Union_Of_India_on_27_July_2022_1.PDF,Financial Fraud,SCC 2018 17 394,,,UNRESOLVED
Vijay_Madanlal_Choudhary_vs_Union_Of_India_on_27_July_2022_1.PDF,Financial Fraud,SCC 2014 8 273,,,UNRESOLVED
Vijay_Madanlal_Choudhary_vs_Union_Of_India_on_27_July_2022_1.PDF,Financial Fraud,SCC 2008 13 305,,,UNRESOLVED
Vijay_Madanlal_Choudhary_vs_Union_Of_India_on_27_July_2022_1.PDF,Financial Fraud,SCC 1994 2 691,,,UNRESOLVED
Vijay_Madanlal_Choudhary_vs_Union_Of_India_on_27_July_2022_1.PDF,Financial Fraud,SCC 1982 1 31,,,UNRESOLVED
Vijay_Madanlal_Choudhary_vs_Union_Of_India_on_27_July_2022_1.PDF,Financial Fraud,SCC 2005 3 647,,,UNRESOLVED
Vijay_Madanlal_Choudhary_vs_Union_Of_India_on_27_July_2022_1.PDF,Financial Fraud,SCC 2015 2 33,,,UNRESOLVED
Vijay_Madanlal_Choudhary_vs_Union_Of_India_on_27_July_2022_1.PDF,Financial Fraud,SCC 1982 1 271,,,UNRESOLVED
Vijay_Madanlal_Choudhary_vs_Union_Of_India_on_27_July_2022_1.PDF,Financial Fraud,SCC 1987 2 364,,,UNRESOLVED
Vijay_Madanlal_Choudhary_vs_Union_Of_India_on_27_July_2022_1.PDF,Financial Fraud,SCC 2013 7 439,,,UNRESOLVED
Vijay_Madanlal_Choudhary_vs_Union_Of_India_on_27_July_2022_1.PDF,Financial Fraud,SCC 2013 7 466,,,UNRESOLVED
Vijay_Madanlal_Choudhary_vs_Union_Of_India_on_27_July_2022_1.PDF,Financial Fraud,SCC 2017 13 751,,,UNRESOLVED
Vijay_Madanlal_Choudhary_vs_Union_Of_India_on_27_July_2022_1.PDF,Financial Fraud,SCC 1979 1 380,In_Re__The_Special_Courts_Bill_1978_vs_Unknown_on_1_December_1978_1.PDF,Organized Crime / Extortion,CROSS_DOMAIN
Vijay_Madanlal_Choudhary_vs_Union_Of_India_on_27_July_2022_1.PDF,Financial Fraud,SCC 1992 3 336,,,UNRESOLVED
Vijay_Madanlal_Choudhary_vs_Union_Of_India_on_27_July_2022_1.PDF,Financial Fraud,SCC 1995 1 501,The_Papnasam_Labour_Union_vs_Madura_Coats_Ltd_And_Anr_on_8_December_1994_1.PDF,,OUTSIDE_DOMAINS
Vijay_Madanlal_Choudhary_vs_Union_Of_India_on_27_July_2022_1.PDF,Financial Fraud,SCC 1998 8 227,,,UNRESOLVED
Vijay_Madanlal_Choudhary_vs_Union_Of_India_on_27_July_2022_1.PDF,Financial Fraud,SCC 1977 4 471,,,UNRESOLVED
Vijay_Madanlal_Choudhary_vs_Union_Of_India_on_27_July_2022_1.PDF,Financial Fraud,SCC 1984 1 515,,,UNRESOLVED
Vijay_Madanlal_Choudhary_vs_Union_Of_India_on_27_July_2022_1.PDF,Financial Fraud,SCC 2005 5 294,,,UNRESOLVED
Vijay_Madanlal_Choudhary_vs_Union_Of_India_on_27_July_2022_1.PDF,Financial Fraud,SCC 2004 3 549,,,UNRESOLVED
Vijay_Madanlal_Choudhary_vs_Union_Of_India_on_27_July_2022_1.PDF,Financial Fraud,SCC 2000 9 549,,,UNRESOLVED
Vijay_Madanlal_Choudhary_vs_Union_Of_India_on_27_July_2022_1.PDF,Financial Fraud,SCC 2003 11 764,,,UNRESOLVED
Vijay_Madanlal_Choudhary_vs_Union_Of_India_on_27_July_2022_1.PDF,Financial Fraud,SCC 2004 13 504,,,UNRESOLVED
Vijay_Madanlal_Choudhary_vs_Union_Of_India_on_27_July_2022_1.PDF,Financial Fraud,SCC 2005 12 480,,,UNRESOLVED
Vijay_Madanlal_Choudhary_vs_Union_Of_India_on_27_July_2022_1.PDF,Financial Fraud,SCC 2007 1 242,,,UNRESOLVED
Vijay_Madanlal_Choudhary_vs_Union_Of_India_on_27_July_2022_1.PDF,Financial Fraud,SCC 2008 6 721,,,UNRESOLVED
Vijay_Madanlal_Choudhary_vs_Union_Of_India_on_27_July_2022_1.PDF,Financial Fraud,SCC 2008 13 5,,,UNRESOLVED
Vijay_Madanlal_Choudhary_vs_Union_Of_India_on_27_July_2022_1.PDF,Financial Fraud,SCC 2009 2 624,,,UNRESOLVED
Vijay_Madanlal_Choudhary_vs_Union_Of_India_on_27_July_2022_1.PDF,Financial Fraud,SCC 2012 10 561,,,UNRESOLVED
Vijay_Madanlal_Choudhary_vs_Union_Of_India_on_27_July_2022_1.PDF,Financial Fraud,SCC 2018 13 738,,,UNRESOLVED
Vijay_Madanlal_Choudhary_vs_Union_Of_India_on_27_July_2022_1.PDF,Financial Fraud,SCC 2018 13 813,,,UNRESOLVED
Vijay_Madanlal_Choudhary_vs_Union_Of_India_on_27_July_2022_1.PDF,Financial Fraud,SCC 2019 5 1,,,UNRESOLVED
Vijay_Madanlal_Choudhary_vs_Union_Of_India_on_27_July_2022_1.PDF,Financial Fraud,SCC 2019 9 165,,,UNRESOLVED
Vijay_Madanlal_Choudhary_vs_Union_Of_India_on_27_July_2022_1.PDF,Financial Fraud,SCC 2016 7 353,,,UNRESOLVED
Vijay_Madanlal_Choudhary_vs_Union_Of_India_on_27_July_2022_1.PDF,Financial Fraud,SCC 1969 2 283,,,UNRESOLVED
Vijay_Madanlal_Choudhary_vs_Union_Of_India_on_27_July_2022_1.PDF,Financial Fraud,SCC 1994 6 77,Bhubaneshwar_Singh_vs_Union_Of_India_on_14_July_1994_1.PDF,,OUTSIDE_DOMAINS
Vijay_Madanlal_Choudhary_vs_Union_Of_India_on_27_July_2022_1.PDF,Financial Fraud,SCC 1996 4 281,Comorin_Match_Industries_Pvt_Ltd_vs_State_Of_Tamil_Nadu_on_16_April_1996_1.PDF,,OUTSIDE_DOMAINS
Vijay_Madanlal_Choudhary_vs_Union_Of_India_on_27_July_2022_1.PDF,Financial Fraud,SCC 1996 7 637,,,UNRESOLVED
Vijay_Madanlal_Choudhary_vs_Union_Of_India_on_27_July_2022_1.PDF,Financial Fraud,SCC 2003 5 298,,,UNRESOLVED
Vijay_Madanlal_Choudhary_vs_Union_Of_India_on_27_July_2022_1.PDF,Financial Fraud,SCC 2009 13 165,,,UNRESOLVED
Vijay_Madanlal_Choudhary_vs_Union_Of_India_on_27_July_2022_1.PDF,Financial Fraud,SCC 2016 6 602,,,UNRESOLVED
Vijay_Madanlal_Choudhary_vs_Union_Of_India_on_27_July_2022_1.PDF,Financial Fraud,SCC 2017 1 283,,,UNRESOLVED
Vijay_Madanlal_Choudhary_vs_Union_Of_India_on_27_July_2022_1.PDF,Financial Fraud,SCC 1971 2 893,,,UNRESOLVED
Vijay_Madanlal_Choudhary_vs_Union_Of_India_on_27_July_2022_1.PDF,Financial Fraud,SCC 2020 5 1,,,UNRESOLVED
Vijay_Madanlal_Choudhary_vs_Union_Of_India_on_27_July_2022_1.PDF,Financial Fraud,SCC 1989 1 101,,,UNRESOLVED
Vijay_Madanlal_Choudhary_vs_Union_Of_India_on_27_July_2022_1.PDF,Financial Fraud,SCC 2014 4 453,,,UNRESOLVED
Vijay_Madanlal_Choudhary_vs_Union_Of_India_on_27_July_2022_1.PDF,Financial Fraud,SCC 1972 3 775,Harbansingh_Sardar_Lenasingh_And_Anr_vs_The_State_Of_Maharashtra_And_Ors_on_24_February_1972_1.PDF,,OUTSIDE_DOMAINS
Vijay_Madanlal_Choudhary_vs_Union_Of_India_on_27_July_2022_1.PDF,Financial Fraud,SCC 1997 8 358,,,UNRESOLVED
Vijay_Madanlal_Choudhary_vs_Union_Of_India_on_27_July_2022_1.PDF,Financial Fraud,SCC 1998 3 410,,,UNRESOLVED
Vijay_Madanlal_Choudhary_vs_Union_Of_India_on_27_July_2022_1.PDF,Financial Fraud,SCC 1975 3 210,,,UNRESOLVED
Vijay_Madanlal_Choudhary_vs_Union_Of_India_on_27_July_2022_1.PDF,Financial Fraud,SCC 2008 14 107,,,UNRESOLVED
Vijay_Madanlal_Choudhary_vs_Union_Of_India_on_27_July_2022_1.PDF,Financial Fraud,SCC 2019 16 547,,,UNRESOLVED
Vijay_Madanlal_Choudhary_vs_Union_Of_India_on_27_July_2022_1.PDF,Financial Fraud,SCC 2004 10 699,,,UNRESOLVED
Vijay_Madanlal_Choudhary_vs_Union_Of_India_on_27_July_2022_1.PDF,Financial Fraud,SCC 2001 6 16,,,UNRESOLVED
Vijay_Madanlal_Choudhary_vs_Union_Of_India_on_27_July_2022_1.PDF,Financial Fraud,SCC 2008 4 54,,,UNRESOLVED
Vijay_Madanlal_Choudhary_vs_Union_Of_India_on_27_July_2022_1.PDF,Financial Fraud,SCC 2001 4 375,,,UNRESOLVED
Vijay_Madanlal_Choudhary_vs_Union_Of_India_on_27_July_2022_1.PDF,Financial Fraud,SCC 2020 10 120,,,UNRESOLVED
Vijay_Madanlal_Choudhary_vs_Union_Of_India_on_27_July_2022_1.PDF,Financial Fraud,SCC 2008 16 417,,,UNRESOLVED
Vijay_Madanlal_Choudhary_vs_Union_Of_India_on_27_July_2022_1.PDF,Financial Fraud,SCC 2008 5 580,,,UNRESOLVED
Vijay_Madanlal_Choudhary_vs_Union_Of_India_on_27_July_2022_1.PDF,Financial Fraud,SCC 1986 2 486,,,UNRESOLVED
Vijay_Madanlal_Choudhary_vs_Union_Of_India_on_27_July_2022_1.PDF,Financial Fraud,SCC 1979 3 4,Union_Of_India_Uoi_vs_Prafulla_Kumar_Samal_And_Anr_on_6_November_1978_1.PDF,,OUTSIDE_DOMAINS
Vijay_Madanlal_Choudhary_vs_Union_Of_India_on_27_July_2022_1.PDF,Financial Fraud,SCC 2002 2 135,,,UNRESOLVED
Vijay_Madanlal_Choudhary_vs_Union_Of_India_on_27_July_2022_1.PDF,Financial Fraud,SCC 2008 10 394,,,UNRESOLVED
Vijay_Madanlal_Choudhary_vs_Union_Of_India_on_27_July_2022_1.PDF,Financial Fraud,SCC 2010 2 398,,,UNRESOLVED
Vijay_Madanlal_Choudhary_vs_Union_Of_India_on_27_July_2022_1.PDF,Financial Fraud,SCC 2010 9 368,,,UNRESOLVED
Vijay_Madanlal_Choudhary_vs_Union_Of_India_on_27_July_2022_1.PDF,Financial Fraud,SCC 2013 11 476,,,UNRESOLVED
Vijay_Madanlal_Choudhary_vs_Union_Of_India_on_27_July_2022_1.PDF,Financial Fraud,SCC 2005 5 665,,,UNRESOLVED
Vijay_Madanlal_Choudhary_vs_Union_Of_India_on_27_July_2022_1.PDF,Financial Fraud,SCC 2001 1 691,,,UNRESOLVED
Vijay_Madanlal_Choudhary_vs_Union_Of_India_on_27_July_2022_1.PDF,Financial Fraud,SCC 2021 7 369,,,UNRESOLVED
Vijay_Madanlal_Choudhary_vs_Union_Of_India_on_27_July_2022_1.PDF,Financial Fraud,SCC 1953 394,,,UNRESOLVED
Vijay_Madanlal_Choudhary_vs_Union_Of_India_on_27_July_2022_1.PDF,Financial Fraud,SCC 2015 6 222,,,UNRESOLVED
Vijay_Madanlal_Choudhary_vs_Union_Of_India_on_27_July_2022_1.PDF,Financial Fraud,SCC 1991 2 141,Gokak_Patel_Volkart_Ltd_vs_Dundayya_Gurushiddaiah_Hiremath_And_on_14_February_1991_1.PDF,Financial Fraud,INTERNAL
Vijay_Madanlal_Choudhary_vs_Union_Of_India_on_27_July_2022_1.PDF,Financial Fraud,SCC 1972 2 194,Gunwantlal_vs_The_State_Of_Madhya_Pradesh_on_3_May_1972_1.PDF,,OUTSIDE_DOMAINS
Vijay_Madanlal_Choudhary_vs_Union_Of_India_on_27_July_2022_1.PDF,Financial Fraud,SCC 2003 6 195,,,UNRESOLVED
Vijay_Madanlal_Choudhary_vs_Union_Of_India_on_27_July_2022_1.PDF,Financial Fraud,SCC 2013 1 314,,,UNRESOLVED
Vijay_Madanlal_Choudhary_vs_Union_Of_India_on_27_July_2022_1.PDF,Financial Fraud,SCC 1982 1 561,,,UNRESOLVED
Vijay_Madanlal_Choudhary_vs_Union_Of_India_on_27_July_2022_1.PDF,Financial Fraud,SCC 1980 2 565,,,UNRESOLVED
Vijay_Madanlal_Choudhary_vs_Union_Of_India_on_27_July_2022_1.PDF,Financial Fraud,SCC 2003 6 175,,,UNRESOLVED
Vijay_Madanlal_Choudhary_vs_Union_Of_India_on_27_July_2022_1.PDF,Financial Fraud,SCC 1974 1 345,,,UNRESOLVED
Vijay_Madanlal_Choudhary_vs_Union_Of_India_on_27_July_2022_1.PDF,Financial Fraud,SCC 1999 6 172,,,UNRESOLVED
Vijay_Madanlal_Choudhary_vs_Union_Of_India_on_27_July_2022_1.PDF,Financial Fraud,SCC 1969 2 324,,,UNRESOLVED
Vijay_Madanlal_Choudhary_vs_Union_Of_India_on_27_July_2022_1.PDF,Financial Fraud,SCC 1985 3 72,,,UNRESOLVED
Vijay_Madanlal_Choudhary_vs_Union_Of_India_on_27_July_2022_1.PDF,Financial Fraud,SCC 2015 3 779,,,UNRESOLVED
Vijay_Madanlal_Choudhary_vs_Union_Of_India_on_27_July_2022_1.PDF,Financial Fraud,SCC 1994 5 54,Attorney_General_For_India_vs_Amratlal_Prajivandas_on_12_May_1994_1.PDF,Organized Crime / Extortion,CROSS_DOMAIN
Vijay_Madanlal_Choudhary_vs_Union_Of_India_on_27_July_2022_1.PDF,Financial Fraud,SCC 2008 2 302,,,UNRESOLVED
Vijay_Madanlal_Choudhary_vs_Union_Of_India_on_27_July_2022_1.PDF,Financial Fraud,SCC 2014 4 392,,,UNRESOLVED
Vijay_Madanlal_Choudhary_vs_Union_Of_India_on_27_July_2022_1.PDF,Financial Fraud,SCC 1985 4 573,,,UNRESOLVED
Vijay_Madanlal_Choudhary_vs_Union_Of_India_on_27_July_2022_1.PDF,Financial Fraud,SCC 2016 3 183,,,UNRESOLVED
Vijay_Madanlal_Choudhary_vs_Union_Of_India_on_27_July_2022_1.PDF,Financial Fraud,SCC 1980 2 91,,,UNRESOLVED
Vijay_Madanlal_Choudhary_vs_Union_Of_India_on_27_July_2022_1.PDF,Financial Fraud,SCC 2005 3 551,,,UNRESOLVED
Vijay_Madanlal_Choudhary_vs_Union_Of_India_on_27_July_2022_1.PDF,Financial Fraud,SCC 1999 1 759,,,UNRESOLVED
Vijay_Madanlal_Choudhary_vs_Union_Of_India_on_27_July_2022_1.PDF,Financial Fraud,SCC 2014 5 438,,,UNRESOLVED
Vijay_Madanlal_Choudhary_vs_Union_Of_India_on_27_July_2022_1.PDF,Financial Fraud,SCC 2008 4 755,,,UNRESOLVED
Vijay_Madanlal_Choudhary_vs_Union_Of_India_on_27_July_2022_1.PDF,Financial Fraud,SCC 2006 8 613,,,UNRESOLVED
Vijay_Madanlal_Choudhary_vs_Union_Of_India_on_27_July_2022_1.PDF,Financial Fraud,SCC 1985 1 591,,,UNRESOLVED
Vijay_Madanlal_Choudhary_vs_Union_Of_India_on_27_July_2022_1.PDF,Financial Fraud,SCC 1970 2 23,,,UNRESOLVED
Vijay_Madanlal_Choudhary_vs_Union_Of_India_on_27_July_2022_1.PDF,Financial Fraud,SCC 1979 2 468,,,UNRESOLVED
Vijay_Madanlal_Choudhary_vs_Union_Of_India_on_27_July_2022_1.PDF,Financial Fraud,SCC 1980 4 179,Tara_Prasad_Singh_And_Ors_vs_Union_Of_India_Uoi_And_Ors_on_9_May_1980_1.PDF,,OUTSIDE_DOMAINS
Vijay_Madanlal_Choudhary_vs_Union_Of_India_on_27_July_2022_1.PDF,Financial Fraud,SCC 2004 5 518,,,UNRESOLVED
Vijay_Madanlal_Choudhary_vs_Union_Of_India_on_27_July_2022_1.PDF,Financial Fraud,SCC 2005 6 228,,,UNRESOLVED
Vijay_Madanlal_Choudhary_vs_Union_Of_India_on_27_July_2022_1.PDF,Financial Fraud,SCC 2007 7 171,,,UNRESOLVED
Vijay_Madanlal_Choudhary_vs_Union_Of_India_on_27_July_2022_1.PDF,Financial Fraud,SCC 2008 2 302,,,UNRESOLVED
Vijay_Madanlal_Choudhary_vs_Union_Of_India_on_27_July_2022_1.PDF,Financial Fraud,SCC 1985 4 573,,,UNRESOLVED
Vijay_Madanlal_Choudhary_vs_Union_Of_India_on_27_July_2022_1.PDF,Financial Fraud,SCC 2016 3 183,,,UNRESOLVED
Vijay_Madanlal_Choudhary_vs_Union_Of_India_on_27_July_2022_1.PDF,Financial Fraud,SCC 1999 6 172,,,UNRESOLVED
Vijay_Madanlal_Choudhary_vs_Union_Of_India_on_27_July_2022_1.PDF,Financial Fraud,SCC 2004 10 699,,,UNRESOLVED
Vijay_Madanlal_Choudhary_vs_Union_Of_India_on_27_July_2022_1.PDF,Financial Fraud,SCC 2000 8 382,,,UNRESOLVED
Vijay_Madanlal_Choudhary_vs_Union_Of_India_on_27_July_2022_1.PDF,Financial Fraud,SCC 2001 1 691,,,UNRESOLVED
Vijay_Madanlal_Choudhary_vs_Union_Of_India_on_27_July_2022_1.PDF,Financial Fraud,SCC 2017 7 444,,,UNRESOLVED
Vijay_Madanlal_Choudhary_vs_Union_Of_India_on_27_July_2022_1.PDF,Financial Fraud,SCC 2011 8 1,,,UNRESOLVED
Vijay_Madanlal_Choudhary_vs_Union_Of_India_on_27_July_2022_1.PDF,Financial Fraud,SCC 2011 8 1,,,UNRESOLVED
Vijay_Madanlal_Choudhary_vs_Union_Of_India_on_27_July_2022_1.PDF,Financial Fraud,SCC 1976 4 572,,,UNRESOLVED
Vijay_Madanlal_Choudhary_vs_Union_Of_India_on_27_July_2022_1.PDF,Financial Fraud,SCC 2011 1 694,,,UNRESOLVED
Vijay_Madanlal_Choudhary_vs_Union_Of_India_on_27_July_2022_1.PDF,Financial Fraud,SCC 2012 4 379,,,UNRESOLVED
Vijay_Madanlal_Choudhary_vs_Union_Of_India_on_27_July_2022_1.PDF,Financial Fraud,SCC 2007 4 434,,,UNRESOLVED
Vijay_Madanlal_Choudhary_vs_Union_Of_India_on_27_July_2022_1.PDF,Financial Fraud,SCC 2008 1 213,,,UNRESOLVED
Vijay_Madanlal_Choudhary_vs_Union_Of_India_on_27_July_2022_1.PDF,Financial Fraud,SCC 1998 2 105,,,UNRESOLVED
Vijay_Madanlal_Choudhary_vs_Union_Of_India_on_27_July_2022_1.PDF,Financial Fraud,SCC 1997 7 187,,,UNRESOLVED
Vijay_Madanlal_Choudhary_vs_Union_Of_India_on_27_July_2022_1.PDF,Financial Fraud,SCC 1980 1 98,,,UNRESOLVED
Vijay_Madanlal_Choudhary_vs_Union_Of_India_on_27_July_2022_1.PDF,Financial Fraud,SCC 1994 6 731,S_C_Legal_Aid_Committee_Representrial_vs_Union_Of_India_on_7_October_1994_1.PDF,Organized Crime / Extortion,CROSS_DOMAIN
Vijay_Madanlal_Choudhary_vs_Union_Of_India_on_27_July_2022_1.PDF,Financial Fraud,SCC 1992 1 225,,,UNRESOLVED
Vijay_Madanlal_Choudhary_vs_Union_Of_India_on_27_July_2022_1.PDF,Financial Fraud,SCR 1967 2 703,,,UNRESOLVED
Vijay_Madanlal_Choudhary_vs_Union_Of_India_on_27_July_2022_1.PDF,Financial Fraud,SCR 1962 3 338,,,UNRESOLVED
Vijay_Madanlal_Choudhary_vs_Union_Of_India_on_27_July_2022_1.PDF,Financial Fraud,SCR 1954 1077,M_P_Sharma_And_Others_vs_Satish_Chandra_District_on_15_March_1954_1.PDF,Organized Crime / Extortion,CROSS_DOMAIN
Vijay_Madanlal_Choudhary_vs_Union_Of_India_on_27_July_2022_1.PDF,Financial Fraud,SCR 1969 2 461,,,UNRESOLVED
Vijay_Madanlal_Choudhary_vs_Union_Of_India_on_27_July_2022_1.PDF,Financial Fraud,SCR 1969 1 219,,,UNRESOLVED
Vijay_Madanlal_Choudhary_vs_Union_Of_India_on_27_July_2022_1.PDF,Financial Fraud,SCR 1964 4 280,,,UNRESOLVED
Vijay_Madanlal_Choudhary_vs_Union_Of_India_on_27_July_2022_1.PDF,Financial Fraud,SCR 1958 1226,Talab_Haji_Hussain_vs_Madhukar_Purshottam_Mondkarand_on_7_February_1958_1.PDF,,OUTSIDE_DOMAINS
Vijay_Madanlal_Choudhary_vs_Union_Of_India_on_27_July_2022_1.PDF,Financial Fraud,SCR 1950 869,Chiranjit_Lal_Chowdhuri_vs_The_Union_Of_India_And_Others_on_4_December_1950_1.PDF,,OUTSIDE_DOMAINS
Vijay_Madanlal_Choudhary_vs_Union_Of_India_on_27_July_2022_1.PDF,Financial Fraud,SCR 1951 682,The_State_Of_Bombay_And_Another_vs_F_N_Balsara_on_25_May_1951_1.PDF,,OUTSIDE_DOMAINS
Vijay_Madanlal_Choudhary_vs_Union_Of_India_on_27_July_2022_1.PDF,Financial Fraud,SCR 1955 1 613,,,UNRESOLVED
Vijay_Madanlal_Choudhary_vs_Union_Of_India_on_27_July_2022_1.PDF,Financial Fraud,SCR 1958 1422,M_P_V_Sundararamier_Co_vs_The_State_Of_Andhra_Pradesh_on_11_March_1958_1.PDF,,OUTSIDE_DOMAINS
Vijay_Madanlal_Choudhary_vs_Union_Of_India_on_27_July_2022_1.PDF,Financial Fraud,SCR 1954 1077,M_P_Sharma_And_Others_vs_Satish_Chandra_District_on_15_March_1954_1.PDF,Organized Crime / Extortion,CROSS_DOMAIN
Vijay_Madanlal_Choudhary_vs_Union_Of_India_on_27_July_2022_1.PDF,Financial Fraud,SCR 1963 2 433,,,UNRESOLVED
Vijay_Madanlal_Choudhary_vs_Union_Of_India_on_27_July_2022_1.PDF,Financial Fraud,SCR 1961 2 26,,,UNRESOLVED
Vijay_Madanlal_Choudhary_vs_Union_Of_India_on_27_July_2022_1.PDF,Financial Fraud,SCR 1964 4 630,,,UNRESOLVED
Vijay_Madanlal_Choudhary_vs_Union_Of_India_on_27_July_2022_1.PDF,Financial Fraud,SCR 1955 1 1150,,,UNRESOLVED
Vijay_Madanlal_Choudhary_vs_Union_Of_India_on_27_July_2022_1.PDF,Financial Fraud,SCR 1967 2 340,,,UNRESOLVED
Vijay_Madanlal_Choudhary_vs_Union_Of_India_on_27_July_2022_1.PDF,Financial Fraud,SCR 1969 1 219,,,UNRESOLVED
Vijay_Madanlal_Choudhary_vs_Union_Of_India_on_27_July_2022_1.PDF,Financial Fraud,SCR 1967 1 848,,,UNRESOLVED
Vijay_Madanlal_Choudhary_vs_Union_Of_India_on_27_July_2022_1.PDF,Financial Fraud,SCR 1967 2 340,,,UNRESOLVED
Anoop_Bartaria_vs_Dy_Director_Enforcement_Directorate_on_21_April_2023_1.PDF,Financial Fraud,SCC 2018 11 1,,,UNRESOLVED
Anoop_Bartaria_vs_Dy_Director_Enforcement_Directorate_on_21_April_2023_1.PDF,Financial Fraud,SCC 1998 5 749,,,UNRESOLVED
Bhim_Rao_Baswanth_Rao_Patil_vs_K_Madan_Mohan_Rao_on_24_July_2023_1.PDF,Financial Fraud,SCC 2003 4 399,,,UNRESOLVED
Bhim_Rao_Baswanth_Rao_Patil_vs_K_Madan_Mohan_Rao_on_24_July_2023_1.PDF,Financial Fraud,SCC 2010 6 526,,,UNRESOLVED
Bhim_Rao_Baswanth_Rao_Patil_vs_K_Madan_Mohan_Rao_on_24_July_2023_1.PDF,Financial Fraud,SCR 2010 4 422,,,UNRESOLVED
Chanchalpati_Das_vs_The_State_Of_West_Bengal_on_18_May_2023_1.PDF,Financial Fraud,SCC 2000 2 636,,,UNRESOLVED
Chanchalpati_Das_vs_The_State_Of_West_Bengal_on_18_May_2023_1.PDF,Financial Fraud,SCC 1988 1 692,,,UNRESOLVED
Chanchalpati_Das_vs_The_State_Of_West_Bengal_on_18_May_2023_1.PDF,Financial Fraud,SCC 2016 1 389,,,UNRESOLVED
Chanchalpati_Das_vs_The_State_Of_West_Bengal_on_18_May_2023_1.PDF,Financial Fraud,SCC 2008 1 716,,,UNRESOLVED
Chanchalpati_Das_vs_The_State_Of_West_Bengal_on_18_May_2023_1.PDF,Financial Fraud,SCC 2016 16 441,,,UNRESOLVED
Chanchalpati_Das_vs_The_State_Of_West_Bengal_on_18_May_2023_1.PDF,Financial Fraud,SCC 2004 4 432,,,UNRESOLVED
Chanchalpati_Das_vs_The_State_Of_West_Bengal_on_18_May_2023_1.PDF,Financial Fraud,SCC 2021 9 35,,,UNRESOLVED
Chanchalpati_Das_vs_The_State_Of_West_Bengal_on_18_May_2023_1.PDF,Financial Fraud,SCC 2019 10 686,,,UNRESOLVED
Chanchalpati_Das_vs_The_State_Of_West_Bengal_on_18_May_2023_1.PDF,Financial Fraud,SCC 1977 2 699,,,UNRESOLVED
Chanchalpati_Das_vs_The_State_Of_West_Bengal_on_18_May_2023_1.PDF,Financial Fraud,SCC 2010 2 114,,,UNRESOLVED
Chanchalpati_Das_vs_The_State_Of_West_Bengal_on_18_May_2023_1.PDF,Financial Fraud,SCC 2014 8 470,,,UNRESOLVED
Deepak_Gaba_vs_State_Of_Uttar_Pradesh_on_2_January_2023_1.PDF,Financial Fraud,AIR 2011 SC 20,,,UNRESOLVED
Deepak_Gaba_vs_State_Of_Uttar_Pradesh_on_2_January_2023_1.PDF,Financial Fraud,AIR 1960 SC 866,,,UNRESOLVED
Deepak_Gaba_vs_State_Of_Uttar_Pradesh_on_2_January_2023_1.PDF,Financial Fraud,SCC 2019 16 547,,,UNRESOLVED
Deepak_Gaba_vs_State_Of_Uttar_Pradesh_on_2_January_2023_1.PDF,Financial Fraud,SCC 2015 4 609,,,UNRESOLVED
Deepak_Gaba_vs_State_Of_Uttar_Pradesh_on_2_January_2023_1.PDF,Financial Fraud,SCC 1998 5 749,,,UNRESOLVED
Deepak_Gaba_vs_State_Of_Uttar_Pradesh_on_2_January_2023_1.PDF,Financial Fraud,SCC 2009 8 1,,,UNRESOLVED
Deepak_Gaba_vs_State_Of_Uttar_Pradesh_on_2_January_2023_1.PDF,Financial Fraud,SCC 2009 8 751,,,UNRESOLVED
Deepak_Gaba_vs_State_Of_Uttar_Pradesh_on_2_January_2023_1.PDF,Financial Fraud,SCC 2011 13 412,,,UNRESOLVED
Deepak_Gaba_vs_State_Of_Uttar_Pradesh_on_2_January_2023_1.PDF,Financial Fraud,SCC 2019 16 610,,,UNRESOLVED
Deepak_Gaba_vs_State_Of_Uttar_Pradesh_on_2_January_2023_1.PDF,Financial Fraud,SCC 2015 12 420,,,UNRESOLVED
Deepak_Gaba_vs_State_Of_Uttar_Pradesh_on_2_January_2023_1.PDF,Financial Fraud,SCC 2014 14 638,,,UNRESOLVED
Directorate_Of_Enforcement_vs_M_Gopal_Reddy_on_24_February_2023_1.PDF,Financial Fraud,SCC 2018 11 1,,,UNRESOLVED
Directorate_Of_Enforcement_vs_M_Gopal_Reddy_on_24_February_2023_1.PDF,Financial Fraud,SCC 2019 9 24,,,UNRESOLVED
Directorate_Of_Enforcement_vs_M_Gopal_Reddy_on_24_February_2023_1.PDF,Financial Fraud,SCC 2013 7 439,,,UNRESOLVED
Jitendra_Nath_Mishra_vs_State_Of_Uttar_Pradesh_on_2_June_2023_1.PDF,Financial Fraud,SCC 2014 3 92,,,UNRESOLVED
Juhru_vs_Karim_on_21_February_2023_1.PDF,Financial Fraud,SCC 2014 3 92,,,UNRESOLVED
Juhru_vs_Karim_on_21_February_2023_1.PDF,Financial Fraud,SCC 2023 1 289,,,UNRESOLVED
Kailash_Vijayvargiya_vs_Rajlakshmi_Chaudhuri_on_4_May_2023_1.PDF,Financial Fraud,AIR 1970 SC 962,,,UNRESOLVED
Kailash_Vijayvargiya_vs_Rajlakshmi_Chaudhuri_on_4_May_2023_1.PDF,Financial Fraud,AIR 1968 SC 117,,,UNRESOLVED
Kailash_Vijayvargiya_vs_Rajlakshmi_Chaudhuri_on_4_May_2023_1.PDF,Financial Fraud,AIR 1963 SC 1430,,,UNRESOLVED
Kailash_Vijayvargiya_vs_Rajlakshmi_Chaudhuri_on_4_May_2023_1.PDF,Financial Fraud,AIR 1961 SC 986,,,UNRESOLVED
Kailash_Vijayvargiya_vs_Rajlakshmi_Chaudhuri_on_4_May_2023_1.PDF,Financial Fraud,SCC 2014 2 1,,,UNRESOLVED
Kailash_Vijayvargiya_vs_Rajlakshmi_Chaudhuri_on_4_May_2023_1.PDF,Financial Fraud,SCC 2015 6 287,,,UNRESOLVED
Kailash_Vijayvargiya_vs_Rajlakshmi_Chaudhuri_on_4_May_2023_1.PDF,Financial Fraud,SCC 2008 5 668,,,UNRESOLVED
Kailash_Vijayvargiya_vs_Rajlakshmi_Chaudhuri_on_4_May_2023_1.PDF,Financial Fraud,SCC 2013 10 705,,,UNRESOLVED
Kailash_Vijayvargiya_vs_Rajlakshmi_Chaudhuri_on_4_May_2023_1.PDF,Financial Fraud,SCC 2015 6 439,,,UNRESOLVED
Kailash_Vijayvargiya_vs_Rajlakshmi_Chaudhuri_on_4_May_2023_1.PDF,Financial Fraud,SCC 2010 8 206,,,UNRESOLVED
Kailash_Vijayvargiya_vs_Rajlakshmi_Chaudhuri_on_4_May_2023_1.PDF,Financial Fraud,SCC 2013 6 384,,,UNRESOLVED
Kailash_Vijayvargiya_vs_Rajlakshmi_Chaudhuri_on_4_May_2023_1.PDF,Financial Fraud,SCC 2021 5 435,,,UNRESOLVED
Kailash_Vijayvargiya_vs_Rajlakshmi_Chaudhuri_on_4_May_2023_1.PDF,Financial Fraud,SCC 2014 2 1,,,UNRESOLVED
Kailash_Vijayvargiya_vs_Rajlakshmi_Chaudhuri_on_4_May_2023_1.PDF,Financial Fraud,SCC 2006 1 627,,,UNRESOLVED
Kailash_Vijayvargiya_vs_Rajlakshmi_Chaudhuri_on_4_May_2023_1.PDF,Financial Fraud,SCC 2017 1 640,,,UNRESOLVED
Kailash_Vijayvargiya_vs_Rajlakshmi_Chaudhuri_on_4_May_2023_1.PDF,Financial Fraud,SCC 2014 2 1,,,UNRESOLVED
Kailash_Vijayvargiya_vs_Rajlakshmi_Chaudhuri_on_4_May_2023_1.PDF,Financial Fraud,SCC 1977 2 155,Jasraj_Inder_Singh_vs_Hemraj_Multanchand_on_14_February_1977_1.PDF,,OUTSIDE_DOMAINS
Kailash_Vijayvargiya_vs_Rajlakshmi_Chaudhuri_on_4_May_2023_1.PDF,Financial Fraud,SCC 2001 2 628,,,UNRESOLVED
Kailash_Vijayvargiya_vs_Rajlakshmi_Chaudhuri_on_4_May_2023_1.PDF,Financial Fraud,SCC 2011 3 496,,,UNRESOLVED
Kunti_vs_The_State_Of_Uttar_Pradesh_on_3_May_2023_1.PDF,Financial Fraud,SCC 2016 1 348,,,UNRESOLVED
Kunti_vs_The_State_Of_Uttar_Pradesh_on_3_May_2023_1.PDF,Financial Fraud,SCC 2022 7 124,,,UNRESOLVED
Kunti_vs_The_State_Of_Uttar_Pradesh_on_3_May_2023_1.PDF,Financial Fraud,SCC 2000 2 636,,,UNRESOLVED
Kunti_vs_The_State_Of_Uttar_Pradesh_on_3_May_2023_1.PDF,Financial Fraud,SCC 2006 6 736,,,UNRESOLVED
Kunti_vs_The_State_Of_Uttar_Pradesh_on_3_May_2023_1.PDF,Financial Fraud,SCC 2006 6 736,,,UNRESOLVED
Manish_Sisodia_vs_Central_Bureau_Of_Investigation_on_30_October_2023_1.PDF,Financial Fraud,SCC 1975 3 742,,,UNRESOLVED
Manish_Sisodia_vs_Central_Bureau_Of_Investigation_on_30_October_2023_1.PDF,Financial Fraud,SCC 2012 5 661,,,UNRESOLVED
Manish_Sisodia_vs_Central_Bureau_Of_Investigation_on_30_October_2023_1.PDF,Financial Fraud,SCC 2015 12 781,,,UNRESOLVED
Manish_Sisodia_vs_Central_Bureau_Of_Investigation_on_30_October_2023_1.PDF,Financial Fraud,SCC 2015 6 222,,,UNRESOLVED
Manish_Sisodia_vs_Central_Bureau_Of_Investigation_on_30_October_2023_1.PDF,Financial Fraud,SCC 2019 6 1,,,UNRESOLVED
Manish_Sisodia_vs_Central_Bureau_Of_Investigation_on_30_October_2023_1.PDF,Financial Fraud,SCC 1975 4 428,,,UNRESOLVED
Manish_Sisodia_vs_Central_Bureau_Of_Investigation_on_30_October_2023_1.PDF,Financial Fraud,SCC 1988 2 299,,,UNRESOLVED
Manish_Sisodia_vs_Central_Bureau_Of_Investigation_on_30_October_2023_1.PDF,Financial Fraud,SCC 2020 13 791,,,UNRESOLVED
Manish_Sisodia_vs_Central_Bureau_Of_Investigation_on_30_October_2023_1.PDF,Financial Fraud,SCC 2020 13 337,,,UNRESOLVED
Manish_Sisodia_vs_Central_Bureau_Of_Investigation_on_30_October_2023_1.PDF,Financial Fraud,SCC 1980 2 565,,,UNRESOLVED
Manish_Sisodia_vs_Central_Bureau_Of_Investigation_on_30_October_2023_1.PDF,Financial Fraud,SCC 2012 1 40,,,UNRESOLVED
Manish_Sisodia_vs_Central_Bureau_Of_Investigation_on_30_October_2023_1.PDF,Financial Fraud,SCC 2022 10 51,,,UNRESOLVED
Manish_Sisodia_vs_Central_Bureau_Of_Investigation_on_30_October_2023_1.PDF,Financial Fraud,SCC 2005 7 387,,,UNRESOLVED
Manish_Sisodia_vs_Central_Bureau_Of_Investigation_on_30_October_2023_1.PDF,Financial Fraud,SCC 1977 4 291,,,UNRESOLVED
Manish_Sisodia_vs_Central_Bureau_Of_Investigation_on_30_October_2023_1.PDF,Financial Fraud,SCC 2021 2 427,,,UNRESOLVED
M_S_D_N_Singh_Through_Partner_vs_Commissioner_Of_Income_Tax_on_16_May_2023_1.PDF,Financial Fraud,AIR 1972 SC 126,,,UNRESOLVED
M_S_D_N_Singh_Through_Partner_vs_Commissioner_Of_Income_Tax_on_16_May_2023_1.PDF,Financial Fraud,AIR 1980 SC 1271,,,UNRESOLVED
M_S_D_N_Singh_Through_Partner_vs_Commissioner_Of_Income_Tax_on_16_May_2023_1.PDF,Financial Fraud,AIR 1960 SC 610,,,UNRESOLVED
M_S_D_N_Singh_Through_Partner_vs_Commissioner_Of_Income_Tax_on_16_May_2023_1.PDF,Financial Fraud,SCC 2022 9 186,,,UNRESOLVED
M_S_D_N_Singh_Through_Partner_vs_Commissioner_Of_Income_Tax_on_16_May_2023_1.PDF,Financial Fraud,SCC 1988 3 588,,,UNRESOLVED
M_S_D_N_Singh_Through_Partner_vs_Commissioner_Of_Income_Tax_on_16_May_2023_1.PDF,Financial Fraud,SCC 2007 7 390,,,UNRESOLVED
M_S_D_N_Singh_Through_Partner_vs_Commissioner_Of_Income_Tax_on_16_May_2023_1.PDF,Financial Fraud,SCC 2000 4 91,,,UNRESOLVED
M_S_D_N_Singh_Through_Partner_vs_Commissioner_Of_Income_Tax_on_16_May_2023_1.PDF,Financial Fraud,SCC 2000 4 553,,,UNRESOLVED
M_S_D_N_Singh_Through_Partner_vs_Commissioner_Of_Income_Tax_on_16_May_2023_1.PDF,Financial Fraud,SCC 1971 3 369,,,UNRESOLVED
M_S_D_N_Singh_Through_Partner_vs_Commissioner_Of_Income_Tax_on_16_May_2023_1.PDF,Financial Fraud,SCC 1971 3 369,,,UNRESOLVED
M_S_D_N_Singh_Through_Partner_vs_Commissioner_Of_Income_Tax_on_16_May_2023_1.PDF,Financial Fraud,SCC 1997 5 482,,,UNRESOLVED
M_S_D_N_Singh_Through_Partner_vs_Commissioner_Of_Income_Tax_on_16_May_2023_1.PDF,Financial Fraud,SCC 1971 3 369,,,UNRESOLVED
M_S_D_N_Singh_Through_Partner_vs_Commissioner_Of_Income_Tax_on_16_May_2023_1.PDF,Financial Fraud,SCC 1971 3 369,,,UNRESOLVED
M_S_D_N_Singh_Through_Partner_vs_Commissioner_Of_Income_Tax_on_16_May_2023_1.PDF,Financial Fraud,SCC 1999 7 106,,,UNRESOLVED
M_S_D_N_Singh_Through_Partner_vs_Commissioner_Of_Income_Tax_on_16_May_2023_1.PDF,Financial Fraud,SCC 2013 3 541,,,UNRESOLVED
M_S_D_N_Singh_Through_Partner_vs_Commissioner_Of_Income_Tax_on_16_May_2023_1.PDF,Financial Fraud,SCC 2012 13 488,,,UNRESOLVED
M_S_D_N_Singh_Through_Partner_vs_Commissioner_Of_Income_Tax_on_16_May_2023_1.PDF,Financial Fraud,SCC 1990 3 447,,,UNRESOLVED
M_S_D_N_Singh_Through_Partner_vs_Commissioner_Of_Income_Tax_on_16_May_2023_1.PDF,Financial Fraud,SCC 1981 2 141,Rainbow_Steels_Ltd_Muzaffarnagar_And_vs_C_S_T_U_P_And_State_Of_U_P_on_30_January_1981_1.PDF,,OUTSIDE_DOMAINS
M_S_D_N_Singh_Through_Partner_vs_Commissioner_Of_Income_Tax_on_16_May_2023_1.PDF,Financial Fraud,SCR 1960 2 866,,,UNRESOLVED
M_S_D_N_Singh_Through_Partner_vs_Commissioner_Of_Income_Tax_on_16_May_2023_1.PDF,Financial Fraud,SCR 1964 7 539,,,UNRESOLVED
Naim_Ahamed_vs_State_Nct_Of_Delhi_on_30_January_2023_1.PDF,Financial Fraud,SCC 2005 1 88,,,UNRESOLVED
Naim_Ahamed_vs_State_Nct_Of_Delhi_on_30_January_2023_1.PDF,Financial Fraud,SCC 2013 9 293,,,UNRESOLVED
Naim_Ahamed_vs_State_Nct_Of_Delhi_on_30_January_2023_1.PDF,Financial Fraud,SCC 2019 18 191,,,UNRESOLVED
Naim_Ahamed_vs_State_Nct_Of_Delhi_on_30_January_2023_1.PDF,Financial Fraud,SCC 2003 4 46,,,UNRESOLVED
Naim_Ahamed_vs_State_Nct_Of_Delhi_on_30_January_2023_1.PDF,Financial Fraud,SCC 2003 4 46,,,UNRESOLVED
Naim_Ahamed_vs_State_Nct_Of_Delhi_on_30_January_2023_1.PDF,Financial Fraud,SCC 2003 4 46,,,UNRESOLVED
Naim_Ahamed_vs_State_Nct_Of_Delhi_on_30_January_2023_1.PDF,Financial Fraud,SCC 2013 7 675,,,UNRESOLVED
Pankaj_Bansal_vs_Union_Of_India_on_3_October_2023_1.PDF,Financial Fraud,SCC 2014 8 273,,,UNRESOLVED
Pankaj_Bansal_vs_Union_Of_India_on_3_October_2023_1.PDF,Financial Fraud,SCC 1969 1 292,In_The_Matter_Of_Madhu_Limaye_And_Ors_vs_Unknown_on_18_December_1968_1.PDF,,OUTSIDE_DOMAINS
Pankaj_Bansal_vs_Union_Of_India_on_3_October_2023_1.PDF,Financial Fraud,SCC 1980 2 471,,,UNRESOLVED
Pankaj_Bansal_vs_Union_Of_India_on_3_October_2023_1.PDF,Financial Fraud,SCC 1985 3 1,,,UNRESOLVED
Pankaj_Bansal_vs_Union_Of_India_on_3_October_2023_1.PDF,Financial Fraud,SCC 2012 4 407,,,UNRESOLVED
Pankaj_Bansal_vs_Union_Of_India_on_3_October_2023_1.PDF,Financial Fraud,SCC 2008 1 728,,,UNRESOLVED
Pankaj_Bansal_vs_Union_Of_India_on_3_October_2023_1.PDF,Financial Fraud,SCC 2017 9 714,,,UNRESOLVED
Peethambaran_vs_The_State_Of_Kerala_on_3_May_2023_1.PDF,Financial Fraud,SCC 2013 5 762,,,UNRESOLVED
Peethambaran_vs_The_State_Of_Kerala_on_3_May_2023_1.PDF,Financial Fraud,SCC 2001 6 181,,,UNRESOLVED
Peethambaran_vs_The_State_Of_Kerala_on_3_May_2023_1.PDF,Financial Fraud,SCC 1997 1 361,,,UNRESOLVED
Peethambaran_vs_The_State_Of_Kerala_on_3_May_2023_1.PDF,Financial Fraud,SCC 2000 3 693,,,UNRESOLVED
Peethambaran_vs_The_State_Of_Kerala_on_3_May_2023_1.PDF,Financial Fraud,SCC 1973 2 823,Hari_Prasad_Chamaria_vs_Bishun_Kumar_Surekha_And_Ors_on_6_September_1973_1.PDF,Financial Fraud,INTERNAL
Peethambaran_vs_The_State_Of_Kerala_on_3_May_2023_1.PDF,Financial Fraud,SCC 2006 4 359,,,UNRESOLVED
Peethambaran_vs_The_State_Of_Kerala_on_3_May_2023_1.PDF,Financial Fraud,SCC 2001 7 536,,,UNRESOLVED
Peethambaran_vs_The_State_Of_Kerala_on_3_May_2023_1.PDF,Financial Fraud,SCC 2023 1 48,,,UNRESOLVED
Peethambaran_vs_The_State_Of_Kerala_on_3_May_2023_1.PDF,Financial Fraud,SCC 2013 13 673,,,UNRESOLVED
Peethambaran_vs_The_State_Of_Kerala_on_3_May_2023_1.PDF,Financial Fraud,SCC 2019 16 739,,,UNRESOLVED
Peethambaran_vs_The_State_Of_Kerala_on_3_May_2023_1.PDF,Financial Fraud,SCC 2022 7 124,,,UNRESOLVED
Ramesh_Kumar_vs_The_State_Of_Nct_Of_Delhi_on_4_July_2023_1.PDF,Financial Fraud,SCC 2009 4 45,,,UNRESOLVED
Ramesh_Kumar_vs_The_State_Of_Nct_Of_Delhi_on_4_July_2023_1.PDF,Financial Fraud,SCC 1978 1 248,Mrs_Maneka_Gandhi_vs_Union_Of_India_Uoi_And_Anr_on_25_January_1978_1.PDF,Organized Crime / Extortion,CROSS_DOMAIN
Ramesh_Kumar_vs_The_State_Of_Nct_Of_Delhi_on_4_July_2023_1.PDF,Financial Fraud,SCC 1980 2 565,,,UNRESOLVED
Ramesh_Kumar_vs_The_State_Of_Nct_Of_Delhi_on_4_July_2023_1.PDF,Financial Fraud,SCC 2006 6 196,,,UNRESOLVED
Ramesh_Kumar_vs_The_State_Of_Nct_Of_Delhi_on_4_July_2023_1.PDF,Financial Fraud,SCC 2013 15 570,,,UNRESOLVED
Ramesh_Kumar_vs_The_State_Of_Nct_Of_Delhi_on_4_July_2023_1.PDF,Financial Fraud,SCC 2021 2 779,,,UNRESOLVED
Ritu_Chhabaria_vs_Union_Of_India_on_26_April_2023_1.PDF,Financial Fraud,SCC 2021 2 485,,,UNRESOLVED
Ritu_Chhabaria_vs_Union_Of_India_on_26_April_2023_1.PDF,Financial Fraud,SCC 1980 1 554,,,UNRESOLVED
Ritu_Chhabaria_vs_Union_Of_India_on_26_April_2023_1.PDF,Financial Fraud,SCC 2017 10 1,,,UNRESOLVED
Ritu_Chhabaria_vs_Union_Of_India_on_26_April_2023_1.PDF,Financial Fraud,SCC 1950 436,,,UNRESOLVED
Ritu_Chhabaria_vs_Union_Of_India_on_26_April_2023_1.PDF,Financial Fraud,SCC 2021 10 773,,,UNRESOLVED
Ritu_Chhabaria_vs_Union_Of_India_on_26_April_2023_1.PDF,Financial Fraud,SCC 1995 4 190,,,UNRESOLVED
Ritu_Chhabaria_vs_Union_Of_India_on_26_April_2023_1.PDF,Financial Fraud,SCC 2018 16 158,,,UNRESOLVED
Ritu_Chhabaria_vs_Union_Of_India_on_26_April_2023_1.PDF,Financial Fraud,SCC 2003 3 641,,,UNRESOLVED
Ritu_Chhabaria_vs_Union_Of_India_on_26_April_2023_1.PDF,Financial Fraud,SCC 2007 1 70,,,UNRESOLVED
Ritu_Chhabaria_vs_Union_Of_India_on_26_April_2023_1.PDF,Financial Fraud,SCR 1950 594,Romesh_Thappar_vs_The_State_Of_Madras_on_26_May_1950_1.PDF,Violent Crime / Homicide,CROSS_DOMAIN
Sandeep_Kumar_vs_The_State_Of_Haryana_on_28_July_2023_1.PDF,Financial Fraud,AIR 2003 SC 539,,,UNRESOLVED
Sandeep_Kumar_vs_The_State_Of_Haryana_on_28_July_2023_1.PDF,Financial Fraud,SCC 2014 3 92,,,UNRESOLVED
Shramjeevi_Cooperative_Housing_vs_Dinesh_Joshi_on_22_March_2023_1.PDF,Financial Fraud,SCC 2015 2 653,,,UNRESOLVED
Shramjeevi_Cooperative_Housing_vs_Dinesh_Joshi_on_22_March_2023_1.PDF,Financial Fraud,SCC 2018 12 750,,,UNRESOLVED
Shramjeevi_Cooperative_Housing_vs_Dinesh_Joshi_on_22_March_2023_1.PDF,Financial Fraud,SCC 2003 7 667,,,UNRESOLVED
Shramjeevi_Cooperative_Housing_vs_Dinesh_Joshi_on_22_March_2023_1.PDF,Financial Fraud,SCC 2008 16 299,,,UNRESOLVED
Shramjeevi_Cooperative_Housing_vs_Dinesh_Joshi_on_22_March_2023_1.PDF,Financial Fraud,SCC 2010 8 467,,,UNRESOLVED
Shramjeevi_Cooperative_Housing_vs_Dinesh_Joshi_on_22_March_2023_1.PDF,Financial Fraud,SCR 2014 13 540,,,UNRESOLVED
Shramjeevi_Cooperative_Housing_vs_Dinesh_Joshi_on_22_March_2023_1.PDF,Financial Fraud,SCR 2017 7 542,,,UNRESOLVED
Shramjeevi_Cooperative_Housing_vs_Dinesh_Joshi_on_22_March_2023_1.PDF,Financial Fraud,SCR 2008 16 792,,,UNRESOLVED
Shramjeevi_Cooperative_Housing_vs_Dinesh_Joshi_on_22_March_2023_1.PDF,Financial Fraud,SCR 2010 9 476,,,UNRESOLVED
Shri_Sukhbir_Singh_Badal_vs_Balwant_Singh_Khera_on_28_April_2023_1.PDF,Financial Fraud,AIR 1959 SC 860,,,UNRESOLVED
Shri_Sukhbir_Singh_Badal_vs_Balwant_Singh_Khera_on_28_April_2023_1.PDF,Financial Fraud,SCC 1994 3 1,,,UNRESOLVED
Shri_Sukhbir_Singh_Badal_vs_Balwant_Singh_Khera_on_28_April_2023_1.PDF,Financial Fraud,SCC 2019 16 610,,,UNRESOLVED
Shri_Sukhbir_Singh_Badal_vs_Balwant_Singh_Khera_on_28_April_2023_1.PDF,Financial Fraud,SCC 2009 8 751,,,UNRESOLVED
Shri_Sukhbir_Singh_Badal_vs_Balwant_Singh_Khera_on_28_April_2023_1.PDF,Financial Fraud,SCC 2015 4 609,,,UNRESOLVED
Shri_Sukhbir_Singh_Badal_vs_Balwant_Singh_Khera_on_28_April_2023_1.PDF,Financial Fraud,SCC 2015 12 420,,,UNRESOLVED
Shri_Sukhbir_Singh_Badal_vs_Balwant_Singh_Khera_on_28_April_2023_1.PDF,Financial Fraud,SCR 1954 1005,The_Commissioner_Hindu_Religious_vs_Sri_Lakshmindra_Thirtha_Swamiar_Of_Sri_on_16_April_1954_1.PDF,,OUTSIDE_DOMAINS
Sri_Gulam_Mustafa_vs_The_State_Of_Karnataka_on_10_May_2023_1.PDF,Financial Fraud,SCC 2020 16 714,,,UNRESOLVED
Sri_Gulam_Mustafa_vs_The_State_Of_Karnataka_on_10_May_2023_1.PDF,Financial Fraud,SCC 2014 10 663,,,UNRESOLVED
Sri_Gulam_Mustafa_vs_The_State_Of_Karnataka_on_10_May_2023_1.PDF,Financial Fraud,SCC 2006 6 736,,,UNRESOLVED
Sri_Gulam_Mustafa_vs_The_State_Of_Karnataka_on_10_May_2023_1.PDF,Financial Fraud,SCC 2000 2 636,,,UNRESOLVED
Sri_Gulam_Mustafa_vs_The_State_Of_Karnataka_on_10_May_2023_1.PDF,Financial Fraud,SCC 2012 10 155,,,UNRESOLVED
Sri_Gulam_Mustafa_vs_The_State_Of_Karnataka_on_10_May_2023_1.PDF,Financial Fraud,SCC 2018 3 104,,,UNRESOLVED
Sri_Gulam_Mustafa_vs_The_State_Of_Karnataka_on_10_May_2023_1.PDF,Financial Fraud,SCC 1999 8 728,,,UNRESOLVED
Sri_Gulam_Mustafa_vs_The_State_Of_Karnataka_on_10_May_2023_1.PDF,Financial Fraud,SCC 2019 9 24,,,UNRESOLVED
Sri_Gulam_Mustafa_vs_The_State_Of_Karnataka_on_10_May_2023_1.PDF,Financial Fraud,SCC 2021 5 795,,,UNRESOLVED
Sri_Gulam_Mustafa_vs_The_State_Of_Karnataka_on_10_May_2023_1.PDF,Financial Fraud,SCC 2003 6 195,,,UNRESOLVED
Sri_Gulam_Mustafa_vs_The_State_Of_Karnataka_on_10_May_2023_1.PDF,Financial Fraud,SCC 2003 6 175,,,UNRESOLVED
Sri_Gulam_Mustafa_vs_The_State_Of_Karnataka_on_10_May_2023_1.PDF,Financial Fraud,SCC 2011 4 324,,,UNRESOLVED
Sri_Gulam_Mustafa_vs_The_State_Of_Karnataka_on_10_May_2023_1.PDF,Financial Fraud,SCC 2002 1 24,,,UNRESOLVED
Sri_Gulam_Mustafa_vs_The_State_Of_Karnataka_on_10_May_2023_1.PDF,Financial Fraud,SCC 2002 3 89,,,UNRESOLVED
Sri_Gulam_Mustafa_vs_The_State_Of_Karnataka_on_10_May_2023_1.PDF,Financial Fraud,SCC 2005 10 336,,,UNRESOLVED
Sri_Gulam_Mustafa_vs_The_State_Of_Karnataka_on_10_May_2023_1.PDF,Financial Fraud,SCC 2017 9 641,,,UNRESOLVED
Sri_Gulam_Mustafa_vs_The_State_Of_Karnataka_on_10_May_2023_1.PDF,Financial Fraud,SCC 2017 2 779,,,UNRESOLVED
Sri_Gulam_Mustafa_vs_The_State_Of_Karnataka_on_10_May_2023_1.PDF,Financial Fraud,SCC 2019 2 401,,,UNRESOLVED
Sri_Gulam_Mustafa_vs_The_State_Of_Karnataka_on_10_May_2023_1.PDF,Financial Fraud,SCC 2019 14 350,,,UNRESOLVED
Sri_Gulam_Mustafa_vs_The_State_Of_Karnataka_on_10_May_2023_1.PDF,Financial Fraud,SCC 2021 2 427,,,UNRESOLVED
State_Bank_Of_India_vs_Rajesh_Agarwal_on_27_March_2023_1.PDF,Financial Fraud,AIR 1967 SC 1269,,,UNRESOLVED
State_Bank_Of_India_vs_Rajesh_Agarwal_on_27_March_2023_1.PDF,Financial Fraud,AIR 1962 SC 1371,,,UNRESOLVED
State_Bank_Of_India_vs_Rajesh_Agarwal_on_27_March_2023_1.PDF,Financial Fraud,SCC 2019 6 787,,,UNRESOLVED
State_Bank_Of_India_vs_Rajesh_Agarwal_on_27_March_2023_1.PDF,Financial Fraud,SCC 1970 2 458,Union_Of_India_Uoi_vs_Col_J_N_Sinha_And_Anr_on_12_August_1970_1.PDF,,OUTSIDE_DOMAINS
State_Bank_Of_India_vs_Rajesh_Agarwal_on_27_March_2023_1.PDF,Financial Fraud,SCC 2013 6 384,,,UNRESOLVED
State_Bank_Of_India_vs_Rajesh_Agarwal_on_27_March_2023_1.PDF,Financial Fraud,SCC 1969 2 262,,,UNRESOLVED
State_Bank_Of_India_vs_Rajesh_Agarwal_on_27_March_2023_1.PDF,Financial Fraud,SCC 2009 12 40,,,UNRESOLVED
State_Bank_Of_India_vs_Rajesh_Agarwal_on_27_March_2023_1.PDF,Financial Fraud,SCC 1978 1 248,Mrs_Maneka_Gandhi_vs_Union_Of_India_Uoi_And_Anr_on_25_January_1978_1.PDF,Organized Crime / Extortion,CROSS_DOMAIN
State_Bank_Of_India_vs_Rajesh_Agarwal_on_27_March_2023_1.PDF,Financial Fraud,SCC 1978 1 405,,,UNRESOLVED
State_Bank_Of_India_vs_Rajesh_Agarwal_on_27_March_2023_1.PDF,Financial Fraud,SCC 1993 3 259,D_K_Yadav_vs_J_M_A_Industries_Ltd_on_7_May_1993_1.PDF,,OUTSIDE_DOMAINS
State_Bank_Of_India_vs_Rajesh_Agarwal_on_27_March_2023_1.PDF,Financial Fraud,SCC 2005 6 321,,,UNRESOLVED
State_Bank_Of_India_vs_Rajesh_Agarwal_on_27_March_2023_1.PDF,Financial Fraud,SCC 1975 1 70,,,UNRESOLVED
State_Bank_Of_India_vs_Rajesh_Agarwal_on_27_March_2023_1.PDF,Financial Fraud,SCC 1978 3 36,Joseph_Vilangandan_vs_The_Executive_Engineer_Pwd_on_20_March_1978_1.PDF,,OUTSIDE_DOMAINS
State_Bank_Of_India_vs_Rajesh_Agarwal_on_27_March_2023_1.PDF,Financial Fraud,SCC 1989 1 229,,,UNRESOLVED
State_Bank_Of_India_vs_Rajesh_Agarwal_on_27_March_2023_1.PDF,Financial Fraud,SCC 2014 9 105,,,UNRESOLVED
State_Bank_Of_India_vs_Rajesh_Agarwal_on_27_March_2023_1.PDF,Financial Fraud,SCC 2007 3 587,,,UNRESOLVED
State_Bank_Of_India_vs_Rajesh_Agarwal_on_27_March_2023_1.PDF,Financial Fraud,SCC 1992 2 343,,,UNRESOLVED
State_Bank_Of_India_vs_Rajesh_Agarwal_on_27_March_2023_1.PDF,Financial Fraud,SCC 2020 10 274,,,UNRESOLVED
State_Bank_Of_India_vs_Rajesh_Agarwal_on_27_March_2023_1.PDF,Financial Fraud,SCC 1981 1 664,,,UNRESOLVED
State_Bank_Of_India_vs_Rajesh_Agarwal_on_27_March_2023_1.PDF,Financial Fraud,SCC 2004 2 447,,,UNRESOLVED
State_Bank_Of_India_vs_Rajesh_Agarwal_on_27_March_2023_1.PDF,Financial Fraud,SCC 2005 7 764,,,UNRESOLVED
State_Bank_Of_India_vs_Rajesh_Agarwal_on_27_March_2023_1.PDF,Financial Fraud,SCC 1985 3 398,,,UNRESOLVED
State_Bank_Of_India_vs_Rajesh_Agarwal_on_27_March_2023_1.PDF,Financial Fraud,SCC 1987 4 431,,,UNRESOLVED
State_Bank_Of_India_vs_Rajesh_Agarwal_on_27_March_2023_1.PDF,Financial Fraud,SCC 1973 1 380,,,UNRESOLVED
State_Bank_Of_India_vs_Rajesh_Agarwal_on_27_March_2023_1.PDF,Financial Fraud,SCC 1983 4 166,,,UNRESOLVED
State_Bank_Of_India_vs_Rajesh_Agarwal_on_27_March_2023_1.PDF,Financial Fraud,SCC 1974 4 3,,,UNRESOLVED
State_Bank_Of_India_vs_Rajesh_Agarwal_on_27_March_2023_1.PDF,Financial Fraud,SCC 1996 3 709,State_Of_Andhra_Pradesh_And_Ors_Etc_vs_Mcdowell_Co_And_Ors_Etc_on_21_March_1996_1.PDF,Organized Crime / Extortion,CROSS_DOMAIN
State_Bank_Of_India_vs_Rajesh_Agarwal_on_27_March_2023_1.PDF,Financial Fraud,SCC 2001 2 386,,,UNRESOLVED
State_Bank_Of_India_vs_Rajesh_Agarwal_on_27_March_2023_1.PDF,Financial Fraud,SCC 2003 4 364,,,UNRESOLVED
State_Bank_Of_India_vs_Rajesh_Agarwal_on_27_March_2023_1.PDF,Financial Fraud,SCC 1985 3 545,,,UNRESOLVED
State_Bank_Of_India_vs_Rajesh_Agarwal_on_27_March_2023_1.PDF,Financial Fraud,SCC 1970 2 458,Union_Of_India_Uoi_vs_Col_J_N_Sinha_And_Anr_on_12_August_1970_1.PDF,,OUTSIDE_DOMAINS
State_Bank_Of_India_vs_Rajesh_Agarwal_on_27_March_2023_1.PDF,Financial Fraud,SCC 1993 1 78,,,UNRESOLVED
State_Bank_Of_India_vs_Rajesh_Agarwal_on_27_March_2023_1.PDF,Financial Fraud,SCC 2008 14 151,,,UNRESOLVED
State_Bank_Of_India_vs_Rajesh_Agarwal_on_27_March_2023_1.PDF,Financial Fraud,SCC 2011 13 733,,,UNRESOLVED
State_Bank_Of_India_vs_Rajesh_Agarwal_on_27_March_2023_1.PDF,Financial Fraud,SCC 2010 9 496,,,UNRESOLVED
Supriya_Jain_vs_The_State_Of_Haryana_on_4_July_2023_1.PDF,Financial Fraud,SCC 2012 9 460,,,UNRESOLVED
Usha_Chakraborty_vs_State_Of_West_Bengal_on_30_January_2023_1.PDF,Financial Fraud,AIR 1992 SC 604,,,UNRESOLVED
Usha_Chakraborty_vs_State_Of_West_Bengal_on_30_January_2023_1.PDF,Financial Fraud,SCC 2013 11 673,,,UNRESOLVED
Usha_Chakraborty_vs_State_Of_West_Bengal_on_30_January_2023_1.PDF,Financial Fraud,SCC 2015 8 293,,,UNRESOLVED
Usha_Chakraborty_vs_State_Of_West_Bengal_on_30_January_2023_1.PDF,Financial Fraud,SCC 2021 5 524,,,UNRESOLVED
V_Senthil_Balaji_vs_The_State_Represented_By_Deputy_on_7_August_2023_1.PDF,Financial Fraud,AIR 1970 SC 940,,,UNRESOLVED
V_Senthil_Balaji_vs_The_State_Represented_By_Deputy_on_7_August_2023_1.PDF,Financial Fraud,AIR 1961 SC 1353,,,UNRESOLVED
V_Senthil_Balaji_vs_The_State_Represented_By_Deputy_on_7_August_2023_1.PDF,Financial Fraud,AIR 1953 SC 23,,,UNRESOLVED
V_Senthil_Balaji_vs_The_State_Represented_By_Deputy_on_7_August_2023_1.PDF,Financial Fraud,AIR 1952 SC 369,,,UNRESOLVED
V_Senthil_Balaji_vs_The_State_Represented_By_Deputy_on_7_August_2023_1.PDF,Financial Fraud,AIR 1955 SC 376,,,UNRESOLVED
V_Senthil_Balaji_vs_The_State_Represented_By_Deputy_on_7_August_2023_1.PDF,Financial Fraud,AIR 1957 SC 907,,,UNRESOLVED
V_Senthil_Balaji_vs_The_State_Represented_By_Deputy_on_7_August_2023_1.PDF,Financial Fraud,AIR 1962 SC 680,K_T_M_T_M_Abdul_Kayoom_And_Anr_vs_Commissioner_Of_Income_Tax_on_23_November_1961_1.PDF,,OUTSIDE_DOMAINS
V_Senthil_Balaji_vs_The_State_Represented_By_Deputy_on_7_August_2023_1.PDF,Financial Fraud,SCC 1992 3 141,,,UNRESOLVED
V_Senthil_Balaji_vs_The_State_Represented_By_Deputy_on_7_August_2023_1.PDF,Financial Fraud,SCC 2023 6 49,,,UNRESOLVED
V_Senthil_Balaji_vs_The_State_Represented_By_Deputy_on_7_August_2023_1.PDF,Financial Fraud,SCC 1994 3 440,,,UNRESOLVED
V_Senthil_Balaji_vs_The_State_Represented_By_Deputy_on_7_August_2023_1.PDF,Financial Fraud,SCC 2018 16 158,,,UNRESOLVED
V_Senthil_Balaji_vs_The_State_Represented_By_Deputy_on_7_August_2023_1.PDF,Financial Fraud,SCC 2018 9 745,,,UNRESOLVED
V_Senthil_Balaji_vs_The_State_Represented_By_Deputy_on_7_August_2023_1.PDF,Financial Fraud,SCC 2014 13 436,,,UNRESOLVED
V_Senthil_Balaji_vs_The_State_Represented_By_Deputy_on_7_August_2023_1.PDF,Financial Fraud,SCC 2013 1 314,,,UNRESOLVED
V_Senthil_Balaji_vs_The_State_Represented_By_Deputy_on_7_August_2023_1.PDF,Financial Fraud,SCC 2014 8 273,,,UNRESOLVED
V_Senthil_Balaji_vs_The_State_Represented_By_Deputy_on_7_August_2023_1.PDF,Financial Fraud,SCC 2022 10 51,,,UNRESOLVED
V_Senthil_Balaji_vs_The_State_Represented_By_Deputy_on_7_August_2023_1.PDF,Financial Fraud,SCC 1994 2 691,,,UNRESOLVED
V_Senthil_Balaji_vs_The_State_Represented_By_Deputy_on_7_August_2023_1.PDF,Financial Fraud,SCC 1982 1 31,,,UNRESOLVED
V_Senthil_Balaji_vs_The_State_Represented_By_Deputy_on_7_August_2023_1.PDF,Financial Fraud,SCC 2005 3 647,,,UNRESOLVED
V_Senthil_Balaji_vs_The_State_Represented_By_Deputy_on_7_August_2023_1.PDF,Financial Fraud,SCC 2015 2 33,,,UNRESOLVED
V_Senthil_Balaji_vs_The_State_Represented_By_Deputy_on_7_August_2023_1.PDF,Financial Fraud,SCC 2008 13 305,,,UNRESOLVED
V_Senthil_Balaji_vs_The_State_Represented_By_Deputy_on_7_August_2023_1.PDF,Financial Fraud,SCC 2021 4 1,,,UNRESOLVED
V_Senthil_Balaji_vs_The_State_Represented_By_Deputy_on_7_August_2023_1.PDF,Financial Fraud,SCC 2013 15 1,,,UNRESOLVED
V_Senthil_Balaji_vs_The_State_Represented_By_Deputy_on_7_August_2023_1.PDF,Financial Fraud,SCC 2014 16 623,,,UNRESOLVED
V_Senthil_Balaji_vs_The_State_Represented_By_Deputy_on_7_August_2023_1.PDF,Financial Fraud,SCC 2003 8 559,,,UNRESOLVED
V_Senthil_Balaji_vs_The_State_Represented_By_Deputy_on_7_August_2023_1.PDF,Financial Fraud,SCC 1997 2 397,,,UNRESOLVED
V_Senthil_Balaji_vs_The_State_Represented_By_Deputy_on_7_August_2023_1.PDF,Financial Fraud,SCC 2020 8 129,,,UNRESOLVED
V_Senthil_Balaji_vs_The_State_Represented_By_Deputy_on_7_August_2023_1.PDF,Financial Fraud,SCC 1995 3 33,,,UNRESOLVED
V_Senthil_Balaji_vs_The_State_Represented_By_Deputy_on_7_August_2023_1.PDF,Financial Fraud,SCC 2010 1 417,,,UNRESOLVED
V_Senthil_Balaji_vs_The_State_Represented_By_Deputy_on_7_August_2023_1.PDF,Financial Fraud,SCC 1992 2 620,,,UNRESOLVED
V_Senthil_Balaji_vs_The_State_Represented_By_Deputy_on_7_August_2023_1.PDF,Financial Fraud,SCC 2010 1 417,,,UNRESOLVED
V_Senthil_Balaji_vs_The_State_Represented_By_Deputy_on_7_August_2023_1.PDF,Financial Fraud,SCC 1998 3 376,,,UNRESOLVED
V_Senthil_Balaji_vs_The_State_Represented_By_Deputy_on_7_August_2023_1.PDF,Financial Fraud,SCC 2005 8 423,,,UNRESOLVED
V_Senthil_Balaji_vs_The_State_Represented_By_Deputy_on_7_August_2023_1.PDF,Financial Fraud,SCC 1992 2 620,,,UNRESOLVED
V_Senthil_Balaji_vs_The_State_Represented_By_Deputy_on_7_August_2023_1.PDF,Financial Fraud,SCC 1980 2 191,,,UNRESOLVED
V_Senthil_Balaji_vs_The_State_Represented_By_Deputy_on_7_August_2023_1.PDF,Financial Fraud,SCC 2004 2 783,,,UNRESOLVED
V_Senthil_Balaji_vs_The_State_Represented_By_Deputy_on_7_August_2023_1.PDF,Financial Fraud,SCC 1988 2 602,,,UNRESOLVED
V_Senthil_Balaji_vs_The_State_Represented_By_Deputy_on_7_August_2023_1.PDF,Financial Fraud,SCC 1988 2 602,,,UNRESOLVED
V_Senthil_Balaji_vs_The_State_Represented_By_Deputy_on_7_August_2023_1.PDF,Financial Fraud,SCC 1969 3 156,,,UNRESOLVED
V_Senthil_Balaji_vs_The_State_Represented_By_Deputy_on_7_August_2023_1.PDF,Financial Fraud,SCC 1952 2 329,,,UNRESOLVED
V_Senthil_Balaji_vs_The_State_Represented_By_Deputy_on_7_August_2023_1.PDF,Financial Fraud,SCC 2003 8 648,,,UNRESOLVED
V_Senthil_Balaji_vs_The_State_Represented_By_Deputy_on_7_August_2023_1.PDF,Financial Fraud,SCC 2003 8 648,,,UNRESOLVED
V_Senthil_Balaji_vs_The_State_Represented_By_Deputy_on_7_August_2023_1.PDF,Financial Fraud,SCC 2021 2 485,,,UNRESOLVED
V_Senthil_Balaji_vs_The_State_Represented_By_Deputy_on_7_August_2023_1.PDF,Financial Fraud,SCC 2001 5 453,,,UNRESOLVED
V_Senthil_Balaji_vs_The_State_Represented_By_Deputy_on_7_August_2023_1.PDF,Financial Fraud,SCC 1978 1 248,Mrs_Maneka_Gandhi_vs_Union_Of_India_Uoi_And_Anr_on_25_January_1978_1.PDF,Organized Crime / Extortion,CROSS_DOMAIN
V_Senthil_Balaji_vs_The_State_Represented_By_Deputy_on_7_August_2023_1.PDF,Financial Fraud,SCC 2017 15 67,,,UNRESOLVED
V_Senthil_Balaji_vs_The_State_Represented_By_Deputy_on_7_August_2023_1.PDF,Financial Fraud,SCC 2017 15 67,,,UNRESOLVED
V_Senthil_Balaji_vs_The_State_Represented_By_Deputy_on_7_August_2023_1.PDF,Financial Fraud,SCC 2021 12 1,,,UNRESOLVED
V_Senthil_Balaji_vs_The_State_Represented_By_Deputy_on_7_August_2023_1.PDF,Financial Fraud,SCC 2014 14 434,,,UNRESOLVED
V_Senthil_Balaji_vs_The_State_Represented_By_Deputy_on_7_August_2023_1.PDF,Financial Fraud,SCC 1994 3 440,,,UNRESOLVED
V_Senthil_Balaji_vs_The_State_Represented_By_Deputy_on_7_August_2023_1.PDF,Financial Fraud,SCC 2017 15 67,,,UNRESOLVED
V_Senthil_Balaji_vs_The_State_Represented_By_Deputy_on_7_August_2023_1.PDF,Financial Fraud,SCC 1952 2 237,,,UNRESOLVED
V_Senthil_Balaji_vs_The_State_Represented_By_Deputy_on_7_August_2023_1.PDF,Financial Fraud,SCC 2009 1 469,,,UNRESOLVED
V_Senthil_Balaji_vs_The_State_Represented_By_Deputy_on_7_August_2023_1.PDF,Financial Fraud,SCC 2004 3 75,,,UNRESOLVED
V_Senthil_Balaji_vs_The_State_Represented_By_Deputy_on_7_August_2023_1.PDF,Financial Fraud,SCC 2015 15 613,,,UNRESOLVED
V_Senthil_Balaji_vs_The_State_Represented_By_Deputy_on_7_August_2023_1.PDF,Financial Fraud,SCC 1976 1 128,,,UNRESOLVED
V_Senthil_Balaji_vs_The_State_Represented_By_Deputy_on_7_August_2023_1.PDF,Financial Fraud,SCC 1985 1 591,,,UNRESOLVED
V_Senthil_Balaji_vs_The_State_Represented_By_Deputy_on_7_August_2023_1.PDF,Financial Fraud,SCC 1986 3 141,,,UNRESOLVED
V_Senthil_Balaji_vs_The_State_Represented_By_Deputy_on_7_August_2023_1.PDF,Financial Fraud,SCC 2009 9 266,,,UNRESOLVED
V_Senthil_Balaji_vs_The_State_Represented_By_Deputy_on_7_August_2023_1.PDF,Financial Fraud,SCR 1969 2 461,,,UNRESOLVED
V_Senthil_Balaji_vs_The_State_Represented_By_Deputy_on_7_August_2023_1.PDF,Financial Fraud,SCR 1953 136,Keshardeo_Chamria_vs_Radha_Kissen_Chamria_And_Othersradha_on_30_October_1952_1.PDF,,OUTSIDE_DOMAINS
Yashodhan_Singh_vs_The_State_Of_Uttar_Pradesh_on_18_July_2023_1.PDF,Financial Fraud,AIR 2013 SC 3018,,,UNRESOLVED
Yashodhan_Singh_vs_The_State_Of_Uttar_Pradesh_on_18_July_2023_1.PDF,Financial Fraud,SCC 2015 9 244,,,UNRESOLVED
Yashodhan_Singh_vs_The_State_Of_Uttar_Pradesh_on_18_July_2023_1.PDF,Financial Fraud,SCC 2015 9 244,,,UNRESOLVED
Yashodhan_Singh_vs_The_State_Of_Uttar_Pradesh_on_18_July_2023_1.PDF,Financial Fraud,SCC 2014 3 92,,,UNRESOLVED
Yashodhan_Singh_vs_The_State_Of_Uttar_Pradesh_on_18_July_2023_1.PDF,Financial Fraud,SCC 2023 1 289,,,UNRESOLVED
Yashodhan_Singh_vs_The_State_Of_Uttar_Pradesh_on_18_July_2023_1.PDF,Financial Fraud,SCC 2017 7 706,,,UNRESOLVED
Yashodhan_Singh_vs_The_State_Of_Uttar_Pradesh_on_18_July_2023_1.PDF,Financial Fraud,SCC 2014 3 306,,,UNRESOLVED
Y_Balaji_vs_Karthik_Desari_on_16_May_2023_1.PDF,Financial Fraud,AIR 1967 SC 389,,,UNRESOLVED
Y_Balaji_vs_Karthik_Desari_on_16_May_2023_1.PDF,Financial Fraud,SCC 2013 5 762,,,UNRESOLVED
Y_Balaji_vs_Karthik_Desari_on_16_May_2023_1.PDF,Financial Fraud,SCC 1992 4 305,,,UNRESOLVED
Y_Balaji_vs_Karthik_Desari_on_16_May_2023_1.PDF,Financial Fraud,SCC 1992 4 653,,,UNRESOLVED
Y_Balaji_vs_Karthik_Desari_on_16_May_2023_1.PDF,Financial Fraud,SCC 2007 1 732,,,UNRESOLVED
Y_Balaji_vs_Karthik_Desari_on_16_May_2023_1.PDF,Financial Fraud,SCC 2023 3 315,,,UNRESOLVED
Y_Balaji_vs_Karthik_Desari_on_16_May_2023_1.PDF,Financial Fraud,SCC 1970 3 881,Shauqin_Singh_And_Ors_vs_Desa_Singh_And_Ors_on_4_December_1969_1.PDF,,OUTSIDE_DOMAINS
Y_Balaji_vs_Karthik_Desari_on_16_May_2023_1.PDF,Financial Fraud,SCC 2007 1 732,,,UNRESOLVED
Y_Balaji_vs_Karthik_Desari_on_16_May_2023_1.PDF,Financial Fraud,SCC 2020 9 121,,,UNRESOLVED
Y_Balaji_vs_Karthik_Desari_on_16_May_2023_1.PDF,Financial Fraud,SCC 2000 8 395,Badrinath_vs_Government_Of_Tamil_Nadu_And_Ors_on_29_September_2000_1.PDF,,OUTSIDE_DOMAINS
Y_Balaji_vs_Karthik_Desari_on_16_May_2023_1.PDF,Financial Fraud,SCC 2001 10 191,,,UNRESOLVED
Y_Balaji_vs_Karthik_Desari_on_16_May_2023_1.PDF,Financial Fraud,SCC 2011 14 770,,,UNRESOLVED
Y_Balaji_vs_Karthik_Desari_on_16_May_2023_1.PDF,Financial Fraud,SCC 2004 5 518,,,UNRESOLVED
Y_Balaji_vs_Karthik_Desari_on_16_May_2023_1.PDF,Financial Fraud,SCC 2005 2 673,,,UNRESOLVED
Y_Balaji_vs_Karthik_Desari_on_16_May_2023_1.PDF,Financial Fraud,SCR 1967 2 476,,,UNRESOLVED
Abhishek_Banerjee_vs_Directorate_Of_Enforcement_on_9_September_2024_1.PDF,Financial Fraud,SCC 2023 4 357,,,UNRESOLVED
Arvind_Kejriwal_vs_Central_Bureau_Of_Investigation_on_13_September_2024_1.PDF,Financial Fraud,AIR 2021 SC 712,,,UNRESOLVED
Arvind_Kejriwal_vs_Central_Bureau_Of_Investigation_on_13_September_2024_1.PDF,Financial Fraud,SCC 2014 8 273,,,UNRESOLVED
Arvind_Kejriwal_vs_Central_Bureau_Of_Investigation_on_13_September_2024_1.PDF,Financial Fraud,SCC 1992 3 141,,,UNRESOLVED
Arvind_Kejriwal_vs_Central_Bureau_Of_Investigation_on_13_September_2024_1.PDF,Financial Fraud,SCC 1978 1 240,,,UNRESOLVED
Arvind_Kejriwal_vs_Central_Bureau_Of_Investigation_on_13_September_2024_1.PDF,Financial Fraud,SCC 1994 4 260,Joginder_Kumar_vs_State_Of_U_P_on_25_April_1994_1.PDF,,OUTSIDE_DOMAINS
Arvind_Kejriwal_vs_Central_Bureau_Of_Investigation_on_13_September_2024_1.PDF,Financial Fraud,SCC 2010 6 1,,,UNRESOLVED
Arvind_Kejriwal_vs_Central_Bureau_Of_Investigation_on_13_September_2024_1.PDF,Financial Fraud,SCC 2014 8 273,,,UNRESOLVED
Arvind_Kejriwal_vs_Central_Bureau_Of_Investigation_on_13_September_2024_1.PDF,Financial Fraud,SCC 2020 14 12,,,UNRESOLVED
Arvind_Kejriwal_vs_Central_Bureau_Of_Investigation_on_13_September_2024_1.PDF,Financial Fraud,SCC 2021 13 822,,,UNRESOLVED
Arvind_Kejriwal_vs_Central_Bureau_Of_Investigation_on_13_September_2024_1.PDF,Financial Fraud,SCC 1978 1 240,,,UNRESOLVED
Arvind_Kejriwal_vs_Directorate_Of_Enforcement_on_10_May_2024_1.PDF,Financial Fraud,AIR 1966 SC 657,,,UNRESOLVED
Arvind_Kejriwal_vs_Directorate_Of_Enforcement_on_10_May_2024_1.PDF,Financial Fraud,SCC 1978 1 405,,,UNRESOLVED
Arvind_Kejriwal_vs_Directorate_Of_Enforcement_on_10_May_2024_1.PDF,Financial Fraud,SCC 2010 15 154,,,UNRESOLVED
Arvind_Kejriwal_vs_Directorate_Of_Enforcement_on_10_May_2024_1.PDF,Financial Fraud,SCC 2000 3 409,,,UNRESOLVED
Arvind_Kejriwal_vs_Directorate_Of_Enforcement_on_10_May_2024_1.PDF,Financial Fraud,SCC 2000 8 437,,,UNRESOLVED
Arvind_Kejriwal_vs_Directorate_Of_Enforcement_on_10_May_2024_1.PDF,Financial Fraud,SCC 2011 1 694,,,UNRESOLVED
Arvind_Kejriwal_vs_Directorate_Of_Enforcement_on_10_May_2024_1.PDF,Financial Fraud,SCC 1980 2 565,,,UNRESOLVED
Arvind_Kejriwal_vs_Directorate_Of_Enforcement_on_10_May_2024_1.PDF,Financial Fraud,SCC 1986 3 156,,,UNRESOLVED
Arvind_Kejriwal_vs_Directorate_Of_Enforcement_on_10_May_2024_1.PDF,Financial Fraud,SCC 1997 6 1,,,UNRESOLVED
Arvind_Kejriwal_vs_Directorate_Of_Enforcement_on_10_May_2024_1.PDF,Financial Fraud,SCC 2023 6 161,,,UNRESOLVED
Arvind_Kejriwal_vs_Directorate_Of_Enforcement_on_10_May_2024_1.PDF,Financial Fraud,SCC 2001 7 126,,,UNRESOLVED
Arvind_Kejriwal_vs_Directorate_Of_Enforcement_on_10_May_2024_1.PDF,Financial Fraud,SCC 1990 1 397,,,UNRESOLVED
Arvind_Kejriwal_vs_Directorate_Of_Enforcement_on_12_July_2024_1.PDF,Financial Fraud,AIR 1967 SC 295,,,UNRESOLVED
Arvind_Kejriwal_vs_Directorate_Of_Enforcement_on_12_July_2024_1.PDF,Financial Fraud,AIR 1962 SC 1371,,,UNRESOLVED
Arvind_Kejriwal_vs_Directorate_Of_Enforcement_on_12_July_2024_1.PDF,Financial Fraud,AIR 1945 PC 18,,,UNRESOLVED
Arvind_Kejriwal_vs_Directorate_Of_Enforcement_on_12_July_2024_1.PDF,Financial Fraud,AIR 1966 SC 740,,,UNRESOLVED
Arvind_Kejriwal_vs_Directorate_Of_Enforcement_on_12_July_2024_1.PDF,Financial Fraud,AIR 1968 SC 1509,,,UNRESOLVED
Arvind_Kejriwal_vs_Directorate_Of_Enforcement_on_12_July_2024_1.PDF,Financial Fraud,SCC 2024 3 51,,,UNRESOLVED
Arvind_Kejriwal_vs_Directorate_Of_Enforcement_on_12_July_2024_1.PDF,Financial Fraud,SCC 1969 1 292,In_The_Matter_Of_Madhu_Limaye_And_Ors_vs_Unknown_on_18_December_1968_1.PDF,,OUTSIDE_DOMAINS
Arvind_Kejriwal_vs_Directorate_Of_Enforcement_on_12_July_2024_1.PDF,Financial Fraud,SCC 2000 8 590,,,UNRESOLVED
Arvind_Kejriwal_vs_Directorate_Of_Enforcement_on_12_July_2024_1.PDF,Financial Fraud,SCC 2008 13 305,,,UNRESOLVED
Arvind_Kejriwal_vs_Directorate_Of_Enforcement_on_12_July_2024_1.PDF,Financial Fraud,SCC 1985 3 72,,,UNRESOLVED
Arvind_Kejriwal_vs_Directorate_Of_Enforcement_on_12_July_2024_1.PDF,Financial Fraud,SCC 2004 11 576,,,UNRESOLVED
Arvind_Kejriwal_vs_Directorate_Of_Enforcement_on_12_July_2024_1.PDF,Financial Fraud,SCC 1998 1 52,,,UNRESOLVED
Arvind_Kejriwal_vs_Directorate_Of_Enforcement_on_12_July_2024_1.PDF,Financial Fraud,SCC 1980 1 554,,,UNRESOLVED
Arvind_Kejriwal_vs_Directorate_Of_Enforcement_on_12_July_2024_1.PDF,Financial Fraud,SCC 2003 2 649,,,UNRESOLVED
Arvind_Kejriwal_vs_Directorate_Of_Enforcement_on_12_July_2024_1.PDF,Financial Fraud,SCC 1978 1 118,,,UNRESOLVED
Arvind_Kejriwal_vs_Directorate_Of_Enforcement_on_12_July_2024_1.PDF,Financial Fraud,SCC 2005 5 294,,,UNRESOLVED
Arvind_Kejriwal_vs_Directorate_Of_Enforcement_on_12_July_2024_1.PDF,Financial Fraud,SCC 2005 1 568,,,UNRESOLVED
Arvind_Kejriwal_vs_Directorate_Of_Enforcement_on_12_July_2024_1.PDF,Financial Fraud,SCC 2021 2 485,,,UNRESOLVED
Arvind_Kejriwal_vs_Directorate_Of_Enforcement_on_12_July_2024_1.PDF,Financial Fraud,SCC 2011 4 1,,,UNRESOLVED
Arvind_Kejriwal_vs_Directorate_Of_Enforcement_on_12_July_2024_1.PDF,Financial Fraud,SCC 2009 13 131,,,UNRESOLVED
Arvind_Kejriwal_vs_Directorate_Of_Enforcement_on_12_July_2024_1.PDF,Financial Fraud,SCC 2014 8 273,,,UNRESOLVED
Arvind_Kejriwal_vs_Directorate_Of_Enforcement_on_12_July_2024_1.PDF,Financial Fraud,SCC 1994 4 260,Joginder_Kumar_vs_State_Of_U_P_on_25_April_1994_1.PDF,,OUTSIDE_DOMAINS
Arvind_Kejriwal_vs_Directorate_Of_Enforcement_on_12_July_2024_1.PDF,Financial Fraud,SCC 1994 4 260,Joginder_Kumar_vs_State_Of_U_P_on_25_April_1994_1.PDF,,OUTSIDE_DOMAINS
Arvind_Kejriwal_vs_Directorate_Of_Enforcement_on_12_July_2024_1.PDF,Financial Fraud,SCC 2022 1 676,,,UNRESOLVED
Arvind_Kejriwal_vs_Directorate_Of_Enforcement_on_12_July_2024_1.PDF,Financial Fraud,SCC 2019 9 24,,,UNRESOLVED
Arvind_Kejriwal_vs_Directorate_Of_Enforcement_on_12_July_2024_1.PDF,Financial Fraud,SCC 2010 6 614,,,UNRESOLVED
Arvind_Kejriwal_vs_Directorate_Of_Enforcement_on_12_July_2024_1.PDF,Financial Fraud,SCC 2006 3 276,,,UNRESOLVED
Arvind_Kejriwal_vs_Directorate_Of_Enforcement_on_12_July_2024_1.PDF,Financial Fraud,SCC 2016 4 346,,,UNRESOLVED
Arvind_Kejriwal_vs_Directorate_Of_Enforcement_on_12_July_2024_1.PDF,Financial Fraud,SCC 2019 1 1,,,UNRESOLVED
Arvind_Kejriwal_vs_Directorate_Of_Enforcement_on_12_July_2024_1.PDF,Financial Fraud,SCC 2020 3 637,,,UNRESOLVED
Arvind_Kejriwal_vs_Directorate_Of_Enforcement_on_12_July_2024_1.PDF,Financial Fraud,SCC 2024 5 1,,,UNRESOLVED
Arvind_Kejriwal_vs_Directorate_Of_Enforcement_on_12_July_2024_1.PDF,Financial Fraud,SCR 1969 2 461,,,UNRESOLVED
A_M_Mohan_vs_The_State_Rep_By_Sho_on_20_March_2024_1.PDF,Financial Fraud,SCC 1988 1 692,,,UNRESOLVED
A_M_Mohan_vs_The_State_Rep_By_Sho_on_20_March_2024_1.PDF,Financial Fraud,SCC 1995 6 194,Mrs_Rupan_Deol_Bajaj_Anr_vs_Kanwar_Pal_Singh_Gill_Anr_on_12_October_1995_1.PDF,Organized Crime / Extortion,CROSS_DOMAIN
A_M_Mohan_vs_The_State_Rep_By_Sho_on_20_March_2024_1.PDF,Financial Fraud,SCC 1996 5 591,,,UNRESOLVED
A_M_Mohan_vs_The_State_Rep_By_Sho_on_20_March_2024_1.PDF,Financial Fraud,SCC 1996 8 164,,,UNRESOLVED
A_M_Mohan_vs_The_State_Rep_By_Sho_on_20_March_2024_1.PDF,Financial Fraud,SCC 1999 3 259,,,UNRESOLVED
A_M_Mohan_vs_The_State_Rep_By_Sho_on_20_March_2024_1.PDF,Financial Fraud,SCC 2000 3 269,,,UNRESOLVED
A_M_Mohan_vs_The_State_Rep_By_Sho_on_20_March_2024_1.PDF,Financial Fraud,SCC 2000 4 168,,,UNRESOLVED
A_M_Mohan_vs_The_State_Rep_By_Sho_on_20_March_2024_1.PDF,Financial Fraud,SCC 2001 8 645,,,UNRESOLVED
A_M_Mohan_vs_The_State_Rep_By_Sho_on_20_March_2024_1.PDF,Financial Fraud,SCC 2005 1 122,,,UNRESOLVED
A_M_Mohan_vs_The_State_Rep_By_Sho_on_20_March_2024_1.PDF,Financial Fraud,SCC 2006 6 736,,,UNRESOLVED
A_M_Mohan_vs_The_State_Rep_By_Sho_on_20_March_2024_1.PDF,Financial Fraud,SCC 2000 2 636,,,UNRESOLVED
A_M_Mohan_vs_The_State_Rep_By_Sho_on_20_March_2024_1.PDF,Financial Fraud,SCC 2000 2 636,,,UNRESOLVED
A_M_Mohan_vs_The_State_Rep_By_Sho_on_20_March_2024_1.PDF,Financial Fraud,SCC 2019 16 739,,,UNRESOLVED
A_M_Mohan_vs_The_State_Rep_By_Sho_on_20_March_2024_1.PDF,Financial Fraud,SCC 2021 3 751,,,UNRESOLVED
A_M_Mohan_vs_The_State_Rep_By_Sho_on_20_March_2024_1.PDF,Financial Fraud,SCC 2023 3 423,,,UNRESOLVED
A_M_Mohan_vs_The_State_Rep_By_Sho_on_20_March_2024_1.PDF,Financial Fraud,SCC 2011 7 59,,,UNRESOLVED
A_M_Mohan_vs_The_State_Rep_By_Sho_on_20_March_2024_1.PDF,Financial Fraud,SCC 2011 7 59,,,UNRESOLVED
A_M_Mohan_vs_The_State_Rep_By_Sho_on_20_March_2024_1.PDF,Financial Fraud,SCC 2019 11 706,,,UNRESOLVED
A_M_Mohan_vs_The_State_Rep_By_Sho_on_20_March_2024_1.PDF,Financial Fraud,SCC 2000 2 636,,,UNRESOLVED
A_M_Mohan_vs_The_State_Rep_By_Sho_on_20_March_2024_1.PDF,Financial Fraud,SCC 2013 10 591,,,UNRESOLVED
Baba_Natarajan_Prasad_vs_M_Revathi_on_15_July_2024_1.PDF,Financial Fraud,AIR 1929 MAD 226,,,UNRESOLVED
Baba_Natarajan_Prasad_vs_M_Revathi_on_15_July_2024_1.PDF,Financial Fraud,AIR 1955 MAD 424,,,UNRESOLVED
Baba_Natarajan_Prasad_vs_M_Revathi_on_15_July_2024_1.PDF,Financial Fraud,AIR 1945 MAD 313,,,UNRESOLVED
Baba_Natarajan_Prasad_vs_M_Revathi_on_15_July_2024_1.PDF,Financial Fraud,AIR 1952 SC 14,Adamji_Umar_Dalal_vs_The_State_Of_Bombay_on_26_November_1951_1.PDF,,OUTSIDE_DOMAINS
Baba_Natarajan_Prasad_vs_M_Revathi_on_15_July_2024_1.PDF,Financial Fraud,SCC 2015 3 441,,,UNRESOLVED
Baba_Natarajan_Prasad_vs_M_Revathi_on_15_July_2024_1.PDF,Financial Fraud,SCC 2013 9 516,,,UNRESOLVED
Baba_Natarajan_Prasad_vs_M_Revathi_on_15_July_2024_1.PDF,Financial Fraud,SCC 2006 2 359,,,UNRESOLVED
Baba_Natarajan_Prasad_vs_M_Revathi_on_15_July_2024_1.PDF,Financial Fraud,SCC 2009 7 254,,,UNRESOLVED
Baba_Natarajan_Prasad_vs_M_Revathi_on_15_July_2024_1.PDF,Financial Fraud,SCC 2014 9 281,,,UNRESOLVED
Baba_Natarajan_Prasad_vs_M_Revathi_on_15_July_2024_1.PDF,Financial Fraud,SCC 2015 1 222,,,UNRESOLVED
Baba_Natarajan_Prasad_vs_M_Revathi_on_15_July_2024_1.PDF,Financial Fraud,SCC 1979 3 745,,,UNRESOLVED
Baba_Natarajan_Prasad_vs_M_Revathi_on_15_July_2024_1.PDF,Financial Fraud,SCC 1979 2 170,,,UNRESOLVED
Baba_Natarajan_Prasad_vs_M_Revathi_on_15_July_2024_1.PDF,Financial Fraud,SCC 1987 1 538,,,UNRESOLVED
Bharat_Sher_Singh_Kalsia_vs_State_Of_Bihar_on_31_January_2024_1.PDF,Financial Fraud,AIR 1954 SC 397,,,UNRESOLVED
Bharat_Sher_Singh_Kalsia_vs_State_Of_Bihar_on_31_January_2024_1.PDF,Financial Fraud,AIR 1961 SC 1589,Purushottamdas_Dalmia_vs_The_State_Of_West_Bengal_on_19_April_1961_1.PDF,Financial Fraud,INTERNAL
Bharat_Sher_Singh_Kalsia_vs_State_Of_Bihar_on_31_January_2024_1.PDF,Financial Fraud,AIR 1959 SC 24,,,UNRESOLVED
Bharat_Sher_Singh_Kalsia_vs_State_Of_Bihar_on_31_January_2024_1.PDF,Financial Fraud,SCC 2020 3 402,,,UNRESOLVED
Bharat_Sher_Singh_Kalsia_vs_State_Of_Bihar_on_31_January_2024_1.PDF,Financial Fraud,SCC 2002 8 87,,,UNRESOLVED
Bharat_Sher_Singh_Kalsia_vs_State_Of_Bihar_on_31_January_2024_1.PDF,Financial Fraud,SCC 1995 5 767,V_M_Shah_vs_The_State_Of_Maharashtra_Anr_K_on_25_August_1995_1.PDF,,OUTSIDE_DOMAINS
Bharat_Sher_Singh_Kalsia_vs_State_Of_Bihar_on_31_January_2024_1.PDF,Financial Fraud,SCC 1977 2 190,,,UNRESOLVED
Bharat_Sher_Singh_Kalsia_vs_State_Of_Bihar_on_31_January_2024_1.PDF,Financial Fraud,SCR 1962 2 101,Purushottamdas_Dalmia_vs_The_State_Of_West_Bengal_on_19_April_1961_1.PDF,Financial Fraud,INTERNAL
C_Subbian_Kadambur_Jayaraj_vs_Superintendant_Of_Police_on_15_May_2024_1.PDF,Financial Fraud,SCC 2006 6 736,,,UNRESOLVED
C_Subbian_Kadambur_Jayaraj_vs_Superintendant_Of_Police_on_15_May_2024_1.PDF,Financial Fraud,SCC 2019 11 706,,,UNRESOLVED
C_Subbian_Kadambur_Jayaraj_vs_Superintendant_Of_Police_on_15_May_2024_1.PDF,Financial Fraud,SCC 2023 3 315,,,UNRESOLVED
C_Subbian_Kadambur_Jayaraj_vs_Superintendant_Of_Police_on_15_May_2024_1.PDF,Financial Fraud,SCC 2000 2 636,,,UNRESOLVED
C_Subbian_Kadambur_Jayaraj_vs_Superintendant_Of_Police_on_15_May_2024_1.PDF,Financial Fraud,SCC 2006 6 736,,,UNRESOLVED
C_Subbian_Kadambur_Jayaraj_vs_Superintendant_Of_Police_on_15_May_2024_1.PDF,Financial Fraud,SCC 2006 6 736,,,UNRESOLVED
C_Subbian_Kadambur_Jayaraj_vs_Superintendant_Of_Police_on_15_May_2024_1.PDF,Financial Fraud,SCC 2022 7 124,,,UNRESOLVED
Delhi_Race_Club_1940_Ltd_vs_The_State_Of_Uttar_Pradesh_on_23_August_2024_1.PDF,Financial Fraud,AIR 1972 SC 1607,,,UNRESOLVED
Delhi_Race_Club_1940_Ltd_vs_The_State_Of_Uttar_Pradesh_on_23_August_2024_1.PDF,Financial Fraud,AIR 1950 CAL 437,,,UNRESOLVED
Delhi_Race_Club_1940_Ltd_vs_The_State_Of_Uttar_Pradesh_on_23_August_2024_1.PDF,Financial Fraud,AIR 1951 SC 207,,,UNRESOLVED
Delhi_Race_Club_1940_Ltd_vs_The_State_Of_Uttar_Pradesh_on_23_August_2024_1.PDF,Financial Fraud,SCC 1972 3 414,,,UNRESOLVED
Delhi_Race_Club_1940_Ltd_vs_The_State_Of_Uttar_Pradesh_on_23_August_2024_1.PDF,Financial Fraud,SCC 1976 3 736,,,UNRESOLVED
Delhi_Race_Club_1940_Ltd_vs_The_State_Of_Uttar_Pradesh_on_23_August_2024_1.PDF,Financial Fraud,SCC 1998 5 749,,,UNRESOLVED
Delhi_Race_Club_1940_Ltd_vs_The_State_Of_Uttar_Pradesh_on_23_August_2024_1.PDF,Financial Fraud,SCC 2011 15 571,,,UNRESOLVED
Delhi_Race_Club_1940_Ltd_vs_The_State_Of_Uttar_Pradesh_on_23_August_2024_1.PDF,Financial Fraud,SCC 2015 12 420,,,UNRESOLVED
Delhi_Race_Club_1940_Ltd_vs_The_State_Of_Uttar_Pradesh_on_23_August_2024_1.PDF,Financial Fraud,SCC 2012 5 424,,,UNRESOLVED
Delhi_Race_Club_1940_Ltd_vs_The_State_Of_Uttar_Pradesh_on_23_August_2024_1.PDF,Financial Fraud,SCC 2015 4 609,,,UNRESOLVED
Delhi_Race_Club_1940_Ltd_vs_The_State_Of_Uttar_Pradesh_on_23_August_2024_1.PDF,Financial Fraud,SCC 2002 1 241,,,UNRESOLVED
Delhi_Race_Club_1940_Ltd_vs_The_State_Of_Uttar_Pradesh_on_23_August_2024_1.PDF,Financial Fraud,SCC 2009 7 712,,,UNRESOLVED
Delhi_Race_Club_1940_Ltd_vs_The_State_Of_Uttar_Pradesh_on_23_August_2024_1.PDF,Financial Fraud,SCC 1973 2 823,Hari_Prasad_Chamaria_vs_Bishun_Kumar_Surekha_And_Ors_on_6_September_1973_1.PDF,Financial Fraud,INTERNAL
Delhi_Race_Club_1940_Ltd_vs_The_State_Of_Uttar_Pradesh_on_23_August_2024_1.PDF,Financial Fraud,SCC 1996 5 591,,,UNRESOLVED
Delhi_Race_Club_1940_Ltd_vs_The_State_Of_Uttar_Pradesh_on_23_August_2024_1.PDF,Financial Fraud,SCR 1968 2 408,,,UNRESOLVED
Delhi_Race_Club_1940_Ltd_vs_The_State_Of_Uttar_Pradesh_on_23_August_2024_1.PDF,Financial Fraud,SCR 1965 2 429,,,UNRESOLVED
Delhi_Race_Club_1940_Ltd_vs_The_State_Of_Uttar_Pradesh_on_23_August_2024_1.PDF,Financial Fraud,SCR 1956 483,Jaswantrai_Manilal_Akhaney_vs_The_State_Of_Bombay_on_4_May_1956_1.PDF,Financial Fraud,INTERNAL
Dhanraj_Aswani_vs_Amar_S_Mulchandani_on_9_September_2024_1.PDF,Financial Fraud,AIR 1960 SC 1125,,,UNRESOLVED
Dhanraj_Aswani_vs_Amar_S_Mulchandani_on_9_September_2024_1.PDF,Financial Fraud,AIR 1952 SC 75,The_State_Of_West_Bengal_vs_Anwar_Ali_Sarkar_on_11_January_1952_1.PDF,Organized Crime / Extortion; Violent Crime / Homicide,CROSS_DOMAIN
Dhanraj_Aswani_vs_Amar_S_Mulchandani_on_9_September_2024_1.PDF,Financial Fraud,SCC 1980 2 565,,,UNRESOLVED
Dhanraj_Aswani_vs_Amar_S_Mulchandani_on_9_September_2024_1.PDF,Financial Fraud,SCC 2020 5 1,,,UNRESOLVED
Dhanraj_Aswani_vs_Amar_S_Mulchandani_on_9_September_2024_1.PDF,Financial Fraud,SCC 2002 2 210,,,UNRESOLVED
Dhanraj_Aswani_vs_Amar_S_Mulchandani_on_9_September_2024_1.PDF,Financial Fraud,SCC 2016 8 509,,,UNRESOLVED
Dhanraj_Aswani_vs_Amar_S_Mulchandani_on_9_September_2024_1.PDF,Financial Fraud,SCC 2020 4 727,,,UNRESOLVED
Dhanraj_Aswani_vs_Amar_S_Mulchandani_on_9_September_2024_1.PDF,Financial Fraud,SCC 2011 1 694,,,UNRESOLVED
Dhanraj_Aswani_vs_Amar_S_Mulchandani_on_9_September_2024_1.PDF,Financial Fraud,SCC 1980 2 565,,,UNRESOLVED
Dhanraj_Aswani_vs_Amar_S_Mulchandani_on_9_September_2024_1.PDF,Financial Fraud,SCC 1992 3 141,,,UNRESOLVED
Dhanraj_Aswani_vs_Amar_S_Mulchandani_on_9_September_2024_1.PDF,Financial Fraud,SCC 1988 2 602,,,UNRESOLVED
Dhanraj_Aswani_vs_Amar_S_Mulchandani_on_9_September_2024_1.PDF,Financial Fraud,SCC 1952 1 1,,,UNRESOLVED
Dhanraj_Aswani_vs_Amar_S_Mulchandani_on_9_September_2024_1.PDF,Financial Fraud,SCC 1952 1 1,,,UNRESOLVED
Dhanraj_Aswani_vs_Amar_S_Mulchandani_on_9_September_2024_1.PDF,Financial Fraud,SCR 1994 2 375,,,UNRESOLVED
Dhanraj_Aswani_vs_Amar_S_Mulchandani_on_9_September_2024_1.PDF,Financial Fraud,SCR 1980 3 383,,,UNRESOLVED
Dhanraj_Aswani_vs_Amar_S_Mulchandani_on_9_September_2024_1.PDF,Financial Fraud,SCR 2020 2 1,,,UNRESOLVED
Dhanraj_Aswani_vs_Amar_S_Mulchandani_on_9_September_2024_1.PDF,Financial Fraud,SCR 1980 3 383,,,UNRESOLVED
Dhanraj_Aswani_vs_Amar_S_Mulchandani_on_9_September_2024_1.PDF,Financial Fraud,SCR 1952 284,The_State_Of_West_Bengal_vs_Anwar_All_Sarkarhabib_Mohamed_The_on_11_January_1952_1.PDF,Organized Crime / Extortion; Violent Crime / Homicide,CROSS_DOMAIN
Directorate_Of_Enforcement_Etc_vs_Bibhu_Prasad_Acharya_Etc_Etc_on_6_November_2024_1.PDF,Financial Fraud,SCC 1981 3 431,,,UNRESOLVED
Directorate_Of_Enforcement_Etc_vs_Bibhu_Prasad_Acharya_Etc_Etc_on_6_November_2024_1.PDF,Financial Fraud,SCC 1998 5 91,,,UNRESOLVED
Directorate_Of_Enforcement_Etc_vs_Bibhu_Prasad_Acharya_Etc_Etc_on_6_November_2024_1.PDF,Financial Fraud,SCC 2007 1 1,,,UNRESOLVED
Directorate_Of_Enforcement_Etc_vs_Bibhu_Prasad_Acharya_Etc_Etc_on_6_November_2024_1.PDF,Financial Fraud,SCC 2005 8 202,,,UNRESOLVED
Directorate_Of_Enforcement_Etc_vs_Bibhu_Prasad_Acharya_Etc_Etc_on_6_November_2024_1.PDF,Financial Fraud,SCC 2001 6 704,,,UNRESOLVED
Directorate_Of_Enforcement_vs_Niraj_Tyagi_on_13_February_2024_1.PDF,Financial Fraud,AIR 1960 SC 866,,,UNRESOLVED
Directorate_Of_Enforcement_vs_Niraj_Tyagi_on_13_February_2024_1.PDF,Financial Fraud,SCC 2020 4 440,,,UNRESOLVED
Directorate_Of_Enforcement_vs_Niraj_Tyagi_on_13_February_2024_1.PDF,Financial Fraud,SCC 2021 9 152,,,UNRESOLVED
Hdfc_Bank_Ltd_vs_The_State_Of_Bihar_on_22_October_2024_1.PDF,Financial Fraud,SCC 2021 2 427,,,UNRESOLVED
Hdfc_Bank_Ltd_vs_The_State_Of_Bihar_on_22_October_2024_1.PDF,Financial Fraud,SCC 2009 11 737,,,UNRESOLVED
Hdfc_Bank_Ltd_vs_The_State_Of_Bihar_on_22_October_2024_1.PDF,Financial Fraud,SCC 2021 19 401,,,UNRESOLVED
K_Bharathi_Devi_vs_The_State_Of_Telangana_on_3_October_2024_1.PDF,Financial Fraud,AIR 1999 SC 2554,,,UNRESOLVED
K_Bharathi_Devi_vs_The_State_Of_Telangana_on_3_October_2024_1.PDF,Financial Fraud,AIR 1999 SC 2554,,,UNRESOLVED
K_Bharathi_Devi_vs_The_State_Of_Telangana_on_3_October_2024_1.PDF,Financial Fraud,AIR 2003 SC 1386,,,UNRESOLVED
K_Bharathi_Devi_vs_The_State_Of_Telangana_on_3_October_2024_1.PDF,Financial Fraud,SCC 1996 5 591,,,UNRESOLVED
K_Bharathi_Devi_vs_The_State_Of_Telangana_on_3_October_2024_1.PDF,Financial Fraud,SCC 2008 9 677,,,UNRESOLVED
K_Bharathi_Devi_vs_The_State_Of_Telangana_on_3_October_2024_1.PDF,Financial Fraud,SCC 2012 10 303,,,UNRESOLVED
K_Bharathi_Devi_vs_The_State_Of_Telangana_on_3_October_2024_1.PDF,Financial Fraud,SCC 2014 5 364,,,UNRESOLVED
K_Bharathi_Devi_vs_The_State_Of_Telangana_on_3_October_2024_1.PDF,Financial Fraud,SCC 2014 6 466,,,UNRESOLVED
K_Bharathi_Devi_vs_The_State_Of_Telangana_on_3_October_2024_1.PDF,Financial Fraud,SCC 2014 15 235,,,UNRESOLVED
K_Bharathi_Devi_vs_The_State_Of_Telangana_on_3_October_2024_1.PDF,Financial Fraud,SCC 2017 5 350,,,UNRESOLVED
K_Bharathi_Devi_vs_The_State_Of_Telangana_on_3_October_2024_1.PDF,Financial Fraud,SCC 1992 4 305,,,UNRESOLVED
K_Bharathi_Devi_vs_The_State_Of_Telangana_on_3_October_2024_1.PDF,Financial Fraud,SCC 1998 4 409,,,UNRESOLVED
K_Bharathi_Devi_vs_The_State_Of_Telangana_on_3_October_2024_1.PDF,Financial Fraud,SCC 2003 4 675,,,UNRESOLVED
K_Bharathi_Devi_vs_The_State_Of_Telangana_on_3_October_2024_1.PDF,Financial Fraud,SCC 2003 4 675,,,UNRESOLVED
K_Bharathi_Devi_vs_The_State_Of_Telangana_on_3_October_2024_1.PDF,Financial Fraud,SCC 2003 4 675,,,UNRESOLVED
K_Bharathi_Devi_vs_The_State_Of_Telangana_on_3_October_2024_1.PDF,Financial Fraud,SCC 2008 16 1,,,UNRESOLVED
K_Bharathi_Devi_vs_The_State_Of_Telangana_on_3_October_2024_1.PDF,Financial Fraud,SCC 2010 15 118,,,UNRESOLVED
K_Bharathi_Devi_vs_The_State_Of_Telangana_on_3_October_2024_1.PDF,Financial Fraud,SCC 2012 10 303,,,UNRESOLVED
K_Bharathi_Devi_vs_The_State_Of_Telangana_on_3_October_2024_1.PDF,Financial Fraud,SCC 2003 4 675,,,UNRESOLVED
K_Bharathi_Devi_vs_The_State_Of_Telangana_on_3_October_2024_1.PDF,Financial Fraud,SCC 2008 9 677,,,UNRESOLVED
K_Bharathi_Devi_vs_The_State_Of_Telangana_on_3_October_2024_1.PDF,Financial Fraud,SCC 2008 16 1,,,UNRESOLVED
K_Bharathi_Devi_vs_The_State_Of_Telangana_on_3_October_2024_1.PDF,Financial Fraud,SCC 2011 10 705,,,UNRESOLVED
K_Bharathi_Devi_vs_The_State_Of_Telangana_on_3_October_2024_1.PDF,Financial Fraud,SCC 2003 4 675,,,UNRESOLVED
K_Bharathi_Devi_vs_The_State_Of_Telangana_on_3_October_2024_1.PDF,Financial Fraud,SCC 2008 9 677,,,UNRESOLVED
K_Bharathi_Devi_vs_The_State_Of_Telangana_on_3_October_2024_1.PDF,Financial Fraud,SCC 2008 16 1,,,UNRESOLVED
K_Bharathi_Devi_vs_The_State_Of_Telangana_on_3_October_2024_1.PDF,Financial Fraud,SCC 2011 10 705,,,UNRESOLVED
K_Bharathi_Devi_vs_The_State_Of_Telangana_on_3_October_2024_1.PDF,Financial Fraud,SCC 1990 2 437,,,UNRESOLVED
K_Bharathi_Devi_vs_The_State_Of_Telangana_on_3_October_2024_1.PDF,Financial Fraud,SCC 1993 1 435,,,UNRESOLVED
K_Bharathi_Devi_vs_The_State_Of_Telangana_on_3_October_2024_1.PDF,Financial Fraud,SCC 1999 6 146,,,UNRESOLVED
K_Bharathi_Devi_vs_The_State_Of_Telangana_on_3_October_2024_1.PDF,Financial Fraud,SCC 2008 15 667,,,UNRESOLVED
K_Bharathi_Devi_vs_The_State_Of_Telangana_on_3_October_2024_1.PDF,Financial Fraud,SCC 2009 6 364,,,UNRESOLVED
K_Bharathi_Devi_vs_The_State_Of_Telangana_on_3_October_2024_1.PDF,Financial Fraud,SCC 2012 11 321,,,UNRESOLVED
K_Bharathi_Devi_vs_The_State_Of_Telangana_on_3_October_2024_1.PDF,Financial Fraud,SCC 1990 2 437,,,UNRESOLVED
K_Bharathi_Devi_vs_The_State_Of_Telangana_on_3_October_2024_1.PDF,Financial Fraud,SCC 1993 1 435,,,UNRESOLVED
K_Bharathi_Devi_vs_The_State_Of_Telangana_on_3_October_2024_1.PDF,Financial Fraud,SCC 1999 6 146,,,UNRESOLVED
K_Bharathi_Devi_vs_The_State_Of_Telangana_on_3_October_2024_1.PDF,Financial Fraud,SCC 2008 15 667,,,UNRESOLVED
K_Bharathi_Devi_vs_The_State_Of_Telangana_on_3_October_2024_1.PDF,Financial Fraud,SCC 2009 6 364,,,UNRESOLVED
K_Bharathi_Devi_vs_The_State_Of_Telangana_on_3_October_2024_1.PDF,Financial Fraud,SCC 2012 11 321,,,UNRESOLVED
K_Bharathi_Devi_vs_The_State_Of_Telangana_on_3_October_2024_1.PDF,Financial Fraud,SCC 2003 4 675,,,UNRESOLVED
K_Bharathi_Devi_vs_The_State_Of_Telangana_on_3_October_2024_1.PDF,Financial Fraud,SCC 2008 9 677,,,UNRESOLVED
K_Bharathi_Devi_vs_The_State_Of_Telangana_on_3_October_2024_1.PDF,Financial Fraud,SCC 2008 16 1,,,UNRESOLVED
K_Bharathi_Devi_vs_The_State_Of_Telangana_on_3_October_2024_1.PDF,Financial Fraud,SCC 2003 4 675,,,UNRESOLVED
K_Bharathi_Devi_vs_The_State_Of_Telangana_on_3_October_2024_1.PDF,Financial Fraud,SCC 2008 9 677,,,UNRESOLVED
K_Bharathi_Devi_vs_The_State_Of_Telangana_on_3_October_2024_1.PDF,Financial Fraud,SCC 2012 11 321,,,UNRESOLVED
K_Bharathi_Devi_vs_The_State_Of_Telangana_on_3_October_2024_1.PDF,Financial Fraud,SCC 2012 11 321,,,UNRESOLVED
K_Bharathi_Devi_vs_The_State_Of_Telangana_on_3_October_2024_1.PDF,Financial Fraud,SCC 2003 4 675,,,UNRESOLVED
K_Bharathi_Devi_vs_The_State_Of_Telangana_on_3_October_2024_1.PDF,Financial Fraud,SCC 2008 9 677,,,UNRESOLVED
K_Bharathi_Devi_vs_The_State_Of_Telangana_on_3_October_2024_1.PDF,Financial Fraud,SCC 2012 10 303,,,UNRESOLVED
Mahesh_Damu_Khare_vs_The_State_Of_Maharashtra_on_26_November_2024_1.PDF,Financial Fraud,AIR 1960 SC 866,,,UNRESOLVED
Mahesh_Damu_Khare_vs_The_State_Of_Maharashtra_on_26_November_2024_1.PDF,Financial Fraud,SCC 2021 19 401,,,UNRESOLVED
Mahesh_Damu_Khare_vs_The_State_Of_Maharashtra_on_26_November_2024_1.PDF,Financial Fraud,SCC 2019 9 608,,,UNRESOLVED
Mahesh_Damu_Khare_vs_The_State_Of_Maharashtra_on_26_November_2024_1.PDF,Financial Fraud,SCC 2021 18 517,,,UNRESOLVED
Mahesh_Damu_Khare_vs_The_State_Of_Maharashtra_on_26_November_2024_1.PDF,Financial Fraud,SCC 2013 7 675,,,UNRESOLVED
Manish_Sisodia_vs_Directorate_Of_Enforcement_on_9_August_2024_1.PDF,Financial Fraud,SCC 2000 6 359,,,UNRESOLVED
Manish_Sisodia_vs_Directorate_Of_Enforcement_on_9_August_2024_1.PDF,Financial Fraud,SCC 2020 13 791,,,UNRESOLVED
Manish_Sisodia_vs_Directorate_Of_Enforcement_on_9_August_2024_1.PDF,Financial Fraud,SCC 2020 13 337,,,UNRESOLVED
Manish_Sisodia_vs_Directorate_Of_Enforcement_on_9_August_2024_1.PDF,Financial Fraud,SCC 1980 2 565,,,UNRESOLVED
Manish_Sisodia_vs_Directorate_Of_Enforcement_on_9_August_2024_1.PDF,Financial Fraud,SCC 2012 1 40,,,UNRESOLVED
Manish_Sisodia_vs_Directorate_Of_Enforcement_on_9_August_2024_1.PDF,Financial Fraud,SCC 2022 10 51,,,UNRESOLVED
Manish_Sisodia_vs_Directorate_Of_Enforcement_on_9_August_2024_1.PDF,Financial Fraud,SCC 2005 7 387,,,UNRESOLVED
Manish_Sisodia_vs_Directorate_Of_Enforcement_on_9_August_2024_1.PDF,Financial Fraud,SCC 2024 291,,,UNRESOLVED
Manish_Sisodia_vs_Directorate_Of_Enforcement_on_9_August_2024_1.PDF,Financial Fraud,SCC 2021 2 427,,,UNRESOLVED
Manish_Sisodia_vs_Directorate_Of_Enforcement_on_9_August_2024_1.PDF,Financial Fraud,SCC 1978 1 240,,,UNRESOLVED
Manish_Sisodia_vs_Directorate_Of_Enforcement_on_9_August_2024_1.PDF,Financial Fraud,SCC 1980 2 565,,,UNRESOLVED
Manish_Sisodia_vs_Directorate_Of_Enforcement_on_9_August_2024_1.PDF,Financial Fraud,SCC 1980 1 81,,,UNRESOLVED
Manish_Sisodia_vs_Directorate_Of_Enforcement_on_9_August_2024_1.PDF,Financial Fraud,SCC 2021 3 713,,,UNRESOLVED
Manish_Sisodia_vs_Directorate_Of_Enforcement_on_9_August_2024_1.PDF,Financial Fraud,SCC 2022 10 51,,,UNRESOLVED
Manish_Sisodia_vs_Directorate_Of_Enforcement_on_9_August_2024_1.PDF,Financial Fraud,SCC 1978 1 240,,,UNRESOLVED
Mariam_Fasihuddin_vs_State_By_Adugodi_Police_Station_on_22_January_2024_1.PDF,Financial Fraud,SCC 2021 5 435,,,UNRESOLVED
Mariam_Fasihuddin_vs_State_By_Adugodi_Police_Station_on_22_January_2024_1.PDF,Financial Fraud,SCC 2011 5 708,,,UNRESOLVED
Mariam_Fasihuddin_vs_State_By_Adugodi_Police_Station_on_22_January_2024_1.PDF,Financial Fraud,SCC 2013 5 762,,,UNRESOLVED
Mariam_Fasihuddin_vs_State_By_Adugodi_Police_Station_on_22_January_2024_1.PDF,Financial Fraud,SCC 1978 1 248,Mrs_Maneka_Gandhi_vs_Union_Of_India_Uoi_And_Anr_on_25_January_1978_1.PDF,Organized Crime / Extortion,CROSS_DOMAIN
Mariam_Fasihuddin_vs_State_By_Adugodi_Police_Station_on_22_January_2024_1.PDF,Financial Fraud,SCC 2019 1 1,,,UNRESOLVED
Mohd_Abaad_Ali_vs_Directtorate_Of_Revenue_Prosecution_on_20_February_2024_1.PDF,Financial Fraud,AIR 1974 SC 480,,,UNRESOLVED
Mohd_Abaad_Ali_vs_Directtorate_Of_Revenue_Prosecution_on_20_February_2024_1.PDF,Financial Fraud,SCC 1976 1 392,,,UNRESOLVED
Mohd_Abaad_Ali_vs_Directtorate_Of_Revenue_Prosecution_on_20_February_2024_1.PDF,Financial Fraud,SCR 1964 4 982,Kaushalya_Rani_vs_Gopal_Singh_on_20_September_1963_1.PDF,Financial Fraud,INTERNAL
Mulakala_Malleshwara_Rao_vs_The_State_Of_Telangana_on_29_August_2024_1.PDF,Financial Fraud,SCC 1985 2 370,,,UNRESOLVED
Mulakala_Malleshwara_Rao_vs_The_State_Of_Telangana_on_29_August_2024_1.PDF,Financial Fraud,SCC 1997 2 397,,,UNRESOLVED
Mulakala_Malleshwara_Rao_vs_The_State_Of_Telangana_on_29_August_2024_1.PDF,Financial Fraud,SCC 1988 1 692,,,UNRESOLVED
Mulakala_Malleshwara_Rao_vs_The_State_Of_Telangana_on_29_August_2024_1.PDF,Financial Fraud,SCC 2021 19 401,,,UNRESOLVED
Mulakala_Malleshwara_Rao_vs_The_State_Of_Telangana_on_29_August_2024_1.PDF,Financial Fraud,SCC 2019 16 739,,,UNRESOLVED
Mulakala_Malleshwara_Rao_vs_The_State_Of_Telangana_on_29_August_2024_1.PDF,Financial Fraud,SCC 2016 3 309,,,UNRESOLVED
Mulakala_Malleshwara_Rao_vs_The_State_Of_Telangana_on_29_August_2024_1.PDF,Financial Fraud,SCC 2010 8 775,,,UNRESOLVED
Mulakala_Malleshwara_Rao_vs_The_State_Of_Telangana_on_29_August_2024_1.PDF,Financial Fraud,SCC 2019 10 554,,,UNRESOLVED
M_R_Ajayan_vs_The_State_Of_Kerala_on_20_November_2024_1.PDF,Financial Fraud,SCC 2017 14 855,,,UNRESOLVED
M_R_Ajayan_vs_The_State_Of_Kerala_on_20_November_2024_1.PDF,Financial Fraud,SCC 1980 3 141,,,UNRESOLVED
M_R_Ajayan_vs_The_State_Of_Kerala_on_20_November_2024_1.PDF,Financial Fraud,SCC 2010 12 599,,,UNRESOLVED
M_R_Ajayan_vs_The_State_Of_Kerala_on_20_November_2024_1.PDF,Financial Fraud,SCC 2016 6 699,,,UNRESOLVED
M_R_Ajayan_vs_The_State_Of_Kerala_on_20_November_2024_1.PDF,Financial Fraud,SCC 1980 3 141,,,UNRESOLVED
M_R_Ajayan_vs_The_State_Of_Kerala_on_20_November_2024_1.PDF,Financial Fraud,SCC 2003 12 395,,,UNRESOLVED
M_R_Ajayan_vs_The_State_Of_Kerala_on_20_November_2024_1.PDF,Financial Fraud,SCC 2004 11 585,,,UNRESOLVED
M_R_Ajayan_vs_The_State_Of_Kerala_on_20_November_2024_1.PDF,Financial Fraud,SCC 2008 17 257,,,UNRESOLVED
M_R_Ajayan_vs_The_State_Of_Kerala_on_20_November_2024_1.PDF,Financial Fraud,SCC 2021 6 191,,,UNRESOLVED
M_R_Ajayan_vs_The_State_Of_Kerala_on_20_November_2024_1.PDF,Financial Fraud,SCC 1998 2 493,,,UNRESOLVED
M_R_Ajayan_vs_The_State_Of_Kerala_on_20_November_2024_1.PDF,Financial Fraud,SCC 2000 1 278,,,UNRESOLVED
M_R_Ajayan_vs_The_State_Of_Kerala_on_20_November_2024_1.PDF,Financial Fraud,SCC 2005 4 370,,,UNRESOLVED
M_R_Ajayan_vs_The_State_Of_Kerala_on_20_November_2024_1.PDF,Financial Fraud,SCC 2014 5 377,,,UNRESOLVED
M_R_Ajayan_vs_The_State_Of_Kerala_on_20_November_2024_1.PDF,Financial Fraud,SCC 2022 2 89,,,UNRESOLVED
Parvinder_Singh_Khurana_vs_Directorate_Of_Enforcement_on_23_July_2024_1.PDF,Financial Fraud,SCC 2013 16 190,,,UNRESOLVED
Parvinder_Singh_Khurana_vs_Directorate_Of_Enforcement_on_23_July_2024_1.PDF,Financial Fraud,SCC 2015 3 417,,,UNRESOLVED
Parvinder_Singh_Khurana_vs_Directorate_Of_Enforcement_on_23_July_2024_1.PDF,Financial Fraud,SCC 2001 6 338,,,UNRESOLVED
Parvinder_Singh_Khurana_vs_Directorate_Of_Enforcement_on_23_July_2024_1.PDF,Financial Fraud,SCC 2001 6 338,,,UNRESOLVED
Payal_Sharma_vs_State_Of_Punjab_on_26_November_2024_1.PDF,Financial Fraud,SCC 2010 7 667,,,UNRESOLVED
Payal_Sharma_vs_State_Of_Punjab_on_26_November_2024_1.PDF,Financial Fraud,SCC 2012 10 741,,,UNRESOLVED
Payal_Sharma_vs_State_Of_Punjab_on_26_November_2024_1.PDF,Financial Fraud,SCC 2022 6 599,,,UNRESOLVED
Payal_Sharma_vs_State_Of_Punjab_on_26_November_2024_1.PDF,Financial Fraud,SCC 2013 10 591,,,UNRESOLVED
Prem_Prakash_vs_Union_Of_India_Through_The_Directorate_on_28_August_2024_1.PDF,Financial Fraud,AIR 1964 SC 828,,,UNRESOLVED
Prem_Prakash_vs_Union_Of_India_Through_The_Directorate_on_28_August_2024_1.PDF,Financial Fraud,AIR 1932 MAD 24,,,UNRESOLVED
Prem_Prakash_vs_Union_Of_India_Through_The_Directorate_on_28_August_2024_1.PDF,Financial Fraud,AIR 1932 MAD 24,,,UNRESOLVED
Prem_Prakash_vs_Union_Of_India_Through_The_Directorate_on_28_August_2024_1.PDF,Financial Fraud,SCC 2005 5 294,,,UNRESOLVED
Prem_Prakash_vs_Union_Of_India_Through_The_Directorate_on_28_August_2024_1.PDF,Financial Fraud,SCC 1978 2 424,,,UNRESOLVED
Prem_Prakash_vs_Union_Of_India_Through_The_Directorate_on_28_August_2024_1.PDF,Financial Fraud,SCR 1952 526,Kashmira_Singh_vs_State_Of_Madhya_Pradesh_on_4_March_1952_1.PDF,,OUTSIDE_DOMAINS
Puneet_Sabharwal_vs_Cbi_on_19_March_2024_1.PDF,Financial Fraud,SCC 1996 6 559,,,UNRESOLVED
Puneet_Sabharwal_vs_Cbi_on_19_March_2024_1.PDF,Financial Fraud,SCC 2017 6 263,,,UNRESOLVED
Puneet_Sabharwal_vs_Cbi_on_19_March_2024_1.PDF,Financial Fraud,SCC 2011 3 581,,,UNRESOLVED
Puneet_Sabharwal_vs_Cbi_on_19_March_2024_1.PDF,Financial Fraud,SCC 2020 9 636,,,UNRESOLVED
Puneet_Sabharwal_vs_Cbi_on_19_March_2024_1.PDF,Financial Fraud,SCC 2022 7 370,,,UNRESOLVED
Puneet_Sabharwal_vs_Cbi_on_19_March_2024_1.PDF,Financial Fraud,SCC 2013 11 476,,,UNRESOLVED
Puneet_Sabharwal_vs_Cbi_on_19_March_2024_1.PDF,Financial Fraud,SCC 2007 4 380,,,UNRESOLVED
Puneet_Sabharwal_vs_Cbi_on_19_March_2024_1.PDF,Financial Fraud,SCC 2014 11 709,,,UNRESOLVED
Puneet_Sabharwal_vs_Cbi_on_19_March_2024_1.PDF,Financial Fraud,SCC 2007 4 380,,,UNRESOLVED
Puneet_Sabharwal_vs_Cbi_on_19_March_2024_1.PDF,Financial Fraud,SCC 2014 11 709,,,UNRESOLVED
Puneet_Sabharwal_vs_Cbi_on_19_March_2024_1.PDF,Financial Fraud,SCC 2021 18 135,,,UNRESOLVED
Puneet_Sabharwal_vs_Cbi_on_19_March_2024_1.PDF,Financial Fraud,SCC 2008 2 561,,,UNRESOLVED
Puneet_Sabharwal_vs_Cbi_on_19_March_2024_1.PDF,Financial Fraud,SCC 1977 2 699,,,UNRESOLVED
Raghuveer_Sharan_vs_District_Sahakari_Krishi_Gramin_Vikas_on_10_September_2024_1.PDF,Financial Fraud,AIR 1968 SC 938,,,UNRESOLVED
Raghuveer_Sharan_vs_District_Sahakari_Krishi_Gramin_Vikas_on_10_September_2024_1.PDF,Financial Fraud,SCC 2015 7 497,,,UNRESOLVED
Raghuveer_Sharan_vs_District_Sahakari_Krishi_Gramin_Vikas_on_10_September_2024_1.PDF,Financial Fraud,SCC 2004 4 236,,,UNRESOLVED
Rajendra_Bhagwanji_Umraniya_vs_The_State_Of_Gujarat_on_9_May_2024_1.PDF,Financial Fraud,SCC 2013 6 770,,,UNRESOLVED
Rajendra_Bhagwanji_Umraniya_vs_The_State_Of_Gujarat_on_9_May_2024_1.PDF,Financial Fraud,SCC 1981 1 107,Maru_Ram_And_Ors_vs_Union_Of_India_Uoi_And_Ors_on_11_November_1980_1.PDF,Violent Crime / Homicide,CROSS_DOMAIN
Rajendra_Bhagwanji_Umraniya_vs_The_State_Of_Gujarat_on_9_May_2024_1.PDF,Financial Fraud,SCC 1988 4 551,,,UNRESOLVED
Rinku_Baheti_vs_Sandesh_Sharda_on_19_December_2024_1.PDF,Financial Fraud,SCC 2006 4 558,,,UNRESOLVED
Rinku_Baheti_vs_Sandesh_Sharda_on_19_December_2024_1.PDF,Financial Fraud,SCC 2021 2 324,,,UNRESOLVED
Rinku_Baheti_vs_Sandesh_Sharda_on_19_December_2024_1.PDF,Financial Fraud,SCR 2023 5 165,,,UNRESOLVED
Rinku_Baheti_vs_Sandesh_Sharda_on_19_December_2024_1.PDF,Financial Fraud,SCR 2023 4 473,,,UNRESOLVED
Rinku_Baheti_vs_Sandesh_Sharda_on_19_December_2024_1.PDF,Financial Fraud,SCR 2023 13 832,,,UNRESOLVED
Rinku_Baheti_vs_Sandesh_Sharda_on_19_December_2024_1.PDF,Financial Fraud,SCR 2023 3 552,,,UNRESOLVED
Rinku_Baheti_vs_Sandesh_Sharda_on_19_December_2024_1.PDF,Financial Fraud,SCR 2024 7 933,,,UNRESOLVED
Rinku_Baheti_vs_Sandesh_Sharda_on_19_December_2024_1.PDF,Financial Fraud,SCR 2024 1 697,,,UNRESOLVED
Rinku_Baheti_vs_Sandesh_Sharda_on_19_December_2024_1.PDF,Financial Fraud,SCR 2019 12 873,,,UNRESOLVED
Rinku_Baheti_vs_Sandesh_Sharda_on_19_December_2024_1.PDF,Financial Fraud,SCR 2019 15 169,,,UNRESOLVED
Rinku_Baheti_vs_Sandesh_Sharda_on_19_December_2024_1.PDF,Financial Fraud,SCR 2022 16 498,,,UNRESOLVED
Rinku_Baheti_vs_Sandesh_Sharda_on_19_December_2024_1.PDF,Financial Fraud,SCR 2013 2 126,,,UNRESOLVED
Rinku_Baheti_vs_Sandesh_Sharda_on_19_December_2024_1.PDF,Financial Fraud,SCR 2009 14 90,,,UNRESOLVED
Rinku_Baheti_vs_Sandesh_Sharda_on_19_December_2024_1.PDF,Financial Fraud,SCR 2024 6 129,,,UNRESOLVED
Rinku_Baheti_vs_Sandesh_Sharda_on_19_December_2024_1.PDF,Financial Fraud,SCR 2010 9 1168,,,UNRESOLVED
Rinku_Baheti_vs_Sandesh_Sharda_on_19_December_2024_1.PDF,Financial Fraud,SCR 2024 5 510,,,UNRESOLVED
Rinku_Baheti_vs_Sandesh_Sharda_on_19_December_2024_1.PDF,Financial Fraud,SCR 2024 7 942,,,UNRESOLVED
Rinku_Baheti_vs_Sandesh_Sharda_on_19_December_2024_1.PDF,Financial Fraud,SCR 2011 9 371,,,UNRESOLVED
Rinku_Baheti_vs_Sandesh_Sharda_on_19_December_2024_1.PDF,Financial Fraud,SCR 2012 7 607,,,UNRESOLVED
Satyendar_Kumar_Jain_vs_Directorate_Of_Enforcement_on_18_March_2024_1.PDF,Financial Fraud,SCC 2009 10 184,,,UNRESOLVED
Satyendar_Kumar_Jain_vs_Directorate_Of_Enforcement_on_18_March_2024_1.PDF,Financial Fraud,SCC 2020 2 743,,,UNRESOLVED
Satyendar_Kumar_Jain_vs_Directorate_Of_Enforcement_on_18_March_2024_1.PDF,Financial Fraud,SCC 2015 16 1,,,UNRESOLVED
Satyendar_Kumar_Jain_vs_Directorate_Of_Enforcement_on_18_March_2024_1.PDF,Financial Fraud,SCC 2018 11 46,,,UNRESOLVED
Sharif_Ahmad_vs_The_State_Of_Uttar_Pradesh_Home_on_1_May_2024_1.PDF,Financial Fraud,AIR 1951 SC 441,,,UNRESOLVED
Sharif_Ahmad_vs_The_State_Of_Uttar_Pradesh_Home_on_1_May_2024_1.PDF,Financial Fraud,AIR 1962 SC 1821,,,UNRESOLVED
Sharif_Ahmad_vs_The_State_Of_Uttar_Pradesh_Home_on_1_May_2024_1.PDF,Financial Fraud,AIR 1989 SC 885,,,UNRESOLVED
Sharif_Ahmad_vs_The_State_Of_Uttar_Pradesh_Home_on_1_May_2024_1.PDF,Financial Fraud,AIR 1960 SC 866,,,UNRESOLVED
Sharif_Ahmad_vs_The_State_Of_Uttar_Pradesh_Home_on_1_May_2024_1.PDF,Financial Fraud,AIR 1968 SC 117,,,UNRESOLVED
Sharif_Ahmad_vs_The_State_Of_Uttar_Pradesh_Home_on_1_May_2024_1.PDF,Financial Fraud,AIR 1968 SC 700,,,UNRESOLVED
Sharif_Ahmad_vs_The_State_Of_Uttar_Pradesh_Home_on_1_May_2024_1.PDF,Financial Fraud,SCC 2022 1 676,,,UNRESOLVED
Sharif_Ahmad_vs_The_State_Of_Uttar_Pradesh_Home_on_1_May_2024_1.PDF,Financial Fraud,SCC 1985 2 537,,,UNRESOLVED
Sharif_Ahmad_vs_The_State_Of_Uttar_Pradesh_Home_on_1_May_2024_1.PDF,Financial Fraud,SCC 2006 4 359,,,UNRESOLVED
Sharif_Ahmad_vs_The_State_Of_Uttar_Pradesh_Home_on_1_May_2024_1.PDF,Financial Fraud,SCC 1989 2 132,,,UNRESOLVED
Sharif_Ahmad_vs_The_State_Of_Uttar_Pradesh_Home_on_1_May_2024_1.PDF,Financial Fraud,SCC 2012 5 424,,,UNRESOLVED
Sharif_Ahmad_vs_The_State_Of_Uttar_Pradesh_Home_on_1_May_2024_1.PDF,Financial Fraud,SCC 1991 3 655,K_Veeraswami_vs_Union_Of_India_And_Others_on_25_July_1991_1.PDF,Corruption,CROSS_DOMAIN
Sharif_Ahmad_vs_The_State_Of_Uttar_Pradesh_Home_on_1_May_2024_1.PDF,Financial Fraud,SCC 2007 1 1,,,UNRESOLVED
Sharif_Ahmad_vs_The_State_Of_Uttar_Pradesh_Home_on_1_May_2024_1.PDF,Financial Fraud,SCC 2015 3 417,,,UNRESOLVED
Sharif_Ahmad_vs_The_State_Of_Uttar_Pradesh_Home_on_1_May_2024_1.PDF,Financial Fraud,SCC 2002 5 82,,,UNRESOLVED
Sharif_Ahmad_vs_The_State_Of_Uttar_Pradesh_Home_on_1_May_2024_1.PDF,Financial Fraud,SCC 1980 3 152,Satya_Narain_Musadi_And_Ors_vs_State_Of_Bihar_on_17_September_1979_1.PDF,Financial Fraud,INTERNAL
Sharif_Ahmad_vs_The_State_Of_Uttar_Pradesh_Home_on_1_May_2024_1.PDF,Financial Fraud,SCC 1954 2 934,,,UNRESOLVED
Sharif_Ahmad_vs_The_State_Of_Uttar_Pradesh_Home_on_1_May_2024_1.PDF,Financial Fraud,SCC 2006 6 736,,,UNRESOLVED
Sharif_Ahmad_vs_The_State_Of_Uttar_Pradesh_Home_on_1_May_2024_1.PDF,Financial Fraud,SCC 1996 5 591,,,UNRESOLVED
Sharif_Ahmad_vs_The_State_Of_Uttar_Pradesh_Home_on_1_May_2024_1.PDF,Financial Fraud,SCC 2015 7 423,,,UNRESOLVED
Sharif_Ahmad_vs_The_State_Of_Uttar_Pradesh_Home_on_1_May_2024_1.PDF,Financial Fraud,SCC 2023 3 423,,,UNRESOLVED
Sharif_Ahmad_vs_The_State_Of_Uttar_Pradesh_Home_on_1_May_2024_1.PDF,Financial Fraud,SCC 2006 6 736,,,UNRESOLVED
Sharif_Ahmad_vs_The_State_Of_Uttar_Pradesh_Home_on_1_May_2024_1.PDF,Financial Fraud,SCC 2007 12 1,,,UNRESOLVED
Sharif_Ahmad_vs_The_State_Of_Uttar_Pradesh_Home_on_1_May_2024_1.PDF,Financial Fraud,SCC 2014 3 321,,,UNRESOLVED
Sharif_Ahmad_vs_The_State_Of_Uttar_Pradesh_Home_on_1_May_2024_1.PDF,Financial Fraud,SCC 1979 4 167,,,UNRESOLVED
Sharif_Ahmad_vs_The_State_Of_Uttar_Pradesh_Home_on_1_May_2024_1.PDF,Financial Fraud,SCC 2020 12 695,,,UNRESOLVED
Sharif_Ahmad_vs_The_State_Of_Uttar_Pradesh_Home_on_1_May_2024_1.PDF,Financial Fraud,SCC 2006 7 296,,,UNRESOLVED
Sharif_Ahmad_vs_The_State_Of_Uttar_Pradesh_Home_on_1_May_2024_1.PDF,Financial Fraud,SCR 2022 6 1,,,UNRESOLVED
Sri_Dattatraya_vs_Sharanappa_on_7_August_2024_1.PDF,Financial Fraud,SCC 2010 11 441,,,UNRESOLVED
Sri_Dattatraya_vs_Sharanappa_on_7_August_2024_1.PDF,Financial Fraud,SCC 2002 6 426,,,UNRESOLVED
Sri_Dattatraya_vs_Sharanappa_on_7_August_2024_1.PDF,Financial Fraud,SCC 1998 6 514,,,UNRESOLVED
Sri_Dattatraya_vs_Sharanappa_on_7_August_2024_1.PDF,Financial Fraud,SCC 1999 7 510,,,UNRESOLVED
Sri_Dattatraya_vs_Sharanappa_on_7_August_2024_1.PDF,Financial Fraud,SCC 2012 13 375,,,UNRESOLVED
Sri_Dattatraya_vs_Sharanappa_on_7_August_2024_1.PDF,Financial Fraud,SCC 2001 6 16,,,UNRESOLVED
Sri_Dattatraya_vs_Sharanappa_on_7_August_2024_1.PDF,Financial Fraud,SCC 2023 10 148,,,UNRESOLVED
Sri_Dattatraya_vs_Sharanappa_on_7_August_2024_1.PDF,Financial Fraud,SCC 2019 4 197,,,UNRESOLVED
Sri_Dattatraya_vs_Sharanappa_on_7_August_2024_1.PDF,Financial Fraud,SCC 2001 8 458,,,UNRESOLVED
Sri_Dattatraya_vs_Sharanappa_on_7_August_2024_1.PDF,Financial Fraud,SCC 1997 3 747,,,UNRESOLVED
Sri_Dattatraya_vs_Sharanappa_on_7_August_2024_1.PDF,Financial Fraud,SCC 2010 9 189,,,UNRESOLVED
Sri_Dattatraya_vs_Sharanappa_on_7_August_2024_1.PDF,Financial Fraud,SCC 2023 10 148,,,UNRESOLVED
Sri_Dattatraya_vs_Sharanappa_on_7_August_2024_1.PDF,Financial Fraud,SCC 2024 4 469,,,UNRESOLVED
Sri_Dattatraya_vs_Sharanappa_on_7_August_2024_1.PDF,Financial Fraud,SCC 2022 3 471,,,UNRESOLVED
Tarsem_Lal_vs_Directorate_Of_Enforcement_Jalandhar_on_16_May_2024_1.PDF,Financial Fraud,SCC 2018 16 158,,,UNRESOLVED
Tarsem_Lal_vs_Directorate_Of_Enforcement_Jalandhar_on_16_May_2024_1.PDF,Financial Fraud,SCC 2021 10 773,,,UNRESOLVED
Tarsem_Lal_vs_Directorate_Of_Enforcement_Jalandhar_on_16_May_2024_1.PDF,Financial Fraud,SCC 2022 10 51,,,UNRESOLVED
Tarsem_Lal_vs_Directorate_Of_Enforcement_Jalandhar_on_16_May_2024_1.PDF,Financial Fraud,SCC 2007 12 1,,,UNRESOLVED
Tarsem_Lal_vs_Directorate_Of_Enforcement_Jalandhar_on_16_May_2024_1.PDF,Financial Fraud,SCC 2013 6 573,,,UNRESOLVED
Tarsem_Lal_vs_Directorate_Of_Enforcement_Jalandhar_on_16_May_2024_1.PDF,Financial Fraud,SCC 2018 5 743,,,UNRESOLVED
Tarsem_Lal_vs_Directorate_Of_Enforcement_Jalandhar_on_16_May_2024_1.PDF,Financial Fraud,SCC 1970 3 739,,,UNRESOLVED
Tarsem_Lal_vs_Directorate_Of_Enforcement_Jalandhar_on_16_May_2024_1.PDF,Financial Fraud,SCC 1970 3 739,,,UNRESOLVED
Tarsem_Lal_vs_Directorate_Of_Enforcement_Jalandhar_on_16_May_2024_1.PDF,Financial Fraud,SCR 2022 6 382,,,UNRESOLVED
Tarsem_Lal_vs_Directorate_Of_Enforcement_Jalandhar_on_16_May_2024_1.PDF,Financial Fraud,SCR 2007 10 847,,,UNRESOLVED
Tarsem_Lal_vs_Directorate_Of_Enforcement_Jalandhar_on_16_May_2024_1.PDF,Financial Fraud,SCR 2018 9 248,,,UNRESOLVED
Tusharbhai_Rajnikantbhai_Shah_vs_State_Of_Gujarat_on_7_August_2024_1.PDF,Financial Fraud,SCC 2011 1 694,,,UNRESOLVED
Tusharbhai_Rajnikantbhai_Shah_vs_State_Of_Gujarat_on_7_August_2024_1.PDF,Financial Fraud,SCC 2021 1 184,,,UNRESOLVED
Tusharbhai_Rajnikantbhai_Shah_vs_State_Of_Gujarat_on_7_August_2024_1.PDF,Financial Fraud,SCC 2020 5 1,,,UNRESOLVED
Tusharbhai_Rajnikantbhai_Shah_vs_State_Of_Gujarat_on_7_August_2024_1.PDF,Financial Fraud,SCC 2011 5 244,,,UNRESOLVED
Tusharbhai_Rajnikantbhai_Shah_vs_State_Of_Gujarat_on_7_August_2024_1.PDF,Financial Fraud,SCC 2019 9 24,,,UNRESOLVED
Union_Of_India_And_Ors_vs_Prohlad_Guha_Etc_on_1_August_2024_1.PDF,Financial Fraud,AIR 1963 SC 1558,,,UNRESOLVED
Union_Of_India_And_Ors_vs_Prohlad_Guha_Etc_on_1_August_2024_1.PDF,Financial Fraud,AIR 1996 SC 1340,,,UNRESOLVED
Union_Of_India_And_Ors_vs_Prohlad_Guha_Etc_on_1_August_2024_1.PDF,Financial Fraud,SCC 2009 10 32,,,UNRESOLVED
Union_Of_India_And_Ors_vs_Prohlad_Guha_Etc_on_1_August_2024_1.PDF,Financial Fraud,SCC 1994 4 138,Umesh_Kumar_Nagpal_vs_State_Of_Haryana_Sawant_J_on_4_May_1994_1.PDF,,OUTSIDE_DOMAINS
Union_Of_India_And_Ors_vs_Prohlad_Guha_Etc_on_1_August_2024_1.PDF,Financial Fraud,SCC 2021 16 384,,,UNRESOLVED
Union_Of_India_And_Ors_vs_Prohlad_Guha_Etc_on_1_August_2024_1.PDF,Financial Fraud,SCC 2008 15 560,,,UNRESOLVED
Union_Of_India_And_Ors_vs_Prohlad_Guha_Etc_on_1_August_2024_1.PDF,Financial Fraud,SCC 2008 8 475,,,UNRESOLVED
Union_Of_India_And_Ors_vs_Prohlad_Guha_Etc_on_1_August_2024_1.PDF,Financial Fraud,SCC 2007 8 449,,,UNRESOLVED
Union_Of_India_And_Ors_vs_Prohlad_Guha_Etc_on_1_August_2024_1.PDF,Financial Fraud,SCC 2010 2 114,,,UNRESOLVED
Union_Of_India_And_Ors_vs_Prohlad_Guha_Etc_on_1_August_2024_1.PDF,Financial Fraud,SCC 2007 8 449,,,UNRESOLVED
Union_Of_India_And_Ors_vs_Prohlad_Guha_Etc_on_1_August_2024_1.PDF,Financial Fraud,SCC 1999 3 679,,,UNRESOLVED
Union_Of_India_And_Ors_vs_Prohlad_Guha_Etc_on_1_August_2024_1.PDF,Financial Fraud,SCC 2023 10 675,,,UNRESOLVED
Union_Of_India_And_Ors_vs_Prohlad_Guha_Etc_on_1_August_2024_1.PDF,Financial Fraud,SCC 1992 1 534,,,UNRESOLVED
Union_Of_India_And_Ors_vs_Prohlad_Guha_Etc_on_1_August_2024_1.PDF,Financial Fraud,SCC 2003 8 311,,,UNRESOLVED
Union_Of_India_And_Ors_vs_Prohlad_Guha_Etc_on_1_August_2024_1.PDF,Financial Fraud,SCC 2004 2 105,,,UNRESOLVED
Union_Of_India_And_Ors_vs_Prohlad_Guha_Etc_on_1_August_2024_1.PDF,Financial Fraud,SCC 1996 4 127,Union_Of_India_Ors_vs_Major_General_Madan_Lal_Yadav__Retd___on_22_March_1996.PDF,Organized Crime / Extortion,CROSS_DOMAIN
Union_Of_India_And_Ors_vs_Prohlad_Guha_Etc_on_1_August_2024_1.PDF,Financial Fraud,SCC 2000 6 224,,,UNRESOLVED
Union_Of_India_And_Ors_vs_Prohlad_Guha_Etc_on_1_August_2024_1.PDF,Financial Fraud,SCC 2013 9 363,,,UNRESOLVED
Vakil_Ahmad_vs_The_State_Of_Uttar_Pradesh_Home_on_1_May_2024_1.PDF,Financial Fraud,AIR 1951 SC 441,,,UNRESOLVED
Vakil_Ahmad_vs_The_State_Of_Uttar_Pradesh_Home_on_1_May_2024_1.PDF,Financial Fraud,AIR 1962 SC 1821,,,UNRESOLVED
Vakil_Ahmad_vs_The_State_Of_Uttar_Pradesh_Home_on_1_May_2024_1.PDF,Financial Fraud,AIR 1989 SC 885,,,UNRESOLVED
Vakil_Ahmad_vs_The_State_Of_Uttar_Pradesh_Home_on_1_May_2024_1.PDF,Financial Fraud,AIR 1960 SC 866,,,UNRESOLVED
Vakil_Ahmad_vs_The_State_Of_Uttar_Pradesh_Home_on_1_May_2024_1.PDF,Financial Fraud,AIR 1968 SC 117,,,UNRESOLVED
Vakil_Ahmad_vs_The_State_Of_Uttar_Pradesh_Home_on_1_May_2024_1.PDF,Financial Fraud,AIR 1968 SC 700,,,UNRESOLVED
Vakil_Ahmad_vs_The_State_Of_Uttar_Pradesh_Home_on_1_May_2024_1.PDF,Financial Fraud,SCC 2022 1 676,,,UNRESOLVED
Vakil_Ahmad_vs_The_State_Of_Uttar_Pradesh_Home_on_1_May_2024_1.PDF,Financial Fraud,SCC 1985 2 537,,,UNRESOLVED
Vakil_Ahmad_vs_The_State_Of_Uttar_Pradesh_Home_on_1_May_2024_1.PDF,Financial Fraud,SCC 2006 4 359,,,UNRESOLVED
Vakil_Ahmad_vs_The_State_Of_Uttar_Pradesh_Home_on_1_May_2024_1.PDF,Financial Fraud,SCC 1989 2 132,,,UNRESOLVED
Vakil_Ahmad_vs_The_State_Of_Uttar_Pradesh_Home_on_1_May_2024_1.PDF,Financial Fraud,SCC 2012 5 424,,,UNRESOLVED
Vakil_Ahmad_vs_The_State_Of_Uttar_Pradesh_Home_on_1_May_2024_1.PDF,Financial Fraud,SCC 1991 3 655,K_Veeraswami_vs_Union_Of_India_And_Others_on_25_July_1991_1.PDF,Corruption,CROSS_DOMAIN
Vakil_Ahmad_vs_The_State_Of_Uttar_Pradesh_Home_on_1_May_2024_1.PDF,Financial Fraud,SCC 2007 1 1,,,UNRESOLVED
Vakil_Ahmad_vs_The_State_Of_Uttar_Pradesh_Home_on_1_May_2024_1.PDF,Financial Fraud,SCC 2015 3 417,,,UNRESOLVED
Vakil_Ahmad_vs_The_State_Of_Uttar_Pradesh_Home_on_1_May_2024_1.PDF,Financial Fraud,SCC 2002 5 82,,,UNRESOLVED
Vakil_Ahmad_vs_The_State_Of_Uttar_Pradesh_Home_on_1_May_2024_1.PDF,Financial Fraud,SCC 1980 3 152,Satya_Narain_Musadi_And_Ors_vs_State_Of_Bihar_on_17_September_1979_1.PDF,Financial Fraud,INTERNAL
Vakil_Ahmad_vs_The_State_Of_Uttar_Pradesh_Home_on_1_May_2024_1.PDF,Financial Fraud,SCC 1954 2 934,,,UNRESOLVED
Vakil_Ahmad_vs_The_State_Of_Uttar_Pradesh_Home_on_1_May_2024_1.PDF,Financial Fraud,SCC 2006 6 736,,,UNRESOLVED
Vakil_Ahmad_vs_The_State_Of_Uttar_Pradesh_Home_on_1_May_2024_1.PDF,Financial Fraud,SCC 1996 5 591,,,UNRESOLVED
Vakil_Ahmad_vs_The_State_Of_Uttar_Pradesh_Home_on_1_May_2024_1.PDF,Financial Fraud,SCC 2015 7 423,,,UNRESOLVED
Vakil_Ahmad_vs_The_State_Of_Uttar_Pradesh_Home_on_1_May_2024_1.PDF,Financial Fraud,SCC 2023 3 423,,,UNRESOLVED
Vakil_Ahmad_vs_The_State_Of_Uttar_Pradesh_Home_on_1_May_2024_1.PDF,Financial Fraud,SCC 2006 6 736,,,UNRESOLVED
Vakil_Ahmad_vs_The_State_Of_Uttar_Pradesh_Home_on_1_May_2024_1.PDF,Financial Fraud,SCC 2007 12 1,,,UNRESOLVED
Vakil_Ahmad_vs_The_State_Of_Uttar_Pradesh_Home_on_1_May_2024_1.PDF,Financial Fraud,SCC 2014 3 321,,,UNRESOLVED
Vakil_Ahmad_vs_The_State_Of_Uttar_Pradesh_Home_on_1_May_2024_1.PDF,Financial Fraud,SCC 1979 4 167,,,UNRESOLVED
Vakil_Ahmad_vs_The_State_Of_Uttar_Pradesh_Home_on_1_May_2024_1.PDF,Financial Fraud,SCC 2020 12 695,,,UNRESOLVED
Vakil_Ahmad_vs_The_State_Of_Uttar_Pradesh_Home_on_1_May_2024_1.PDF,Financial Fraud,SCC 2006 7 296,,,UNRESOLVED
Vakil_Ahmad_vs_The_State_Of_Uttar_Pradesh_Home_on_1_May_2024_1.PDF,Financial Fraud,SCR 2022 6 1,,,UNRESOLVED
Vipin_Sahni_vs_Central_Bureau_Of_Investigation_Cbi_on_8_April_2024_1.PDF,Financial Fraud,AIR 1961 SC 218,,,UNRESOLVED
Vipin_Sahni_vs_Central_Bureau_Of_Investigation_Cbi_on_8_April_2024_1.PDF,Financial Fraud,AIR 1962 SC 527,,,UNRESOLVED
Vipin_Sahni_vs_Central_Bureau_Of_Investigation_Cbi_on_8_April_2024_1.PDF,Financial Fraud,SCC 1970 2 740,,,UNRESOLVED
Vipin_Sahni_vs_Central_Bureau_Of_Investigation_Cbi_on_8_April_2024_1.PDF,Financial Fraud,SCC 2010 10 361,,,UNRESOLVED
Vipin_Sahni_vs_Central_Bureau_Of_Investigation_Cbi_on_8_April_2024_1.PDF,Financial Fraud,SCC 2013 7 789,,,UNRESOLVED
Vishal_Tiwari_vs_Union_Of_India_on_3_January_2024_1.PDF,Financial Fraud,SCC 2023 4 209,,,UNRESOLVED
Vishal_Tiwari_vs_Union_Of_India_on_3_January_2024_1.PDF,Financial Fraud,SCC 2013 12 480,,,UNRESOLVED
V_Senthil_Balaji_vs_The_Deputy_Director_on_26_September_2024_1.PDF,Financial Fraud,SCC 2021 3 713,,,UNRESOLVED
V_Senthil_Balaji_vs_The_Deputy_Director_on_26_September_2024_1.PDF,Financial Fraud,SCC 2022 15 136,,,UNRESOLVED
V_Senthil_Balaji_vs_The_Deputy_Director_on_26_September_2024_1.PDF,Financial Fraud,SCC 1978 1 240,,,UNRESOLVED
C_Kamalakkannan_vs_The_State_Of_Tamil_Nadu_on_3_March_2025_1.PDF,Financial Fraud,SCC 1980 1 704,,,UNRESOLVED
Hiralal_Babulal_Soni_vs_The_State_Of_Maharashtra_on_25_February_2025_1.PDF,Financial Fraud,AIR 1954 SC 39,Trimbak_vs_The_State_Of_Madhya_Pradesh_on_12_March_1953_1.PDF,,OUTSIDE_DOMAINS
Hiralal_Babulal_Soni_vs_The_State_Of_Maharashtra_on_25_February_2025_1.PDF,Financial Fraud,SCC 1979 4 751,Mohan_Lal_vs_State_Of_Maharashtra_on_6_April_1979_1.PDF,,OUTSIDE_DOMAINS
Hiralal_Babulal_Soni_vs_The_State_Of_Maharashtra_on_25_February_2025_1.PDF,Financial Fraud,SCC 2022 9 676,,,UNRESOLVED
Hiralal_Babulal_Soni_vs_The_State_Of_Maharashtra_on_25_February_2025_1.PDF,Financial Fraud,SCC 2021 10 725,,,UNRESOLVED
Jamin_vs_State_Of_Uttar_Pradesh_on_6_March_2025_1.PDF,Financial Fraud,AIR 2013 SC 3018,,,UNRESOLVED
Jamin_vs_State_Of_Uttar_Pradesh_on_6_March_2025_1.PDF,Financial Fraud,AIR 1955 SC 633,,,UNRESOLVED
Jamin_vs_State_Of_Uttar_Pradesh_on_6_March_2025_1.PDF,Financial Fraud,SCC 2023 1 289,,,UNRESOLVED
Jamin_vs_State_Of_Uttar_Pradesh_on_6_March_2025_1.PDF,Financial Fraud,SCC 2002 5 738,,,UNRESOLVED
Jamin_vs_State_Of_Uttar_Pradesh_on_6_March_2025_1.PDF,Financial Fraud,SCC 2014 3 92,,,UNRESOLVED
Jamin_vs_State_Of_Uttar_Pradesh_on_6_March_2025_1.PDF,Financial Fraud,SCC 2012 10 517,,,UNRESOLVED
Jamin_vs_State_Of_Uttar_Pradesh_on_6_March_2025_1.PDF,Financial Fraud,SCC 2020 6 625,,,UNRESOLVED
Jamin_vs_State_Of_Uttar_Pradesh_on_6_March_2025_1.PDF,Financial Fraud,SCC 2011 13 316,,,UNRESOLVED
Jamin_vs_State_Of_Uttar_Pradesh_on_6_March_2025_1.PDF,Financial Fraud,SCC 1983 1 1,,,UNRESOLVED
Jamin_vs_State_Of_Uttar_Pradesh_on_6_March_2025_1.PDF,Financial Fraud,SCC 1993 2 16,Kishun_Singh_And_Ors_vs_State_Of_Bihar_on_11_January_1993_1.PDF,Financial Fraud,INTERNAL
Jamin_vs_State_Of_Uttar_Pradesh_on_6_March_2025_1.PDF,Financial Fraud,SCC 1996 4 495,,,UNRESOLVED
Jamin_vs_State_Of_Uttar_Pradesh_on_6_March_2025_1.PDF,Financial Fraud,SCC 2010 1 250,,,UNRESOLVED
Jamin_vs_State_Of_Uttar_Pradesh_on_6_March_2025_1.PDF,Financial Fraud,SCC 2014 3 306,,,UNRESOLVED
Jamin_vs_State_Of_Uttar_Pradesh_on_6_March_2025_1.PDF,Financial Fraud,SCC 2014 3 92,,,UNRESOLVED
Jamin_vs_State_Of_Uttar_Pradesh_on_6_March_2025_1.PDF,Financial Fraud,SCC 2002 5 738,,,UNRESOLVED
Jamin_vs_State_Of_Uttar_Pradesh_on_6_March_2025_1.PDF,Financial Fraud,SCC 2015 7 497,,,UNRESOLVED
Jamin_vs_State_Of_Uttar_Pradesh_on_6_March_2025_1.PDF,Financial Fraud,SCC 2012 9 460,,,UNRESOLVED
Jamin_vs_State_Of_Uttar_Pradesh_on_6_March_2025_1.PDF,Financial Fraud,SCC 1981 1 107,Maru_Ram_And_Ors_vs_Union_Of_India_Uoi_And_Ors_on_11_November_1980_1.PDF,Violent Crime / Homicide,CROSS_DOMAIN
Jamin_vs_State_Of_Uttar_Pradesh_on_6_March_2025_1.PDF,Financial Fraud,SCC 1969 2 74,Shankar_Ramchandra_Abhyankar_vs_Krishnaji_Dattatreya_Bapat_on_16_April_1969_1.PDF,,OUTSIDE_DOMAINS
Jamin_vs_State_Of_Uttar_Pradesh_on_6_March_2025_1.PDF,Financial Fraud,SCC 1975 1 770,,,UNRESOLVED
Jamin_vs_State_Of_Uttar_Pradesh_on_6_March_2025_1.PDF,Financial Fraud,SCC 2001 5 453,,,UNRESOLVED
Jamin_vs_State_Of_Uttar_Pradesh_on_6_March_2025_1.PDF,Financial Fraud,SCC 1996 1 718,,,UNRESOLVED
Jamin_vs_State_Of_Uttar_Pradesh_on_6_March_2025_1.PDF,Financial Fraud,SCC 1994 5 410,Sunjay_Datt_vs_State_Ii_on_9_September_1994_1.PDF,Organized Crime / Extortion,CROSS_DOMAIN
Jamin_vs_State_Of_Uttar_Pradesh_on_6_March_2025_1.PDF,Financial Fraud,SCC 1992 4 272,,,UNRESOLVED
Jamin_vs_State_Of_Uttar_Pradesh_on_6_March_2025_1.PDF,Financial Fraud,SCC 1996 1 722,,,UNRESOLVED
Jamin_vs_State_Of_Uttar_Pradesh_on_6_March_2025_1.PDF,Financial Fraud,SCC 2023 9 108,,,UNRESOLVED
Jamin_vs_State_Of_Uttar_Pradesh_on_6_March_2025_1.PDF,Financial Fraud,SCC 2014 3 92,,,UNRESOLVED
Jamin_vs_State_Of_Uttar_Pradesh_on_6_March_2025_1.PDF,Financial Fraud,SCC 2015 9 244,,,UNRESOLVED
Jamin_vs_State_Of_Uttar_Pradesh_on_6_March_2025_1.PDF,Financial Fraud,SCC 2015 9 244,,,UNRESOLVED
Jamin_vs_State_Of_Uttar_Pradesh_on_6_March_2025_1.PDF,Financial Fraud,SCC 2015 9 244,,,UNRESOLVED
Jamin_vs_State_Of_Uttar_Pradesh_on_6_March_2025_1.PDF,Financial Fraud,SCC 2015 9 244,,,UNRESOLVED
Jamin_vs_State_Of_Uttar_Pradesh_on_6_March_2025_1.PDF,Financial Fraud,SCC 2023 9 130,,,UNRESOLVED
Jamin_vs_State_Of_Uttar_Pradesh_on_6_March_2025_1.PDF,Financial Fraud,SCC 2014 3 92,,,UNRESOLVED
Jit_Vinayak_Arolkar_vs_State_Of_Goa_And_Ors_on_6_January_2025_1.PDF,Financial Fraud,SCC 2019 16 739,,,UNRESOLVED
Jit_Vinayak_Arolkar_vs_State_Of_Goa_And_Ors_on_6_January_2025_1.PDF,Financial Fraud,SCC 2009 8 751,,,UNRESOLVED
Jit_Vinayak_Arolkar_vs_State_Of_Goa_And_Ors_on_6_January_2025_1.PDF,Financial Fraud,SCC 2021 19 401,,,UNRESOLVED
Jit_Vinayak_Arolkar_vs_State_Of_Goa_And_Ors_on_6_January_2025_1.PDF,Financial Fraud,SCC 2012 9 460,,,UNRESOLVED
Kanishk_Sinha_vs_The_State_Of_West_Bengal_on_27_February_2025_1.PDF,Financial Fraud,SCC 2015 6 287,,,UNRESOLVED
Kim_Wansoo_vs_State_Of_Uttar_Pradesh_on_2_January_2025_1.PDF,Financial Fraud,AIR 1992 SC 604,,,UNRESOLVED
Kim_Wansoo_vs_State_Of_Uttar_Pradesh_on_2_January_2025_1.PDF,Financial Fraud,AIR 1998 SC 128,,,UNRESOLVED
Kim_Wansoo_vs_State_Of_Uttar_Pradesh_on_2_January_2025_1.PDF,Financial Fraud,AIR 1985 SC 1668,Eastern_Spinning_Mills_And_Virendra_vs_Rajiv_Poddar_And_Ors_on_3_May_1984_1.PDF,,OUTSIDE_DOMAINS
Kim_Wansoo_vs_State_Of_Uttar_Pradesh_on_2_January_2025_1.PDF,Financial Fraud,SCC 2004 6 522,,,UNRESOLVED
Manish_vs_The_State_Of_Maharashtra_on_2_April_2025_1.PDF,Financial Fraud,SCC 2000 4 168,,,UNRESOLVED
Manish_vs_The_State_Of_Maharashtra_on_2_April_2025_1.PDF,Financial Fraud,SCC 2019 9 148,,,UNRESOLVED
Manish_vs_The_State_Of_Maharashtra_on_2_April_2025_1.PDF,Financial Fraud,SCC 2024 10 690,,,UNRESOLVED
Manish_vs_The_State_Of_Maharashtra_on_2_April_2025_1.PDF,Financial Fraud,SCC 1973 2 823,Hari_Prasad_Chamaria_vs_Bishun_Kumar_Surekha_And_Ors_on_6_September_1973_1.PDF,Financial Fraud,INTERNAL
Manish_vs_The_State_Of_Maharashtra_on_2_April_2025_1.PDF,Financial Fraud,SCC 2023 5 360,,,UNRESOLVED
Manish_Yadav_vs_State_Of_Uttar_Pradesh_on_22_January_2025_1.PDF,Financial Fraud,SCC 2003 4 46,,,UNRESOLVED
Manish_Yadav_vs_State_Of_Uttar_Pradesh_on_22_January_2025_1.PDF,Financial Fraud,SCC 2013 7 675,,,UNRESOLVED
Manish_Yadav_vs_State_Of_Uttar_Pradesh_on_22_January_2025_1.PDF,Financial Fraud,SCC 2003 4 46,,,UNRESOLVED
Manish_Yadav_vs_State_Of_Uttar_Pradesh_on_22_January_2025_1.PDF,Financial Fraud,SCC 2005 1 88,,,UNRESOLVED
Marippan_vs_State_Represented_By_The_Inspector_Of_on_24_January_2025_1.PDF,Financial Fraud,SCC 2023 15 502,,,UNRESOLVED
Marippan_vs_State_Represented_By_The_Inspector_Of_on_24_January_2025_1.PDF,Financial Fraud,SCC 2023 15 480,,,UNRESOLVED
Marippan_vs_State_Represented_By_The_Inspector_Of_on_24_January_2025_1.PDF,Financial Fraud,SCC 2023 15 480,,,UNRESOLVED
Mohd_Tahir_Hussain_vs_State_Of_Nct_Of_Delhi_on_22_January_2025_1.PDF,Financial Fraud,SCC 2024 9 577,,,UNRESOLVED
Mohd_Tahir_Hussain_vs_State_Of_Nct_Of_Delhi_on_22_January_2025_1.PDF,Financial Fraud,SCC 2002 3 598,,,UNRESOLVED
Mohd_Tahir_Hussain_vs_State_Of_Nct_Of_Delhi_on_22_January_2025_1.PDF,Financial Fraud,SCC 2004 7 528,,,UNRESOLVED
Mohd_Tahir_Hussain_vs_State_Of_Nct_Of_Delhi_on_22_January_2025_1.PDF,Financial Fraud,SCC 2010 14 496,,,UNRESOLVED
Mohd_Tahir_Hussain_vs_State_Of_Nct_Of_Delhi_on_22_January_2025_1.PDF,Financial Fraud,SCC 1980 2 565,,,UNRESOLVED
Mohd_Tahir_Hussain_vs_State_Of_Nct_Of_Delhi_on_22_January_2025_1.PDF,Financial Fraud,SCC 2020 5 1,,,UNRESOLVED
Mohd_Tahir_Hussain_vs_State_Of_Nct_Of_Delhi_on_22_January_2025_1.PDF,Financial Fraud,SCC 2011 1 694,,,UNRESOLVED
Mohd_Tahir_Hussain_vs_State_Of_Nct_Of_Delhi_on_22_January_2025_1.PDF,Financial Fraud,SCC 2021 15 518,,,UNRESOLVED
Mohd_Tahir_Hussain_vs_State_Of_Nct_Of_Delhi_on_22_January_2025_1.PDF,Financial Fraud,SCC 1980 2 559,,,UNRESOLVED
Mohd_Tahir_Hussain_vs_State_Of_Nct_Of_Delhi_on_22_January_2025_1.PDF,Financial Fraud,SCC 2012 8 795,,,UNRESOLVED
Mohd_Tahir_Hussain_vs_State_Of_Nct_Of_Delhi_on_22_January_2025_1.PDF,Financial Fraud,SCC 2024 10 753,,,UNRESOLVED
Mohd_Tahir_Hussain_vs_State_Of_Nct_Of_Delhi_on_22_January_2025_1.PDF,Financial Fraud,SCC 2011 1 694,,,UNRESOLVED
Mohd_Tahir_Hussain_vs_State_Of_Nct_Of_Delhi_on_22_January_2025_1.PDF,Financial Fraud,SCC 1980 2 565,,,UNRESOLVED
Mohd_Tahir_Hussain_vs_State_Of_Nct_Of_Delhi_on_22_January_2025_1.PDF,Financial Fraud,SCC 1986 3 156,,,UNRESOLVED
Mohd_Tahir_Hussain_vs_State_Of_Nct_Of_Delhi_on_22_January_2025_1.PDF,Financial Fraud,SCC 2021 3 713,,,UNRESOLVED
Mohd_Tahir_Hussain_vs_State_Of_Nct_Of_Delhi_on_22_January_2025_1.PDF,Financial Fraud,SCC 2024 5 403,,,UNRESOLVED
Mohd_Tahir_Hussain_vs_State_Of_Nct_Of_Delhi_on_22_January_2025_1.PDF,Financial Fraud,SCC 2024 9 813,,,UNRESOLVED
Mohd_Tahir_Hussain_vs_State_Of_Nct_Of_Delhi_on_22_January_2025_1.PDF,Financial Fraud,SCC 2024 8 29311,,,UNRESOLVED
Mohd_Tahir_Hussain_vs_State_Of_Nct_Of_Delhi_on_22_January_2025_1.PDF,Financial Fraud,SCC 2024 10 574,,,UNRESOLVED
Mohd_Tahir_Hussain_vs_State_Of_Nct_Of_Delhi_on_22_January_2025_1.PDF,Financial Fraud,SCC 2021 3 713,,,UNRESOLVED
Mohd_Tahir_Hussain_vs_State_Of_Nct_Of_Delhi_on_22_January_2025_1.PDF,Financial Fraud,SCC 1983 4 353,,,UNRESOLVED
Mohd_Tahir_Hussain_vs_State_Of_Nct_Of_Delhi_on_22_January_2025_1.PDF,Financial Fraud,SCC 1985 1 345,Amar_Nath_Om_Prakash_And_Ors_vs_State_Of_Punjab_And_Ors_on_19_November_1984_1.PDF,,OUTSIDE_DOMAINS
Mohd_Tahir_Hussain_vs_State_Of_Nct_Of_Delhi_on_22_January_2025_1.PDF,Financial Fraud,SCC 2020 4 234,,,UNRESOLVED
Mohd_Tahir_Hussain_vs_State_Of_Nct_Of_Delhi_on_22_January_2025_1.PDF,Financial Fraud,SCC 2021 4 602,,,UNRESOLVED
Mohd_Tahir_Hussain_vs_State_Of_Nct_Of_Delhi_on_22_January_2025_1.PDF,Financial Fraud,SCR 2024 7 9717,,,UNRESOLVED
M_S_Shri_Sendhuragro_And_Oil_Industries_vs_Kotak_Mahindra_Bank_Ltd_on_6_March_2025_1.PDF,Financial Fraud,AIR 1964 SC 1673,,,UNRESOLVED
M_S_Shri_Sendhuragro_And_Oil_Industries_vs_Kotak_Mahindra_Bank_Ltd_on_6_March_2025_1.PDF,Financial Fraud,AIR 1977 SC 1101,,,UNRESOLVED
M_S_Shri_Sendhuragro_And_Oil_Industries_vs_Kotak_Mahindra_Bank_Ltd_on_6_March_2025_1.PDF,Financial Fraud,AIR 1961 SC 1589,Purushottamdas_Dalmia_vs_The_State_Of_West_Bengal_on_19_April_1961_1.PDF,Financial Fraud,INTERNAL
M_S_Shri_Sendhuragro_And_Oil_Industries_vs_Kotak_Mahindra_Bank_Ltd_on_6_March_2025_1.PDF,Financial Fraud,AIR 1977 SC 1101,,,UNRESOLVED
M_S_Shri_Sendhuragro_And_Oil_Industries_vs_Kotak_Mahindra_Bank_Ltd_on_6_March_2025_1.PDF,Financial Fraud,AIR 1960 SC 1309,The_State_Of_Madras_vs_C_P_Agencies_And_Anr_on_25_August_1959_1.PDF,,OUTSIDE_DOMAINS
M_S_Shri_Sendhuragro_And_Oil_Industries_vs_Kotak_Mahindra_Bank_Ltd_on_6_March_2025_1.PDF,Financial Fraud,SCC 2006 13 312,,,UNRESOLVED
M_S_Shri_Sendhuragro_And_Oil_Industries_vs_Kotak_Mahindra_Bank_Ltd_on_6_March_2025_1.PDF,Financial Fraud,SCC 2004 13 527,,,UNRESOLVED
M_S_Shri_Sendhuragro_And_Oil_Industries_vs_Kotak_Mahindra_Bank_Ltd_on_6_March_2025_1.PDF,Financial Fraud,SCC 2005 12 427,,,UNRESOLVED
M_S_Shri_Sendhuragro_And_Oil_Industries_vs_Kotak_Mahindra_Bank_Ltd_on_6_March_2025_1.PDF,Financial Fraud,SCC 2005 10 80,,,UNRESOLVED
M_S_Shri_Sendhuragro_And_Oil_Industries_vs_Kotak_Mahindra_Bank_Ltd_on_6_March_2025_1.PDF,Financial Fraud,SCC 2005 13 125,,,UNRESOLVED
M_S_Shri_Sendhuragro_And_Oil_Industries_vs_Kotak_Mahindra_Bank_Ltd_on_6_March_2025_1.PDF,Financial Fraud,SCC 2007 7 454,,,UNRESOLVED
M_S_Shri_Sendhuragro_And_Oil_Industries_vs_Kotak_Mahindra_Bank_Ltd_on_6_March_2025_1.PDF,Financial Fraud,SCC 2009 1 720,,,UNRESOLVED
M_S_Shri_Sendhuragro_And_Oil_Industries_vs_Kotak_Mahindra_Bank_Ltd_on_6_March_2025_1.PDF,Financial Fraud,SCC 2020 1 1,,,UNRESOLVED
M_S_Shri_Sendhuragro_And_Oil_Industries_vs_Kotak_Mahindra_Bank_Ltd_on_6_March_2025_1.PDF,Financial Fraud,SCC 2000 6 204,,,UNRESOLVED
M_S_Shri_Sendhuragro_And_Oil_Industries_vs_Kotak_Mahindra_Bank_Ltd_on_6_March_2025_1.PDF,Financial Fraud,SCC 2011 1 307,,,UNRESOLVED
M_S_Shri_Sendhuragro_And_Oil_Industries_vs_Kotak_Mahindra_Bank_Ltd_on_6_March_2025_1.PDF,Financial Fraud,SCC 2012 5 706,,,UNRESOLVED
M_S_Shri_Sendhuragro_And_Oil_Industries_vs_Kotak_Mahindra_Bank_Ltd_on_6_March_2025_1.PDF,Financial Fraud,SCC 2018 6 358,,,UNRESOLVED
M_S_Shri_Sendhuragro_And_Oil_Industries_vs_Kotak_Mahindra_Bank_Ltd_on_6_March_2025_1.PDF,Financial Fraud,SCC 2005 8 771,,,UNRESOLVED
M_S_Shri_Sendhuragro_And_Oil_Industries_vs_Kotak_Mahindra_Bank_Ltd_on_6_March_2025_1.PDF,Financial Fraud,SCC 2020 10 99,,,UNRESOLVED
M_S_Shri_Sendhuragro_And_Oil_Industries_vs_Kotak_Mahindra_Bank_Ltd_on_6_March_2025_1.PDF,Financial Fraud,SCC 2010 7 799,,,UNRESOLVED
M_S_Shri_Sendhuragro_And_Oil_Industries_vs_Kotak_Mahindra_Bank_Ltd_on_6_March_2025_1.PDF,Financial Fraud,SCC 2011 1 307,,,UNRESOLVED
M_S_Shri_Sendhuragro_And_Oil_Industries_vs_Kotak_Mahindra_Bank_Ltd_on_6_March_2025_1.PDF,Financial Fraud,SCC 1999 7 510,,,UNRESOLVED
M_S_Shri_Sendhuragro_And_Oil_Industries_vs_Kotak_Mahindra_Bank_Ltd_on_6_March_2025_1.PDF,Financial Fraud,SCC 2014 9 129,,,UNRESOLVED
M_S_Shri_Sendhuragro_And_Oil_Industries_vs_Kotak_Mahindra_Bank_Ltd_on_6_March_2025_1.PDF,Financial Fraud,SCC 2016 2 75,,,UNRESOLVED
M_S_Shri_Sendhuragro_And_Oil_Industries_vs_Kotak_Mahindra_Bank_Ltd_on_6_March_2025_1.PDF,Financial Fraud,SCC 2004 13 527,,,UNRESOLVED
M_S_Shri_Sendhuragro_And_Oil_Industries_vs_Kotak_Mahindra_Bank_Ltd_on_6_March_2025_1.PDF,Financial Fraud,SCC 1999 7 510,,,UNRESOLVED
M_S_Shri_Sendhuragro_And_Oil_Industries_vs_Kotak_Mahindra_Bank_Ltd_on_6_March_2025_1.PDF,Financial Fraud,SCC 2014 9 129,,,UNRESOLVED
M_S_Shri_Sendhuragro_And_Oil_Industries_vs_Kotak_Mahindra_Bank_Ltd_on_6_March_2025_1.PDF,Financial Fraud,SCC 2004 13 52,,,UNRESOLVED
M_S_Shri_Sendhuragro_And_Oil_Industries_vs_Kotak_Mahindra_Bank_Ltd_on_6_March_2025_1.PDF,Financial Fraud,SCC 2020 10 92,,,UNRESOLVED
M_S_Shri_Sendhuragro_And_Oil_Industries_vs_Kotak_Mahindra_Bank_Ltd_on_6_March_2025_1.PDF,Financial Fraud,SCC 1977 2 190,,,UNRESOLVED
M_S_Shri_Sendhuragro_And_Oil_Industries_vs_Kotak_Mahindra_Bank_Ltd_on_6_March_2025_1.PDF,Financial Fraud,SCC 1977 2 190,,,UNRESOLVED
M_S_Shri_Sendhuragro_And_Oil_Industries_vs_Kotak_Mahindra_Bank_Ltd_on_6_March_2025_1.PDF,Financial Fraud,SCC 2010 7 799,,,UNRESOLVED
M_S_Shri_Sendhuragro_And_Oil_Industries_vs_Kotak_Mahindra_Bank_Ltd_on_6_March_2025_1.PDF,Financial Fraud,SCC 2010 8 401,,,UNRESOLVED
M_S_Shri_Sendhuragro_And_Oil_Industries_vs_Kotak_Mahindra_Bank_Ltd_on_6_March_2025_1.PDF,Financial Fraud,SCC 2005 8 771,,,UNRESOLVED
M_S_Shri_Sendhuragro_And_Oil_Industries_vs_Kotak_Mahindra_Bank_Ltd_on_6_March_2025_1.PDF,Financial Fraud,SCC 2012 5 706,,,UNRESOLVED
M_S_Shri_Sendhuragro_And_Oil_Industries_vs_Kotak_Mahindra_Bank_Ltd_on_6_March_2025_1.PDF,Financial Fraud,SCC 2011 1 307,,,UNRESOLVED
M_S_Shri_Sendhuragro_And_Oil_Industries_vs_Kotak_Mahindra_Bank_Ltd_on_6_March_2025_1.PDF,Financial Fraud,SCC 2012 4 217,,,UNRESOLVED
M_S_Shri_Sendhuragro_And_Oil_Industries_vs_Kotak_Mahindra_Bank_Ltd_on_6_March_2025_1.PDF,Financial Fraud,SCC 2011 1 307,,,UNRESOLVED
M_S_Shri_Sendhuragro_And_Oil_Industries_vs_Kotak_Mahindra_Bank_Ltd_on_6_March_2025_1.PDF,Financial Fraud,SCC 2009 6 260,,,UNRESOLVED
M_S_Shri_Sendhuragro_And_Oil_Industries_vs_Kotak_Mahindra_Bank_Ltd_on_6_March_2025_1.PDF,Financial Fraud,SCC 2011 1 307,,,UNRESOLVED
M_S_Shri_Sendhuragro_And_Oil_Industries_vs_Kotak_Mahindra_Bank_Ltd_on_6_March_2025_1.PDF,Financial Fraud,SCC 1979 4 167,,,UNRESOLVED
M_S_Shri_Sendhuragro_And_Oil_Industries_vs_Kotak_Mahindra_Bank_Ltd_on_6_March_2025_1.PDF,Financial Fraud,SCC 2013 13 1,,,UNRESOLVED
M_S_Shri_Sendhuragro_And_Oil_Industries_vs_Kotak_Mahindra_Bank_Ltd_on_6_March_2025_1.PDF,Financial Fraud,SCC 2011 6 321,,,UNRESOLVED
M_S_Shri_Sendhuragro_And_Oil_Industries_vs_Kotak_Mahindra_Bank_Ltd_on_6_March_2025_1.PDF,Financial Fraud,SCC 2001 8 115,,,UNRESOLVED
M_S_Shri_Sendhuragro_And_Oil_Industries_vs_Kotak_Mahindra_Bank_Ltd_on_6_March_2025_1.PDF,Financial Fraud,SCC 1969 2 283,,,UNRESOLVED
M_S_Shri_Sendhuragro_And_Oil_Industries_vs_Kotak_Mahindra_Bank_Ltd_on_6_March_2025_1.PDF,Financial Fraud,SCC 2018 6 363,,,UNRESOLVED
M_S_Shri_Sendhuragro_And_Oil_Industries_vs_Kotak_Mahindra_Bank_Ltd_on_6_March_2025_1.PDF,Financial Fraud,SCC 2015 8 557,,,UNRESOLVED
M_S_Shri_Sendhuragro_And_Oil_Industries_vs_Kotak_Mahindra_Bank_Ltd_on_6_March_2025_1.PDF,Financial Fraud,SCC 1969 2 283,,,UNRESOLVED
M_S_Shri_Sendhuragro_And_Oil_Industries_vs_Kotak_Mahindra_Bank_Ltd_on_6_March_2025_1.PDF,Financial Fraud,SCC 2005 4 214,,,UNRESOLVED
M_S_Shri_Sendhuragro_And_Oil_Industries_vs_Kotak_Mahindra_Bank_Ltd_on_6_March_2025_1.PDF,Financial Fraud,SCC 2005 7 584,,,UNRESOLVED
M_S_Shri_Sendhuragro_And_Oil_Industries_vs_Kotak_Mahindra_Bank_Ltd_on_6_March_2025_1.PDF,Financial Fraud,SCR 1966 2 678,,,UNRESOLVED
Naresh_Aneja_Naresh_Kumar_Aneja_vs_The_State_Of_Uttar_Pradesh_on_2_January_2025_1.PDF,Financial Fraud,AIR 1967 SC 63,,,UNRESOLVED
Naresh_Aneja_Naresh_Kumar_Aneja_vs_The_State_Of_Uttar_Pradesh_on_2_January_2025_1.PDF,Financial Fraud,SCC 1995 6 194,Mrs_Rupan_Deol_Bajaj_Anr_vs_Kanwar_Pal_Singh_Gill_Anr_on_12_October_1995_1.PDF,Organized Crime / Extortion,CROSS_DOMAIN
Naresh_Aneja_Naresh_Kumar_Aneja_vs_The_State_Of_Uttar_Pradesh_on_2_January_2025_1.PDF,Financial Fraud,SCC 1999 3 259,,,UNRESOLVED
Naresh_Aneja_Naresh_Kumar_Aneja_vs_The_State_Of_Uttar_Pradesh_on_2_January_2025_1.PDF,Financial Fraud,SCC 2002 1 234,,,UNRESOLVED
Naresh_Aneja_Naresh_Kumar_Aneja_vs_The_State_Of_Uttar_Pradesh_on_2_January_2025_1.PDF,Financial Fraud,SCC 2004 4 371,,,UNRESOLVED
Naresh_Aneja_Naresh_Kumar_Aneja_vs_The_State_Of_Uttar_Pradesh_on_2_January_2025_1.PDF,Financial Fraud,SCC 1995 6 194,Mrs_Rupan_Deol_Bajaj_Anr_vs_Kanwar_Pal_Singh_Gill_Anr_on_12_October_1995_1.PDF,Organized Crime / Extortion,CROSS_DOMAIN
Naresh_Aneja_Naresh_Kumar_Aneja_vs_The_State_Of_Uttar_Pradesh_on_2_January_2025_1.PDF,Financial Fraud,SCC 2022 5 545,,,UNRESOLVED
Naresh_Aneja_Naresh_Kumar_Aneja_vs_The_State_Of_Uttar_Pradesh_on_2_January_2025_1.PDF,Financial Fraud,SCC 2015 7 423,,,UNRESOLVED
Naresh_Aneja_Naresh_Kumar_Aneja_vs_The_State_Of_Uttar_Pradesh_on_2_January_2025_1.PDF,Financial Fraud,SCC 2020 8 811,,,UNRESOLVED
Naresh_Aneja_Naresh_Kumar_Aneja_vs_The_State_Of_Uttar_Pradesh_on_2_January_2025_1.PDF,Financial Fraud,SCC 2020 3 317,,,UNRESOLVED
Naresh_Aneja_Naresh_Kumar_Aneja_vs_The_State_Of_Uttar_Pradesh_on_2_January_2025_1.PDF,Financial Fraud,SCC 2023 4 298,,,UNRESOLVED
Naresh_Aneja_Naresh_Kumar_Aneja_vs_The_State_Of_Uttar_Pradesh_on_2_January_2025_1.PDF,Financial Fraud,SCC 2006 6 736,,,UNRESOLVED
Naresh_Aneja_Naresh_Kumar_Aneja_vs_The_State_Of_Uttar_Pradesh_on_2_January_2025_1.PDF,Financial Fraud,SCC 1977 2 699,,,UNRESOLVED
Naresh_Aneja_Naresh_Kumar_Aneja_vs_The_State_Of_Uttar_Pradesh_on_2_January_2025_1.PDF,Financial Fraud,SCC 2009 13 443,,,UNRESOLVED
Naresh_Aneja_Naresh_Kumar_Aneja_vs_The_State_Of_Uttar_Pradesh_on_2_January_2025_1.PDF,Financial Fraud,SCC 2021 19 401,,,UNRESOLVED
Omi_Omkar_Rathore_vs_The_State_Of_Madhya_Pradesh_on_3_January_2025_1.PDF,Financial Fraud,SCC 2021 12 608,,,UNRESOLVED
Omi_Omkar_Rathore_vs_The_State_Of_Madhya_Pradesh_on_3_January_2025_1.PDF,Financial Fraud,SCC 2014 3 92,,,UNRESOLVED
Omi_Omkar_Rathore_vs_The_State_Of_Madhya_Pradesh_on_3_January_2025_1.PDF,Financial Fraud,SCC 2017 16 226,,,UNRESOLVED
Pradeep_Nirankarnath_Sharma_vs_Directorate_Of_Enforcement_on_17_March_2025_1.PDF,Financial Fraud,SCC 2023 12 1,,,UNRESOLVED
Radhika_Agarwal_vs_Union_Of_India_on_27_February_2025_1.PDF,Financial Fraud,AIR 2001 SC 1980,,,UNRESOLVED
Radhika_Agarwal_vs_Union_Of_India_on_27_February_2025_1.PDF,Financial Fraud,AIR 2001 SC 1121,,,UNRESOLVED
Radhika_Agarwal_vs_Union_Of_India_on_27_February_2025_1.PDF,Financial Fraud,AIR 1941 FC 16,,,UNRESOLVED
Radhika_Agarwal_vs_Union_Of_India_on_27_February_2025_1.PDF,Financial Fraud,SCC 2011 14 1,,,UNRESOLVED
Radhika_Agarwal_vs_Union_Of_India_on_27_February_2025_1.PDF,Financial Fraud,SCC 1994 3 440,,,UNRESOLVED
Radhika_Agarwal_vs_Union_Of_India_on_27_February_2025_1.PDF,Financial Fraud,SCC 1984 2 500,,,UNRESOLVED
Radhika_Agarwal_vs_Union_Of_India_on_27_February_2025_1.PDF,Financial Fraud,SCC 2021 4 1,,,UNRESOLVED
Radhika_Agarwal_vs_Union_Of_India_on_27_February_2025_1.PDF,Financial Fraud,SCC 1994 3 440,,,UNRESOLVED
Radhika_Agarwal_vs_Union_Of_India_on_27_February_2025_1.PDF,Financial Fraud,SCC 1980 2 565,,,UNRESOLVED
Radhika_Agarwal_vs_Union_Of_India_on_27_February_2025_1.PDF,Financial Fraud,SCC 2021 12 674,,,UNRESOLVED
Radhika_Agarwal_vs_Union_Of_India_on_27_February_2025_1.PDF,Financial Fraud,SCC 1997 1 416,,,UNRESOLVED
Radhika_Agarwal_vs_Union_Of_India_on_27_February_2025_1.PDF,Financial Fraud,SCC 2011 12 362,,,UNRESOLVED
Radhika_Agarwal_vs_Union_Of_India_on_27_February_2025_1.PDF,Financial Fraud,SCC 2025 2 248,,,UNRESOLVED
Radhika_Agarwal_vs_Union_Of_India_on_27_February_2025_1.PDF,Financial Fraud,SCC 2024 7 576,,,UNRESOLVED
Radhika_Agarwal_vs_Union_Of_India_on_27_February_2025_1.PDF,Financial Fraud,SCC 1981 2 585,Ku_Sonia_Bhatia_vs_State_Of_U_P_Ors_on_17_March_1981_1.PDF,,OUTSIDE_DOMAINS
Radhika_Agarwal_vs_Union_Of_India_on_27_February_2025_1.PDF,Financial Fraud,SCC 2018 16 158,,,UNRESOLVED
Radhika_Agarwal_vs_Union_Of_India_on_27_February_2025_1.PDF,Financial Fraud,SCC 1978 2 424,,,UNRESOLVED
Radhika_Agarwal_vs_Union_Of_India_on_27_February_2025_1.PDF,Financial Fraud,SCC 1992 3 259,,,UNRESOLVED
Radhika_Agarwal_vs_Union_Of_India_on_27_February_2025_1.PDF,Financial Fraud,SCC 1998 1 52,,,UNRESOLVED
Radhika_Agarwal_vs_Union_Of_India_on_27_February_2025_1.PDF,Financial Fraud,SCC 2020 5 1,,,UNRESOLVED
Radhika_Agarwal_vs_Union_Of_India_on_27_February_2025_1.PDF,Financial Fraud,SCC 2022 2 603,,,UNRESOLVED
Radhika_Agarwal_vs_Union_Of_India_on_27_February_2025_1.PDF,Financial Fraud,SCC 2024 10 1,,,UNRESOLVED
Radhika_Agarwal_vs_Union_Of_India_on_27_February_2025_1.PDF,Financial Fraud,SCC 1989 3 698,,,UNRESOLVED
Radhika_Agarwal_vs_Union_Of_India_on_27_February_2025_1.PDF,Financial Fraud,SCC 1989 3 677,,,UNRESOLVED
Radhika_Agarwal_vs_Union_Of_India_on_27_February_2025_1.PDF,Financial Fraud,SCC 1977 4 98,,,UNRESOLVED
Radhika_Agarwal_vs_Union_Of_India_on_27_February_2025_1.PDF,Financial Fraud,SCC 2005 4 303,,,UNRESOLVED
Radhika_Agarwal_vs_Union_Of_India_on_27_February_2025_1.PDF,Financial Fraud,SCR 1962 3 338,,,UNRESOLVED
Radhika_Agarwal_vs_Union_Of_India_on_27_February_2025_1.PDF,Financial Fraud,SCR 1969 2 461,,,UNRESOLVED
Radhika_Agarwal_vs_Union_Of_India_on_27_February_2025_1.PDF,Financial Fraud,SCR 1969 2 613,,,UNRESOLVED
Radhika_Agarwal_vs_Union_Of_India_on_27_February_2025_1.PDF,Financial Fraud,SCR 1955 1 1284,,,UNRESOLVED
Rajnish_Singh_Soni_vs_State_Of_U_P_on_3_March_2025_1.PDF,Financial Fraud,SCC 2013 7 675,,,UNRESOLVED
Rajnish_Singh_Soni_vs_State_Of_U_P_on_3_March_2025_1.PDF,Financial Fraud,SCC 2019 18 204,,,UNRESOLVED
Satbir_Singh_vs_Rajesh_Kumar_on_1_April_2025_1.PDF,Financial Fraud,SCC 2014 3 306,,,UNRESOLVED
Satbir_Singh_vs_Rajesh_Kumar_on_1_April_2025_1.PDF,Financial Fraud,SCC 2014 3 92,,,UNRESOLVED
Satbir_Singh_vs_Rajesh_Kumar_on_1_April_2025_1.PDF,Financial Fraud,SCC 2023 7 344,,,UNRESOLVED
The_State_Of_Jharkhand_vs_Nishkant_Dubey_on_21_January_2025_1.PDF,Financial Fraud,SCC 2014 9 772,,,UNRESOLVED
The_State_Of_Jharkhand_vs_Nishkant_Dubey_on_21_January_2025_1.PDF,Financial Fraud,SCC 2021 2 670,,,UNRESOLVED
The_State_Of_West_Bengal_vs_Baishakhi_Bhattacharyya_Chatterjee_on_3_April_2025_1.PDF,Financial Fraud,AIR 1962 SC 1110,,,UNRESOLVED
The_State_Of_West_Bengal_vs_Baishakhi_Bhattacharyya_Chatterjee_on_3_April_2025_1.PDF,Financial Fraud,SCC 2021 4 631,,,UNRESOLVED
The_State_Of_West_Bengal_vs_Baishakhi_Bhattacharyya_Chatterjee_on_3_April_2025_1.PDF,Financial Fraud,SCC 1970 1 648,,,UNRESOLVED
The_State_Of_West_Bengal_vs_Baishakhi_Bhattacharyya_Chatterjee_on_3_April_2025_1.PDF,Financial Fraud,SCC 1998 9 236,Madhyamic_Shiksha_Mandal_M_P_vs_Abhilash_Shiksha_Prasar_Samiti_And_Ors_on_21_January_1997_1.PDF,,OUTSIDE_DOMAINS
The_State_Of_West_Bengal_vs_Baishakhi_Bhattacharyya_Chatterjee_on_3_April_2025_1.PDF,Financial Fraud,SCC 2003 7 285,,,UNRESOLVED
The_State_Of_West_Bengal_vs_Baishakhi_Bhattacharyya_Chatterjee_on_3_April_2025_1.PDF,Financial Fraud,SCC 2006 11 356,,,UNRESOLVED
The_State_Of_West_Bengal_vs_Baishakhi_Bhattacharyya_Chatterjee_on_3_April_2025_1.PDF,Financial Fraud,SCC 2014 6 644,,,UNRESOLVED
The_State_Of_West_Bengal_vs_Baishakhi_Bhattacharyya_Chatterjee_on_3_April_2025_1.PDF,Financial Fraud,SCC 2010 6 614,,,UNRESOLVED
The_State_Of_West_Bengal_vs_Baishakhi_Bhattacharyya_Chatterjee_on_3_April_2025_1.PDF,Financial Fraud,SCC 2021 16 217,,,UNRESOLVED
The_State_Of_West_Bengal_vs_Baishakhi_Bhattacharyya_Chatterjee_on_3_April_2025_1.PDF,Financial Fraud,SCC 2017 13 621,,,UNRESOLVED
The_State_Of_West_Bengal_vs_Baishakhi_Bhattacharyya_Chatterjee_on_3_April_2025_1.PDF,Financial Fraud,SCC 2024 9 743,,,UNRESOLVED
The_State_Of_West_Bengal_vs_Baishakhi_Bhattacharyya_Chatterjee_on_3_April_2025_1.PDF,Financial Fraud,SCC 2014 4 108,,,UNRESOLVED
The_Union_Of_India_vs_Kanhaiya_Prasad_on_13_February_2025_1.PDF,Financial Fraud,SCC 2015 16 1,,,UNRESOLVED
The_Union_Of_India_vs_Kanhaiya_Prasad_on_13_February_2025_1.PDF,Financial Fraud,SCC 2018 11 46,,,UNRESOLVED
Vihaan_Kumar_vs_The_State_Of_Haryana_on_7_February_2025_1.PDF,Financial Fraud,AIR 1962 SC 911,,,UNRESOLVED
Vihaan_Kumar_vs_The_State_Of_Haryana_on_7_February_2025_1.PDF,Financial Fraud,AIR 1969 SC 43,,,UNRESOLVED
Vihaan_Kumar_vs_The_State_Of_Haryana_on_7_February_2025_1.PDF,Financial Fraud,SCC 2024 7 576,,,UNRESOLVED
Vihaan_Kumar_vs_The_State_Of_Haryana_on_7_February_2025_1.PDF,Financial Fraud,SCC 2024 8 254,,,UNRESOLVED
Vihaan_Kumar_vs_The_State_Of_Haryana_on_7_February_2025_1.PDF,Financial Fraud,SCC 2024 3 51,,,UNRESOLVED
Vihaan_Kumar_vs_The_State_Of_Haryana_on_7_February_2025_1.PDF,Financial Fraud,SCC 2024 3 51,,,UNRESOLVED
Vihaan_Kumar_vs_The_State_Of_Haryana_on_7_February_2025_1.PDF,Financial Fraud,SCC 1981 2 427,,,UNRESOLVED
Vihaan_Kumar_vs_The_State_Of_Haryana_on_7_February_2025_1.PDF,Financial Fraud,SCR 1969 1 227,,,UNRESOLVED
